dialogue_id,fold,text,label,predicted_label,correct,confidence_score
101890424.3912.3912,1,"You are an assistant trained to detect early warning signs of toxic behavior in online conversations given only the intentions behind each utterance of the conversation. Predict whether the conversation is likely to result in a personal attack later on. Provide your answer in the format 'ATTACK: YES/NO'

Conversation:
S_0: [The speaker intends to compliment the other person on their contributions and encourage them to register for a Wikipedia account to establish a history and become a more active member of the community.]
S_1: [The speaker intends to express frustration and anger towards the other person  accusing them of disruptive behavior and threatening to have them blocked from the platform.]",1,1,True,1.0
102154157.16707.16707,1,"You are an assistant trained to detect early warning signs of toxic behavior in online conversations given only the intentions behind each utterance of the conversation. Predict whether the conversation is likely to result in a personal attack later on. Provide your answer in the format 'ATTACK: YES/NO'

Conversation:
S_0: [The speaker intends to request that the other person accurately represent sources.]
S_1: [The speaker intends to defend their actions and clarify the sources and information they used  while also expressing frustration and dismissing the other person.]",1,1,True,1.0
103071967.14294.14294,1,"You are an assistant trained to detect early warning signs of toxic behavior in online conversations given only the intentions behind each utterance of the conversation. Predict whether the conversation is likely to result in a personal attack later on. Provide your answer in the format 'ATTACK: YES/NO'

Conversation:
S_0: [The speaker intends to express concern about the misleading nature of describing IBC as ""English language media"" and to argue that this description takes a biased point of view.]",1,1,True,0.50927734375
104093979.937.937,1,"You are an assistant trained to detect early warning signs of toxic behavior in online conversations given only the intentions behind each utterance of the conversation. Predict whether the conversation is likely to result in a personal attack later on. Provide your answer in the format 'ATTACK: YES/NO'

Conversation:
S_0: [The speaker intends to issue a stern warning and communicate the consequences of the listener's actions.]",1,0,False,0.70166015625
105940061.1753.1753,1,"You are an assistant trained to detect early warning signs of toxic behavior in online conversations given only the intentions behind each utterance of the conversation. Predict whether the conversation is likely to result in a personal attack later on. Provide your answer in the format 'ATTACK: YES/NO'

Conversation:
S_0: [The speaker intends to address a potential conflict by suggesting a constructive way to resolve it through discussion.]
S_1: [The speaker intends to express surprise and acknowledge a lack of awareness about changes on a specific page.]
S_0: [The speaker intends to seek information about the image's details  specifically the date and photographer credit.]
S_1: [The speaker intends to provide the requested information about the image's date and credit.]",1,0,False,1.0
107047394.5221.5221,1,"You are an assistant trained to detect early warning signs of toxic behavior in online conversations given only the intentions behind each utterance of the conversation. Predict whether the conversation is likely to result in a personal attack later on. Provide your answer in the format 'ATTACK: YES/NO'

Conversation:
S_0: [The speaker seeks clarification and assistance regarding the WikiProject's assessment process and how to get certain entries checked.]",0,0,True,0.9990234375
108176670.53894.53894,1,"You are an assistant trained to detect early warning signs of toxic behavior in online conversations given only the intentions behind each utterance of the conversation. Predict whether the conversation is likely to result in a personal attack later on. Provide your answer in the format 'ATTACK: YES/NO'

Conversation:
S_0: [The speaker intends to express appreciation for the quality of certain articles in Computer Science  Physics  and Mathematics  and to highlight a perceived discrepancy between the quality of content and its ratings.]",0,0,True,1.0
109376539.2407.2407,1,"You are an assistant trained to detect early warning signs of toxic behavior in online conversations given only the intentions behind each utterance of the conversation. Predict whether the conversation is likely to result in a personal attack later on. Provide your answer in the format 'ATTACK: YES/NO'

Conversation:
S_0: [The speaker intends to express frustration and assign responsibility to the other person for fixing the redirects after moving the page.]
S_1: [The speaker intends to convey progress and reassure the other person that the task is nearly complete.]",1,1,True,0.99951171875
111898199.3579.3589,1,"You are an assistant trained to detect early warning signs of toxic behavior in online conversations given only the intentions behind each utterance of the conversation. Predict whether the conversation is likely to result in a personal attack later on. Provide your answer in the format 'ATTACK: YES/NO'

Conversation:
S_0: [The speaker intends to request S_1 to stop reverting the campaign logo and to encourage discussion on the talk page.]
S_1: [The speaker intends to assert the importance of adhering to fair use rules and to suggest reviewing relevant guidelines.]",0,1,False,0.9267578125
112610040.70740.70740,1,"You are an assistant trained to detect early warning signs of toxic behavior in online conversations given only the intentions behind each utterance of the conversation. Predict whether the conversation is likely to result in a personal attack later on. Provide your answer in the format 'ATTACK: YES/NO'

Conversation:
S_0: [The speaker intends to assert the correct Arabic name for the Persian Gulf and clarify the distinction between the terms used.]
S_1: [The speaker intends to provide additional resources or references for further verification.]
S_2: [The speaker intends to argue that the common Arabic name for the gulf is ""The Arabic Gulf"" and to discourage an edit war over the naming.]
S_1: [The speaker intends to challenge the claim about the common name by providing historical context and references.]
S_2: [The speaker intends to emphasize the importance of using the current common name rather than historical names.]
S_1: [The speaker intends to reinforce the argument that historical texts support the name ""Persian Gulf"" and to argue against the influence of modern nationalism.]
S_2: [The speaker intends to argue that the current common usage among Arabs should be reflected in the article and to downplay the cultural implications of the naming dispute.]
S_1: [The speaker intends to argue that Wikipedia policy supports using the historical name and to criticize the political motivations behind the name change.]
S_2: [The speaker intends to argue that the current common Arabic name should be prioritized and to refute the analogies made by the other speaker.]",0,1,False,0.99853515625
11331921.17573.17573,1,"You are an assistant trained to detect early warning signs of toxic behavior in online conversations given only the intentions behind each utterance of the conversation. Predict whether the conversation is likely to result in a personal attack later on. Provide your answer in the format 'ATTACK: YES/NO'

Conversation:
S_0: [The speaker intends to express confusion and concern about the interpretation of a proposal and seeks clarification on whether the current plan allows unsourced statements to be erased by any editor.]",0,0,True,1.0
114627125.3150.3150,1,"You are an assistant trained to detect early warning signs of toxic behavior in online conversations given only the intentions behind each utterance of the conversation. Predict whether the conversation is likely to result in a personal attack later on. Provide your answer in the format 'ATTACK: YES/NO'

Conversation:
S_0: [The speaker expresses dissatisfaction with the navigation template and seeks others' opinions on the matter.]
S_1: [The speaker agrees with S_0's opinion and suggests a preference for more specific or relevant templates.]
S_0: [The speaker clarifies their original reference to a different template and indicates an intention to remove another template.]
S_1: [The speaker argues for the removal of certain cultural influences from the article  providing reasoning and personal anecdotes.]
S_0: [The speaker expresses agreement with S_1's argument.]",1,0,False,0.91650390625
115398974.2304.2304,1,"You are an assistant trained to detect early warning signs of toxic behavior in online conversations given only the intentions behind each utterance of the conversation. Predict whether the conversation is likely to result in a personal attack later on. Provide your answer in the format 'ATTACK: YES/NO'

Conversation:
S_0: [The speaker seeks clarification on why the status was changed to ""closed"" and questions the appropriateness of SlimVirgin removing her name from the dispute.]
S_1: [The speaker intends to inform that the case is not being mediated as part of MedCab and to clarify that anyone can remove themselves from the list of parties.]",0,0,True,1.0
11932349.376.376,1,"You are an assistant trained to detect early warning signs of toxic behavior in online conversations given only the intentions behind each utterance of the conversation. Predict whether the conversation is likely to result in a personal attack later on. Provide your answer in the format 'ATTACK: YES/NO'

Conversation:
S_0: [The speaker intends to inform S_1 about the inaccuracies in their edit summaries and request more accurate descriptions in the future.]
S_1: [The speaker intends to justify their actions by explaining their understanding of the term ""copyedit"" and to assert their experience in making such edits without prior complaints.]",1,1,True,1.0
12080811.2083.2083,1,"You are an assistant trained to detect early warning signs of toxic behavior in online conversations given only the intentions behind each utterance of the conversation. Predict whether the conversation is likely to result in a personal attack later on. Provide your answer in the format 'ATTACK: YES/NO'

Conversation:
S_0: [The speaker intends to inform the audience about the ongoing polls and encourage participation in the discussion and voting.]
S_1: [The speaker intends to express gratitude  possibly sarcastically  for the information or action taken by S_0.]
S_0: [The speaker intends to downplay the significance of their previous action or information  suggesting it was not meant to be surprising.]
S_1: [The speaker intends to assert their own perspective on what constitutes a surprise and challenge S_0's ability to define it for them.]
S_0: [The speaker intends to express their own surprise at S_1's reaction  indicating a misunderstanding or miscommunication.]",1,0,False,0.8193359375
121303963.2014.2014,1,"You are an assistant trained to detect early warning signs of toxic behavior in online conversations given only the intentions behind each utterance of the conversation. Predict whether the conversation is likely to result in a personal attack later on. Provide your answer in the format 'ATTACK: YES/NO'

Conversation:
S_0: [The speaker intends to argue against the removal of certain characters from the game  emphasizing their importance to the game's satirical and psychological elements.]",0,0,True,0.908203125
123267563.7197.7197,1,"You are an assistant trained to detect early warning signs of toxic behavior in online conversations given only the intentions behind each utterance of the conversation. Predict whether the conversation is likely to result in a personal attack later on. Provide your answer in the format 'ATTACK: YES/NO'

Conversation:
S_0: [The speaker seeks clarification on whether there is a policy confirming the removal of content as a copyright violation.]
S_1: [The speaker intends to clarify their previous actions regarding content removal and express uncertainty about the 10% figure mentioned.]
S_0: [The speaker aims to shift the topic to another subject and question the consistency of the other speaker's actions regarding external links.]
S_1: [The speaker intends to dismiss the significance of the search results and explain that they have not yet reviewed other links.]",0,0,True,0.98828125
123598601.0.0,1,"You are an assistant trained to detect early warning signs of toxic behavior in online conversations given only the intentions behind each utterance of the conversation. Predict whether the conversation is likely to result in a personal attack later on. Provide your answer in the format 'ATTACK: YES/NO'

Conversation:
S_0: [The speaker intends to persuade S_1 to stop making certain types of comments on the reference desk.]
S_1: [The speaker intends to challenge S_0's reaction and justify their previous suggestion as reasonable.]
S_0: [The speaker intends to express disagreement with S_1's approach and question the seriousness of S_1's comment.]",1,1,True,0.96142578125
128818551.16567.16567,1,"You are an assistant trained to detect early warning signs of toxic behavior in online conversations given only the intentions behind each utterance of the conversation. Predict whether the conversation is likely to result in a personal attack later on. Provide your answer in the format 'ATTACK: YES/NO'

Conversation:
S_0: [The speaker intends to express frustration with the ongoing conflict and edit wars  urging others to stop fighting and cooperate to improve the Wikipedia page.]",0,1,False,0.71728515625
131670830.3476.3476,1,"You are an assistant trained to detect early warning signs of toxic behavior in online conversations given only the intentions behind each utterance of the conversation. Predict whether the conversation is likely to result in a personal attack later on. Provide your answer in the format 'ATTACK: YES/NO'

Conversation:
S_0: [The speaker intends to express skepticism about the complete extinction of dinosaurs and seeks information or evidence regarding the survival of any non-avian dinosaurs post-KT extinction.]",1,0,False,0.9970703125
132026400.5805.5805,1,"You are an assistant trained to detect early warning signs of toxic behavior in online conversations given only the intentions behind each utterance of the conversation. Predict whether the conversation is likely to result in a personal attack later on. Provide your answer in the format 'ATTACK: YES/NO'

Conversation:
S_0: [The speaker intends to express happiness and familiarity upon seeing the other person's name and to initiate a friendly conversation.]
S_1: [The speaker intends to explain their absence  express pleasure in returning  recall positive past experiences  and inquire about current projects.]",0,1,False,0.9267578125
133500852.1455.1455,1,"You are an assistant trained to detect early warning signs of toxic behavior in online conversations given only the intentions behind each utterance of the conversation. Predict whether the conversation is likely to result in a personal attack later on. Provide your answer in the format 'ATTACK: YES/NO'

Conversation:
S_0: [The speaker intends to inform S_1 about the established use of images on Wikipedia and to challenge S_1's actions by questioning their intent.]
S_1: [The speaker intends to request evidence of the discussion and policy decision mentioned by S_0.]
S_1: [The speaker intends to refute S_0's claim of being a newcomer and to assert their understanding of Wikipedia's fair use policy.]",1,1,True,1.0
137070788.2493.2493,1,"You are an assistant trained to detect early warning signs of toxic behavior in online conversations given only the intentions behind each utterance of the conversation. Predict whether the conversation is likely to result in a personal attack later on. Provide your answer in the format 'ATTACK: YES/NO'

Conversation:
S_0: [The speaker intends to express skepticism about the legitimacy of Matt N Ian TV as a student television station and highlight the lack of sources.]
S_1: [The speaker intends to assure the other party of the legitimacy of Matt 'n' Ian TV as a station and suggest patience until the new NaSTA page is available.]
S_0: [The speaker intends to express doubt about the reliability of the other party's claim without a source and request an alternative source for verification.]
S_2: [The speaker intends to assert that Matt 'n' Ian TV is a member of NaSTA and emphasize the inclusivity of the organization  regardless of personal opinions on what constitutes student TV.]
S_1: [The speaker intends to support S_2's statement and question the use of an outdated NaSTA webpage as a source.]",1,0,False,0.5498046875
138134296.24200.24200,1,"You are an assistant trained to detect early warning signs of toxic behavior in online conversations given only the intentions behind each utterance of the conversation. Predict whether the conversation is likely to result in a personal attack later on. Provide your answer in the format 'ATTACK: YES/NO'

Conversation:
S_0: [The speaker intends to inform the other person about reverting their edit and directs them to a link for further explanation.]
S_1: [The speaker intends to discourage the other person from engaging in an edit war and offers to review the OTRS ticket.]",0,0,True,0.978515625
139339329.5788.5791,1,"You are an assistant trained to detect early warning signs of toxic behavior in online conversations given only the intentions behind each utterance of the conversation. Predict whether the conversation is likely to result in a personal attack later on. Provide your answer in the format 'ATTACK: YES/NO'

Conversation:
S_0: [The speaker intends to express frustration and advise the other person to calm down and reconsider their approach to editing the veganism article.]
S_1: [The speaker intends to support the other person by acknowledging their contributions and encouraging them to continue editing the veganism article  while also pointing out the challenges of dealing with certain users.]
S_2: [The speaker intends to clarify who the conversation is directed towards.]",0,0,True,0.99951171875
139472519.5811.5811,1,"You are an assistant trained to detect early warning signs of toxic behavior in online conversations given only the intentions behind each utterance of the conversation. Predict whether the conversation is likely to result in a personal attack later on. Provide your answer in the format 'ATTACK: YES/NO'

Conversation:
S_0: [The speaker intends to express frustration and dissatisfaction with the changes made to an article they contributed to and to communicate their decision to disengage from further constructive editing unless specific conditions are met.]",1,0,False,0.83203125
140158667.5240.5240,1,"You are an assistant trained to detect early warning signs of toxic behavior in online conversations given only the intentions behind each utterance of the conversation. Predict whether the conversation is likely to result in a personal attack later on. Provide your answer in the format 'ATTACK: YES/NO'

Conversation:
S_0: [The speaker intends to clarify a discrepancy between the introductory paragraph and the list of attempts.]",0,0,True,0.99951171875
140418397.27598.27334,1,"You are an assistant trained to detect early warning signs of toxic behavior in online conversations given only the intentions behind each utterance of the conversation. Predict whether the conversation is likely to result in a personal attack later on. Provide your answer in the format 'ATTACK: YES/NO'

Conversation:
S_0: [The speaker intends to justify the inclusion of a Criticism section by referencing Wikipedia policy and emphasizing compliance with it.]",0,0,True,0.90869140625
140681796.722.722,1,"You are an assistant trained to detect early warning signs of toxic behavior in online conversations given only the intentions behind each utterance of the conversation. Predict whether the conversation is likely to result in a personal attack later on. Provide your answer in the format 'ATTACK: YES/NO'

Conversation:
S_0: [The speaker intends to defend their actions and clarify their position regarding the edits and accusations of vandalism  while also requesting respectful communication and warning of potential administrative action.]
S_1: [The speaker intends to dismiss the explanation provided by S_0 as illogical and to criticize S_0's assertion of good faith.]",0,1,False,1.0
141711171.1955.1957,1,"You are an assistant trained to detect early warning signs of toxic behavior in online conversations given only the intentions behind each utterance of the conversation. Predict whether the conversation is likely to result in a personal attack later on. Provide your answer in the format 'ATTACK: YES/NO'

Conversation:
S_0: [The speaker intends to seek confirmation and understanding from the listener regarding their issue with another person.]
S_1: [The speaker intends to express sympathy and a preference for keeping discussions general to avoid further conflict.]",1,1,True,0.986328125
143877368.8.8,1,"You are an assistant trained to detect early warning signs of toxic behavior in online conversations given only the intentions behind each utterance of the conversation. Predict whether the conversation is likely to result in a personal attack later on. Provide your answer in the format 'ATTACK: YES/NO'

Conversation:
S_0: [The speaker intends to inform S_1 that their request to delete the userpage cannot be fulfilled at the moment.]
S_1: [The speaker intends to seek clarification on why their userpage cannot be deleted.]
S_1: [The speaker intends to express frustration and insist on the deletion of their userpage.]
S_0: [The speaker intends to explain that Friday has done everything possible given the current circumstances.]",1,1,True,0.96435546875
143890867.11926.11926,1,"You are an assistant trained to detect early warning signs of toxic behavior in online conversations given only the intentions behind each utterance of the conversation. Predict whether the conversation is likely to result in a personal attack later on. Provide your answer in the format 'ATTACK: YES/NO'

Conversation:
S_0: [The speaker intends to argue against the claim of a clear consensus for deletion by providing specific examples of editors who advocated for deletion.]
S_1: [The speaker intends to criticize the other speaker for closing discussions without reading comments and to express dissatisfaction with their perceived carelessness.]
S_0: [The speaker intends to refute the accusation of not reading comments by providing a detailed breakdown of the comments and votes  suggesting there is no clear consensus.]",1,1,True,0.87841796875
144401101.11263.11263,1,"You are an assistant trained to detect early warning signs of toxic behavior in online conversations given only the intentions behind each utterance of the conversation. Predict whether the conversation is likely to result in a personal attack later on. Provide your answer in the format 'ATTACK: YES/NO'

Conversation:
S_0: [the speaker is playfully suggesting that the big zilla monster might want to adopt a pet dove  possibly to promote peace or as a humorous gesture.]
S_1: [the speaker is expressing a desire to eat or has already eaten the dove  indicated by the word ""Yummy!"".]",1,1,True,0.9873046875
146743638.12652.12652,1,"You are an assistant trained to detect early warning signs of toxic behavior in online conversations given only the intentions behind each utterance of the conversation. Predict whether the conversation is likely to result in a personal attack later on. Provide your answer in the format 'ATTACK: YES/NO'

Conversation:
S_0: [The speaker intends to question the reversion of a change regarding the name used for Bill Chen  suggesting that the original change might have been correct based on WP:COMMONNAME guidelines.]",0,1,False,0.65380859375
147954957.7256.7256,1,"You are an assistant trained to detect early warning signs of toxic behavior in online conversations given only the intentions behind each utterance of the conversation. Predict whether the conversation is likely to result in a personal attack later on. Provide your answer in the format 'ATTACK: YES/NO'

Conversation:
S_0: [The speaker intends to express their opinion that the article lacks substantial content without original research and suggests merging it elsewhere as a more practical solution than deletion.]
S_1: [The speaker intends to challenge the previous suggestion by questioning the criteria for original research and defending the article's references  while also expressing a desire for the other person to either leave the article alone or contribute constructively.]",1,1,True,1.0
148422557.5277.5277,1,"You are an assistant trained to detect early warning signs of toxic behavior in online conversations given only the intentions behind each utterance of the conversation. Predict whether the conversation is likely to result in a personal attack later on. Provide your answer in the format 'ATTACK: YES/NO'

Conversation:
S_0: [The speaker intends to criticize the other person's editing by suggesting they read the article thoroughly before making changes.]
S_1: [The speaker intends to point out where the other person's edits were attempted and imply that the information is already covered.]
S_0: [The speaker intends to ask for clarification on where the issue is and to challenge the other person's understanding by referencing specific content.]",0,0,True,0.94189453125
151740907.15404.15404,1,"You are an assistant trained to detect early warning signs of toxic behavior in online conversations given only the intentions behind each utterance of the conversation. Predict whether the conversation is likely to result in a personal attack later on. Provide your answer in the format 'ATTACK: YES/NO'

Conversation:
S_0: [The speaker intends to express concern about the continued hardblocking of proxies and hopes for a change to softblocks to allow legitimate users to contribute.]
S_1: [The speaker intends to convey their understanding of the policy situation and express reluctance to take action until policies are clarified or modified.]",1,0,False,0.8623046875
155105667.2522.2522,1,"You are an assistant trained to detect early warning signs of toxic behavior in online conversations given only the intentions behind each utterance of the conversation. Predict whether the conversation is likely to result in a personal attack later on. Provide your answer in the format 'ATTACK: YES/NO'

Conversation:
S_0: [The speaker intends to inform about their actions regarding the page and clarify their future actions concerning machine postings and copyright specifications.]",1,0,False,1.0
155594817.13941.13941,1,"You are an assistant trained to detect early warning signs of toxic behavior in online conversations given only the intentions behind each utterance of the conversation. Predict whether the conversation is likely to result in a personal attack later on. Provide your answer in the format 'ATTACK: YES/NO'

Conversation:
S_0: [The speaker intends to clarify their position regarding the applicability of wiki_link in violations.]
S_1: [The speaker intends to dismiss the other speaker's concerns and accuse them of breaking the 3RR rule.]",1,1,True,0.99853515625
155716783.14696.14696,1,"You are an assistant trained to detect early warning signs of toxic behavior in online conversations given only the intentions behind each utterance of the conversation. Predict whether the conversation is likely to result in a personal attack later on. Provide your answer in the format 'ATTACK: YES/NO'

Conversation:
S_0: [The speaker intends to instruct the listener not to add book cover images back into the article and to explain the condition under which they may be added back.]",0,0,True,0.9990234375
157059059.38916.38916,1,"You are an assistant trained to detect early warning signs of toxic behavior in online conversations given only the intentions behind each utterance of the conversation. Predict whether the conversation is likely to result in a personal attack later on. Provide your answer in the format 'ATTACK: YES/NO'

Conversation:
S_0: [The speaker intends to express their plan to request the unprotection of the wiki page and to assert their position as correct while implying that the other party is wrong.]
S_1: [The speaker intends to refute the accusation and assert that the other party is the one refusing to discuss changes.]",0,1,False,0.998046875
15832773.3019.3019,1,"You are an assistant trained to detect early warning signs of toxic behavior in online conversations given only the intentions behind each utterance of the conversation. Predict whether the conversation is likely to result in a personal attack later on. Provide your answer in the format 'ATTACK: YES/NO'

Conversation:
S_0: [The speaker intends to challenge the inclusion of information in the article by questioning its validity and requesting a source or its removal.]
S_1: [The speaker intends to warn the other person about the consequences of their actions and express frustration with the need to repeatedly revert changes.]",1,1,True,0.966796875
165943813.17745.17745,1,"You are an assistant trained to detect early warning signs of toxic behavior in online conversations given only the intentions behind each utterance of the conversation. Predict whether the conversation is likely to result in a personal attack later on. Provide your answer in the format 'ATTACK: YES/NO'

Conversation:
S_0: [The speaker intends to propose adding external links to Yahoo! Movies in movie articles and seeks approval or objections from others.]
S_1: [The speaker intends to express doubt about the necessity of a separate article for wiki_link and highlights a conflict of interest and lack of significant coverage.]",1,0,False,0.9501953125
166882643.4224.4224,1,"You are an assistant trained to detect early warning signs of toxic behavior in online conversations given only the intentions behind each utterance of the conversation. Predict whether the conversation is likely to result in a personal attack later on. Provide your answer in the format 'ATTACK: YES/NO'

Conversation:
S_0: [the speaker intends to justify the relevance of the mod ""Hostile Intent"" by providing evidence and plans to create an article about it.]",1,0,False,0.8134765625
168180673.10107.10107,1,"You are an assistant trained to detect early warning signs of toxic behavior in online conversations given only the intentions behind each utterance of the conversation. Predict whether the conversation is likely to result in a personal attack later on. Provide your answer in the format 'ATTACK: YES/NO'

Conversation:
S_0: [The speaker intends to explain the Wikipedia policy regarding biographies and justify why the article about Ms. Lewis does not meet the criteria for inclusion.]
S_1: [The speaker intends to challenge the logic used by S_0 by drawing a parallel with another Wikipedia article  suggesting inconsistency in the application of the policy.]
S_0: [The speaker intends to clarify the distinction between the two cases by emphasizing the availability of historical perspective and extensive research for Earhart  which is lacking for Lewis.]",0,1,False,0.9990234375
168710659.62.62,1,"You are an assistant trained to detect early warning signs of toxic behavior in online conversations given only the intentions behind each utterance of the conversation. Predict whether the conversation is likely to result in a personal attack later on. Provide your answer in the format 'ATTACK: YES/NO'

Conversation:
S_0: [The speaker intends to challenge the other person to provide evidence that contradicts their claim about not being on IRC.]
S_1: [The speaker intends to remind the other person of their previous statement and suggest that they verify the IRC logs to confirm their memory.]",0,1,False,0.64697265625
169532015.14003.14003,1,"You are an assistant trained to detect early warning signs of toxic behavior in online conversations given only the intentions behind each utterance of the conversation. Predict whether the conversation is likely to result in a personal attack later on. Provide your answer in the format 'ATTACK: YES/NO'

Conversation:
S_0: [The speaker intends to express support and offer assistance to Bishzilla in achieving the required number of edits for candidacy.]
S_1: [The speaker intends to acknowledge the support and explain the situation regarding the candidacy rules  while expressing a plan to prepare better next year.]",1,1,True,0.76171875
170029034.54439.54439,1,"You are an assistant trained to detect early warning signs of toxic behavior in online conversations given only the intentions behind each utterance of the conversation. Predict whether the conversation is likely to result in a personal attack later on. Provide your answer in the format 'ATTACK: YES/NO'

Conversation:
S_0: [The speaker intends to express concern about the current state of the list and requests assistance from someone knowledgeable to improve it.]
S_1: [The speaker intends to defend the inclusion of the lists by arguing their relevance and comparability to other event articles  and to refute the claim that they are unencyclopedic.]
S_1: [The speaker intends to provide evidence and further argumentation to support the claim that the lists are relevant and not unencyclopedic  and to counter the concerns raised by others.]",1,1,True,0.9638671875
173258711.27876.27876,1,"You are an assistant trained to detect early warning signs of toxic behavior in online conversations given only the intentions behind each utterance of the conversation. Predict whether the conversation is likely to result in a personal attack later on. Provide your answer in the format 'ATTACK: YES/NO'

Conversation:
S_0: [The speaker intends to inquire about historical conventions and provide information on known conventions related to Illyrian studies.]
S_1: [The speaker intends to dismiss the conventions mentioned by S_0 as outdated and criticize S_0's perspective as pseudoscientific.]
S_0: [The speaker intends to request a list of new scientists and conventions from S_1 to compare conclusions and express skepticism about dismissing older conventions.]
S_1: [The speaker intends to accuse S_0 of rejecting valid sources and label S_0's actions as trolling.]
S_0: [The speaker intends to clarify their position on conventions and request information on the conventions S_1 mentioned.]
S_1: [The speaker intends to assert the validity of their sources and express skepticism about S_0's perspective.]
S_0: [The speaker intends to emphasize the importance of conventions over books and request references to the conventions S_1 mentioned.]
S_1: [The speaker intends to defend the use of books as secondary sources and question S_0's intentions.]",1,1,True,0.994140625
174491338.28390.28390,1,"You are an assistant trained to detect early warning signs of toxic behavior in online conversations given only the intentions behind each utterance of the conversation. Predict whether the conversation is likely to result in a personal attack later on. Provide your answer in the format 'ATTACK: YES/NO'

Conversation:
S_0: [The speaker seeks clarification on why the template is a candidate for deletion and provides justification for its retention.]",0,0,True,0.9990234375
175720120.3708.3708,1,"You are an assistant trained to detect early warning signs of toxic behavior in online conversations given only the intentions behind each utterance of the conversation. Predict whether the conversation is likely to result in a personal attack later on. Provide your answer in the format 'ATTACK: YES/NO'

Conversation:
S_0: [The speaker intends to express admiration or approval of the other person's work compared to their own.]
S_1: [The speaker intends to acknowledge gratitude and explain their reasoning for making edits  while also noting that further improvements are needed.]",0,0,True,0.8525390625
176804113.31106.31106,1,"You are an assistant trained to detect early warning signs of toxic behavior in online conversations given only the intentions behind each utterance of the conversation. Predict whether the conversation is likely to result in a personal attack later on. Provide your answer in the format 'ATTACK: YES/NO'

Conversation:
S_0: [The speaker intends to express frustration and criticize Jaakobou for causing confusion and for not noticing a missing term in the source.]
S_1: [The speaker intends to argue that the absence of a specific term is not necessary to relate to the Palestinian claims on international TV.]
S_0: [The speaker intends to question the relevance of the article's content by asking for the article's title.]
S_1: [The speaker intends to reiterate their point about the irrelevance of the specific term and to question the relevance of the subsection's title.]",0,1,False,0.9287109375
177237695.62396.62396,1,"You are an assistant trained to detect early warning signs of toxic behavior in online conversations given only the intentions behind each utterance of the conversation. Predict whether the conversation is likely to result in a personal attack later on. Provide your answer in the format 'ATTACK: YES/NO'

Conversation:
S_0: [The speaker intends to share information relevant to the ongoing discussion and draw a parallel to a previous case.]
S_1: [The speaker intends to explore possible actions and solutions regarding the case  including verifying the complainant's claims and suggesting alternative courses of action.]",1,0,False,1.0
177610439.70966.70966,1,"You are an assistant trained to detect early warning signs of toxic behavior in online conversations given only the intentions behind each utterance of the conversation. Predict whether the conversation is likely to result in a personal attack later on. Provide your answer in the format 'ATTACK: YES/NO'

Conversation:
S_0: [The speaker intends to express their belief that notifying individuals about their correspondence being forwarded to a committee is a matter of common sense and decency  and seeks to understand if there is any legitimate reason against it.]
S_1: [The speaker intends to provide a counterpoint by highlighting a scenario where notifying someone could be problematic  suggesting that notifications should be given when reasonable.]",0,0,True,0.978515625
180508373.20449.20449,1,"You are an assistant trained to detect early warning signs of toxic behavior in online conversations given only the intentions behind each utterance of the conversation. Predict whether the conversation is likely to result in a personal attack later on. Provide your answer in the format 'ATTACK: YES/NO'

Conversation:
S_0: [The speaker intends to remind the other person to participate in discussions on the talk page and provide resources for more information.]
S_1: [The speaker intends to express a lack of interest in participating in talk pages and a belief that nothing productive occurs there.]",1,1,True,0.99853515625
181984887.0.0,1,"You are an assistant trained to detect early warning signs of toxic behavior in online conversations given only the intentions behind each utterance of the conversation. Predict whether the conversation is likely to result in a personal attack later on. Provide your answer in the format 'ATTACK: YES/NO'

Conversation:
S_0: [The speaker intends to express disagreement with the accusation of vandalism and to assert their long-term contribution to Wikipedia  seeking more respectful communication.]",1,0,False,0.966796875
18396841.5729.5729,1,"You are an assistant trained to detect early warning signs of toxic behavior in online conversations given only the intentions behind each utterance of the conversation. Predict whether the conversation is likely to result in a personal attack later on. Provide your answer in the format 'ATTACK: YES/NO'

Conversation:
S_0: [The speaker intends to argue that the version favored by the other party is incomplete and lacks neutrality  and to justify their own version as more comprehensive and neutral.]
S_1: [The speaker intends to refute the claim that their version is incomplete and to assert that the other party's version is not neutral.]
S_2: [The speaker intends to express concern about Nightscream's actions  suggest that arbitration may be necessary  and seek support from others.]
S_0: [The speaker intends to challenge the logic of the other party's argument and defend their own approach as reasonable and evidence-based.]",1,1,True,0.998046875
184445114.1058.1058,1,"You are an assistant trained to detect early warning signs of toxic behavior in online conversations given only the intentions behind each utterance of the conversation. Predict whether the conversation is likely to result in a personal attack later on. Provide your answer in the format 'ATTACK: YES/NO'

Conversation:
S_0: [The speaker expresses disbelief or frustration.]
S_1: [The speaker agrees with the previous statement and emphasizes the situation's severity.]",1,1,True,1.0
185302851.9838.9838,1,"You are an assistant trained to detect early warning signs of toxic behavior in online conversations given only the intentions behind each utterance of the conversation. Predict whether the conversation is likely to result in a personal attack later on. Provide your answer in the format 'ATTACK: YES/NO'

Conversation:
S_0: [the speaker intends to suggest a possible interpretation of the film's visual style and share their personal opinion about the movie.]
S_1: [the speaker intends to express their own consideration of the idea and offer an alternative explanation.]",0,0,True,0.99951171875
186266380.13735.13735,1,"You are an assistant trained to detect early warning signs of toxic behavior in online conversations given only the intentions behind each utterance of the conversation. Predict whether the conversation is likely to result in a personal attack later on. Provide your answer in the format 'ATTACK: YES/NO'

Conversation:
S_0: [The speaker intends to establish a structured approach to discussing and defining thrash metal by suggesting a collaborative effort to gather suggestions  sources  and reach consensus.]
S_1: [The speaker intends to propose a criterion for including bands in the list  suggesting that any band that has played thrash or a fusion of thrash should be included.]
S_2: [The speaker intends to agree with the previous suggestion but adds conditions that there must be a reliable source and the band must already have a Wikipedia article.]",0,0,True,0.51220703125
188028913.217.217,1,"You are an assistant trained to detect early warning signs of toxic behavior in online conversations given only the intentions behind each utterance of the conversation. Predict whether the conversation is likely to result in a personal attack later on. Provide your answer in the format 'ATTACK: YES/NO'

Conversation:
S_0: [The speaker intends to assert that the term ""Rose Line"" is a popular term for the Paris Meridian and challenges the listener to dispute this claim.]
S_1: [The speaker intends to refute the claim that ""Rose Line"" is a widely accepted term  suggesting it is only recognized by fans of The Da Vinci Code and conspiracy theorists.]
S_0: [The speaker intends to clarify that popularity does not equate to correctness and challenges the listener to provide evidence that Dan Brown coined the term.]",0,1,False,0.966796875
188493057.9027.9027,1,"You are an assistant trained to detect early warning signs of toxic behavior in online conversations given only the intentions behind each utterance of the conversation. Predict whether the conversation is likely to result in a personal attack later on. Provide your answer in the format 'ATTACK: YES/NO'

Conversation:
S_0: [The speaker intends to provide evidence and reasoning to support their argument that the German name for Charlemagne is not relevant in English-language contexts.]",0,0,True,0.98095703125
191944517.8419.8419,1,"You are an assistant trained to detect early warning signs of toxic behavior in online conversations given only the intentions behind each utterance of the conversation. Predict whether the conversation is likely to result in a personal attack later on. Provide your answer in the format 'ATTACK: YES/NO'

Conversation:
S_0: [The speaker intends to justify the inclusion of historical information about the Lee-Enfield Rifle and seeks validation for their contribution.]
S_1: [The speaker intends to correct the speaker's misunderstanding and suggests starting a discussion on the appropriate page.]",1,0,False,0.9609375
192080482.18556.18556,1,"You are an assistant trained to detect early warning signs of toxic behavior in online conversations given only the intentions behind each utterance of the conversation. Predict whether the conversation is likely to result in a personal attack later on. Provide your answer in the format 'ATTACK: YES/NO'

Conversation:
S_0: [The speaker intends to offer information about new Ben 10 Alien Force aliens and their planets  seeking confirmation if the listener wants this information.]
S_1: [The speaker intends to suggest waiting for the series to air on TV before discussing or adding information about the aliens.]
S_2: [The speaker intends to express a personal opinion that the new aliens should be added  acknowledging prior advice.]
S_3: [The speaker intends to clarify the conditions under which the new aliens can be added  emphasizing the importance of verifiability from reliable sources.]
S_4: [The speaker intends to provide information about a website that redirects to the Alien Force website  suggesting it as a potential source.]
S_3: [The speaker intends to acknowledge the website's mention in the main article but points out its irrelevance due to the lack of alien names.]",0,0,True,0.9990234375
195353398.23337.23337,1,"You are an assistant trained to detect early warning signs of toxic behavior in online conversations given only the intentions behind each utterance of the conversation. Predict whether the conversation is likely to result in a personal attack later on. Provide your answer in the format 'ATTACK: YES/NO'

Conversation:
S_0: [The speaker intends to express concern about the article being biased due to individuals inserting personal viewpoints and to remind others of Wikipedia's neutrality policy.]",0,0,True,0.99755859375
202083816.25206.25206,1,"You are an assistant trained to detect early warning signs of toxic behavior in online conversations given only the intentions behind each utterance of the conversation. Predict whether the conversation is likely to result in a personal attack later on. Provide your answer in the format 'ATTACK: YES/NO'

Conversation:
S_0: [The speaker intends to justify the removal of the word ""militant"" from the introduction and to argue for a balanced representation of organizations in the article.]
S_1: [The speaker intends to assert the importance of the NDF's involvement in the Marad massacre as a reason for its notability and to challenge the removal of the ""militant"" tag.]",0,1,False,0.99951171875
202169381.11823.11823,1,"You are an assistant trained to detect early warning signs of toxic behavior in online conversations given only the intentions behind each utterance of the conversation. Predict whether the conversation is likely to result in a personal attack later on. Provide your answer in the format 'ATTACK: YES/NO'

Conversation:
S_0: [The speaker intends to inform others about the opening of a thread and provide a link to it.]",0,0,True,0.9990234375
204194977.6271.6271,1,"You are an assistant trained to detect early warning signs of toxic behavior in online conversations given only the intentions behind each utterance of the conversation. Predict whether the conversation is likely to result in a personal attack later on. Provide your answer in the format 'ATTACK: YES/NO'

Conversation:
S_0: [The speaker intends to inform S_1 that using the edit summary ""rvv"" is inappropriate for non-vandalism edits and controversial reversions  and to advise on using proper edit summaries.]
S_1: [The speaker intends to express confusion and justify their previous action by stating that the edit was vandalism because the same text was previously erased.]",0,1,False,1.0
204725243.54360.54360,1,"You are an assistant trained to detect early warning signs of toxic behavior in online conversations given only the intentions behind each utterance of the conversation. Predict whether the conversation is likely to result in a personal attack later on. Provide your answer in the format 'ATTACK: YES/NO'

Conversation:
S_0: [The speaker intends to point out issues with the edits made by S_1 and requests S_1 to correct them  expressing frustration with S_1's behavior.]
S_1: [The speaker intends to propose a solution to avoid a version conflict by suggesting a specific action.]
S_0: [The speaker intends to express confusion and frustration at S_1's response  reiterating the request for S_1 to correct the issues.]
S_1: [The speaker intends to request that S_0 maintain a specific link  possibly as a way to address the ongoing issue.]",1,1,True,0.982421875
205658214.4953.4953,1,"You are an assistant trained to detect early warning signs of toxic behavior in online conversations given only the intentions behind each utterance of the conversation. Predict whether the conversation is likely to result in a personal attack later on. Provide your answer in the format 'ATTACK: YES/NO'

Conversation:
S_0: [The speaker intends to inform the other person about the protocol regarding articles tagged as copyvio.]",1,0,False,1.0
205767664.627.627,1,"You are an assistant trained to detect early warning signs of toxic behavior in online conversations given only the intentions behind each utterance of the conversation. Predict whether the conversation is likely to result in a personal attack later on. Provide your answer in the format 'ATTACK: YES/NO'

Conversation:
S_0: [The speaker intends to express their understanding of the comet's behavior and convey their frustration about being criticized  while also warning the other person to refrain from making similar comments.]",1,1,True,0.98291015625
207119513.305.305,1,"You are an assistant trained to detect early warning signs of toxic behavior in online conversations given only the intentions behind each utterance of the conversation. Predict whether the conversation is likely to result in a personal attack later on. Provide your answer in the format 'ATTACK: YES/NO'

Conversation:
S_0: [The speaker intends to express disagreement with the necessity of the fixes and provide evidence that supports the modern acceptance of the usage ""comprised of.""]",0,0,True,0.99951171875
210594914.4800.4800,1,"You are an assistant trained to detect early warning signs of toxic behavior in online conversations given only the intentions behind each utterance of the conversation. Predict whether the conversation is likely to result in a personal attack later on. Provide your answer in the format 'ATTACK: YES/NO'

Conversation:
S_0: [The speaker intends to express gratitude for the editing work and to request a specific photo for the page.]",0,0,True,1.0
210834488.5081.5081,1,"You are an assistant trained to detect early warning signs of toxic behavior in online conversations given only the intentions behind each utterance of the conversation. Predict whether the conversation is likely to result in a personal attack later on. Provide your answer in the format 'ATTACK: YES/NO'

Conversation:
S_0: [The speaker is questioning the other person's actions regarding the repeated addition of an image.]",1,1,True,0.71337890625
211501261.25605.25605,1,"You are an assistant trained to detect early warning signs of toxic behavior in online conversations given only the intentions behind each utterance of the conversation. Predict whether the conversation is likely to result in a personal attack later on. Provide your answer in the format 'ATTACK: YES/NO'

Conversation:
S_0: [The speaker is expressing frustration about the perceived slowness of others in editing a wiki page.]",0,1,False,0.9677734375
213448366.79999.79999,1,"You are an assistant trained to detect early warning signs of toxic behavior in online conversations given only the intentions behind each utterance of the conversation. Predict whether the conversation is likely to result in a personal attack later on. Provide your answer in the format 'ATTACK: YES/NO'

Conversation:
S_0: [The speaker intends to criticize the quality and structure of the Wikipedia article.]
S_1: [The speaker intends to explain the current state of the article and justify their actions.]
S_0: [The speaker intends to point out that some progress has been made on the article  implying that more could be done.]
S_1: [The speaker intends to challenge S_0's contribution to improving the article.]",1,1,True,0.9931640625
215180756.8562.8562,1,"You are an assistant trained to detect early warning signs of toxic behavior in online conversations given only the intentions behind each utterance of the conversation. Predict whether the conversation is likely to result in a personal attack later on. Provide your answer in the format 'ATTACK: YES/NO'

Conversation:
S_0: [The speaker seeks clarification about the existence of an official poll and the inclusion of certain characters in a game.]
S_1: [The speaker provides information about a poll and expresses uncertainty about the inclusion of characters in the game.]
S_0: [The speaker shares their excitement about news and speculates on the inclusion of certain characters in the game.]",1,0,False,0.99951171875
221125910.8024.8024,1,"You are an assistant trained to detect early warning signs of toxic behavior in online conversations given only the intentions behind each utterance of the conversation. Predict whether the conversation is likely to result in a personal attack later on. Provide your answer in the format 'ATTACK: YES/NO'

Conversation:
S_0: [The speaker intends to assert authorship and request credit for their work  which they believe has been used without permission.]
S_1: [The speaker intends to express confusion or lack of understanding about the previous statement.]
S_0: [The speaker intends to provide evidence of their authorship and express frustration about being accused of plagiarism.]
S_1: [The speaker intends to express disinterest and question the relevance of the information to them.]
S_2: [The speaker intends to offer a suggestion on how the original author might receive credit for their work.]
S_1: [The speaker intends to express skepticism about the authorship claim and clarify their lack of involvement.]
S_0: [The speaker intends to accuse the other party of plagiarism and assert their rights over the work.]",1,1,True,0.9921875
224551679.4053.4053,1,"You are an assistant trained to detect early warning signs of toxic behavior in online conversations given only the intentions behind each utterance of the conversation. Predict whether the conversation is likely to result in a personal attack later on. Provide your answer in the format 'ATTACK: YES/NO'

Conversation:
S_0: [The speaker intends to advise S_1 to maintain a collegial attitude and set a good example for others in the DYK community.]
S_1: [The speaker intends to deflect responsibility for the conflict onto Doncram and express a lack of respect for S_0's request.]
S_0: [The speaker intends to clarify that the previous message was advice  not a rebuke  and to reiterate the importance of maintaining a positive attitude.]
S_2: [The speaker intends to provide context for the situation  express a desire for better relations  and suggest changes to avoid conflicts of interest.]
S_1: [The speaker intends to express gratitude to S_2  agree with the suggestion about avoiding conflicts of interest  and explain their decision to distance themselves due to conflict with Doncram.]",1,1,True,0.82666015625
225070854.920.920,1,"You are an assistant trained to detect early warning signs of toxic behavior in online conversations given only the intentions behind each utterance of the conversation. Predict whether the conversation is likely to result in a personal attack later on. Provide your answer in the format 'ATTACK: YES/NO'

Conversation:
S_0: [The speaker intends to assert the origin of the Hunza people as Macedonian and requests that the information not be removed.]
S_1: [The speaker intends to challenge the reliability of the sources provided by S_0 and requests credible evidence for the claims about the Hunza people's origin.]
S_0: [The speaker intends to reaffirm their belief in the reliability of the Prince's statement as evidence of the Hunza people's Macedonian origin.]
S_2: [The speaker intends to express skepticism and assert their authority by claiming descent from Alexander the Great  indicating they will remove the information.]
S_1: [The speaker intends to dismiss S_2's claim and reiterate the need for reliable sources  emphasizing that anyone can make unsubstantiated claims.]",1,1,True,0.982421875
226465611.12195.12195,1,"You are an assistant trained to detect early warning signs of toxic behavior in online conversations given only the intentions behind each utterance of the conversation. Predict whether the conversation is likely to result in a personal attack later on. Provide your answer in the format 'ATTACK: YES/NO'

Conversation:
S_0: [the speaker intends to suggest or remind S_1 to use wiki links in the welcome templates they leave for people.]
S_1: [the speaker intends to acknowledge the suggestion and express gratitude for the reminder.]",0,1,False,0.9501953125
228260381.12384.12384,1,"You are an assistant trained to detect early warning signs of toxic behavior in online conversations given only the intentions behind each utterance of the conversation. Predict whether the conversation is likely to result in a personal attack later on. Provide your answer in the format 'ATTACK: YES/NO'

Conversation:
S_0: [The speaker is inquiring whether the wiki_link symbol should be mentioned or discussed.]
S_1: [The speaker intends to clarify that the wiki_link symbol is a mathematical symbol and suggests a possible section on symbols based on letters.]",1,0,False,0.9892578125
228332457.5689.5689,1,"You are an assistant trained to detect early warning signs of toxic behavior in online conversations given only the intentions behind each utterance of the conversation. Predict whether the conversation is likely to result in a personal attack later on. Provide your answer in the format 'ATTACK: YES/NO'

Conversation:
S_0: [The speaker intends to warn the other person about the consequences of disruptive editing and advises them to seek consensus to avoid being blocked or banned.]
S_1: [The speaker intends to express frustration and seeks clarification on where the consensus was reached regarding the violation of WP:NPOV.]
S_2: [The speaker intends to encourage the other person to engage in discussion to reach consensus and informs them that their changes have been reverted  suggesting they start a conversation about the issue.]",0,0,True,0.99267578125
229535222.2292.2292,1,"You are an assistant trained to detect early warning signs of toxic behavior in online conversations given only the intentions behind each utterance of the conversation. Predict whether the conversation is likely to result in a personal attack later on. Provide your answer in the format 'ATTACK: YES/NO'

Conversation:
S_0: [The speaker intends to address the issue of spelling changes and seeks justification from those making changes  threatening to report unjustified edits as vandalism.]
S_1: [The speaker expresses a personal dislike for British spelling on Wikipedia  indicating a preference for American spelling.]
S_0: [The speaker demands a more substantial reason for the spelling changes  dismissing the previous explanation as insufficient.]",1,1,True,1.0
230193438.998.998,1,"You are an assistant trained to detect early warning signs of toxic behavior in online conversations given only the intentions behind each utterance of the conversation. Predict whether the conversation is likely to result in a personal attack later on. Provide your answer in the format 'ATTACK: YES/NO'

Conversation:
S_0: [The speaker intends to inquire about the status of contacting the categorisation expert and express concern over the delay.]
S_1: [The speaker intends to explain their understanding of categorisation guidelines  justify their actions  and request the other person to stop removing categories.]",1,1,True,0.99951171875
230801127.6228.6228,1,"You are an assistant trained to detect early warning signs of toxic behavior in online conversations given only the intentions behind each utterance of the conversation. Predict whether the conversation is likely to result in a personal attack later on. Provide your answer in the format 'ATTACK: YES/NO'

Conversation:
S_0: [The speaker intends to question why certain footballers' articles are not deleted  suggesting inconsistency in article deletion.]
S_1: [The speaker intends to express uncertainty and a lack of prior knowledge about the articles mentioned by S_0.]
S_0: [The speaker intends to assert that information about reserve and academy players is typically allowed on the platform.]
S_1: [The speaker intends to deflect responsibility and suggest that S_0 consult someone more knowledgeable about football club articles.]",1,1,True,0.9990234375
231593679.3391.3391,1,"You are an assistant trained to detect early warning signs of toxic behavior in online conversations given only the intentions behind each utterance of the conversation. Predict whether the conversation is likely to result in a personal attack later on. Provide your answer in the format 'ATTACK: YES/NO'

Conversation:
S_0: [The speaker intends to clarify the pronunciation of ""Capcom"" and challenge the listener's assumptions.]
S_1: [The speaker intends to assert their understanding of the Japanese spelling and criticize the speaker's knowledge of Japanese.]",1,1,True,0.99951171875
231731659.3214.3214,1,"You are an assistant trained to detect early warning signs of toxic behavior in online conversations given only the intentions behind each utterance of the conversation. Predict whether the conversation is likely to result in a personal attack later on. Provide your answer in the format 'ATTACK: YES/NO'

Conversation:
S_0: [The speaker intends to inform the listener about the 3RR policy and advise them to engage in discussion rather than edit warring.]",0,0,True,0.9990234375
232389738.3190.3190,1,"You are an assistant trained to detect early warning signs of toxic behavior in online conversations given only the intentions behind each utterance of the conversation. Predict whether the conversation is likely to result in a personal attack later on. Provide your answer in the format 'ATTACK: YES/NO'

Conversation:
S_0: [The speaker intends to express gratitude and appreciation for the recipient's human interaction and to encourage spreading kindness by giving a symbolic 'cookie'.]",0,0,True,0.9990234375
234155672.12588.12588,1,"You are an assistant trained to detect early warning signs of toxic behavior in online conversations given only the intentions behind each utterance of the conversation. Predict whether the conversation is likely to result in a personal attack later on. Provide your answer in the format 'ATTACK: YES/NO'

Conversation:
S_0: [The speaker intends to suggest adding information about band members' roles to the article for clarity.]
S_1: [The speaker intends to inform the other person that the information used to be present and suggests that a members section should be included.]",0,0,True,0.998046875
234747790.16184.16184,1,"You are an assistant trained to detect early warning signs of toxic behavior in online conversations given only the intentions behind each utterance of the conversation. Predict whether the conversation is likely to result in a personal attack later on. Provide your answer in the format 'ATTACK: YES/NO'

Conversation:
S_0: [The speaker intends to assert the accuracy and reliability of the information they have provided about the game's release date.]",1,0,False,0.9755859375
235345753.3081.3081,1,"You are an assistant trained to detect early warning signs of toxic behavior in online conversations given only the intentions behind each utterance of the conversation. Predict whether the conversation is likely to result in a personal attack later on. Provide your answer in the format 'ATTACK: YES/NO'

Conversation:
S_0: [The speaker intends to seek advice and input from Peter on developing an article  particularly regarding the inclusion of Hume's approach to miracles and Hunter's paper on Spinoza.]
S_1: [The speaker intends to acknowledge the relevance of Hume's account of miracles and suggest additional resources for further exploration.]
S_1: [The speaker intends to provide context about the authorship of a related article and share a personal anecdote about collaboration and departure from Wikipedia.]",0,0,True,1.0
240149353.16332.16332,1,"You are an assistant trained to detect early warning signs of toxic behavior in online conversations given only the intentions behind each utterance of the conversation. Predict whether the conversation is likely to result in a personal attack later on. Provide your answer in the format 'ATTACK: YES/NO'

Conversation:
S_0: [The speaker intends to express frustration and seek clarification on why their article was deleted  despite believing it was well-written and relevant.]",0,1,False,0.9833984375
244019165.24348.24348,1,"You are an assistant trained to detect early warning signs of toxic behavior in online conversations given only the intentions behind each utterance of the conversation. Predict whether the conversation is likely to result in a personal attack later on. Provide your answer in the format 'ATTACK: YES/NO'

Conversation:
S_0: [The speaker seeks clarification on the notability criteria for players who have played for the U21 national squad but not made a senior league appearance.]
S_1: [The speaker expresses their opinion that such players do not meet the notability criteria and provides an example to support their view.]
S_0: [The speaker presents a specific example to question the notability criteria and argues that playing for a U21 national squad should confer notability.]
S_2: [The speaker provides information about Olympic appearances conferring notability under special circumstances.]
S_0: [The speaker refines their question by excluding Olympic appearances and seeks clarification on notability for a player who has won certain competitions but not played a senior league match.]
S_1: [The speaker asks for specific information about the competitions a player participated in to assess notability.]",1,0,False,1.0
245423265.1941.1941,1,"You are an assistant trained to detect early warning signs of toxic behavior in online conversations given only the intentions behind each utterance of the conversation. Predict whether the conversation is likely to result in a personal attack later on. Provide your answer in the format 'ATTACK: YES/NO'

Conversation:
S_0: [The speaker is seeking information about the release date for Europe and requesting assistance from others to find and share this information.]",0,0,True,1.0
245576959.2099.2099,1,"You are an assistant trained to detect early warning signs of toxic behavior in online conversations given only the intentions behind each utterance of the conversation. Predict whether the conversation is likely to result in a personal attack later on. Provide your answer in the format 'ATTACK: YES/NO'

Conversation:
S_0: [The speaker intends to seek confirmation or denial of information regarding the director of a game mentioned on Xbox Live.]",1,0,False,0.99755859375
246519050.1684.1684,1,"You are an assistant trained to detect early warning signs of toxic behavior in online conversations given only the intentions behind each utterance of the conversation. Predict whether the conversation is likely to result in a personal attack later on. Provide your answer in the format 'ATTACK: YES/NO'

Conversation:
S_0: [The speaker requests the other person to provide a wiki link for content additions.]
S_1: [The speaker expresses criticism or disapproval towards the other person.]
S_0: [The speaker attempts to lighten the mood with humor and acknowledges having fun despite the situation.]
S_1: [The speaker expresses a reaction  possibly of surprise or disbelief.]
S_1: [The speaker shares a personal experience to express surprise at a past event.]
S_0: [The speaker shares a similar experience to relate to the other person and add humor to the conversation.]",1,0,False,0.9990234375
246543204.1281.1281,1,"You are an assistant trained to detect early warning signs of toxic behavior in online conversations given only the intentions behind each utterance of the conversation. Predict whether the conversation is likely to result in a personal attack later on. Provide your answer in the format 'ATTACK: YES/NO'

Conversation:
S_0: [The speaker intends to seek feedback and assistance from Davidspalding on an article they wrote about Echelon Studios  hoping to improve it and avoid its deletion.]",0,0,True,0.9990234375
251857396.5871.5871,1,"You are an assistant trained to detect early warning signs of toxic behavior in online conversations given only the intentions behind each utterance of the conversation. Predict whether the conversation is likely to result in a personal attack later on. Provide your answer in the format 'ATTACK: YES/NO'

Conversation:
S_0: [The speaker intends to explain their decision to create a new barnstar and express their desire to replace a previous gesture with a more meaningful one.]",0,0,True,1.0
25213805.0.0,1,"You are an assistant trained to detect early warning signs of toxic behavior in online conversations given only the intentions behind each utterance of the conversation. Predict whether the conversation is likely to result in a personal attack later on. Provide your answer in the format 'ATTACK: YES/NO'

Conversation:
S_0: [The speaker intends to express doubt and seek clarification about the source of a specific claim in the Lancet study.]",0,0,True,0.99951171875
254476558.2536.2536,1,"You are an assistant trained to detect early warning signs of toxic behavior in online conversations given only the intentions behind each utterance of the conversation. Predict whether the conversation is likely to result in a personal attack later on. Provide your answer in the format 'ATTACK: YES/NO'

Conversation:
S_0: [The speaker intends to suggest a course of action regarding the use of the ""Snappy56"" name and express a belief that impersonation is unlikely to occur in the near future.]",0,0,True,1.0
255492973.7776.7776,1,"You are an assistant trained to detect early warning signs of toxic behavior in online conversations given only the intentions behind each utterance of the conversation. Predict whether the conversation is likely to result in a personal attack later on. Provide your answer in the format 'ATTACK: YES/NO'

Conversation:
S_0: [The speaker intends to seek advice and confirmation on whether their actions would violate wiki_link before proceeding with a listing about an editor's conflict of interest.]
S_1: [The speaker intends to inquire about any abusive or unbalanced editing and suggests contacting the user to explain COI rules  implying there might be enough evidence for a warning.]
S_0: [The speaker intends to provide additional context and evidence regarding the COI issue and expresses a desire to list the case for outside assistance  while also considering alternative actions if the situation persists.]",0,0,True,0.97607421875
268018308.7664.7664,1,"You are an assistant trained to detect early warning signs of toxic behavior in online conversations given only the intentions behind each utterance of the conversation. Predict whether the conversation is likely to result in a personal attack later on. Provide your answer in the format 'ATTACK: YES/NO'

Conversation:
S_0: [The speaker intends to share findings about early MV directors and seeks input on whether to include certain information in the MO discography.]",0,0,True,1.0
26815453.51996.51996,1,"You are an assistant trained to detect early warning signs of toxic behavior in online conversations given only the intentions behind each utterance of the conversation. Predict whether the conversation is likely to result in a personal attack later on. Provide your answer in the format 'ATTACK: YES/NO'

Conversation:
S_0: [The speaker intends to express disagreement with the decision to unprotect the wiki page and provide reasons for maintaining its protection.]",0,0,True,0.61474609375
271233109.16788.16788,1,"You are an assistant trained to detect early warning signs of toxic behavior in online conversations given only the intentions behind each utterance of the conversation. Predict whether the conversation is likely to result in a personal attack later on. Provide your answer in the format 'ATTACK: YES/NO'

Conversation:
S_0: [The speaker intends to explain the rationale behind checking for sockpuppetry and to suggest that resolving the issue quickly would prevent unnecessary discomfort for innocent parties.]
S_1: [The speaker intends to express frustration over false accusations and to propose a solution involving a CheckUser (CU) to stop baseless accusations  while also suggesting consequences for accusers.]
S_0: [The speaker intends to offer advice on handling accusations and to express personal feelings about their steward candidacy  indicating a preference for a more collaborative approach.]
S_1: [The speaker intends to agree with the previous advice  express support for the speaker's candidacy  and explain their reluctance to create a new account to vote.]
S_0: [The speaker intends to encourage the filing of an RfC and to explain the process of voting on Meta  while expressing gratitude for the support.]",1,0,False,0.6484375
271266337.66158.66158,1,"You are an assistant trained to detect early warning signs of toxic behavior in online conversations given only the intentions behind each utterance of the conversation. Predict whether the conversation is likely to result in a personal attack later on. Provide your answer in the format 'ATTACK: YES/NO'

Conversation:
S_0: [The speaker intends to criticize the inclusion of a quote from Vallicella's blog in the article  questioning its appropriateness and reliability as a source.]
S_1: [The speaker intends to argue against using a blog as a source for criticism  emphasizing the need for valid sources and comparing it to unreliable claims.]
S_0: [The speaker intends to agree with S_1 and express a decision to delete the criticized content from the article.]
S_2: [The speaker intends to defend the use of the blog as a source  arguing for its reliability and relevance in indicating the seriousness of the subject.]
S_0: [The speaker intends to refute S_2's claim about the seriousness of the source  criticizing the tone and professionalism of the blog.]",1,1,True,0.95556640625
273753370.998.998,1,"You are an assistant trained to detect early warning signs of toxic behavior in online conversations given only the intentions behind each utterance of the conversation. Predict whether the conversation is likely to result in a personal attack later on. Provide your answer in the format 'ATTACK: YES/NO'

Conversation:
S_0: [The speaker intends to criticize the other person's actions regarding the article edits and to emphasize the importance of adhering to Wikipedia's sourcing policies.]
S_1: [The speaker intends to justify their action of removing the deletion tags by asserting their right to disagree with the deletion without discussion.]",0,1,False,0.9794921875
276035589.473.473,1,"You are an assistant trained to detect early warning signs of toxic behavior in online conversations given only the intentions behind each utterance of the conversation. Predict whether the conversation is likely to result in a personal attack later on. Provide your answer in the format 'ATTACK: YES/NO'

Conversation:
S_0: [The speaker intends to assert the importance of including tour dates in an article and seeks feedback or agreement from others.]
S_1: [The speaker intends to disagree with the inclusion of tour dates  citing a violation of wiki_link as the reason.]",0,1,False,1.0
27733774.39983.39983,1,"You are an assistant trained to detect early warning signs of toxic behavior in online conversations given only the intentions behind each utterance of the conversation. Predict whether the conversation is likely to result in a personal attack later on. Provide your answer in the format 'ATTACK: YES/NO'

Conversation:
S_0: [The speaker intends to express frustration and accuse the other person of misinforming Wikipedia users and engaging in biased editing.]",1,1,True,0.99658203125
277455799.27313.27313,1,"You are an assistant trained to detect early warning signs of toxic behavior in online conversations given only the intentions behind each utterance of the conversation. Predict whether the conversation is likely to result in a personal attack later on. Provide your answer in the format 'ATTACK: YES/NO'

Conversation:
S_0: [The speaker intends to inform S_1 about the removal of a template and the nomination for deletion  and seeks S_1's comments on the matter.]
S_1: [The speaker intends to justify the notability of the article and explain their actions regarding the reversion  while criticizing S_0's actions and reasoning.]
S_1: [The speaker intends to assert the legitimacy of the rescue tag and accuse S_0 of wanting the article deleted  while defending their right to keep the tag.]",1,1,True,1.0
27909300.43483.43483,1,"You are an assistant trained to detect early warning signs of toxic behavior in online conversations given only the intentions behind each utterance of the conversation. Predict whether the conversation is likely to result in a personal attack later on. Provide your answer in the format 'ATTACK: YES/NO'

Conversation:
S_0: [The speaker intends to instruct the listener on the proper way to edit Wikipedia articles by emphasizing the importance of factual information and credible sources.]",0,0,True,0.99755859375
279878866.4092.4092,1,"You are an assistant trained to detect early warning signs of toxic behavior in online conversations given only the intentions behind each utterance of the conversation. Predict whether the conversation is likely to result in a personal attack later on. Provide your answer in the format 'ATTACK: YES/NO'

Conversation:
S_0: [The speaker seeks an opinion on a content dispute regarding the inclusion of information about Abu Bakr's succession in a military article.]
S_1: [The speaker intends to provide feedback on the appropriateness of the content placement and suggests a more accurate representation of the sources.]",0,1,False,0.943359375
281628836.8300.8300,1,"You are an assistant trained to detect early warning signs of toxic behavior in online conversations given only the intentions behind each utterance of the conversation. Predict whether the conversation is likely to result in a personal attack later on. Provide your answer in the format 'ATTACK: YES/NO'

Conversation:
S_0: [The speaker is expressing surprise or disbelief about a potential event involving Wikipedia.]
S_1: [The speaker is expressing amusement and admiration towards the previous speaker.]
S_2: [The speaker is expressing hope and curiosity about the existence of a dish called Turbaconducken.]
S_0: [The speaker is expressing a positive or amused reaction  possibly laughter or a smile.]
S_0: [The speaker is sharing information about where they found something  indicating a desire to inform or involve others.]",1,0,False,0.99951171875
28436705.653.653,1,"You are an assistant trained to detect early warning signs of toxic behavior in online conversations given only the intentions behind each utterance of the conversation. Predict whether the conversation is likely to result in a personal attack later on. Provide your answer in the format 'ATTACK: YES/NO'

Conversation:
S_0: [The speaker intends to express concern about the quality of the article and seeks assistance from someone more knowledgeable to merge it properly.]",1,0,False,0.95556640625
287098797.16221.16221,1,"You are an assistant trained to detect early warning signs of toxic behavior in online conversations given only the intentions behind each utterance of the conversation. Predict whether the conversation is likely to result in a personal attack later on. Provide your answer in the format 'ATTACK: YES/NO'

Conversation:
S_0: [The speaker intends to provide an external reference or source for further information.]",1,0,False,0.998046875
289646513.12638.12638,1,"You are an assistant trained to detect early warning signs of toxic behavior in online conversations given only the intentions behind each utterance of the conversation. Predict whether the conversation is likely to result in a personal attack later on. Provide your answer in the format 'ATTACK: YES/NO'

Conversation:
S_0: [The speaker intends to inform others about the creation of a new template for the final's infobox and provide a link for others to view it.]",0,0,True,0.75
292012508.4356.4356,1,"You are an assistant trained to detect early warning signs of toxic behavior in online conversations given only the intentions behind each utterance of the conversation. Predict whether the conversation is likely to result in a personal attack later on. Provide your answer in the format 'ATTACK: YES/NO'

Conversation:
S_0: [The speaker intends to remind the other party not to violate the established consensus.]",0,1,False,0.69970703125
293766413.23161.23161,1,"You are an assistant trained to detect early warning signs of toxic behavior in online conversations given only the intentions behind each utterance of the conversation. Predict whether the conversation is likely to result in a personal attack later on. Provide your answer in the format 'ATTACK: YES/NO'

Conversation:
S_0: [The speaker intends to express frustration and challenge the page protection decision  questioning the other person's support for policies.]
S_1: [The speaker intends to clarify their support for the Arbcom decision and argue that the article does not mislead readers.]
S_0: [The speaker intends to challenge S_1's support for the Arbcom decision and accuse them of misleading readers.]
S_2: [The speaker intends to agree with the protection of specific articles and clarify that no pages were moved.]",0,1,False,0.814453125
297534624.9845.9845,1,"You are an assistant trained to detect early warning signs of toxic behavior in online conversations given only the intentions behind each utterance of the conversation. Predict whether the conversation is likely to result in a personal attack later on. Provide your answer in the format 'ATTACK: YES/NO'

Conversation:
S_0: [The speaker intends to express agreement with the comments on CT's page and criticize the behavior of certain admins.]
S_1: [The speaker intends to lighten the mood by jokingly asking if they are perceived as chest-thumping.]
S_0: [The speaker intends to express frustration about Tarage's influence and the perceived bias of certain admins.]",1,1,True,0.99951171875
299563638.2648.2648,1,"You are an assistant trained to detect early warning signs of toxic behavior in online conversations given only the intentions behind each utterance of the conversation. Predict whether the conversation is likely to result in a personal attack later on. Provide your answer in the format 'ATTACK: YES/NO'

Conversation:
S_0: [The speaker seeks an opinion on the likelihood of an article achieving GA status.]",0,0,True,1.0
30066719.7788.7788,1,"You are an assistant trained to detect early warning signs of toxic behavior in online conversations given only the intentions behind each utterance of the conversation. Predict whether the conversation is likely to result in a personal attack later on. Provide your answer in the format 'ATTACK: YES/NO'

Conversation:
S_0: [The speaker intends to seek assistance and advice regarding their edits being reverted on Wikipedia  expressing frustration and a desire for an explanation.]
S_1: [The speaker intends to provide feedback on the edits in question  challenge the speaker's perception of the situation  and request further clarification if more assistance is needed.]",0,1,False,0.9990234375
301311564.1463.1463,1,"You are an assistant trained to detect early warning signs of toxic behavior in online conversations given only the intentions behind each utterance of the conversation. Predict whether the conversation is likely to result in a personal attack later on. Provide your answer in the format 'ATTACK: YES/NO'

Conversation:
S_0: [The speaker intends to criticize the other participant for not contributing constructively to the discussion and for using unreliable references.]
S_1: [The speaker intends to defend their position by arguing that consensus is needed to remove content and that the references are factual and supportive of the text.]
S_0: [The speaker intends to argue for the need for neutrality and reliability in references and to challenge the other participant to provide evidence from the references.]",1,1,True,1.0
301686709.2228.2228,1,"You are an assistant trained to detect early warning signs of toxic behavior in online conversations given only the intentions behind each utterance of the conversation. Predict whether the conversation is likely to result in a personal attack later on. Provide your answer in the format 'ATTACK: YES/NO'

Conversation:
S_0: [The speaker seeks clarification and feedback on the appropriate terminology to use when referring to their user page on Wikipedia  acknowledging the complexity and potential confusion in the language used.]",0,0,True,1.0
303753770.5587.5587,1,"You are an assistant trained to detect early warning signs of toxic behavior in online conversations given only the intentions behind each utterance of the conversation. Predict whether the conversation is likely to result in a personal attack later on. Provide your answer in the format 'ATTACK: YES/NO'

Conversation:
S_0: [the speaker intends to criticize the other speaker's comment as unnecessary.]
S_1: [the speaker intends to justify their comment by explaining its purpose.]
S_0: [the speaker intends to clarify their perspective on the categorization and where opinions should be expressed.]",0,1,False,0.666015625
308547937.619.619,1,"You are an assistant trained to detect early warning signs of toxic behavior in online conversations given only the intentions behind each utterance of the conversation. Predict whether the conversation is likely to result in a personal attack later on. Provide your answer in the format 'ATTACK: YES/NO'

Conversation:
S_0: [The speaker intends to assert their actions are justified and seeks to engage in a discussion rather than be dismissed as a vandal.]
S_1: [The speaker intends to defend their actions and express disagreement with the criteria used by the other speaker.]",1,1,True,0.9951171875
309466580.6631.6630,1,"You are an assistant trained to detect early warning signs of toxic behavior in online conversations given only the intentions behind each utterance of the conversation. Predict whether the conversation is likely to result in a personal attack later on. Provide your answer in the format 'ATTACK: YES/NO'

Conversation:
S_0: [The speaker intends to express support for merging the content due to the lack of reliable third-party sources.]",0,0,True,0.994140625
310432282.4023.4023,1,"You are an assistant trained to detect early warning signs of toxic behavior in online conversations given only the intentions behind each utterance of the conversation. Predict whether the conversation is likely to result in a personal attack later on. Provide your answer in the format 'ATTACK: YES/NO'

Conversation:
S_0: [The speaker intends to remind the other person of the consensus-building model and the importance of adhering to Wikipedia's guidelines by presenting information from reliable sources in a neutral way.]
S_1: [The speaker intends to express frustration and question the relevance or purpose of the previous speaker's detailed explanation.]
S_0: [The speaker intends to clarify the purpose of their previous message and offer assistance in understanding Wikipedia's guidelines  while reiterating the request to avoid inserting unsourced opinions.]",0,1,False,0.99853515625
311369389.67443.67443,1,"You are an assistant trained to detect early warning signs of toxic behavior in online conversations given only the intentions behind each utterance of the conversation. Predict whether the conversation is likely to result in a personal attack later on. Provide your answer in the format 'ATTACK: YES/NO'

Conversation:
S_0: [The speaker intends to provide a reference to a specific historical text and acknowledges the removal of text from a source.]",0,0,True,0.96875
312753928.19527.19527,1,"You are an assistant trained to detect early warning signs of toxic behavior in online conversations given only the intentions behind each utterance of the conversation. Predict whether the conversation is likely to result in a personal attack later on. Provide your answer in the format 'ATTACK: YES/NO'

Conversation:
S_0: [The speaker intends to inform S_1 about the action taken on the external link and to express willingness to respect S_1's decision if they choose to re-add it.]
S_1: [The speaker intends to express their initial perception of the subject's notability and to seek clarification on whether being a translator of major works is considered notable.]",0,0,True,0.931640625
313175753.27706.27706,1,"You are an assistant trained to detect early warning signs of toxic behavior in online conversations given only the intentions behind each utterance of the conversation. Predict whether the conversation is likely to result in a personal attack later on. Provide your answer in the format 'ATTACK: YES/NO'

Conversation:
S_0: [The speaker intends to inform the audience about the history and disruption caused by attempts to split the thread.]",0,0,True,1.0
314382730.2813.2813,1,"You are an assistant trained to detect early warning signs of toxic behavior in online conversations given only the intentions behind each utterance of the conversation. Predict whether the conversation is likely to result in a personal attack later on. Provide your answer in the format 'ATTACK: YES/NO'

Conversation:
S_0: [The speaker intends to advise S_1 to reflect on their behavior and consider the feedback from Evertype to avoid being stereotyped.]
S_1: [The speaker intends to defend their actions and clarify their intentions  denying accusations of gloating and explaining their stance on compromise.]
S_0: [The speaker intends to express agreement with Evertype's criticism and acknowledge S_1's openness to argument  while also pointing out how S_1's actions are perceived negatively.]
S_2: [The speaker intends to criticize S_1's refusal to compromise  using a metaphor to emphasize their point.]",0,1,False,0.74560546875
31668442.39478.39478,1,"You are an assistant trained to detect early warning signs of toxic behavior in online conversations given only the intentions behind each utterance of the conversation. Predict whether the conversation is likely to result in a personal attack later on. Provide your answer in the format 'ATTACK: YES/NO'

Conversation:
S_0: [The speaker intends to request assistance from Tony in reversing a POV-rename of a Wikipedia article.]",0,0,True,0.9833984375
318028459.38631.38631,1,"You are an assistant trained to detect early warning signs of toxic behavior in online conversations given only the intentions behind each utterance of the conversation. Predict whether the conversation is likely to result in a personal attack later on. Provide your answer in the format 'ATTACK: YES/NO'

Conversation:
S_0: [The speaker intends to explain their actions and justify their edits by referencing a previous user's advice and expressing gratitude for the review.]
S_1: [The speaker intends to challenge the previous speaker's justification  argue against the relevance of the content  and express frustration over perceived misrepresentation.]",1,1,True,1.0
322161962.9817.9817,1,"You are an assistant trained to detect early warning signs of toxic behavior in online conversations given only the intentions behind each utterance of the conversation. Predict whether the conversation is likely to result in a personal attack later on. Provide your answer in the format 'ATTACK: YES/NO'

Conversation:
S_0: [The speaker intends to express frustration with the attempts to close the discussion and to argue for the notability of Malia Obama.]",0,0,True,0.94287109375
322358989.5975.5975,1,"You are an assistant trained to detect early warning signs of toxic behavior in online conversations given only the intentions behind each utterance of the conversation. Predict whether the conversation is likely to result in a personal attack later on. Provide your answer in the format 'ATTACK: YES/NO'

Conversation:
S_0: [The speaker intends to inform S_1 that they are being discussed in a particular context.]
S_1: [The speaker intends to express a feeling of being unfairly treated by not being informed about discussions involving them.]
S_2: [The speaker intends to speculate about the identity of an anonymous user and express curiosity and suspicion about their motives.]",1,0,False,0.85498046875
325201958.5492.5492,1,"You are an assistant trained to detect early warning signs of toxic behavior in online conversations given only the intentions behind each utterance of the conversation. Predict whether the conversation is likely to result in a personal attack later on. Provide your answer in the format 'ATTACK: YES/NO'

Conversation:
S_0: [The speaker is questioning the reason behind creating articles on non-notable minor league players.]",1,0,False,0.9990234375
32533846.7956.7956,1,"You are an assistant trained to detect early warning signs of toxic behavior in online conversations given only the intentions behind each utterance of the conversation. Predict whether the conversation is likely to result in a personal attack later on. Provide your answer in the format 'ATTACK: YES/NO'

Conversation:
S_0: [The speaker intends to confront S_1 and S_2 about their involvement with the Horace Mann School page and to question their future actions regarding it.]
S_1: [The speaker intends to criticize S_0 for not signing posts and to emphasize the importance of verifiable and impartial information on Wikipedia  while defending Thivierr's edits.]
S_2: [The speaker intends to express gratitude to David  correct S_0's misconceptions about Wikipedia's requirements  and assert their decision to remove unsourced information from the article.]",1,1,True,1.0
329198739.25690.25690,1,"You are an assistant trained to detect early warning signs of toxic behavior in online conversations given only the intentions behind each utterance of the conversation. Predict whether the conversation is likely to result in a personal attack later on. Provide your answer in the format 'ATTACK: YES/NO'

Conversation:
S_0: [The speaker intends to share information from an article and seeks further investigation and verification from others.]
S_1: [The speaker intends to dismiss the information as meaningless and provide context to explain why it is not significant.]",1,1,True,0.986328125
330374968.13787.13789,1,"You are an assistant trained to detect early warning signs of toxic behavior in online conversations given only the intentions behind each utterance of the conversation. Predict whether the conversation is likely to result in a personal attack later on. Provide your answer in the format 'ATTACK: YES/NO'

Conversation:
S_0: [The speaker intends to advise the other person to avoid personal attacks and focus on content rather than contributors  aiming to maintain a positive community environment.]",1,0,False,0.99951171875
330980885.2806.2806,1,"You are an assistant trained to detect early warning signs of toxic behavior in online conversations given only the intentions behind each utterance of the conversation. Predict whether the conversation is likely to result in a personal attack later on. Provide your answer in the format 'ATTACK: YES/NO'

Conversation:
S_0: [The speaker intends to request the reopening of a closed discussion  believing it was closed prematurely.]
S_1: [The speaker intends to question whether there is a change in consensus in the discussion.]",0,0,True,0.9990234375
339153648.13082.13082,1,"You are an assistant trained to detect early warning signs of toxic behavior in online conversations given only the intentions behind each utterance of the conversation. Predict whether the conversation is likely to result in a personal attack later on. Provide your answer in the format 'ATTACK: YES/NO'

Conversation:
S_0: [The speaker intends to propose an official mediation for the Golan mountain names and seeks to gauge the interest of the other party in participating.]
S_1: [The speaker intends to express conditional interest in participating in the mediation  citing a busy schedule and skepticism about the necessity of mediation.]
S_2: [The speaker intends to inform Breein about the initiation of the mediation process and seeks confirmation of Breein's willingness to participate.]
S_1: [The speaker intends to request clarification on the mediation process due to time constraints and expresses doubt about the necessity of mediation given the lack of consensus.]
S_0: [The speaker intends to assert the validity of the standardized Arabic names and offers mediation as an opportunity for resolution.]",0,1,False,0.78515625
345472052.2707.2707,1,"You are an assistant trained to detect early warning signs of toxic behavior in online conversations given only the intentions behind each utterance of the conversation. Predict whether the conversation is likely to result in a personal attack later on. Provide your answer in the format 'ATTACK: YES/NO'

Conversation:
S_0: [The speaker intends to apologize for not informing the other person earlier and to explain the reason for the delay. The speaker also expresses gratitude for the other person's help and shares a humorous observation about staying up late.]
S_1: [The speaker intends to provide feedback on the timing of the report and to offer advice on seeking help from familiar people. The speaker also aims to caution the other person about potential biases and the nature of responses on AN/I.]
S_0: [The speaker intends to clarify their understanding of the situation regarding sanctions and to apologize if they were wrong. The speaker also aims to explain their reasoning and actions regarding the AN/I report and to assert their perspective on being labeled.]",0,0,True,0.892578125
347122190.4034.4034,1,"You are an assistant trained to detect early warning signs of toxic behavior in online conversations given only the intentions behind each utterance of the conversation. Predict whether the conversation is likely to result in a personal attack later on. Provide your answer in the format 'ATTACK: YES/NO'

Conversation:
S_0: [The speaker intends to express disappointment at the current state of the article and to offer assistance in improving it by providing research and citations.]",0,0,True,0.9990234375
348565456.8437.8437,1,"You are an assistant trained to detect early warning signs of toxic behavior in online conversations given only the intentions behind each utterance of the conversation. Predict whether the conversation is likely to result in a personal attack later on. Provide your answer in the format 'ATTACK: YES/NO'

Conversation:
S_0: [The speaker intends to express concern about the length and relevance of quotations from the NORAD website and plans to edit them for brevity.]
S_1: [The speaker intends to inform S_0 about the US copyright law regarding government works  arguing that there is no copyright issue with the NORAD content.]",1,0,False,0.99951171875
351874821.638.638,1,"You are an assistant trained to detect early warning signs of toxic behavior in online conversations given only the intentions behind each utterance of the conversation. Predict whether the conversation is likely to result in a personal attack later on. Provide your answer in the format 'ATTACK: YES/NO'

Conversation:
S_0: [The speaker intends to confront the other person about their identity and the nature of the messages left on their talk page.]
S_0: [The speaker intends to reiterate their question about the other person's identity and the reason for the messages  possibly indicating dissatisfaction with the previous response.]
S_1: [The speaker intends to present themselves as neutral and to clarify that their messages were merely observations  not intended to be impolite.]",1,1,True,0.99169921875
353902707.3355.3355,1,"You are an assistant trained to detect early warning signs of toxic behavior in online conversations given only the intentions behind each utterance of the conversation. Predict whether the conversation is likely to result in a personal attack later on. Provide your answer in the format 'ATTACK: YES/NO'

Conversation:
S_0: [The speaker seeks to clarify whether there is a consensus on the inappropriateness of the linking method across articles and suggests that navboxes might be a better alternative.]
S_1: [The speaker intends to refute the idea of consensus and suggests a case-by-case examination for each article rather than a general approach.]
S_2: [The speaker expresses support for the claim that the current form is ineffective and is open to changing the format to improve it.]",1,1,True,0.64794921875
354151987.13637.13637,1,"You are an assistant trained to detect early warning signs of toxic behavior in online conversations given only the intentions behind each utterance of the conversation. Predict whether the conversation is likely to result in a personal attack later on. Provide your answer in the format 'ATTACK: YES/NO'

Conversation:
S_0: [The speaker intends to express their belief that the article is biased and to provide evidence for this belief by pointing out the lack of mention of a widely accepted explanation for the injuries.]",0,0,True,1.0
356860396.2753.2753,1,"You are an assistant trained to detect early warning signs of toxic behavior in online conversations given only the intentions behind each utterance of the conversation. Predict whether the conversation is likely to result in a personal attack later on. Provide your answer in the format 'ATTACK: YES/NO'

Conversation:
S_0: [The speaker intends to criticize S_1 for nominating an article for deletion without understanding its significance and to express frustration over perceived personal bias and lack of research.]",1,1,True,0.99755859375
358121367.12559.12559,1,"You are an assistant trained to detect early warning signs of toxic behavior in online conversations given only the intentions behind each utterance of the conversation. Predict whether the conversation is likely to result in a personal attack later on. Provide your answer in the format 'ATTACK: YES/NO'

Conversation:
S_0: [The speaker intends to request that international and domestic destinations be kept separate on the wiki page for clarity and aesthetic reasons.]",1,0,False,0.9951171875
361329995.5589.5589,1,"You are an assistant trained to detect early warning signs of toxic behavior in online conversations given only the intentions behind each utterance of the conversation. Predict whether the conversation is likely to result in a personal attack later on. Provide your answer in the format 'ATTACK: YES/NO'

Conversation:
S_0: [The speaker intends to express a sense of humor and seek assistance from the other speaker regarding an editing issue.]
S_1: [The speaker intends to express enthusiasm for the Baroque Cycle and indicate that they are beginning to look into the issue.]
S_0: [The speaker intends to express gratitude and encourage the other speaker to contribute suggestions on the talk-page.]",0,0,True,0.93896484375
361918866.21087.21087,1,"You are an assistant trained to detect early warning signs of toxic behavior in online conversations given only the intentions behind each utterance of the conversation. Predict whether the conversation is likely to result in a personal attack later on. Provide your answer in the format 'ATTACK: YES/NO'

Conversation:
S_0: [The speaker is inquiring about the feasibility of tuning wikistalker to find intersections for individual AfD discussions rather than for the entire group.]",0,0,True,0.96484375
362471029.22788.22788,1,"You are an assistant trained to detect early warning signs of toxic behavior in online conversations given only the intentions behind each utterance of the conversation. Predict whether the conversation is likely to result in a personal attack later on. Provide your answer in the format 'ATTACK: YES/NO'

Conversation:
S_0: [The speaker intends to express concern about the accuracy of the statements and warn the other person about potential consequences of introducing false information on Wikipedia.]
S_1: [The speaker intends to challenge the accusation by asking for evidence to the contrary  while maintaining a polite tone.]",1,1,True,1.0
36439774.4159.4159,1,"You are an assistant trained to detect early warning signs of toxic behavior in online conversations given only the intentions behind each utterance of the conversation. Predict whether the conversation is likely to result in a personal attack later on. Provide your answer in the format 'ATTACK: YES/NO'

Conversation:
S_0: [The speaker intends to clarify that they are not responsible for a massive revert and to inform the other person of their actions regarding the deletion of certain remarks.]",0,0,True,1.0
369868547.5786.5786,1,"You are an assistant trained to detect early warning signs of toxic behavior in online conversations given only the intentions behind each utterance of the conversation. Predict whether the conversation is likely to result in a personal attack later on. Provide your answer in the format 'ATTACK: YES/NO'

Conversation:
S_0: [the speaker intends to reference or point to an external link  possibly as a source or evidence.]
S_1: [the speaker intends to express disagreement with the idea of removing Valenzuela from the article and to justify their stance by downplaying the significance of recent news.]",1,1,True,0.58642578125
37024991.30391.30391,1,"You are an assistant trained to detect early warning signs of toxic behavior in online conversations given only the intentions behind each utterance of the conversation. Predict whether the conversation is likely to result in a personal attack later on. Provide your answer in the format 'ATTACK: YES/NO'

Conversation:
S_0: [The speaker intends to point out a perceived inconsistency in the other person's actions and to request adherence to a policy they both agree on.]
S_1: [The speaker intends to justify their actions and criticize the other person's approach to making changes without prior justification.]
S_1: [The speaker intends to further justify their actions by pointing out a lack of justification from the other person.]
S_0: [The speaker intends to explain the delay in their response due to technical limitations and request patience from the other person.]",0,1,False,0.87451171875
373117697.22244.22244,1,"You are an assistant trained to detect early warning signs of toxic behavior in online conversations given only the intentions behind each utterance of the conversation. Predict whether the conversation is likely to result in a personal attack later on. Provide your answer in the format 'ATTACK: YES/NO'

Conversation:
S_0: [The speaker is seeking clarification on the rules regarding calling people trolls at ArbCom and expressing frustration about being blocked for similar behavior in the past.]
S_1: [The speaker intends to provide a serious answer to the question  explaining the context in which calling someone a troll might be acceptable at ArbCom.]
S_0: [The speaker intends to express their decision not to engage further in the discussion and to convey sympathy for Rodhullandemu  suggesting that the incident should be resolved quickly.]
S_2: [The speaker intends to emphasize the importance of truthfulness in comments.]
S_1: [The speaker intends to express their opinion that Rodhullandemu needs a break from Wikipedia and to advise S_0 to consider the cultural differences in communication to avoid unnecessary conflict.]",1,1,True,0.91455078125
381107546.10031.10031,1,"You are an assistant trained to detect early warning signs of toxic behavior in online conversations given only the intentions behind each utterance of the conversation. Predict whether the conversation is likely to result in a personal attack later on. Provide your answer in the format 'ATTACK: YES/NO'

Conversation:
S_0: [The speaker intends to express their struggle with balancing the portrayal of Ezra Pound and seeks critical feedback from the listener  while also expressing appreciation for the listener's support.]
S_1: [The speaker intends to inform the other person that they are currently unavailable but may be able to provide feedback later.]
S_0: [The speaker intends to reassure the listener that there is no rush for feedback  express gratitude for the listener's support  and share their feelings of fatigue with the current project and eagerness to move on to another.]",0,1,False,0.89501953125
387118463.11252.11252,1,"You are an assistant trained to detect early warning signs of toxic behavior in online conversations given only the intentions behind each utterance of the conversation. Predict whether the conversation is likely to result in a personal attack later on. Provide your answer in the format 'ATTACK: YES/NO'

Conversation:
S_0: [The speaker intends to instruct and inform S_1 about the importance of maintaining sources in articles and to guide them to additional resources for understanding Wikipedia's sourcing policies.]
S_1: [The speaker intends to argue against the necessity of maintaining sources for episodes that have already aired  based on past practices on SNL season pages.]",0,1,False,0.60986328125
387467757.4580.4580,1,"You are an assistant trained to detect early warning signs of toxic behavior in online conversations given only the intentions behind each utterance of the conversation. Predict whether the conversation is likely to result in a personal attack later on. Provide your answer in the format 'ATTACK: YES/NO'

Conversation:
S_0: [The speaker intends to inform S_1 about being added to a list of people perceived as mean  suggesting that S_1 might already be aware of this.]
S_1: [The speaker intends to express indifference and confidence in dealing with disruptive individuals  indicating a willingness to be at the top of the list mentioned by S_0.]
S_0: [The speaker intends to humorously suggest that S_1 will have competition for the top position on the list due to their own actions.]",0,0,True,0.87841796875
388723036.6709.6709,1,"You are an assistant trained to detect early warning signs of toxic behavior in online conversations given only the intentions behind each utterance of the conversation. Predict whether the conversation is likely to result in a personal attack later on. Provide your answer in the format 'ATTACK: YES/NO'

Conversation:
S_0: [The speaker intends to warn the other party about potential consequences of their actions on Wikipedia.]
S_1: [The speaker intends to justify their actions and dismiss the warning as biased.]
S_2: [The speaker intends to issue a final warning and explain the consequences of continued disruptive behavior.]
S_1: [The speaker intends to defend their actions by citing a neutral point of view and accusing others of bias.]
S_3: [The speaker intends to inform the other party about the removal of incorrect information and guide them on proper editing practices.]
S_4: [The speaker intends to inform the other party about their temporary block from editing due to edit warring.]
S_5: [The speaker intends to explain the reason for the block and emphasize the importance of consensus in editing.]
S_1: [The speaker intends to question the fairness of the block and seek clarification on the application of rules.]",1,1,True,0.9970703125
391301995.3559.3559,1,"You are an assistant trained to detect early warning signs of toxic behavior in online conversations given only the intentions behind each utterance of the conversation. Predict whether the conversation is likely to result in a personal attack later on. Provide your answer in the format 'ATTACK: YES/NO'

Conversation:
S_0: [The speaker intends to express frustration and confusion about the extension of their block and to assert their innocence regarding the use of a sockpuppet account.]",0,1,False,0.9033203125
392587742.8725.8725,1,"You are an assistant trained to detect early warning signs of toxic behavior in online conversations given only the intentions behind each utterance of the conversation. Predict whether the conversation is likely to result in a personal attack later on. Provide your answer in the format 'ATTACK: YES/NO'

Conversation:
S_0: [The speaker intends to inform S_1 about the context of the situation and advise them to adhere to the topic ban by stepping away.]
S_1: [The speaker intends to assert their right to comment on the proposed sanction and clarify that they are not violating the topic ban.]
S_0: [The speaker intends to escalate the issue by seeking a broader opinion on the matter at the specified wiki link.]",1,0,False,0.9970703125
397617990.24120.24120,1,"You are an assistant trained to detect early warning signs of toxic behavior in online conversations given only the intentions behind each utterance of the conversation. Predict whether the conversation is likely to result in a personal attack later on. Provide your answer in the format 'ATTACK: YES/NO'

Conversation:
S_0: [The speaker intends to inform S_1 about the edit warring issue and provide guidance on how to handle it  including notifying the user and escalating to an administrator if necessary.]",0,0,True,0.99267578125
39762815.7136.7136,1,"You are an assistant trained to detect early warning signs of toxic behavior in online conversations given only the intentions behind each utterance of the conversation. Predict whether the conversation is likely to result in a personal attack later on. Provide your answer in the format 'ATTACK: YES/NO'

Conversation:
S_0: [The speaker intends to express gratitude for the quick response and to convey the frustration caused by the situation.]
S_1: [The speaker intends to acknowledge the gratitude and explain their usual approach to blocking  while justifying the decision in this case.]",0,1,False,0.9990234375
398180736.17822.17822,1,"You are an assistant trained to detect early warning signs of toxic behavior in online conversations given only the intentions behind each utterance of the conversation. Predict whether the conversation is likely to result in a personal attack later on. Provide your answer in the format 'ATTACK: YES/NO'

Conversation:
S_0: [The speaker intends to pause or indicate a continuation of thought.]
S_1: [The speaker intends to assert that the 3RR rule does not apply and justify the use of the BIAS tag  while encouraging participation in the Talk page discussion.]
S_2: [The speaker intends to inform S_1 that a 3RR report has been filed.]",0,0,True,0.8408203125
402923552.6468.6468,1,"You are an assistant trained to detect early warning signs of toxic behavior in online conversations given only the intentions behind each utterance of the conversation. Predict whether the conversation is likely to result in a personal attack later on. Provide your answer in the format 'ATTACK: YES/NO'

Conversation:
S_0: [The speaker intends to justify the use of ""the Owner"" on Wikipedia by explaining that ""Owner"" alone is awkward phrasing.]
S_1: [The speaker intends to challenge the assertion that ""Owner"" is awkward and provides an example from Final Fantasy X-2 to support their point.]
S_0: [The speaker intends to insist on the use of ""the Owner"" and requests S_1 to stop using ""Owner"" without the definite article.]",1,1,True,1.0
403934639.4869.4869,1,"You are an assistant trained to detect early warning signs of toxic behavior in online conversations given only the intentions behind each utterance of the conversation. Predict whether the conversation is likely to result in a personal attack later on. Provide your answer in the format 'ATTACK: YES/NO'

Conversation:
S_0: [The speaker intends to express concern about a perceived act of vandalism and advises caution.]
S_1: [The speaker intends to clarify their actions and request understanding and good faith from the other party.]
S_2: [The speaker intends to provide a possible explanation and solution for the issue observed by the other party.]",0,0,True,0.99853515625
404574647.5587.5587,1,"You are an assistant trained to detect early warning signs of toxic behavior in online conversations given only the intentions behind each utterance of the conversation. Predict whether the conversation is likely to result in a personal attack later on. Provide your answer in the format 'ATTACK: YES/NO'

Conversation:
S_0: [The speaker intends to direct the listener to a specific resource or guideline by mentioning ""wiki_link.""]
S_1: [The speaker intends to mock or criticize the previous speaker by suggesting they are prone to having tantrums.]",1,1,True,0.95849609375
40664748.9130.9130,1,"You are an assistant trained to detect early warning signs of toxic behavior in online conversations given only the intentions behind each utterance of the conversation. Predict whether the conversation is likely to result in a personal attack later on. Provide your answer in the format 'ATTACK: YES/NO'

Conversation:
S_0: [The speaker intends to advise against creating complex templates hastily.]
S_1: [The speaker intends to correct S_0's misunderstanding about the page's purpose and express frustration.]",1,1,True,1.0
40728298.3651.3651,1,"You are an assistant trained to detect early warning signs of toxic behavior in online conversations given only the intentions behind each utterance of the conversation. Predict whether the conversation is likely to result in a personal attack later on. Provide your answer in the format 'ATTACK: YES/NO'

Conversation:
S_0: [the speaker intends to inform the listener about the release date of new episodes.]
S_1: [the speaker intends to share an observation about a recent event and express curiosity about who deleted their Anchorman userbox.]",1,0,False,0.57421875
408841323.14323.14323,1,"You are an assistant trained to detect early warning signs of toxic behavior in online conversations given only the intentions behind each utterance of the conversation. Predict whether the conversation is likely to result in a personal attack later on. Provide your answer in the format 'ATTACK: YES/NO'

Conversation:
S_0: [the speaker intends to inform or share a piece of information about Amy Adams and her family.]
S_1: [the speaker intends to challenge the validity of the information provided by S_0 by asking for a source.]",1,1,True,0.99951171875
410100893.27892.27892,1,"You are an assistant trained to detect early warning signs of toxic behavior in online conversations given only the intentions behind each utterance of the conversation. Predict whether the conversation is likely to result in a personal attack later on. Provide your answer in the format 'ATTACK: YES/NO'

Conversation:
S_0: [The speaker intends to seek clarification about the deletion of their User Talk Page and express confusion.]",0,0,True,0.9267578125
412051831.14178.14178,1,"You are an assistant trained to detect early warning signs of toxic behavior in online conversations given only the intentions behind each utterance of the conversation. Predict whether the conversation is likely to result in a personal attack later on. Provide your answer in the format 'ATTACK: YES/NO'

Conversation:
S_0: [The speaker intends to express frustration and seek clarification on why their wiki page was deleted.]
S_1: [The speaker intends to explain the reason for the deletion and advise against editing or creating articles on subjects the speaker is affiliated with.]
S_0: [The speaker intends to argue that their page was informational  express dissatisfaction with the deletion  and request reconsideration of the decision.]",1,1,True,1.0
415390820.2426.2426,1,"You are an assistant trained to detect early warning signs of toxic behavior in online conversations given only the intentions behind each utterance of the conversation. Predict whether the conversation is likely to result in a personal attack later on. Provide your answer in the format 'ATTACK: YES/NO'

Conversation:
S_0: [The speaker intends to explain the current issue with the template in ship articles and suggest that using piped links would improve readability and access to information.]",0,0,True,0.908203125
415517479.9657.9657,1,"You are an assistant trained to detect early warning signs of toxic behavior in online conversations given only the intentions behind each utterance of the conversation. Predict whether the conversation is likely to result in a personal attack later on. Provide your answer in the format 'ATTACK: YES/NO'

Conversation:
S_0: [The speaker intends to express frustration and seek collaboration to maintain the quality and appearance of the article.]
S_1: [The speaker intends to agree with the previous speaker and propose a method to improve readability and style  while also seeking clarification on a specific issue.]",0,0,True,0.9990234375
416253247.1328.1328,1,"You are an assistant trained to detect early warning signs of toxic behavior in online conversations given only the intentions behind each utterance of the conversation. Predict whether the conversation is likely to result in a personal attack later on. Provide your answer in the format 'ATTACK: YES/NO'

Conversation:
S_0: [The speaker intends to express disapproval and set boundaries for acceptable behavior in the discussion.]
S_1: [The speaker intends to mock or challenge the previous statement  possibly questioning the consequences mentioned.]",1,1,True,0.994140625
416510636.2319.2319,1,"You are an assistant trained to detect early warning signs of toxic behavior in online conversations given only the intentions behind each utterance of the conversation. Predict whether the conversation is likely to result in a personal attack later on. Provide your answer in the format 'ATTACK: YES/NO'

Conversation:
S_0: [The speaker intends to express dissatisfaction with the article's lack of personal information and to suggest improvements by adding more background and contact information.]",0,0,True,0.982421875
417116949.1754.1754,1,"You are an assistant trained to detect early warning signs of toxic behavior in online conversations given only the intentions behind each utterance of the conversation. Predict whether the conversation is likely to result in a personal attack later on. Provide your answer in the format 'ATTACK: YES/NO'

Conversation:
S_0: [The speaker intends to express concern that the addition of bold text may lead the IP to believe a developer manipulated the database.]",1,0,False,0.79443359375
418047684.4516.4516,1,"You are an assistant trained to detect early warning signs of toxic behavior in online conversations given only the intentions behind each utterance of the conversation. Predict whether the conversation is likely to result in a personal attack later on. Provide your answer in the format 'ATTACK: YES/NO'

Conversation:
S_0: [The speaker intends to welcome the other person back and offer a gesture of goodwill by giving a virtual cookie  suggesting a positive and friendly interaction.]",0,0,True,0.99951171875
418228870.33502.33502,1,"You are an assistant trained to detect early warning signs of toxic behavior in online conversations given only the intentions behind each utterance of the conversation. Predict whether the conversation is likely to result in a personal attack later on. Provide your answer in the format 'ATTACK: YES/NO'

Conversation:
S_0: [The speaker's intention is not provided as the utterance is missing.]",0,0,True,0.93505859375
42408487.4549.4549,1,"You are an assistant trained to detect early warning signs of toxic behavior in online conversations given only the intentions behind each utterance of the conversation. Predict whether the conversation is likely to result in a personal attack later on. Provide your answer in the format 'ATTACK: YES/NO'

Conversation:
S_0: [The speaker intends to share their new userbox and express agreement with the listener's stance on a debate  while also expressing frustration towards MarkSweep's actions.]",0,0,True,0.83935546875
424235921.194.194,1,"You are an assistant trained to detect early warning signs of toxic behavior in online conversations given only the intentions behind each utterance of the conversation. Predict whether the conversation is likely to result in a personal attack later on. Provide your answer in the format 'ATTACK: YES/NO'

Conversation:
S_0: [The speaker intends to warn the listener about creating inappropriate content on Wikipedia and to inform them of the consequences of such actions.]",0,0,True,0.9658203125
424609838.21311.21311,1,"You are an assistant trained to detect early warning signs of toxic behavior in online conversations given only the intentions behind each utterance of the conversation. Predict whether the conversation is likely to result in a personal attack later on. Provide your answer in the format 'ATTACK: YES/NO'

Conversation:
S_0: [The speaker intends to express concern about the actions of the Beyoncé fan community on a specific platform.]",0,0,True,0.99951171875
427391587.7585.7585,1,"You are an assistant trained to detect early warning signs of toxic behavior in online conversations given only the intentions behind each utterance of the conversation. Predict whether the conversation is likely to result in a personal attack later on. Provide your answer in the format 'ATTACK: YES/NO'

Conversation:
S_0: [The speaker intends to inform S_1 about the differences between BLP prods and normal prods to prevent future issues.]
S_1: [The speaker intends to express gratitude for the information and share their perspective on handling objections by taking them to AfD.]",1,0,False,1.0
42886546.2278.2278,1,"You are an assistant trained to detect early warning signs of toxic behavior in online conversations given only the intentions behind each utterance of the conversation. Predict whether the conversation is likely to result in a personal attack later on. Provide your answer in the format 'ATTACK: YES/NO'

Conversation:
S_0: [The speaker intends to inform others about the steps they are taking regarding a user's misconduct and to invite others to contribute evidence or comments to the RfC.]
S_1: [The speaker intends to express their refusal to support what they perceive as an anti-Scientology group using Wikipedia for their agenda.]",1,1,True,1.0
429622072.10348.10348,1,"You are an assistant trained to detect early warning signs of toxic behavior in online conversations given only the intentions behind each utterance of the conversation. Predict whether the conversation is likely to result in a personal attack later on. Provide your answer in the format 'ATTACK: YES/NO'

Conversation:
S_0: [The speaker intends to clarify their previous explanations and request the other person to stop the edit war while expressing openness to discussion and compromise.]
S_1: [The speaker intends to express confusion about the differences between two pages and request the other person to stop removing content  while expressing frustration with the ongoing edit war.]
S_0: [The speaker intends to challenge the other person's actions and express frustration with their lack of communication  while suggesting a solution to the conflict.]",1,1,True,0.9951171875
434004839.10274.10274,1,"You are an assistant trained to detect early warning signs of toxic behavior in online conversations given only the intentions behind each utterance of the conversation. Predict whether the conversation is likely to result in a personal attack later on. Provide your answer in the format 'ATTACK: YES/NO'

Conversation:
S_0: [The speaker requests assistance in calming someone down and expresses gratitude for the help.]
S_1: [The speaker informs the other person that they have reported the individual and anticipates a block.]",0,1,False,0.98388671875
434152471.2157.2157,1,"You are an assistant trained to detect early warning signs of toxic behavior in online conversations given only the intentions behind each utterance of the conversation. Predict whether the conversation is likely to result in a personal attack later on. Provide your answer in the format 'ATTACK: YES/NO'

Conversation:
S_0: [The speaker intends to clarify the purposes of lists and suggest a course of action for further discussion or proposal.]
S_1: [The speaker intends to explain the criteria for list entries and express disapproval of the other speaker's actions.]",0,1,False,0.9853515625
436369509.11559.11559,1,"You are an assistant trained to detect early warning signs of toxic behavior in online conversations given only the intentions behind each utterance of the conversation. Predict whether the conversation is likely to result in a personal attack later on. Provide your answer in the format 'ATTACK: YES/NO'

Conversation:
S_0: [The speaker intends to inquire about the current status of Singapore's S-70Bs and express a commitment to update information based on media reports.]",0,0,True,0.99951171875
436681885.12132.12132,1,"You are an assistant trained to detect early warning signs of toxic behavior in online conversations given only the intentions behind each utterance of the conversation. Predict whether the conversation is likely to result in a personal attack later on. Provide your answer in the format 'ATTACK: YES/NO'

Conversation:
S_0: [The speaker intends to inform S_1 about the existing consensus against adding future fights to the fighter's fight history table and invites S_1 to discuss any disagreements at the Wikiproject.]
S_1: [The speaker intends to challenge the validity of the claimed consensus and suggests that a new discussion involving all relevant editors is necessary for any rule changes.]
S_0: [The speaker intends to clarify the situation by referencing a recent discussion and reiterates the invitation for S_1 to participate in the ongoing discussion at the WikiProject.]",0,0,True,0.578125
437269947.14688.14688,1,"You are an assistant trained to detect early warning signs of toxic behavior in online conversations given only the intentions behind each utterance of the conversation. Predict whether the conversation is likely to result in a personal attack later on. Provide your answer in the format 'ATTACK: YES/NO'

Conversation:
S_0: [The speaker seeks clarification and justification for the reversion of their edit and the description of it as vandalism.]
S_1: [The speaker denies the accusation of labeling the action as vandalism and warns the other speaker about potential consequences.]",1,1,True,0.99951171875
439500359.22353.22353,1,"You are an assistant trained to detect early warning signs of toxic behavior in online conversations given only the intentions behind each utterance of the conversation. Predict whether the conversation is likely to result in a personal attack later on. Provide your answer in the format 'ATTACK: YES/NO'

Conversation:
S_0: [The speaker intends to inform S_1 about the reversion of changes to the article and seeks S_1's input on the matter.]
S_1: [The speaker intends to assert that the changes made to the article were appropriate and requests S_0 to participate in the discussion.]",1,1,True,0.9150390625
442499415.33980.33980,1,"You are an assistant trained to detect early warning signs of toxic behavior in online conversations given only the intentions behind each utterance of the conversation. Predict whether the conversation is likely to result in a personal attack later on. Provide your answer in the format 'ATTACK: YES/NO'

Conversation:
S_0: [The speaker intends to express their opinion that the Examples section is original research and should be removed due to lack of sources  and seeks consent from others to proceed with the removal.]",0,0,True,0.99072265625
442605009.10054.10054,1,"You are an assistant trained to detect early warning signs of toxic behavior in online conversations given only the intentions behind each utterance of the conversation. Predict whether the conversation is likely to result in a personal attack later on. Provide your answer in the format 'ATTACK: YES/NO'

Conversation:
S_0: [The speaker intends to express regret or apologize for the restriction on external links.]",1,1,True,0.923828125
446113574.2300.2300,1,"You are an assistant trained to detect early warning signs of toxic behavior in online conversations given only the intentions behind each utterance of the conversation. Predict whether the conversation is likely to result in a personal attack later on. Provide your answer in the format 'ATTACK: YES/NO'

Conversation:
S_0: [The speaker intends to express appreciation for the artwork featured on the front page and to share their admiration for portraits of Australian criminals  while also wishing the listener well in Irish.]",0,0,True,1.0
44828642.35766.35766,1,"You are an assistant trained to detect early warning signs of toxic behavior in online conversations given only the intentions behind each utterance of the conversation. Predict whether the conversation is likely to result in a personal attack later on. Provide your answer in the format 'ATTACK: YES/NO'

Conversation:
S_0: [The speaker intends to criticize the other person's inconsistent behavior and request them to stop being disruptive.]
S_1: [The speaker intends to justify their previous action by explaining the context and reaffirming their stance against inappropriate links.]",1,1,True,1.0
448383763.2727.3090,1,"You are an assistant trained to detect early warning signs of toxic behavior in online conversations given only the intentions behind each utterance of the conversation. Predict whether the conversation is likely to result in a personal attack later on. Provide your answer in the format 'ATTACK: YES/NO'

Conversation:
S_0: [The speaker intends to express their preference for a particular picture.]
S_1: [The speaker intends to correct the misconception about decision-making on Wikipedia and explain why the image cannot be used.]",1,1,True,0.99169921875
45234304.62193.62193,1,"You are an assistant trained to detect early warning signs of toxic behavior in online conversations given only the intentions behind each utterance of the conversation. Predict whether the conversation is likely to result in a personal attack later on. Provide your answer in the format 'ATTACK: YES/NO'

Conversation:
S_0: [The speaker intends to correct SC's historical claim and assert their own understanding of the historical spread of Indo-European languages and peoples.]",0,0,True,0.90576171875
455107185.1831.1831,1,"You are an assistant trained to detect early warning signs of toxic behavior in online conversations given only the intentions behind each utterance of the conversation. Predict whether the conversation is likely to result in a personal attack later on. Provide your answer in the format 'ATTACK: YES/NO'

Conversation:
S_0: [The speaker intends to warn the other person about the consequences of their actions and advise them on how to handle their talk page content.]
S_1: [The speaker intends to defend themselves against the warning and assert their autonomy over their talk page content.]",1,1,True,0.9990234375
461904274.1143.1143,1,"You are an assistant trained to detect early warning signs of toxic behavior in online conversations given only the intentions behind each utterance of the conversation. Predict whether the conversation is likely to result in a personal attack later on. Provide your answer in the format 'ATTACK: YES/NO'

Conversation:
S_0: [The speaker intends to express disagreement with Wikipedia's inconsistent treatment of proper nouns and to highlight perceived bias in favor of businesses over bands.]
S_1: [The speaker intends to clarify the reasoning behind Wikipedia's capitalization rules for company names versus band names  emphasizing the official nature of company spellings.]
S_0: [The speaker intends to challenge the consistency of the explanation provided by the other speaker.]
S_1: [The speaker intends to assert that they have already provided an explanation for the perceived inconsistency.]
S_0: [The speaker intends to refute the other speaker's claim of having explained the inconsistency  suggesting that only examples were provided without justification.]",1,1,True,1.0
464687691.6611.6611,1,"You are an assistant trained to detect early warning signs of toxic behavior in online conversations given only the intentions behind each utterance of the conversation. Predict whether the conversation is likely to result in a personal attack later on. Provide your answer in the format 'ATTACK: YES/NO'

Conversation:
S_0: [The speaker intends to warn the recipient about their editing behavior and the potential consequences of breaking the three-revert rule  while advising them to engage in discussion and seek help to resolve disputes.]
S_1: [The speaker intends to inform the recipient about their involvement in a dispute and notify them of the filing of a formal complaint  inviting them to respond if they wish.]",0,1,False,0.80810546875
465151872.2417.2417,1,"You are an assistant trained to detect early warning signs of toxic behavior in online conversations given only the intentions behind each utterance of the conversation. Predict whether the conversation is likely to result in a personal attack later on. Provide your answer in the format 'ATTACK: YES/NO'

Conversation:
S_0: [The speaker is questioning the accuracy of a character's name in the show.]
S_1: [The speaker intends to correct S_0 by providing evidence from the show to support their claim about the character's name.]",1,1,True,0.98681640625
470030038.137.137,1,"You are an assistant trained to detect early warning signs of toxic behavior in online conversations given only the intentions behind each utterance of the conversation. Predict whether the conversation is likely to result in a personal attack later on. Provide your answer in the format 'ATTACK: YES/NO'

Conversation:
S_0: [The speaker intends to express frustration and request the other person to stop leaving comments on their talk page  which they perceive as unnecessary.]",0,1,False,0.99951171875
47740281.487.487,1,"You are an assistant trained to detect early warning signs of toxic behavior in online conversations given only the intentions behind each utterance of the conversation. Predict whether the conversation is likely to result in a personal attack later on. Provide your answer in the format 'ATTACK: YES/NO'

Conversation:
S_0: [The speaker intends to express frustration about people correcting the title of a novel and to share a humorous anecdote about a newspaper error.]
S_1: [The speaker intends to inquire about the meaning of ""dilery"" and suggest adding a cautionary note in the article text.]
S_2: [The speaker intends to inform S_1 that they have already added the cautionary note and to comment on the server's performance.]
S_1: [The speaker intends to acknowledge an edit conflict and humorously challenge S_2 to choose between their contributions.]",0,1,False,0.9228515625
48460520.4940.4940,1,"You are an assistant trained to detect early warning signs of toxic behavior in online conversations given only the intentions behind each utterance of the conversation. Predict whether the conversation is likely to result in a personal attack later on. Provide your answer in the format 'ATTACK: YES/NO'

Conversation:
S_0: [The speaker intends to warn the other person about the consequences of their actions regarding the wiki edits.]
S_1: [The speaker intends to refute the warning and suggest that the other person is mistaken about the situation.]
S_0: [The speaker intends to criticize the other person's ability to count  implying they are incorrect.]",1,1,True,1.0
489230160.4109.4109,1,"You are an assistant trained to detect early warning signs of toxic behavior in online conversations given only the intentions behind each utterance of the conversation. Predict whether the conversation is likely to result in a personal attack later on. Provide your answer in the format 'ATTACK: YES/NO'

Conversation:
S_0: [The speaker intends to express gratitude for assistance and offer a gesture of appreciation while seeking permission to ask a question about adoption policies  acknowledging the possibility of the other person's unavailability.]",0,0,True,1.0
489362680.17475.17475,1,"You are an assistant trained to detect early warning signs of toxic behavior in online conversations given only the intentions behind each utterance of the conversation. Predict whether the conversation is likely to result in a personal attack later on. Provide your answer in the format 'ATTACK: YES/NO'

Conversation:
S_0: [The speaker intends to provide a detailed explanation of the Earth's rotation and its historical context  suggesting that the current understanding is unsuitable for students.]
S_1: [The speaker intends to dismiss the previous explanation as nonsensical and warns others against using it to edit articles  implying potential negative consequences.]",1,1,True,0.99951171875
495244974.3017.3017,1,"You are an assistant trained to detect early warning signs of toxic behavior in online conversations given only the intentions behind each utterance of the conversation. Predict whether the conversation is likely to result in a personal attack later on. Provide your answer in the format 'ATTACK: YES/NO'

Conversation:
S_0: [The speaker seeks an explanation for the restoration of a potentially libellous or vandalized link and implies it might have been a mistake.]
S_1: [The speaker intends to justify their actions by explaining the context of the edits and expressing doubt about the characterization of the edit as vandalism.]
S_0: [The speaker questions the validity of the claim that Brian Calzini made the edits and expresses concern over the need to explain the situation.]",1,0,False,0.96923828125
497800265.1270.1270,1,"You are an assistant trained to detect early warning signs of toxic behavior in online conversations given only the intentions behind each utterance of the conversation. Predict whether the conversation is likely to result in a personal attack later on. Provide your answer in the format 'ATTACK: YES/NO'

Conversation:
S_0: [The speaker intends to share information about finding full versions of certain songs on YouTube and suggests including them in a list despite their unofficial status.]",1,0,False,0.99951171875
500435599.1836.1836,1,"You are an assistant trained to detect early warning signs of toxic behavior in online conversations given only the intentions behind each utterance of the conversation. Predict whether the conversation is likely to result in a personal attack later on. Provide your answer in the format 'ATTACK: YES/NO'

Conversation:
S_0: [The speaker is expressing confusion and seeking an explanation for the missing plot summaries.]",0,0,True,0.9912109375
503731911.8259.8259,1,"You are an assistant trained to detect early warning signs of toxic behavior in online conversations given only the intentions behind each utterance of the conversation. Predict whether the conversation is likely to result in a personal attack later on. Provide your answer in the format 'ATTACK: YES/NO'

Conversation:
S_0: [the speaker intends to share exciting news about the film ""Newt"" being back in production and its release date.]",1,0,False,1.0
508453497.4168.4168,1,"You are an assistant trained to detect early warning signs of toxic behavior in online conversations given only the intentions behind each utterance of the conversation. Predict whether the conversation is likely to result in a personal attack later on. Provide your answer in the format 'ATTACK: YES/NO'

Conversation:
S_0: [The speaker intends to defend the validity and notability of their Wikipedia entry by listing their accomplishments and questioning the criteria used for judging the entry.]
S_1: [The speaker intends to point out the issues with the Wikipedia entry  emphasizing the conflict of interest and the reliance on primary sources  and to justify the restoration of maintenance tags.]",0,1,False,0.99951171875
52609372.5998.5998,1,"You are an assistant trained to detect early warning signs of toxic behavior in online conversations given only the intentions behind each utterance of the conversation. Predict whether the conversation is likely to result in a personal attack later on. Provide your answer in the format 'ATTACK: YES/NO'

Conversation:
S_0: [The speaker seeks clarification and verification about the change in the transcription of a Tibetan name and requests the source of this information.]",0,0,True,0.99951171875
543636460.3423.3423,1,"You are an assistant trained to detect early warning signs of toxic behavior in online conversations given only the intentions behind each utterance of the conversation. Predict whether the conversation is likely to result in a personal attack later on. Provide your answer in the format 'ATTACK: YES/NO'

Conversation:
S_0: [The speaker intends to warn the other person about making unconstructive edits and to guide them towards proper use of Wikipedia.]
S_1: [The speaker intends to seek clarification on which specific edits are considered unconstructive.]
S_0: [The speaker intends to specify the edits that are considered unconstructive and to justify their previous warning.]",1,0,False,0.99462890625
548578347.7347.7347,1,"You are an assistant trained to detect early warning signs of toxic behavior in online conversations given only the intentions behind each utterance of the conversation. Predict whether the conversation is likely to result in a personal attack later on. Provide your answer in the format 'ATTACK: YES/NO'

Conversation:
S_0: [The speaker intends to clarify their identity and provide evidence to support their claim by sharing a link to live footage.]",1,0,False,0.712890625
558168517.2355.2355,1,"You are an assistant trained to detect early warning signs of toxic behavior in online conversations given only the intentions behind each utterance of the conversation. Predict whether the conversation is likely to result in a personal attack later on. Provide your answer in the format 'ATTACK: YES/NO'

Conversation:
S_0: [The speaker seeks clarification on why content is being deleted based on notability when it is not a criterion for critics.]
S_1: [The speaker intends to justify the deletion of content by arguing that the opinion of an unknown reviewer unbalances the article.]
S_0: [The speaker aims to challenge S_1's interpretation of the guidelines and offers to provide sources to support their viewpoint.]",1,1,True,0.9580078125
563871448.5626.5626,1,"You are an assistant trained to detect early warning signs of toxic behavior in online conversations given only the intentions behind each utterance of the conversation. Predict whether the conversation is likely to result in a personal attack later on. Provide your answer in the format 'ATTACK: YES/NO'

Conversation:
S_0: [The speaker intends to clarify their editing actions and justify the changes made to the commentary by explaining the rationale behind maintaining the tense within quotes.]",0,0,True,0.99951171875
57356739.19253.19253,1,"You are an assistant trained to detect early warning signs of toxic behavior in online conversations given only the intentions behind each utterance of the conversation. Predict whether the conversation is likely to result in a personal attack later on. Provide your answer in the format 'ATTACK: YES/NO'

Conversation:
S_0: [The speaker intends to explain the reason for protecting the page and to express their stance on the issue  emphasizing the need for proper sourcing and a civil discussion to reach consensus.]
S_1: [The speaker intends to provide a counterpoint or additional information related to the topic by referencing a quote from Marlon Brando's autobiography.]",1,0,False,1.0
585305964.8297.8297,1,"You are an assistant trained to detect early warning signs of toxic behavior in online conversations given only the intentions behind each utterance of the conversation. Predict whether the conversation is likely to result in a personal attack later on. Provide your answer in the format 'ATTACK: YES/NO'

Conversation:
S_0: [The speaker intends to seek guidance on how to efficiently handle sockpuppet accounts and expresses concern about their ability to navigate the process due to time constraints.]",0,0,True,1.0
593252364.30233.30233,1,"You are an assistant trained to detect early warning signs of toxic behavior in online conversations given only the intentions behind each utterance of the conversation. Predict whether the conversation is likely to result in a personal attack later on. Provide your answer in the format 'ATTACK: YES/NO'

Conversation:
S_0: [The speaker is expressing concern about potential changes to the concept section by Ryulong and is requesting Ryulong not to make changes. The speaker believes the concept section is satisfactory and desires to revert changes made by Ryulong in the member section. The speaker feels that the main contributors are being mistreated and wants this to stop.]
S_1: [The speaker is urging S_0 to stop controlling the page and to accept changes made by others. The speaker wants to emphasize that the page is a publicly edited encyclopedia  not a personal fansite.]
S_0: [The speaker is accusing S_1 of wanting to control the page and insists that there are multiple editors opposing S_1's changes. The speaker believes S_1 lacks sufficient knowledge about the group to improve the article and defends the current state of the concept and membership sections.]",1,1,True,1.0
596036332.14834.14834,1,"You are an assistant trained to detect early warning signs of toxic behavior in online conversations given only the intentions behind each utterance of the conversation. Predict whether the conversation is likely to result in a personal attack later on. Provide your answer in the format 'ATTACK: YES/NO'

Conversation:
S_0: [The speaker intends to inform the recipient about the reversion of their edits and provide guidance on how to experiment constructively or seek clarification.]
S_1: [The speaker intends to express a personal or emotional reaction  possibly addressing someone they know or recognize.]",1,1,True,1.0
599501423.15498.15498,1,"You are an assistant trained to detect early warning signs of toxic behavior in online conversations given only the intentions behind each utterance of the conversation. Predict whether the conversation is likely to result in a personal attack later on. Provide your answer in the format 'ATTACK: YES/NO'

Conversation:
S_0: [The speaker intends to seek input and information from S_1 regarding a bot request for fixing bare URL citations.]",0,0,True,0.998046875
60188809.28844.28844,1,"You are an assistant trained to detect early warning signs of toxic behavior in online conversations given only the intentions behind each utterance of the conversation. Predict whether the conversation is likely to result in a personal attack later on. Provide your answer in the format 'ATTACK: YES/NO'

Conversation:
S_0: [The speaker intends to remove irrelevant or inappropriate content from the conversation.]",0,0,True,0.83837890625
607752691.9974.9965,1,"You are an assistant trained to detect early warning signs of toxic behavior in online conversations given only the intentions behind each utterance of the conversation. Predict whether the conversation is likely to result in a personal attack later on. Provide your answer in the format 'ATTACK: YES/NO'

Conversation:
S_0: [The speaker intends to inform the recipient about a discussion regarding a possible policy violation on Wikipedia.]
S_1: [The speaker intends to express dissatisfaction with the perceived lack of fairness and impartiality in the community's handling of their situation.]",0,1,False,0.99609375
62993702.1652.1652,1,"You are an assistant trained to detect early warning signs of toxic behavior in online conversations given only the intentions behind each utterance of the conversation. Predict whether the conversation is likely to result in a personal attack later on. Provide your answer in the format 'ATTACK: YES/NO'

Conversation:
S_0: [The speaker intends to challenge the claim that Hal Garner was referenced as President in the series and requests proper sourcing for such claims.]
S_1: [The speaker intends to assert that there was a consensus in a previous discussion that Hal Garner was made President.]
S_0: [The speaker intends to question the validity of the previous discussion and emphasizes the need for verifiable sources to resolve the issue.]",1,1,True,0.99853515625
64942649.2657.2657,1,"You are an assistant trained to detect early warning signs of toxic behavior in online conversations given only the intentions behind each utterance of the conversation. Predict whether the conversation is likely to result in a personal attack later on. Provide your answer in the format 'ATTACK: YES/NO'

Conversation:
S_0: [The speaker intends to express frustration and request the other person to stop vandalizing their user page.]",1,1,True,0.97021484375
651357807.3677.3679,1,"You are an assistant trained to detect early warning signs of toxic behavior in online conversations given only the intentions behind each utterance of the conversation. Predict whether the conversation is likely to result in a personal attack later on. Provide your answer in the format 'ATTACK: YES/NO'

Conversation:
S_0: [The speaker intends to request assistance from the listener in reviewing and linking to a draft related to the SUL finalization.]",0,0,True,1.0
65468745.2158.2150,1,"You are an assistant trained to detect early warning signs of toxic behavior in online conversations given only the intentions behind each utterance of the conversation. Predict whether the conversation is likely to result in a personal attack later on. Provide your answer in the format 'ATTACK: YES/NO'

Conversation:
S_0: [The speaker seeks information about the Culdee Fell Railway and its mention in C Awdry's book  as well as an explanation for its limited appearance in the Railway Series.]
S_1: [The speaker expresses a desire for Christopher to understand the situation and publish the book.]
S_2: [The speaker intends to provide confirmation and factual information about the Culdee Fell Railway and its locomotives.]
S_1: [The speaker seeks confirmation or clarification about the presence of diesel locomotives on the Snowdon Mountain Railway.]
S_3: [The speaker aims to clarify the distinction between the fictional Culdee Fell Railway and the real Snowdon Mountain Railway  emphasizing the historical context.]",1,0,False,1.0
65755130.0.0,1,"You are an assistant trained to detect early warning signs of toxic behavior in online conversations given only the intentions behind each utterance of the conversation. Predict whether the conversation is likely to result in a personal attack later on. Provide your answer in the format 'ATTACK: YES/NO'

Conversation:
S_0: [The speaker intends to reassure the listener that the articles will be notable and acknowledges the feedback about using ""under construction"" tags  expressing a plan to apply the tags while actively working on the articles.]",0,0,True,0.998046875
662495276.19868.19868,1,"You are an assistant trained to detect early warning signs of toxic behavior in online conversations given only the intentions behind each utterance of the conversation. Predict whether the conversation is likely to result in a personal attack later on. Provide your answer in the format 'ATTACK: YES/NO'

Conversation:
S_0: [The speaker intends to inform the recipient about the speedy deletion tag placed on a Wikipedia article and provide guidance on how to contest it if they disagree with the deletion.]
S_1: [The speaker intends to suggest that the article might need to go through the Articles for Deletion (AfD) process and seeks confirmation about any previous AfD discussions.]
S_0: [The speaker intends to express frustration over repeated attempts to recreate EXO members' pages and clarify the need for independent notability for such articles.]",0,1,False,0.9951171875
667264776.1516.1516,1,"You are an assistant trained to detect early warning signs of toxic behavior in online conversations given only the intentions behind each utterance of the conversation. Predict whether the conversation is likely to result in a personal attack later on. Provide your answer in the format 'ATTACK: YES/NO'

Conversation:
S_0: [The speaker intends to point out the irrelevance of the reference in the context of the article and requests its removal to maintain academic integrity.]",0,0,True,0.9951171875
671012701.5176.5176,1,"You are an assistant trained to detect early warning signs of toxic behavior in online conversations given only the intentions behind each utterance of the conversation. Predict whether the conversation is likely to result in a personal attack later on. Provide your answer in the format 'ATTACK: YES/NO'

Conversation:
S_0: [The speaker intends to inform the other person about the reversion of an edit and offers a channel for further discussion or clarification.]",0,0,True,0.99951171875
67176679.3555.3555,1,"You are an assistant trained to detect early warning signs of toxic behavior in online conversations given only the intentions behind each utterance of the conversation. Predict whether the conversation is likely to result in a personal attack later on. Provide your answer in the format 'ATTACK: YES/NO'

Conversation:
S_0: [The speaker intends to initiate a discussion and seek agreement on the inclusion of a ""Criticism"" section in the article  emphasizing the need for neutrality and verifiability.]
S_1: [The speaker intends to express agreement with the proposal to include a ""Criticism"" section in the article.]
S_2: [The speaker intends to express agreement with the proposal to include a ""Criticism"" section in the article.]",0,0,True,0.9990234375
688252148.10585.10585,1,"You are an assistant trained to detect early warning signs of toxic behavior in online conversations given only the intentions behind each utterance of the conversation. Predict whether the conversation is likely to result in a personal attack later on. Provide your answer in the format 'ATTACK: YES/NO'

Conversation:
S_0: [The speaker intends to express dissatisfaction with the other person's actions  emphasizing the importance of modifying rather than deleting content on Wikipedia  and to assert the validity of their contribution.]",1,0,False,0.69140625
688653715.4832.4832,1,"You are an assistant trained to detect early warning signs of toxic behavior in online conversations given only the intentions behind each utterance of the conversation. Predict whether the conversation is likely to result in a personal attack later on. Provide your answer in the format 'ATTACK: YES/NO'

Conversation:
S_0: [The speaker intends to express appreciation for the other person's involvement and to clarify their approach to updating articles.]
S_1: [The speaker intends to correct the other person's understanding of policy and to direct them to discuss the issue on the article's talk page.]",1,1,True,0.5615234375
69061967.2671.2671,1,"You are an assistant trained to detect early warning signs of toxic behavior in online conversations given only the intentions behind each utterance of the conversation. Predict whether the conversation is likely to result in a personal attack later on. Provide your answer in the format 'ATTACK: YES/NO'

Conversation:
S_0: [The speaker intends to clarify the definition of vandalism and advise against mislabeling actions as vandalism.]
S_1: [The speaker intends to assert that repeatedly adding false tags without discussion constitutes vandalism.]",0,0,True,1.0
69614928.3028.3028,1,"You are an assistant trained to detect early warning signs of toxic behavior in online conversations given only the intentions behind each utterance of the conversation. Predict whether the conversation is likely to result in a personal attack later on. Provide your answer in the format 'ATTACK: YES/NO'

Conversation:
S_0: [The speaker intends to justify their actions by explaining that correcting spelling errors does not constitute a 3RR (Three Revert Rule) violation.]
S_1: [The speaker intends to accuse the other person of violating the 3RR by reverting the page title three times.]",1,1,True,1.0
69769376.16489.16489,1,"You are an assistant trained to detect early warning signs of toxic behavior in online conversations given only the intentions behind each utterance of the conversation. Predict whether the conversation is likely to result in a personal attack later on. Provide your answer in the format 'ATTACK: YES/NO'

Conversation:
S_0: [The speaker intends to inform the listener about the changes made to the point of view and direct them to a specific link for further information.]",0,0,True,1.0
70045047.3594.3594,1,"You are an assistant trained to detect early warning signs of toxic behavior in online conversations given only the intentions behind each utterance of the conversation. Predict whether the conversation is likely to result in a personal attack later on. Provide your answer in the format 'ATTACK: YES/NO'

Conversation:
S_0: [The speaker intends to express frustration and request the other person to focus on improving the article rather than debating.]",0,1,False,0.88916015625
71427319.11007.11007,1,"You are an assistant trained to detect early warning signs of toxic behavior in online conversations given only the intentions behind each utterance of the conversation. Predict whether the conversation is likely to result in a personal attack later on. Provide your answer in the format 'ATTACK: YES/NO'

Conversation:
S_0: [The speaker intends to express gratitude for the removal of the image but also to communicate a concern about the unintended removal of text and to suggest an alternative solution to preserve the award text.]",0,0,True,1.0
724065997.948.948,1,"You are an assistant trained to detect early warning signs of toxic behavior in online conversations given only the intentions behind each utterance of the conversation. Predict whether the conversation is likely to result in a personal attack later on. Provide your answer in the format 'ATTACK: YES/NO'

Conversation:
S_0: [The speaker intends to impose restrictions on the listener's interactions with another user and clarify the consequences of breaching these restrictions.]",0,0,True,0.986328125
73188468.24834.24834,1,"You are an assistant trained to detect early warning signs of toxic behavior in online conversations given only the intentions behind each utterance of the conversation. Predict whether the conversation is likely to result in a personal attack later on. Provide your answer in the format 'ATTACK: YES/NO'

Conversation:
S_0: [The speaker seeks confirmation and clarification about the process and rules of closing AFD discussions  expressing gratitude for the information received.]
S_1: [The speaker intends to correct the previous misunderstanding about the role of IP users in AFD discussions and provide additional context regarding the merge vote.]",0,0,True,0.99951171875
73529450.25568.25568,1,"You are an assistant trained to detect early warning signs of toxic behavior in online conversations given only the intentions behind each utterance of the conversation. Predict whether the conversation is likely to result in a personal attack later on. Provide your answer in the format 'ATTACK: YES/NO'

Conversation:
S_0: [The speaker intends to express frustration and seek resolution regarding the deletion of their comments by another user  while also indicating a willingness to forgive if the comments are restored.]",1,1,True,0.982421875
73543963.4142.4142,1,"You are an assistant trained to detect early warning signs of toxic behavior in online conversations given only the intentions behind each utterance of the conversation. Predict whether the conversation is likely to result in a personal attack later on. Provide your answer in the format 'ATTACK: YES/NO'

Conversation:
S_0: [The speaker intends to assert their civility and correctness by referring to evidence and requesting justification for warnings.]
S_1: [The speaker intends to express their perception that the other person was being uncivil.]",1,1,True,0.99755859375
743664846.2954.2954,1,"You are an assistant trained to detect early warning signs of toxic behavior in online conversations given only the intentions behind each utterance of the conversation. Predict whether the conversation is likely to result in a personal attack later on. Provide your answer in the format 'ATTACK: YES/NO'

Conversation:
S_0: [The speaker intends to express disapproval and request the other person to stop their actions.]",1,1,True,0.88818359375
763331394.8705.8705,1,"You are an assistant trained to detect early warning signs of toxic behavior in online conversations given only the intentions behind each utterance of the conversation. Predict whether the conversation is likely to result in a personal attack later on. Provide your answer in the format 'ATTACK: YES/NO'

Conversation:
S_0: [The speaker intends to justify their decision to restore the original sentence by emphasizing the importance of accurately representing the Italian government's position to avoid misconceptions.]
S_1: [The speaker intends to argue against the necessity of the literal quotation by suggesting that the repetition is rhetorical and does not add informational value  and to criticize the use of a potentially erroneous quote.]",1,1,True,1.0
81794729.4185.4127,1,"You are an assistant trained to detect early warning signs of toxic behavior in online conversations given only the intentions behind each utterance of the conversation. Predict whether the conversation is likely to result in a personal attack later on. Provide your answer in the format 'ATTACK: YES/NO'

Conversation:
S_0: [The speaker intends to express their opinion that Mozart should not be credited as the writer of Lacrymosa and to justify their reasoning by mentioning the note and album credits.]",0,0,True,0.91796875
83202836.3325.3325,1,"You are an assistant trained to detect early warning signs of toxic behavior in online conversations given only the intentions behind each utterance of the conversation. Predict whether the conversation is likely to result in a personal attack later on. Provide your answer in the format 'ATTACK: YES/NO'

Conversation:
S_0: [The speaker intends to maintain a neutral and factual tone on Wikipedia pages related to UNC and Duke and seeks the listener's cooperation in avoiding content that could be seen as inflammatory or insulting.]
S_1: [The speaker intends to clarify their actions regarding Wikipedia edits and to express their perspective on the neutrality and censorship of content  while also addressing perceived bias from other editors.]",0,1,False,0.82275390625
84002024.9799.9799,1,"You are an assistant trained to detect early warning signs of toxic behavior in online conversations given only the intentions behind each utterance of the conversation. Predict whether the conversation is likely to result in a personal attack later on. Provide your answer in the format 'ATTACK: YES/NO'

Conversation:
S_0: [The speaker is expressing confusion and disagreement with the idea that the individual's information cannot be used for sourcing  and is questioning the logic behind it.]
S_1: [The speaker is expressing their opinion that the individual is not notable and prefers to focus on the threat and DU's response rather than on non-notable personalities.]",0,0,True,0.99951171875
84265755.41624.41074,1,"You are an assistant trained to detect early warning signs of toxic behavior in online conversations given only the intentions behind each utterance of the conversation. Predict whether the conversation is likely to result in a personal attack later on. Provide your answer in the format 'ATTACK: YES/NO'

Conversation:
S_0: [The speaker intends to propose a meeting date  express gratitude for a book offer  share their reading experience  discuss their analysis of a political program  and request contact information for Lawrence.]",0,0,True,0.9990234375
90992752.10026.10026,1,"You are an assistant trained to detect early warning signs of toxic behavior in online conversations given only the intentions behind each utterance of the conversation. Predict whether the conversation is likely to result in a personal attack later on. Provide your answer in the format 'ATTACK: YES/NO'

Conversation:
S_0: [The speaker intends to express gratitude for the action of cleaning up their user page.]
S_1: [The speaker intends to express gratitude for the action of cleaning their user page as well.]",0,0,True,1.0
91219168.8760.8760,1,"You are an assistant trained to detect early warning signs of toxic behavior in online conversations given only the intentions behind each utterance of the conversation. Predict whether the conversation is likely to result in a personal attack later on. Provide your answer in the format 'ATTACK: YES/NO'

Conversation:
S_0: [The speaker intends to warn the other person not to recreate deleted content and to inform them that the recreated page has been tagged for deletion.]
S_1: [The speaker intends to explain the rationale behind using the same template for both pages and to persuade the other person of the benefits of using the template.]",1,1,True,0.9794921875
96572304.14805.14805,1,"You are an assistant trained to detect early warning signs of toxic behavior in online conversations given only the intentions behind each utterance of the conversation. Predict whether the conversation is likely to result in a personal attack later on. Provide your answer in the format 'ATTACK: YES/NO'

Conversation:
S_0: [The speaker intends to express gratitude for the work being done on Coast Guard pages and to give permission to remove incorrect categories. The speaker also intends to request assistance with editing a dormant portal and suggests using active portals as guides.]",0,0,True,1.0
98071983.10061.9817,1,"You are an assistant trained to detect early warning signs of toxic behavior in online conversations given only the intentions behind each utterance of the conversation. Predict whether the conversation is likely to result in a personal attack later on. Provide your answer in the format 'ATTACK: YES/NO'

Conversation:
S_0: [The speaker intends to express frustration with the perceived exclusion of pro-ID input and to challenge Raspor to contribute meaningfully rather than just criticize.]
S_1: [The speaker intends to defend their previous attempts to contribute  express frustration with the process  and argue for fair representation of pro-ID perspectives in the article.]",1,1,True,0.99951171875
100082597.1198.1198,2,"You are an assistant trained to detect early warning signs of toxic behavior in online conversations given only the intentions behind each utterance of the conversation. Predict whether the conversation is likely to result in a personal attack later on. Provide your answer in the format 'ATTACK: YES/NO'

Conversation:
S_0: [The speaker intends to advise S_1 to avoid conflict with the IP address.]
S_1: [The speaker intends to justify their actions and express frustration with the IP address's behavior.]",0,1,False,0.99462890625
103587368.2010.2010,2,"You are an assistant trained to detect early warning signs of toxic behavior in online conversations given only the intentions behind each utterance of the conversation. Predict whether the conversation is likely to result in a personal attack later on. Provide your answer in the format 'ATTACK: YES/NO'

Conversation:
S_0: [The speaker intends to seek advice on formatting a list of citations into multiple columns to save screen space.]
S_1: [The speaker intends to inform the other speaker about the use of named references to reduce duplicate citations and suggests checking a specific example.]",0,0,True,0.966796875
106097715.8104.8104,2,"You are an assistant trained to detect early warning signs of toxic behavior in online conversations given only the intentions behind each utterance of the conversation. Predict whether the conversation is likely to result in a personal attack later on. Provide your answer in the format 'ATTACK: YES/NO'

Conversation:
S_0: [The speaker intends to express frustration and critique the other person's assumptions and argumentative behavior.]",0,1,False,0.9990234375
106700421.14794.14794,2,"You are an assistant trained to detect early warning signs of toxic behavior in online conversations given only the intentions behind each utterance of the conversation. Predict whether the conversation is likely to result in a personal attack later on. Provide your answer in the format 'ATTACK: YES/NO'

Conversation:
S_0: [The speaker intends to explain their perspective on summarizing referenced articles and suggests an alternative approach to avoid redundancy.]
S_1: [The speaker intends to assert their plan to add a {{main}} tag and emphasize the importance of proper referencing  while criticizing another editor's understanding.]
S_2: [The speaker intends to criticize S_1's understanding of Wikipedia's policy  implying that the misunderstanding is S_1's problem.]",0,1,False,0.9599609375
107319885.2036.0,2,"You are an assistant trained to detect early warning signs of toxic behavior in online conversations given only the intentions behind each utterance of the conversation. Predict whether the conversation is likely to result in a personal attack later on. Provide your answer in the format 'ATTACK: YES/NO'

Conversation:
S_0: [The speaker intends to question the validity of the statistic about football player deaths and express curiosity about its accuracy.]
S_1: [The speaker intends to humorously challenge the statistic by pointing out its ambiguity and share a personal anecdote to support their point.]",1,0,False,0.5068359375
108309135.0.0,2,"You are an assistant trained to detect early warning signs of toxic behavior in online conversations given only the intentions behind each utterance of the conversation. Predict whether the conversation is likely to result in a personal attack later on. Provide your answer in the format 'ATTACK: YES/NO'

Conversation:
S_0: [The speaker intends to express gratitude for the information provided and seeks further advice or help in developing episode pages for ""Foyle's War.""]
S_1: [The speaker intends to apologize for missing the previous comment and explain their lack of availability to help due to commitments with fw.com  while expressing concerns about the wiki pages potentially making fw.com obsolete.]
S_0: [The speaker intends to acknowledge the other speaker's busy schedule  express a desire for occasional input  apologize for any misunderstandings  and clarify their intentions to complement rather than compete with fw.com.]
S_1: [The speaker intends to express a positive sentiment about the growing recognition of ""Foyle's War"" and the benefits of more people discovering it.]
S_2: [The speaker intends to propose the idea of a ""Foyle's War"" WikiProject and invites feedback on the proposal.]",1,0,False,0.76123046875
109231098.1164.1164,2,"You are an assistant trained to detect early warning signs of toxic behavior in online conversations given only the intentions behind each utterance of the conversation. Predict whether the conversation is likely to result in a personal attack later on. Provide your answer in the format 'ATTACK: YES/NO'

Conversation:
S_0: [The speaker seeks advice on how to handle edits made by a specific IP address.]",0,0,True,0.6953125
109823148.2068.2068,2,"You are an assistant trained to detect early warning signs of toxic behavior in online conversations given only the intentions behind each utterance of the conversation. Predict whether the conversation is likely to result in a personal attack later on. Provide your answer in the format 'ATTACK: YES/NO'

Conversation:
S_0: [The speaker intends to acknowledge a mistake they made and express a sense of resignation about it.]",1,1,True,0.6123046875
110757749.4492.4492,2,"You are an assistant trained to detect early warning signs of toxic behavior in online conversations given only the intentions behind each utterance of the conversation. Predict whether the conversation is likely to result in a personal attack later on. Provide your answer in the format 'ATTACK: YES/NO'

Conversation:
S_0: [The speaker intends to express frustration and anger over the removal of content  believing it was unnecessary.]
S_1: [The speaker intends to inform the other person about the inadequacy of the article and suggests reading specific policies.]
S_0: [The speaker intends to challenge the other person's authority and express a belief in collaborative editing on Wikipedia.]",1,1,True,0.7978515625
11538354.18483.18483,2,"You are an assistant trained to detect early warning signs of toxic behavior in online conversations given only the intentions behind each utterance of the conversation. Predict whether the conversation is likely to result in a personal attack later on. Provide your answer in the format 'ATTACK: YES/NO'

Conversation:
S_0: [The speaker intends to highlight the lack of a source for the information and suggest consulting a specific article for disputes about source credibility.]
S_1: [The speaker intends to justify their action of reverting a change by pointing out the lack of a reference indicating the information was unsourced.]
S_0: [The speaker intends to question the appropriateness of pronoun usage and suggest alternative actions regarding the movement of content.]
S_1: [The speaker intends to challenge the use of a specific pronoun and request a peer-reviewed source to support its usage or a retraction.]",1,1,True,0.908203125
116402323.22148.22148,2,"You are an assistant trained to detect early warning signs of toxic behavior in online conversations given only the intentions behind each utterance of the conversation. Predict whether the conversation is likely to result in a personal attack later on. Provide your answer in the format 'ATTACK: YES/NO'

Conversation:
S_0: [The speaker intends to defend their position and criticize the other person for their alleged actions and beliefs  while also expressing disbelief and frustration.]
S_1: [The speaker intends to dismiss the allegations made by S_0  express gratitude for the clarification about the link  and clarify their stance on pan-Slavism.]
S_2: [The speaker intends to express agreement and shared understanding with the other person regarding naming conventions in Central Europe.]",1,1,True,0.767578125
117313335.19115.19115,2,"You are an assistant trained to detect early warning signs of toxic behavior in online conversations given only the intentions behind each utterance of the conversation. Predict whether the conversation is likely to result in a personal attack later on. Provide your answer in the format 'ATTACK: YES/NO'

Conversation:
S_0: [The speaker is requesting assistance in restoring tags that were deleted by Connolley.]
S_1: [The speaker intends to agree to the request and expresses a negative opinion about Connolley's understanding of Wikipedia disputes.]
S_2: [The speaker is implying skepticism or criticism about the actions of S_1  suggesting they are collaborating inappropriately.]
S_1: [The speaker intends to justify their actions by claiming adherence to policy and expressing frustration with administrators' actions.]
S_2: [The speaker intends to challenge S_1's justification by pointing out the lack of support for the tags and suggesting S_1 reflects on their own behavior.]",1,1,True,0.72119140625
119685468.7818.7808,2,"You are an assistant trained to detect early warning signs of toxic behavior in online conversations given only the intentions behind each utterance of the conversation. Predict whether the conversation is likely to result in a personal attack later on. Provide your answer in the format 'ATTACK: YES/NO'

Conversation:
S_0: [The speaker intends to propose a change to the format of web references to improve organization and clarity.]",0,0,True,0.7373046875
120066409.597.597,2,"You are an assistant trained to detect early warning signs of toxic behavior in online conversations given only the intentions behind each utterance of the conversation. Predict whether the conversation is likely to result in a personal attack later on. Provide your answer in the format 'ATTACK: YES/NO'

Conversation:
S_0: [The speaker seeks clarification and evidence regarding the allegation of misquotation made against them.]
S_1: [The speaker asserts that they were misquoted in a derogatory manner and requests the speaker to review the attribution.]
S_0: [The speaker insists that the burden of proof lies with the other party to substantiate the claim of misquotation.]
S_1: [The speaker provides a specific example of what they originally said and how it was misquoted  urging the speaker to re-read their previous statement.]
S_0: [The speaker argues that the misquotation is essentially the same and questions the other party's opinion on user page content  implying a broader discussion on acceptable content.]",0,1,False,0.5029296875
124180029.7198.7198,2,"You are an assistant trained to detect early warning signs of toxic behavior in online conversations given only the intentions behind each utterance of the conversation. Predict whether the conversation is likely to result in a personal attack later on. Provide your answer in the format 'ATTACK: YES/NO'

Conversation:
S_0: [the speaker is seeking information about the song played and expressing enthusiasm about it.]
S_1: [the speaker is expressing confusion and indicating that the current context is not appropriate for the discussion.]",0,1,False,0.7392578125
125039163.640.640,2,"You are an assistant trained to detect early warning signs of toxic behavior in online conversations given only the intentions behind each utterance of the conversation. Predict whether the conversation is likely to result in a personal attack later on. Provide your answer in the format 'ATTACK: YES/NO'

Conversation:
S_0: [The speaker seeks the opinion of the other person on a topic.]
S_1: [The speaker expresses a negative opinion or dissatisfaction about the topic.]",0,1,False,0.88720703125
126317499.28727.28727,2,"You are an assistant trained to detect early warning signs of toxic behavior in online conversations given only the intentions behind each utterance of the conversation. Predict whether the conversation is likely to result in a personal attack later on. Provide your answer in the format 'ATTACK: YES/NO'

Conversation:
S_0: [the speaker seeks clarification on which part of the article needs sourcing  expressing their belief that the article seems neutral and non-controversial.]
S_1: [the speaker intends to inform the other person that even non-controversial content requires proper citation  emphasizing the importance of sourcing.]",0,0,True,0.84130859375
128593760.5542.5542,2,"You are an assistant trained to detect early warning signs of toxic behavior in online conversations given only the intentions behind each utterance of the conversation. Predict whether the conversation is likely to result in a personal attack later on. Provide your answer in the format 'ATTACK: YES/NO'

Conversation:
S_0: [The speaker intends to criticize the other person and question their nationality  possibly implying bias.]",1,1,True,0.99755859375
131395687.2202.2202,2,"You are an assistant trained to detect early warning signs of toxic behavior in online conversations given only the intentions behind each utterance of the conversation. Predict whether the conversation is likely to result in a personal attack later on. Provide your answer in the format 'ATTACK: YES/NO'

Conversation:
S_0: [The speaker intends to question the rationale behind clustering images at the bottom of the page and express disagreement with the change.]
S_1: [The speaker intends to justify the decision to cluster images at the bottom by explaining the issue of white space and referencing the common use of Internet Explorer.]",0,1,False,0.759765625
132460131.12604.12604,2,"You are an assistant trained to detect early warning signs of toxic behavior in online conversations given only the intentions behind each utterance of the conversation. Predict whether the conversation is likely to result in a personal attack later on. Provide your answer in the format 'ATTACK: YES/NO'

Conversation:
S_0: [The speaker intends to share a definition from a wiki article and express their belief that one can support a theory through logic rather than faith.]
S_1: [The speaker intends to challenge the definition provided by S_0  express skepticism about the term ""evolutionist "" and argue that it is often mischaracterized as a religious term.]",1,1,True,0.72705078125
133174486.4739.4739,2,"You are an assistant trained to detect early warning signs of toxic behavior in online conversations given only the intentions behind each utterance of the conversation. Predict whether the conversation is likely to result in a personal attack later on. Provide your answer in the format 'ATTACK: YES/NO'

Conversation:
S_0: [The speaker intends to highlight the significance of Melbourne clubs moving interstate as a factor in the growing popularity of AFL in NSW and QLD.]
S_1: [The speaker intends to refute the claim by pointing out that the article already covers the topic and questions the accuracy and relevance of calling the teams franchises.]
S_0: [The speaker intends to clarify their point by emphasizing that the export of top-notch Melbourne teams contributed to the popularity increase.]",0,1,False,0.55078125
134339265.217.217,2,"You are an assistant trained to detect early warning signs of toxic behavior in online conversations given only the intentions behind each utterance of the conversation. Predict whether the conversation is likely to result in a personal attack later on. Provide your answer in the format 'ATTACK: YES/NO'

Conversation:
S_0: [The speaker is inquiring about the location of an event  possibly seeking confirmation or information.]",0,1,False,0.8740234375
13768808.75261.75261,2,"You are an assistant trained to detect early warning signs of toxic behavior in online conversations given only the intentions behind each utterance of the conversation. Predict whether the conversation is likely to result in a personal attack later on. Provide your answer in the format 'ATTACK: YES/NO'

Conversation:
S_0: [The speaker intends to request other Wikipedians to revert edits made by Gordon Watts  expressing a belief that he is a disruptive presence.]
S_1: [The speaker intends to express agreement with S_0's assessment of Gordon Watts  suggesting that he is either mentally unstable or playing a prank.]
S_2: [The speaker intends to defend themselves against accusations  challenging others to verify their claims or provide proof of lying.]",1,1,True,0.95458984375
138057937.1328.1328,2,"You are an assistant trained to detect early warning signs of toxic behavior in online conversations given only the intentions behind each utterance of the conversation. Predict whether the conversation is likely to result in a personal attack later on. Provide your answer in the format 'ATTACK: YES/NO'

Conversation:
S_0: [The speaker intends to clarify their role and actions regarding the article  emphasizing their commitment to maintaining its quality and adherence to guidelines.]
S_1: [The speaker intends to express the belief that Wikipedia articles should be open to continuous improvement and not remain static  regardless of previous assessments.]",0,0,True,0.90478515625
141254831.5633.5633,2,"You are an assistant trained to detect early warning signs of toxic behavior in online conversations given only the intentions behind each utterance of the conversation. Predict whether the conversation is likely to result in a personal attack later on. Provide your answer in the format 'ATTACK: YES/NO'

Conversation:
S_0: [the speaker seeks clarification and explanation regarding the accusation of vandalizing the Wonderbra article.]
S_1: [the speaker intends to apologize for the error and clarify the misunderstanding about the vandalism accusation.]",0,1,False,0.53857421875
145872593.19153.19153,2,"You are an assistant trained to detect early warning signs of toxic behavior in online conversations given only the intentions behind each utterance of the conversation. Predict whether the conversation is likely to result in a personal attack later on. Provide your answer in the format 'ATTACK: YES/NO'

Conversation:
S_0: [The speaker intends to assert that ""metropolitan area"" is not a correct translation of ""aire urbaine"" and criticizes the opposing view as wishful thinking. The speaker also aims to emphasize the official nature of French economic data collection and discredit the idea of an ""aire urbaine GDP.""]",1,1,True,0.7724609375
150992371.3983.3983,2,"You are an assistant trained to detect early warning signs of toxic behavior in online conversations given only the intentions behind each utterance of the conversation. Predict whether the conversation is likely to result in a personal attack later on. Provide your answer in the format 'ATTACK: YES/NO'

Conversation:
S_0: [The speaker is expressing confusion and seeking information about the location of a report  while also suggesting that something is a sockpuppet based on edit summaries.]
S_1: [The speaker is seeking clarification about which specific report the other person is looking for.]",0,0,True,0.85400390625
152516074.22705.22705,2,"You are an assistant trained to detect early warning signs of toxic behavior in online conversations given only the intentions behind each utterance of the conversation. Predict whether the conversation is likely to result in a personal attack later on. Provide your answer in the format 'ATTACK: YES/NO'

Conversation:
S_0: [The speaker intends to inquire whether reports of Israeli involvement in a historical event should be included in an article.]",0,0,True,0.96826171875
152544576.5747.5747,2,"You are an assistant trained to detect early warning signs of toxic behavior in online conversations given only the intentions behind each utterance of the conversation. Predict whether the conversation is likely to result in a personal attack later on. Provide your answer in the format 'ATTACK: YES/NO'

Conversation:
S_0: [The speaker intends to express concern and seek advice on how to handle an aggressive editor's behavior.]",0,0,True,0.62353515625
153067091.184.0,2,"You are an assistant trained to detect early warning signs of toxic behavior in online conversations given only the intentions behind each utterance of the conversation. Predict whether the conversation is likely to result in a personal attack later on. Provide your answer in the format 'ATTACK: YES/NO'

Conversation:
S_0: [The speaker intends to argue that ""push up"" is a more widely recognized and stable term than ""press up"" based on personal experience and Google search results.]
S_1: [The speaker intends to support the use of ""push up"" as the more widely understood term  especially among American speakers  and notes historical precedence.]",0,0,True,0.87255859375
153067091.453.0,2,"You are an assistant trained to detect early warning signs of toxic behavior in online conversations given only the intentions behind each utterance of the conversation. Predict whether the conversation is likely to result in a personal attack later on. Provide your answer in the format 'ATTACK: YES/NO'

Conversation:
S_0: [The speaker intends to express disagreement with the term ""push up"" and clarify their unfamiliarity with it  suggesting a mix-up with ""pull up.""]
S_1: [The speaker intends to provide a regional perspective on the term ""push up"" versus ""press up"" and justify the current article title based on Wikipedia conventions and historical precedence.]
S_2: [The speaker intends to oppose the article move by citing Wikipedia's Manual of Style  emphasizing adherence to the established variety of English in the article.]
S_3: [The speaker intends to express opposition to the article move by referencing a specific Wikipedia guideline.]
S_4: [The speaker intends to oppose the article move by advocating for maintaining the original title based on the principle of ""first come  first served.""]
S_5: [The speaker intends to oppose the article move by arguing that such discussions are trivial and waste time  and that existing guidelines like WP:ENGVAR should be respected.]",1,1,True,0.7958984375
155205782.15822.15822,2,"You are an assistant trained to detect early warning signs of toxic behavior in online conversations given only the intentions behind each utterance of the conversation. Predict whether the conversation is likely to result in a personal attack later on. Provide your answer in the format 'ATTACK: YES/NO'

Conversation:
S_0: [The speaker expresses frustration and defends their previous actions by suggesting that the issue lies with the other person's ability to see the colors.]
S_1: [The speaker explains their perspective on the color scheme  expressing concern about readability and suggesting a wait for further input.]
S_2: [The speaker agrees with the previous point about readability and advocates for softer colors.]
S_1: [The speaker asserts their decision to revert the changes  indicating a belief that the current colors are not suitable.]",1,1,True,0.5341796875
157209420.1635.1635,2,"You are an assistant trained to detect early warning signs of toxic behavior in online conversations given only the intentions behind each utterance of the conversation. Predict whether the conversation is likely to result in a personal attack later on. Provide your answer in the format 'ATTACK: YES/NO'

Conversation:
S_0: [The speaker intends to express appreciation for the bot and seeks clarification on why the bot does not sign their talk page.]
S_1: [The speaker intends to explain the reason why the bot did not sign the talk page and clarify the bot's behavior.]",0,0,True,0.6953125
157660355.6354.6354,2,"You are an assistant trained to detect early warning signs of toxic behavior in online conversations given only the intentions behind each utterance of the conversation. Predict whether the conversation is likely to result in a personal attack later on. Provide your answer in the format 'ATTACK: YES/NO'

Conversation:
S_0: [The speaker intends to clarify that declining a checkuser request is not an abuse of power and urges the other person to drop the matter.]
S_1: [The speaker intends to seek clarification on how to describe the situation if not as abuse of power.]
S_0: [The speaker intends to provide an explanation and justification for the checkuser's actions  framing it as adherence to privacy policy.]",1,1,True,0.7158203125
158714043.10458.10458,2,"You are an assistant trained to detect early warning signs of toxic behavior in online conversations given only the intentions behind each utterance of the conversation. Predict whether the conversation is likely to result in a personal attack later on. Provide your answer in the format 'ATTACK: YES/NO'

Conversation:
S_0: [The speaker intends to point out a perceived error in the article regarding the conversion from knots to miles per hour and seeks confirmation of their correction.]",0,0,True,0.83203125
159670819.4392.4392,2,"You are an assistant trained to detect early warning signs of toxic behavior in online conversations given only the intentions behind each utterance of the conversation. Predict whether the conversation is likely to result in a personal attack later on. Provide your answer in the format 'ATTACK: YES/NO'

Conversation:
S_0: [The speaker intends to request that the other person stop adding flags to the infobox and to explain why it is considered bad practice.]
S_1: [The speaker intends to question the authority of the other person and assert ownership over the article  expressing frustration and defending their work.]",1,1,True,0.9716796875
159883671.18084.18084,2,"You are an assistant trained to detect early warning signs of toxic behavior in online conversations given only the intentions behind each utterance of the conversation. Predict whether the conversation is likely to result in a personal attack later on. Provide your answer in the format 'ATTACK: YES/NO'

Conversation:
S_0: [The speaker intends to correct a perceived error regarding Jimi Hendrix's birth name.]",0,0,True,0.783203125
160714876.922.922,2,"You are an assistant trained to detect early warning signs of toxic behavior in online conversations given only the intentions behind each utterance of the conversation. Predict whether the conversation is likely to result in a personal attack later on. Provide your answer in the format 'ATTACK: YES/NO'

Conversation:
S_0: [The speaker intends to express disappointment and frustration over the deletion of the article and seeks an explanation or response to their previous questions.]",1,1,True,0.70703125
160715023.3306.3306,2,"You are an assistant trained to detect early warning signs of toxic behavior in online conversations given only the intentions behind each utterance of the conversation. Predict whether the conversation is likely to result in a personal attack later on. Provide your answer in the format 'ATTACK: YES/NO'

Conversation:
S_0: [The speaker intends to express frustration and challenge the other person's actions by questioning their authority and right to edit the page.]",1,1,True,0.95703125
165299122.18938.18938,2,"You are an assistant trained to detect early warning signs of toxic behavior in online conversations given only the intentions behind each utterance of the conversation. Predict whether the conversation is likely to result in a personal attack later on. Provide your answer in the format 'ATTACK: YES/NO'

Conversation:
S_0: [The speaker intends to inform the community about ongoing requests to merge future film articles and invites input from others.]
S_1: [The speaker intends to share that they have discovered a specific wiki link.]",0,0,True,0.5888671875
166283943.13776.13776,2,"You are an assistant trained to detect early warning signs of toxic behavior in online conversations given only the intentions behind each utterance of the conversation. Predict whether the conversation is likely to result in a personal attack later on. Provide your answer in the format 'ATTACK: YES/NO'

Conversation:
S_0: [The speaker intends to critique the sources used by S_1 and express concern about the consistency of S_1's arguments  while also suggesting a collaborative approach to improve the article.]",1,1,True,0.658203125
168890548.4040.4040,2,"You are an assistant trained to detect early warning signs of toxic behavior in online conversations given only the intentions behind each utterance of the conversation. Predict whether the conversation is likely to result in a personal attack later on. Provide your answer in the format 'ATTACK: YES/NO'

Conversation:
S_0: [The speaker intends to inform and warn the other party about the rules regarding edit reversions and the potential consequences of violating them.]
S_1: [The speaker intends to express frustration and defend their actions by asserting their knowledge of the rules and their belief that their edits were justified.]",1,1,True,0.9599609375
169575026.2743.2743,2,"You are an assistant trained to detect early warning signs of toxic behavior in online conversations given only the intentions behind each utterance of the conversation. Predict whether the conversation is likely to result in a personal attack later on. Provide your answer in the format 'ATTACK: YES/NO'

Conversation:
S_0: [The speaker intends to express gratitude and offer a gesture of appreciation.]",0,0,True,0.85205078125
171002850.8201.8201,2,"You are an assistant trained to detect early warning signs of toxic behavior in online conversations given only the intentions behind each utterance of the conversation. Predict whether the conversation is likely to result in a personal attack later on. Provide your answer in the format 'ATTACK: YES/NO'

Conversation:
S_0: [The speaker intends to express gratitude for reverting vandalism and to share their curiosity about the editing pattern of the IP.]
S_1: [The speaker intends to share their opinion that the IP is likely someone who took offense and to suggest there might be a related discussion on AN or ANI.]
S_0: [The speaker intends to agree with the previous opinion and to express acceptance of the situation while reiterating gratitude.]",0,0,True,0.77978515625
171453628.1091.1091,2,"You are an assistant trained to detect early warning signs of toxic behavior in online conversations given only the intentions behind each utterance of the conversation. Predict whether the conversation is likely to result in a personal attack later on. Provide your answer in the format 'ATTACK: YES/NO'

Conversation:
S_0: [The speaker intends to inform the listener about a recent update they made and how to access it.]
S_1: [The speaker intends to express approval of the update and provide feedback on the reorganization of tags.]",1,0,False,0.93994140625
172602954.25312.25312,2,"You are an assistant trained to detect early warning signs of toxic behavior in online conversations given only the intentions behind each utterance of the conversation. Predict whether the conversation is likely to result in a personal attack later on. Provide your answer in the format 'ATTACK: YES/NO'

Conversation:
S_0: [The speaker intends to criticize the nationalist edits made to the article and to argue against the connection between Albanians and Illyrians.]",0,1,False,0.71728515625
173254537.1759.1759,2,"You are an assistant trained to detect early warning signs of toxic behavior in online conversations given only the intentions behind each utterance of the conversation. Predict whether the conversation is likely to result in a personal attack later on. Provide your answer in the format 'ATTACK: YES/NO'

Conversation:
S_0: [The speaker intends to advise Pedro to focus on financial matters and to explain their own concern about being blocked for an edit  while also suggesting that there is a valid point in the discussion despite some unserious categories.]
S_1: [The speaker intends to express agreement with the previous statement and to convey confusion about the change in the quality of the other speaker's contributions  implying a desire to understand what has changed.]",0,0,True,0.9091796875
176567566.14408.14408,2,"You are an assistant trained to detect early warning signs of toxic behavior in online conversations given only the intentions behind each utterance of the conversation. Predict whether the conversation is likely to result in a personal attack later on. Provide your answer in the format 'ATTACK: YES/NO'

Conversation:
S_0: [The speaker intends to highlight the perceived bias against Ron Paul and suggests flagging the article for accuracy.]
S_1: [The speaker intends to clarify that the issue is due to outdated data rather than bias  and suggests updating the graphs.]
S_0: [The speaker intends to argue that the bias exists due to selective polling and suggests a title change to improve credibility.]",1,1,True,0.8388671875
180191077.3470.3470,2,"You are an assistant trained to detect early warning signs of toxic behavior in online conversations given only the intentions behind each utterance of the conversation. Predict whether the conversation is likely to result in a personal attack later on. Provide your answer in the format 'ATTACK: YES/NO'

Conversation:
S_0: [The speaker intends to inform S_1 about the perception of bias in their actions and to caution them about the transparency of their behavior.]
S_1: [The speaker intends to defend their actions by explaining their criteria for contacting people and denying any knowledge of their political views.]
S_2: [The speaker intends to refute S_0's claim by providing a personal example of being contacted without any bias or impropriety.]",1,0,False,0.90185546875
180902214.9654.9654,2,"You are an assistant trained to detect early warning signs of toxic behavior in online conversations given only the intentions behind each utterance of the conversation. Predict whether the conversation is likely to result in a personal attack later on. Provide your answer in the format 'ATTACK: YES/NO'

Conversation:
S_0: [The speaker intends to explain their actions regarding the article and justify their decision based on the consensus observed.]
S_1: [The speaker intends to provide encouragement and express a decision to disengage from the contentious discussion.]
S_2: [The speaker intends to express strong disapproval of Coren's actions and suggest potential consequences.]",0,1,False,0.96484375
182195722.17081.17081,2,"You are an assistant trained to detect early warning signs of toxic behavior in online conversations given only the intentions behind each utterance of the conversation. Predict whether the conversation is likely to result in a personal attack later on. Provide your answer in the format 'ATTACK: YES/NO'

Conversation:
S_0: [The speaker seeks the opinion of a medical doctor on chiropractic practices  specifically the least pseudoscientific types  and references a positive wiki article to prompt a response.]",0,0,True,0.79052734375
182681667.10897.10897,2,"You are an assistant trained to detect early warning signs of toxic behavior in online conversations given only the intentions behind each utterance of the conversation. Predict whether the conversation is likely to result in a personal attack later on. Provide your answer in the format 'ATTACK: YES/NO'

Conversation:
S_0: [The speaker intends to express dissatisfaction with the other person's actions and to propose a resolution to the issue by providing a link for further discussion.]",0,1,False,0.93505859375
183625284.22030.22030,2,"You are an assistant trained to detect early warning signs of toxic behavior in online conversations given only the intentions behind each utterance of the conversation. Predict whether the conversation is likely to result in a personal attack later on. Provide your answer in the format 'ATTACK: YES/NO'

Conversation:
S_0: [The speaker intends to express frustration or disappointment about the breakdown of Wikipedia processes and to question who else has stopped caring as a result.]",0,1,False,0.62841796875
183659104.7892.7892,2,"You are an assistant trained to detect early warning signs of toxic behavior in online conversations given only the intentions behind each utterance of the conversation. Predict whether the conversation is likely to result in a personal attack later on. Provide your answer in the format 'ATTACK: YES/NO'

Conversation:
S_0: [The speaker intends to inform the recipient about the addition of a deletion template to their article and explain the process and options available to address the issue.]",0,0,True,0.92822265625
187051677.3504.3504,2,"You are an assistant trained to detect early warning signs of toxic behavior in online conversations given only the intentions behind each utterance of the conversation. Predict whether the conversation is likely to result in a personal attack later on. Provide your answer in the format 'ATTACK: YES/NO'

Conversation:
S_0: [The speaker intends to suggest resolving the argument by referring to a Wikipedia link.]
S_1: [The speaker intends to counter the suggestion by indicating they have already taken action by emailing articles.]
S_0: [The speaker intends to express confusion or seek clarification about the articles mentioned by S_1.]",0,0,True,0.85107421875
187593891.16260.16260,2,"You are an assistant trained to detect early warning signs of toxic behavior in online conversations given only the intentions behind each utterance of the conversation. Predict whether the conversation is likely to result in a personal attack later on. Provide your answer in the format 'ATTACK: YES/NO'

Conversation:
S_0: [The speaker wants to know if the AF aliens can be added to the discussion or article.]
S_1: [The speaker seeks confirmation about the reliability of the source and sets conditions for inclusion.]
S_2: [The speaker instructs others to provide a reliable source for the new aliens or face deletion of the section.]
S_0: [The speaker provides a source and insists on adding the new aliens  expressing frustration over deletion.]
S_3: [The speaker argues against adding the aliens  suggesting waiting for more information.]
S_0: [The speaker argues for the inclusion of the aliens based on available information and suggests creating a separate article.]
S_3: [The speaker suggests a compromise by proposing a paragraph format until more information is available.]",1,0,False,0.947265625
187896198.904.904,2,"You are an assistant trained to detect early warning signs of toxic behavior in online conversations given only the intentions behind each utterance of the conversation. Predict whether the conversation is likely to result in a personal attack later on. Provide your answer in the format 'ATTACK: YES/NO'

Conversation:
S_0: [The speaker intends to express their frustration about not receiving automatic filtering for their new articles and seeks recognition for their contributions by requesting permanent clearance for their edits.]",0,0,True,0.8515625
188050038.981.981,2,"You are an assistant trained to detect early warning signs of toxic behavior in online conversations given only the intentions behind each utterance of the conversation. Predict whether the conversation is likely to result in a personal attack later on. Provide your answer in the format 'ATTACK: YES/NO'

Conversation:
S_0: [The speaker intends to emphasize the importance of providing a citation for claims and to challenge the other speaker's assertion without evidence.]
S_1: [The speaker intends to argue that the term ""Roseline"" is appropriately used in the context of Dan Brown's novel and to justify the statement made.]
S_0: [The speaker intends to refute the other speaker's argument by insisting on the need for a third-party citation and to clarify the distinction between fans and followers.]",1,0,False,0.59521484375
188854330.5411.5411,2,"You are an assistant trained to detect early warning signs of toxic behavior in online conversations given only the intentions behind each utterance of the conversation. Predict whether the conversation is likely to result in a personal attack later on. Provide your answer in the format 'ATTACK: YES/NO'

Conversation:
S_0: [The speaker intends to clarify their future plans and justify their involvement in the discussion  while expressing gratitude for the explanation received.]",0,0,True,0.81396484375
189432225.0.0,2,"You are an assistant trained to detect early warning signs of toxic behavior in online conversations given only the intentions behind each utterance of the conversation. Predict whether the conversation is likely to result in a personal attack later on. Provide your answer in the format 'ATTACK: YES/NO'

Conversation:
S_0: [The speaker intends to request patience and consideration from the listener before making a decision to delete DSRL  while also indicating that they are actively working on finding sources.]",1,0,False,0.60888671875
190740331.1181.1181,2,"You are an assistant trained to detect early warning signs of toxic behavior in online conversations given only the intentions behind each utterance of the conversation. Predict whether the conversation is likely to result in a personal attack later on. Provide your answer in the format 'ATTACK: YES/NO'

Conversation:
S_0: [The speaker intends to warn the other person about their violation of the 3RR rule and to inform them of the consequences of further violations.]
S_1: [The speaker intends to express frustration with the lack of administrative action and to question the other person's plans for intervention.]
S_0: [The speaker intends to clarify their actions and perspective on the situation  acknowledging the appropriateness of the request for discussion while pointing out the issue with both parties' insistence on their preferred page state.]",1,0,False,0.71630859375
193002106.7341.7341,2,"You are an assistant trained to detect early warning signs of toxic behavior in online conversations given only the intentions behind each utterance of the conversation. Predict whether the conversation is likely to result in a personal attack later on. Provide your answer in the format 'ATTACK: YES/NO'

Conversation:
S_0: [The speaker intends to express disapproval and request the other person to refrain from similar actions in the future.]
S_1: [The speaker intends to defend their actions and suggest that the other person should better understand Wikipedia policies.]
S_0: [The speaker intends to refute the implication that their previous contribution was original research.]",1,1,True,0.68212890625
193649667.12093.12093,2,"You are an assistant trained to detect early warning signs of toxic behavior in online conversations given only the intentions behind each utterance of the conversation. Predict whether the conversation is likely to result in a personal attack later on. Provide your answer in the format 'ATTACK: YES/NO'

Conversation:
S_0: [The speaker intends to inform the other party about the rules regarding edit reversions and the potential consequences of violating these rules  while also suggesting a more collaborative approach to resolving disputes.]",1,0,False,0.810546875
194329616.40576.40576,2,"You are an assistant trained to detect early warning signs of toxic behavior in online conversations given only the intentions behind each utterance of the conversation. Predict whether the conversation is likely to result in a personal attack later on. Provide your answer in the format 'ATTACK: YES/NO'

Conversation:
S_0: [The speaker intends to propose archiving the discussion and starting fresh  emphasizing the need for balance and fair representation of different viewpoints in the article.]
S_1: [The speaker intends to clarify their stance as not being combative  express their commitment to improving the article  and critique the timing of archiving while pointing out perceived biases in the discussion.]",1,1,True,0.76220703125
195620756.479.479,2,"You are an assistant trained to detect early warning signs of toxic behavior in online conversations given only the intentions behind each utterance of the conversation. Predict whether the conversation is likely to result in a personal attack later on. Provide your answer in the format 'ATTACK: YES/NO'

Conversation:
S_0: [The speaker intends to express concern and seek clarification about the deletion of community resource links  asserting their legitimacy and emphasizing their involvement in the community.]",0,0,True,0.88525390625
195996613.1445.1445,2,"You are an assistant trained to detect early warning signs of toxic behavior in online conversations given only the intentions behind each utterance of the conversation. Predict whether the conversation is likely to result in a personal attack later on. Provide your answer in the format 'ATTACK: YES/NO'

Conversation:
S_0: [The speaker is requesting assistance in identifying the issue affecting coding at a specific link.]
S_1: [The speaker is offering to help by looking into the issue  while humorously acknowledging their own curiosity.]
S_0: [The speaker is expressing gratitude for the offer of help.]",0,0,True,0.91455078125
200010654.10432.10432,2,"You are an assistant trained to detect early warning signs of toxic behavior in online conversations given only the intentions behind each utterance of the conversation. Predict whether the conversation is likely to result in a personal attack later on. Provide your answer in the format 'ATTACK: YES/NO'

Conversation:
S_0: [The speaker is pausing or trailing off  possibly indicating hesitation or uncertainty.]
S_1: [The speaker is sharing or referencing an image of a rabbit with a pancake on its head  possibly to provide context or humor.]
S_2: [The speaker is correcting the previous statement and expressing that most people are unaware of a certain event  possibly to inform or clarify.]",0,1,False,0.90673828125
20104457.739.739,2,"You are an assistant trained to detect early warning signs of toxic behavior in online conversations given only the intentions behind each utterance of the conversation. Predict whether the conversation is likely to result in a personal attack later on. Provide your answer in the format 'ATTACK: YES/NO'

Conversation:
S_0: [The speaker intends to express dissatisfaction with the current proposal and emphasize the importance of sensitivity and patience in the deletion process.]",1,1,True,0.7705078125
202566741.4439.4439,2,"You are an assistant trained to detect early warning signs of toxic behavior in online conversations given only the intentions behind each utterance of the conversation. Predict whether the conversation is likely to result in a personal attack later on. Provide your answer in the format 'ATTACK: YES/NO'

Conversation:
S_0: [The speaker intends to inform Pedro about their retirement and seeks feedback on their new signature while expressing good wishes.]
S_1: [The speaker intends to compliment the signature as inventive and unique  and expresses hope that the other speaker is not actually retiring.]",0,0,True,0.76416015625
202674525.22385.22385,2,"You are an assistant trained to detect early warning signs of toxic behavior in online conversations given only the intentions behind each utterance of the conversation. Predict whether the conversation is likely to result in a personal attack later on. Provide your answer in the format 'ATTACK: YES/NO'

Conversation:
S_0: [The speaker intends to request the removal of a BLP tag from a wiki article and seeks to understand the other person's reasoning regarding children's rights.]
S_1: [The speaker intends to assert that the BLP tag should remain on the article because it deals with living people.]",1,0,False,0.6591796875
203483248.64123.64123,2,"You are an assistant trained to detect early warning signs of toxic behavior in online conversations given only the intentions behind each utterance of the conversation. Predict whether the conversation is likely to result in a personal attack later on. Provide your answer in the format 'ATTACK: YES/NO'

Conversation:
S_0: [The speaker intends to express dissatisfaction with the biased nature of the article and to encourage others to strive for a more neutral and balanced version.]
S_1: [The speaker intends to identify Revizionist as the source of the biased content and to justify their own actions in removing propaganda from the article.]
S_2: [The speaker intends to explain their process and commitment to revising the article  emphasizing their dedication to creating a neutral and informative piece.]",1,1,True,0.6962890625
204134114.13536.13536,2,"You are an assistant trained to detect early warning signs of toxic behavior in online conversations given only the intentions behind each utterance of the conversation. Predict whether the conversation is likely to result in a personal attack later on. Provide your answer in the format 'ATTACK: YES/NO'

Conversation:
S_0: [The speaker is seeking confirmation or an opinion about the possibility of something being eligible for FL (Featured List).]
S_1: [The speaker is expressing agreement and providing a supportive opinion about the nomination  while also cautioning about potential opposition due to sources.]
S_0: [The speaker acknowledges the previous point and expresses a desire to improve the situation by finding more references and asks for an opinion on a specific link.]",0,0,True,0.81982421875
20532629.14610.14610,2,"You are an assistant trained to detect early warning signs of toxic behavior in online conversations given only the intentions behind each utterance of the conversation. Predict whether the conversation is likely to result in a personal attack later on. Provide your answer in the format 'ATTACK: YES/NO'

Conversation:
S_0: [The speaker intends to inform S_1 about the correct formatting for a television series title according to a specific guideline.]
S_1: [The speaker intends to acknowledge the correction and inform S_0 about the appropriate place to post such corrections in the future.]
S_0: [The speaker intends to express gratitude and acknowledge the information provided by S_1.]
S_2: [The speaker intends to express gratitude and acknowledge the information provided by S_1.]
S_3: [The speaker intends to express gratitude and acknowledge the information provided by S_1.]",0,0,True,0.703125
20580006.15379.15379,2,"You are an assistant trained to detect early warning signs of toxic behavior in online conversations given only the intentions behind each utterance of the conversation. Predict whether the conversation is likely to result in a personal attack later on. Provide your answer in the format 'ATTACK: YES/NO'

Conversation:
S_0: [The speaker intends to express amusement and seek validation or agreement from others regarding the phrase ""rebel lawmakers.""]
S_1: [The speaker intends to inform about the change made to the phrase and seek feedback on whether the new wording is less amusing.]",1,1,True,0.71826171875
209313050.10256.10256,2,"You are an assistant trained to detect early warning signs of toxic behavior in online conversations given only the intentions behind each utterance of the conversation. Predict whether the conversation is likely to result in a personal attack later on. Provide your answer in the format 'ATTACK: YES/NO'

Conversation:
S_0: [The speaker intends to express frustration and warn the other party about potential escalation due to perceived unjust actions.]
S_1: [The speaker intends to defend their actions and clarify their stance on the issue  while also providing justification for their reverts.]
S_0: [The speaker intends to argue against the justification for the reverts by pointing out inconsistencies in the application of guidelines.]
S_1: [The speaker intends to emphasize the importance of following existing guidelines until a consensus is reached and to criticize the other party's actions.]
S_0: [The speaker intends to express frustration and accuse the other party of being petty by reverting their contributions.]
S_1: [The speaker intends to criticize the other party's actions as incorrect and question their expectations after a long absence.]
S_0: [The speaker intends to defend their actions by arguing that there is no consensus supporting the other party's stance.]
S_1: [The speaker intends to clarify the status of guidelines versus policies and argue for the precedence of long-standing guidelines.]
S_0: [The speaker intends to urge the other party to wait for consensus and warn of potential escalation if their edits are reverted again.]
S_1: [The speaker intends to justify their actions as adhering to the standard and criticize the other party for hypocrisy.]",0,1,False,0.92431640625
209755041.7801.7801,2,"You are an assistant trained to detect early warning signs of toxic behavior in online conversations given only the intentions behind each utterance of the conversation. Predict whether the conversation is likely to result in a personal attack later on. Provide your answer in the format 'ATTACK: YES/NO'

Conversation:
S_0: [The speaker intends to request assistance with editing an article by removing dubious sources and replacing them with fact tags  and to ensure the article is monitored for reliable sources after semi-protection is removed.]
S_1: [The speaker intends to agree to help with the article after completing their current task in about 30 minutes.]",1,0,False,0.9072265625
209905957.8322.8322,2,"You are an assistant trained to detect early warning signs of toxic behavior in online conversations given only the intentions behind each utterance of the conversation. Predict whether the conversation is likely to result in a personal attack later on. Provide your answer in the format 'ATTACK: YES/NO'

Conversation:
S_0: [The speaker intends to inform the listener about the request to unprotect the article and suggests adding it to their watchlist in anticipation of increased activity.]
S_0: [The speaker intends to update the listener on the status of the article's protection and encourages vigilance against false claims  expressing hope for managing without anonymous contributions.]
S_2: [The speaker intends to remain silent or has no intention to communicate at this moment.]
S_1: [The speaker intends to express gratitude.]
S_0: [The speaker intends to signal the start of anticipated activity or changes  possibly with excitement or humor.]",0,1,False,0.7392578125
21203243.49.2,2,"You are an assistant trained to detect early warning signs of toxic behavior in online conversations given only the intentions behind each utterance of the conversation. Predict whether the conversation is likely to result in a personal attack later on. Provide your answer in the format 'ATTACK: YES/NO'

Conversation:
S_0: [The speaker intends to say goodbye or end the interaction.]
S_1: [The speaker intends to inform others about ongoing vandalism.]",1,1,True,0.759765625
21267717.3144.3144,2,"You are an assistant trained to detect early warning signs of toxic behavior in online conversations given only the intentions behind each utterance of the conversation. Predict whether the conversation is likely to result in a personal attack later on. Provide your answer in the format 'ATTACK: YES/NO'

Conversation:
S_0: [The speaker intends to inform the other participants about the indefinite ban of User -Ril-.]
S_1: [The speaker intends to express amusement or satisfaction regarding the ban of User -Ril-.]
S_0: [The speaker intends to propose a plan to rename the project and reduce conflict  while expressing agreement with Jimbo's suggestion.]",0,1,False,0.52490234375
212833490.38915.38915,2,"You are an assistant trained to detect early warning signs of toxic behavior in online conversations given only the intentions behind each utterance of the conversation. Predict whether the conversation is likely to result in a personal attack later on. Provide your answer in the format 'ATTACK: YES/NO'

Conversation:
S_0: [The speaker intends to suggest that someone else should take responsibility due to their sporadic availability.]",0,1,False,0.97509765625
215648991.2368.2368,2,"You are an assistant trained to detect early warning signs of toxic behavior in online conversations given only the intentions behind each utterance of the conversation. Predict whether the conversation is likely to result in a personal attack later on. Provide your answer in the format 'ATTACK: YES/NO'

Conversation:
S_0: [The speaker seeks clarification on why the edit page message does not direct editors to relevant wiki policies.]
S_1: [The speaker explains the limitation of not being able to include links in hidden messages and suggests a possible solution.]
S_0: [The speaker questions the decision-making process regarding the reliability of a source and implies a broader application of the criteria.]",1,0,False,0.82958984375
216950751.11973.11973,2,"You are an assistant trained to detect early warning signs of toxic behavior in online conversations given only the intentions behind each utterance of the conversation. Predict whether the conversation is likely to result in a personal attack later on. Provide your answer in the format 'ATTACK: YES/NO'

Conversation:
S_0: [The speaker intends to express their opinion on the surreal nature of the situation by comparing it to a poorly ended TV show.]
S_1: [The speaker intends to convey their surprise or inability to articulate a response to the situation.]",0,1,False,0.9521484375
217380031.27182.27182,2,"You are an assistant trained to detect early warning signs of toxic behavior in online conversations given only the intentions behind each utterance of the conversation. Predict whether the conversation is likely to result in a personal attack later on. Provide your answer in the format 'ATTACK: YES/NO'

Conversation:
S_0: [The speaker expresses amusement and concern about the potential for drama on a page they find entertaining.]
S_1: [The speaker shares their enjoyment of the page and expresses a willingness to defend it if necessary.]
S_0: [The speaker agrees with S_1 and expresses their enjoyment.]
S_2: [The speaker reassures others that the page will not be used to attack editors and explains the page's purpose as humorous.]
S_3: [The speaker inquires if the page can be described as a labor of love  suggesting a personal investment.]
S_2: [The speaker agrees with S_3's description and expresses a personal attachment to the page.]
S_1: [The speaker reiterates their enjoyment of the page and appreciates the creativity of the contributors.]",1,0,False,0.701171875
21930487.11396.11396,2,"You are an assistant trained to detect early warning signs of toxic behavior in online conversations given only the intentions behind each utterance of the conversation. Predict whether the conversation is likely to result in a personal attack later on. Provide your answer in the format 'ATTACK: YES/NO'

Conversation:
S_0: [The speaker intends to summarize the current state of the discussion  propose a specific course of action regarding link management  and encourage further dialogue and resolution on the issue.]
S_1: [The speaker intends to highlight and criticize the issue of link spamming and commercial advertising by providing a specific example of copied content and links to Amazon.]
S_1: [The speaker intends to provide evidence from the Hardy Boys title pages to support their argument about content duplication.]",1,0,False,0.59912109375
220732800.2931.2931,2,"You are an assistant trained to detect early warning signs of toxic behavior in online conversations given only the intentions behind each utterance of the conversation. Predict whether the conversation is likely to result in a personal attack later on. Provide your answer in the format 'ATTACK: YES/NO'

Conversation:
S_0: [The speaker intends to inform and advise the listener about the correct tagging of copyrighted company logos and the restrictions on fair use claims on Wikipedia.]",0,0,True,0.755859375
220862637.3220.3220,2,"You are an assistant trained to detect early warning signs of toxic behavior in online conversations given only the intentions behind each utterance of the conversation. Predict whether the conversation is likely to result in a personal attack later on. Provide your answer in the format 'ATTACK: YES/NO'

Conversation:
S_0: [The speaker intends to request the other person to refrain from adding spam links to articles and provides examples of such links.]
S_1: [The speaker intends to express disagreement with the classification of the links as spam and to defend their actions by stating the links were to YouTube.]",1,0,False,0.51611328125
227464067.1920.1920,2,"You are an assistant trained to detect early warning signs of toxic behavior in online conversations given only the intentions behind each utterance of the conversation. Predict whether the conversation is likely to result in a personal attack later on. Provide your answer in the format 'ATTACK: YES/NO'

Conversation:
S_0: [The speaker intends to express confusion and concern about the inconsistency in the historical information presented in the section.]",0,0,True,0.5927734375
230595060.510.510,2,"You are an assistant trained to detect early warning signs of toxic behavior in online conversations given only the intentions behind each utterance of the conversation. Predict whether the conversation is likely to result in a personal attack later on. Provide your answer in the format 'ATTACK: YES/NO'

Conversation:
S_0: [The speaker intends to inform S_1 about the importance of writing messages that improve discussion quality and to caution against disruptive behavior.]
S_1: [The speaker intends to acknowledge the information provided by S_0.]",0,1,False,0.7939453125
230918176.10783.10783,2,"You are an assistant trained to detect early warning signs of toxic behavior in online conversations given only the intentions behind each utterance of the conversation. Predict whether the conversation is likely to result in a personal attack later on. Provide your answer in the format 'ATTACK: YES/NO'

Conversation:
S_0: [The speaker intends to provide information and context about the uncertainty of Buckethead's birthdate and to justify their previous contribution to the Wikipedia page.]",0,0,True,0.63134765625
23445520.8648.8648,2,"You are an assistant trained to detect early warning signs of toxic behavior in online conversations given only the intentions behind each utterance of the conversation. Predict whether the conversation is likely to result in a personal attack later on. Provide your answer in the format 'ATTACK: YES/NO'

Conversation:
S_0: [The speaker questions the connection between Hoyt's actions and an alleged Asian fetish  seeking evidence to support the claim.]
S_1: [The speaker agrees with the skepticism about the connection and expresses the intention to remove the example from the article  hoping for no reversion.]
S_2: [The speaker argues that the crime should be included in the article due to its nature as a sexual crime against an Asian female  and requests justification for opposing views.]",0,0,True,0.77978515625
241682277.4359.4359,2,"You are an assistant trained to detect early warning signs of toxic behavior in online conversations given only the intentions behind each utterance of the conversation. Predict whether the conversation is likely to result in a personal attack later on. Provide your answer in the format 'ATTACK: YES/NO'

Conversation:
S_0: [The speaker intends to inform the listener about an action they have taken and to express a concern or prediction about a future necessity.]",0,1,False,0.6904296875
241750239.99787.99787,2,"You are an assistant trained to detect early warning signs of toxic behavior in online conversations given only the intentions behind each utterance of the conversation. Predict whether the conversation is likely to result in a personal attack later on. Provide your answer in the format 'ATTACK: YES/NO'

Conversation:
S_0: [The speaker intends to express optimism about upcoming recognition.]
S_1: [The speaker intends to dismiss speculation and emphasize the need for confirmed information.]
S_2: [The speaker intends to acknowledge the information's interest  question its validity  and suggest a consistent approach to handling similar reports.]
S_3: [The speaker intends to propose a cautious approach by waiting for official recognition before making changes.]
S_1: [The speaker intends to express skepticism about the report's reliability due to the lack of direct quotes.]",0,0,True,0.6064453125
243147704.30501.30501,2,"You are an assistant trained to detect early warning signs of toxic behavior in online conversations given only the intentions behind each utterance of the conversation. Predict whether the conversation is likely to result in a personal attack later on. Provide your answer in the format 'ATTACK: YES/NO'

Conversation:
S_0: [The speaker intends to inform the listener about the limitations of enhancing the image quality and expresses a decision to use a collage for the Somali page. The speaker also invites feedback on this decision.]",0,0,True,0.96240234375
247506317.922.922,2,"You are an assistant trained to detect early warning signs of toxic behavior in online conversations given only the intentions behind each utterance of the conversation. Predict whether the conversation is likely to result in a personal attack later on. Provide your answer in the format 'ATTACK: YES/NO'

Conversation:
S_0: [The speaker intends to inform the other person about reverting their post and advises them to use their regular account to avoid accusations.]
S_1: [The speaker intends to express amusement and provide an explanation for their recent absence  while also apologizing for any confusion or irritation caused.]",0,1,False,0.61328125
248407222.747.747,2,"You are an assistant trained to detect early warning signs of toxic behavior in online conversations given only the intentions behind each utterance of the conversation. Predict whether the conversation is likely to result in a personal attack later on. Provide your answer in the format 'ATTACK: YES/NO'

Conversation:
S_0: [The speaker seeks suggestions for rephrasing a statement about the number of complaints to ensure accuracy.]
S_1: [The speaker suggests removing the statement if it is untrue and expresses disinterest in mentioning it as the second highest number of complaints.]
S_2: [The speaker proposes mentioning that the complaints are not from the target audience and questions the validity of the complaints.]
S_1: [The speaker advises against mentioning the demographic of complaints due to potential bias and policy restrictions on original analysis.]
S_3: [The speaker reiterates the policy against original analysis in Wikipedia articles.]
S_1: [The speaker agrees with the policy reminder and requests another user not to reformat discussions.]
S_3: [The speaker clarifies that fixing markup is not the same as changing content.]",0,0,True,0.95263671875
248408598.853.853,2,"You are an assistant trained to detect early warning signs of toxic behavior in online conversations given only the intentions behind each utterance of the conversation. Predict whether the conversation is likely to result in a personal attack later on. Provide your answer in the format 'ATTACK: YES/NO'

Conversation:
S_0: [The speaker intends to dismiss the other person's revert and justify their own actions by suggesting the section is flawed.]
S_1: [The speaker intends to criticize the quality of the other person's edit and justify their decision to revert it.]",1,1,True,0.9306640625
251263251.32055.32055,2,"You are an assistant trained to detect early warning signs of toxic behavior in online conversations given only the intentions behind each utterance of the conversation. Predict whether the conversation is likely to result in a personal attack later on. Provide your answer in the format 'ATTACK: YES/NO'

Conversation:
S_0: [The speaker intends to seek clarification and guidance from the Wikipedia community regarding the appropriate way for federal employees to edit Wikipedia articles  aiming to develop guidelines and best practices for transparent and acceptable contributions.]",0,0,True,0.94970703125
257898162.8832.8832,2,"You are an assistant trained to detect early warning signs of toxic behavior in online conversations given only the intentions behind each utterance of the conversation. Predict whether the conversation is likely to result in a personal attack later on. Provide your answer in the format 'ATTACK: YES/NO'

Conversation:
S_0: [The speaker intends to challenge the other person's terminology and assert that Macedonian Slavic is the correct term for the language spoken by the people in question.]",1,1,True,0.86376953125
258428447.3707.3707,2,"You are an assistant trained to detect early warning signs of toxic behavior in online conversations given only the intentions behind each utterance of the conversation. Predict whether the conversation is likely to result in a personal attack later on. Provide your answer in the format 'ATTACK: YES/NO'

Conversation:
S_0: [the speaker intends to spread holiday cheer and goodwill by wishing the recipient a Merry Christmas and encouraging them to share positive sentiments with others.]",0,0,True,0.64599609375
259380404.3182.3182,2,"You are an assistant trained to detect early warning signs of toxic behavior in online conversations given only the intentions behind each utterance of the conversation. Predict whether the conversation is likely to result in a personal attack later on. Provide your answer in the format 'ATTACK: YES/NO'

Conversation:
S_0: [The speaker intends to defend their actions by arguing that mentioning a wiki is not advertising.]
S_1: [The speaker intends to accuse the other of advertising for personal gain  which is against Wikipedia's purpose.]
S_0: [The speaker intends to justify their actions by referencing Wikipedia guidelines and asserting their experience.]
S_1: [The speaker intends to challenge the other's actions as spam and imply that the other is knowingly violating rules.]
S_0: [The speaker intends to refute the accusation of spamming and clarify their intentions  while questioning the other's understanding.]",1,1,True,0.875
265209661.21286.21286,2,"You are an assistant trained to detect early warning signs of toxic behavior in online conversations given only the intentions behind each utterance of the conversation. Predict whether the conversation is likely to result in a personal attack later on. Provide your answer in the format 'ATTACK: YES/NO'

Conversation:
S_0: [The speaker intends to assert authority and challenge the other speaker's actions by emphasizing the lack of consensus or administrative support for the redirection attempt  labeling it as vandalism  and dismissing the other speaker's reasons.]",0,1,False,0.9716796875
266833866.5363.5363,2,"You are an assistant trained to detect early warning signs of toxic behavior in online conversations given only the intentions behind each utterance of the conversation. Predict whether the conversation is likely to result in a personal attack later on. Provide your answer in the format 'ATTACK: YES/NO'

Conversation:
S_0: [The speaker intends to inform the audience about the art museum's participation in a project and encourage them to join the contest.]
S_1: [The speaker expresses a desire to participate in the event and hopes to involve others from Tennessee and nearby states.]
S_2: [The speaker intends to express their tentative plan to participate in the event during the month.]
S_0: [The speaker intends to remind and encourage the audience to register if they are interested in participating.]",0,0,True,0.7626953125
267728614.56519.56519,2,"You are an assistant trained to detect early warning signs of toxic behavior in online conversations given only the intentions behind each utterance of the conversation. Predict whether the conversation is likely to result in a personal attack later on. Provide your answer in the format 'ATTACK: YES/NO'

Conversation:
S_0: [The speaker intends to seek advice on whether to include family information in a paragraph and offers to provide additional details.]
S_1: [The speaker intends to caution against adding information without a reliable source  implying the need for verifiable references.]
S_0: [The speaker intends to inquire about the reliability of family records as sources and provides detailed family lineage information.]
S_1: [The speaker intends to question the publication status of the family records to assess their reliability.]
S_0: [The speaker intends to explain the current status of the family records  acknowledging the need to verify if they are published online.]",0,0,True,0.91259765625
268780293.3361.3361,2,"You are an assistant trained to detect early warning signs of toxic behavior in online conversations given only the intentions behind each utterance of the conversation. Predict whether the conversation is likely to result in a personal attack later on. Provide your answer in the format 'ATTACK: YES/NO'

Conversation:
S_0: [The speaker intends to request clarification and justification for the removal of their paragraph and the identification of weasel words  while also informing the other person of their action to revert the edit.]",0,0,True,0.6708984375
26894863.52416.1542,2,"You are an assistant trained to detect early warning signs of toxic behavior in online conversations given only the intentions behind each utterance of the conversation. Predict whether the conversation is likely to result in a personal attack later on. Provide your answer in the format 'ATTACK: YES/NO'

Conversation:
S_0: [The speaker intends to request S_1 to write a summary of the RfC and express the importance of S_1's perspective for the community.]
S_1: [The speaker intends to direct S_0 to read their previous response and the outside views they endorsed  implying that their thoughts are already expressed there.]
S_0: [The speaker intends to express dissatisfaction with the clarity of the results and S_1's perceived attitude  and to reiterate the request for a summary to aid the community.]",1,1,True,0.869140625
270177839.28034.28034,2,"You are an assistant trained to detect early warning signs of toxic behavior in online conversations given only the intentions behind each utterance of the conversation. Predict whether the conversation is likely to result in a personal attack later on. Provide your answer in the format 'ATTACK: YES/NO'

Conversation:
S_0: [The speaker intends to inform the listener about the conditions and procedures related to the block and appeal process on the platform.]
S_1: [The speaker intends to express confusion or frustration about being blocked due to anonymous IP restrictions.]
S_2: [The speaker intends to clarify the reason for the block  attributing it to edit warring.]
S_1: [The speaker intends to express disagreement with the characterization of their actions as edit warring  suggesting their goal was accuracy.]
S_3: [The speaker intends to provide evidence that the listener was warned by multiple users about their behavior  reinforcing the justification for the block.]",0,1,False,0.5087890625
270629203.4318.4318,2,"You are an assistant trained to detect early warning signs of toxic behavior in online conversations given only the intentions behind each utterance of the conversation. Predict whether the conversation is likely to result in a personal attack later on. Provide your answer in the format 'ATTACK: YES/NO'

Conversation:
S_0: [The speaker intends to express confusion and seek clarification about the use of the word ""derive"" in the context of the passage.]
S_1: [The speaker intends to explain their reasoning for the revision and acknowledge the potential issue with the original wording.]
S_0: [The speaker intends to challenge the logic presented by S_1 and provide examples to support their argument.]",0,1,False,0.81494140625
272953472.1207.1207,2,"You are an assistant trained to detect early warning signs of toxic behavior in online conversations given only the intentions behind each utterance of the conversation. Predict whether the conversation is likely to result in a personal attack later on. Provide your answer in the format 'ATTACK: YES/NO'

Conversation:
S_0: [The speaker intends to seek assistance from Black Kite regarding an issue with another editor and to justify their actions by explaining the situation and previous warnings given.]
S_1: [The speaker intends to express their dissatisfaction with the handling of the article and to criticize the actions of other editors  particularly Big Dunc  while defending their own position.]",1,1,True,0.89404296875
273320587.1690.1690,2,"You are an assistant trained to detect early warning signs of toxic behavior in online conversations given only the intentions behind each utterance of the conversation. Predict whether the conversation is likely to result in a personal attack later on. Provide your answer in the format 'ATTACK: YES/NO'

Conversation:
S_0: [The speaker intends to seek permission to ask a question.]",0,0,True,0.7763671875
275525233.1898.1898,2,"You are an assistant trained to detect early warning signs of toxic behavior in online conversations given only the intentions behind each utterance of the conversation. Predict whether the conversation is likely to result in a personal attack later on. Provide your answer in the format 'ATTACK: YES/NO'

Conversation:
S_0: [The speaker intends to provide advice on handling disputes by suggesting depersonalization.]
S_1: [The speaker intends to express agreement and share personal experiences of being harassed by another user  questioning why the user hasn't been banned.]
S_0: [The speaker intends to explain the difficulty of banning users indefinitely and suggests a process for community input on the issue.]
S_2: [The speaker intends to criticize the handling of issues and decision-making by the previous speaker  implying they are part of the problem.]",1,1,True,0.85595703125
27661568.15078.15078,2,"You are an assistant trained to detect early warning signs of toxic behavior in online conversations given only the intentions behind each utterance of the conversation. Predict whether the conversation is likely to result in a personal attack later on. Provide your answer in the format 'ATTACK: YES/NO'

Conversation:
S_0: [The speaker intends to express frustration about the ongoing debate and the lack of resolution  and to propose a fair arrangement for the article.]
S_1: [The speaker intends to challenge the other person's argument and express a desire to end the conversation due to perceived trolling.]
S_0: [The speaker intends to defend their position by providing evidence and clarifying their actions against accusations.]",1,1,True,0.9755859375
278765498.27104.27104,2,"You are an assistant trained to detect early warning signs of toxic behavior in online conversations given only the intentions behind each utterance of the conversation. Predict whether the conversation is likely to result in a personal attack later on. Provide your answer in the format 'ATTACK: YES/NO'

Conversation:
S_0: [The speaker intends to assert the legitimacy of their edit to the Nancy Pelosi article by referencing a credible source.]
S_1: [The speaker intends to refute the legitimacy of S_0's edit by clarifying the misinterpretation of the source and warning S_0 about potential consequences for disruptive edits.]",1,1,True,0.9716796875
284801036.8001.8001,2,"You are an assistant trained to detect early warning signs of toxic behavior in online conversations given only the intentions behind each utterance of the conversation. Predict whether the conversation is likely to result in a personal attack later on. Provide your answer in the format 'ATTACK: YES/NO'

Conversation:
S_0: [The speaker intends to inform the recipient about the action taken to protect the talk page from being edited by IPs.]
S_1: [The speaker intends to express concern that the main source of disruption is not IP vandalism but a specific user named Mitted.]",0,0,True,0.65771484375
286761180.8636.8636,2,"You are an assistant trained to detect early warning signs of toxic behavior in online conversations given only the intentions behind each utterance of the conversation. Predict whether the conversation is likely to result in a personal attack later on. Provide your answer in the format 'ATTACK: YES/NO'

Conversation:
S_0: [The speaker intends to dismiss the other person's perspective and make a derogatory remark.]
S_1: [The speaker intends to address and warn the other person about their inappropriate language and behavior.]
S_0: [The speaker intends to belittle the other person's response and reiterate their own argument regarding religious demographics.]
S_1: [The speaker intends to sarcastically criticize the other person's understanding of Islam and religion.]",1,1,True,0.96630859375
286788087.9958.9958,2,"You are an assistant trained to detect early warning signs of toxic behavior in online conversations given only the intentions behind each utterance of the conversation. Predict whether the conversation is likely to result in a personal attack later on. Provide your answer in the format 'ATTACK: YES/NO'

Conversation:
S_0: [The speaker intends to defend themselves against accusations of edit-warring and challenge the other person to involve an administrator.]
S_1: [The speaker intends to express understanding of the other person's refusal to stop edit-warring and imply that the behavior is ongoing.]",0,0,True,0.53271484375
287030104.15570.15570,2,"You are an assistant trained to detect early warning signs of toxic behavior in online conversations given only the intentions behind each utterance of the conversation. Predict whether the conversation is likely to result in a personal attack later on. Provide your answer in the format 'ATTACK: YES/NO'

Conversation:
S_0: [The speaker intends to inform others about potential recognition of Kosovo by Qatar and Mauritania and suggests it might be worth mentioning as a reference point.]
S_1: [The speaker intends to express skepticism or criticism about the previous statement and to discourage pro-Kosovo propaganda.]
S_1: [The speaker intends to provide additional information about meetings with other countries  possibly to suggest broader diplomatic efforts.]
S_2: [The speaker intends to imply that the meetings with South Korea and others may not have been about recognition  suggesting a different perspective.]
S_0: [The speaker intends to clarify that the article specifies a request for recognition  countering the implication that the meetings were not about recognition.]
S_3: [The speaker intends to provide additional context about Kosovo's participation in an international summit and Serbia's reaction to it.]",0,0,True,0.67431640625
28936311.177.179,2,"You are an assistant trained to detect early warning signs of toxic behavior in online conversations given only the intentions behind each utterance of the conversation. Predict whether the conversation is likely to result in a personal attack later on. Provide your answer in the format 'ATTACK: YES/NO'

Conversation:
S_0: [The speaker intends to justify their decision to revert a change and invites discussion on the topic.]
S_1: [The speaker intends to agree with the previous statement and inform about the creation of a new page for discussion.]
S_2: [The speaker intends to request a citation for the etymology of 'orange' and express frustration over the lack of resolution.]",1,1,True,0.7607421875
289911799.5115.5115,2,"You are an assistant trained to detect early warning signs of toxic behavior in online conversations given only the intentions behind each utterance of the conversation. Predict whether the conversation is likely to result in a personal attack later on. Provide your answer in the format 'ATTACK: YES/NO'

Conversation:
S_0: [The speaker seeks clarification on why their page was nominated for deletion so quickly.]
S_1: [The speaker intends to explain the reason for the page's nomination for deletion and provide guidance on creating notable articles.]
S_0: [The speaker questions whether the other person actually reviewed the content of the article.]",1,0,False,0.9658203125
291906834.15472.15472,2,"You are an assistant trained to detect early warning signs of toxic behavior in online conversations given only the intentions behind each utterance of the conversation. Predict whether the conversation is likely to result in a personal attack later on. Provide your answer in the format 'ATTACK: YES/NO'

Conversation:
S_0: [The speaker intends to justify the issuance of warnings by attributing them to the other person's actions.]",0,1,False,0.99560546875
297725189.64722.64722,2,"You are an assistant trained to detect early warning signs of toxic behavior in online conversations given only the intentions behind each utterance of the conversation. Predict whether the conversation is likely to result in a personal attack later on. Provide your answer in the format 'ATTACK: YES/NO'

Conversation:
S_0: [The speaker intends to argue for the inclusion of a section about the origin and early presence of Souliotes  citing specific sources to support the need for more detailed information.]
S_1: [The speaker intends to challenge S_0's position by reminding them of a previous agreement and questioning if new information has prompted a change in stance.]
S_0: [The speaker intends to clarify their position by stating that the previous agreement does not preclude the creation of a new section on the topic.]
S_1: [The speaker intends to assert that the previous consensus prohibits the creation of a new section unless new arguments or sources are presented.]
S_2: [The speaker intends to express skepticism about the proposed section  emphasizing the need for solid  third-party sources and critiquing the sources mentioned as biased.]
S_1: [The speaker intends to downplay the impact of removing two sources from the existing sentence  suggesting it would not significantly alter the content.]
S_2: [The speaker intends to clarify that their previous comment was specifically about the sources mentioned by Alexikoua.]
S_3: [The speaker intends to critique the reliability of the sources that refer to Souliotes as Chams  suggesting that the claim is weakly supported.]
S_4: [The speaker intends to challenge S_3's assertion by arguing that having 15 sources does not constitute a weak foundation.]
S_3: [The speaker intends to prompt S_4 to reconsider their position by asking if they have read and understood the previous post.]",1,0,False,0.78564453125
298146594.1688.1688,2,"You are an assistant trained to detect early warning signs of toxic behavior in online conversations given only the intentions behind each utterance of the conversation. Predict whether the conversation is likely to result in a personal attack later on. Provide your answer in the format 'ATTACK: YES/NO'

Conversation:
S_0: [The speaker intends to explain their thought process and justify their actions as analytical and fair  while acknowledging a mistake and expressing a desire to improve.]
S_1: [The speaker intends to reassure and compliment the previous speaker by acknowledging their problem-solving skills and providing positive feedback.]",1,1,True,0.91162109375
298654006.10288.10288,2,"You are an assistant trained to detect early warning signs of toxic behavior in online conversations given only the intentions behind each utterance of the conversation. Predict whether the conversation is likely to result in a personal attack later on. Provide your answer in the format 'ATTACK: YES/NO'

Conversation:
S_0: [The speaker intends to request assistance from Sarah in reviewing and improving the article to meet Wikipedia standards.]
S_1: [The speaker intends to inform S_0 about their limitations with coordinates but expresses confidence in having addressed the tag issue and suggests adding photos.]
S_0: [The speaker intends to express gratitude to Sarah and shares a plan to obtain photos in the future.]",0,0,True,0.9111328125
300874517.2367.2367,2,"You are an assistant trained to detect early warning signs of toxic behavior in online conversations given only the intentions behind each utterance of the conversation. Predict whether the conversation is likely to result in a personal attack later on. Provide your answer in the format 'ATTACK: YES/NO'

Conversation:
S_0: [The speaker intends to seek assistance with copyediting and solicit ideas for further development of the article.]",0,0,True,0.9716796875
301551564.18170.18170,2,"You are an assistant trained to detect early warning signs of toxic behavior in online conversations given only the intentions behind each utterance of the conversation. Predict whether the conversation is likely to result in a personal attack later on. Provide your answer in the format 'ATTACK: YES/NO'

Conversation:
S_0: [The speaker intends to request assistance in reviewing the lede of a wiki_link for FLC  acknowledging their own prose quality as a potential area of criticism.]",0,0,True,0.63720703125
304520226.4242.4242,2,"You are an assistant trained to detect early warning signs of toxic behavior in online conversations given only the intentions behind each utterance of the conversation. Predict whether the conversation is likely to result in a personal attack later on. Provide your answer in the format 'ATTACK: YES/NO'

Conversation:
S_0: [The speaker is inquiring about the number of languages the other person speaks and suggesting a more positive edit notice.]",1,0,False,0.9345703125
304918542.0.0,2,"You are an assistant trained to detect early warning signs of toxic behavior in online conversations given only the intentions behind each utterance of the conversation. Predict whether the conversation is likely to result in a personal attack later on. Provide your answer in the format 'ATTACK: YES/NO'

Conversation:
S_0: [The speaker intends to express excitement and share a personal achievement with others.]
S_1: [The speaker intends to relate to S_0's experience by sharing a personal anecdote and express enthusiasm for participating in XfD.]",0,1,False,0.63330078125
306833188.16520.16520,2,"You are an assistant trained to detect early warning signs of toxic behavior in online conversations given only the intentions behind each utterance of the conversation. Predict whether the conversation is likely to result in a personal attack later on. Provide your answer in the format 'ATTACK: YES/NO'

Conversation:
S_0: [The speaker intends to request information about the source of a specific edit made by the listener on a Wikipedia article.]",0,0,True,0.912109375
310191677.7373.7373,2,"You are an assistant trained to detect early warning signs of toxic behavior in online conversations given only the intentions behind each utterance of the conversation. Predict whether the conversation is likely to result in a personal attack later on. Provide your answer in the format 'ATTACK: YES/NO'

Conversation:
S_0: [The speaker intends to inform others about the outcome of a wrestling event and suggests adding this information to an article  while also providing a source for verification.]",0,1,False,0.68798828125
31052958.3908.3908,2,"You are an assistant trained to detect early warning signs of toxic behavior in online conversations given only the intentions behind each utterance of the conversation. Predict whether the conversation is likely to result in a personal attack later on. Provide your answer in the format 'ATTACK: YES/NO'

Conversation:
S_0: [The speaker intends to express gratitude for the assistance received in reverting vandalism and to share confusion and concern about the other user's erratic behavior.]",0,0,True,0.9775390625
314955178.1235.1028,2,"You are an assistant trained to detect early warning signs of toxic behavior in online conversations given only the intentions behind each utterance of the conversation. Predict whether the conversation is likely to result in a personal attack later on. Provide your answer in the format 'ATTACK: YES/NO'

Conversation:
S_0: [The speaker intends to propose a move of the article back to 'Parthian Empire' based on the belief that it is the most common name used in English.]
S_1: [The speaker intends to express a neutral stance on the proposed move  suggesting that there is no harm in leaving the article as it is.]
S_0: [The speaker intends to argue that 'Parthian Empire' is the name used by historians and educators  and therefore should be used on the English Wiki.]",1,1,True,0.76806640625
315025554.6590.6590,2,"You are an assistant trained to detect early warning signs of toxic behavior in online conversations given only the intentions behind each utterance of the conversation. Predict whether the conversation is likely to result in a personal attack later on. Provide your answer in the format 'ATTACK: YES/NO'

Conversation:
S_0: [the speaker intends to collaborate on improving the article and seeks input from others to avoid conflicts.]
S_1: [the speaker intends to criticize the article's content and express dissatisfaction with perceived bias and unfair treatment.]
S_1: [the speaker intends to clarify the nature of the RRQ and correct what they perceive as misinformation in the article.]",1,1,True,0.57177734375
31730626.5117.5117,2,"You are an assistant trained to detect early warning signs of toxic behavior in online conversations given only the intentions behind each utterance of the conversation. Predict whether the conversation is likely to result in a personal attack later on. Provide your answer in the format 'ATTACK: YES/NO'

Conversation:
S_0: [The speaker intends to challenge the inclusion of honorific titles in Wikipedia articles and requests evidence to support their inclusion.]
S_1: [The speaker intends to argue that Wikipedia articles commonly include honorific titles for people who hold them.]",0,0,True,0.94189453125
318141830.5953.5953,2,"You are an assistant trained to detect early warning signs of toxic behavior in online conversations given only the intentions behind each utterance of the conversation. Predict whether the conversation is likely to result in a personal attack later on. Provide your answer in the format 'ATTACK: YES/NO'

Conversation:
S_0: [The speaker intends to inform the other party about the block and provide guidance on how to resolve disputes and potentially contest the block.]
S_1: [The speaker intends to express acceptance of the block but also to communicate dissatisfaction with how the block was implemented.]
S_0: [The speaker intends to offer a resolution by suggesting that the other party can be unblocked if they agree to stop engaging in edit wars.]",0,0,True,0.90625
318884405.42022.42022,2,"You are an assistant trained to detect early warning signs of toxic behavior in online conversations given only the intentions behind each utterance of the conversation. Predict whether the conversation is likely to result in a personal attack later on. Provide your answer in the format 'ATTACK: YES/NO'

Conversation:
S_0: [The speaker seeks advice on handling an edit war affecting a Good Article (GA) review and expresses frustration about the situation.]
S_1: [The speaker advises the speaker to avoid the situation due to potential conflict and shares their opinion on the stability requirement for GA.]
S_0: [The speaker clarifies their awareness of the situation  explains their motivation for taking on the review  and describes the nature of the edit war.]",1,0,False,0.7236328125
320039966.3549.3549,2,"You are an assistant trained to detect early warning signs of toxic behavior in online conversations given only the intentions behind each utterance of the conversation. Predict whether the conversation is likely to result in a personal attack later on. Provide your answer in the format 'ATTACK: YES/NO'

Conversation:
S_0: [The speaker intends to argue for the reinstatement of a criticism section for Enda Kenny by pointing out the existence of a similar section for Brian Cowen.]
S_1: [The speaker intends to question the necessity of a criticism section by asking for guidelines and suggesting a balanced approach with a Praise section.]",0,0,True,0.7939453125
320094336.4883.4883,2,"You are an assistant trained to detect early warning signs of toxic behavior in online conversations given only the intentions behind each utterance of the conversation. Predict whether the conversation is likely to result in a personal attack later on. Provide your answer in the format 'ATTACK: YES/NO'

Conversation:
S_0: [The speaker intends to inform S_1 about the rules regarding edit warring and to warn them about the consequences of continued disruptive behavior.]
S_1: [The speaker intends to acknowledge the warning and express a willingness to comply with the rules  while also expressing frustration about the situation.]
S_1: [The speaker intends to justify their previous actions by providing examples of another user's edits and to express frustration about perceived bias and unfairness in the editing process.]",1,1,True,0.95361328125
320251126.19814.19814,2,"You are an assistant trained to detect early warning signs of toxic behavior in online conversations given only the intentions behind each utterance of the conversation. Predict whether the conversation is likely to result in a personal attack later on. Provide your answer in the format 'ATTACK: YES/NO'

Conversation:
S_0: [The speaker intends to express their disagreement with recent changes to the classification of Crocus species and justify their decision to retain the existing classification by B. Matthew.]
S_1: [The speaker intends to apologize for a mistake in attributing an edit and to clarify their actions regarding the discussion and links related to the topic.]",0,0,True,0.78955078125
321010577.39082.39082,2,"You are an assistant trained to detect early warning signs of toxic behavior in online conversations given only the intentions behind each utterance of the conversation. Predict whether the conversation is likely to result in a personal attack later on. Provide your answer in the format 'ATTACK: YES/NO'

Conversation:
S_0: [The speaker intends to seek clarification and additional information about Dr. A.M. Salzberg and his influence on the TTAPS study.]
S_1: [The speaker intends to express doubt about having made the statement and suggests removing the text.]
S_0: [The speaker intends to acknowledge the mistake and agree to take corrective action.]
S_1: [The speaker intends to empathize with the difficulty of tracking text insertion and suggests the need for a tool.]
S_2: [The speaker intends to agree with the need for a tool and provide additional context about past discussions on the topic.]",0,0,True,0.67236328125
321816439.38850.38850,2,"You are an assistant trained to detect early warning signs of toxic behavior in online conversations given only the intentions behind each utterance of the conversation. Predict whether the conversation is likely to result in a personal attack later on. Provide your answer in the format 'ATTACK: YES/NO'

Conversation:
S_0: [The speaker intends to warn S_1 about the consequences of removing comments and to express confusion and frustration over S_1's actions and attitude.]
S_1: [The speaker intends to justify their actions by labeling the removed content as irrelevant and to assert their view on the purpose of talk pages.]
S_0: [The speaker intends to refute S_1's justification by explaining the norms of talk pages and to challenge S_1's authority to remove comments unilaterally.]",1,1,True,0.9912109375
32302663.8843.8843,2,"You are an assistant trained to detect early warning signs of toxic behavior in online conversations given only the intentions behind each utterance of the conversation. Predict whether the conversation is likely to result in a personal attack later on. Provide your answer in the format 'ATTACK: YES/NO'

Conversation:
S_0: [The speaker intends to express frustration and request that S_1 stop what they perceive as bullying behavior on IRC.]
S_1: [The speaker intends to clarify their issue with S_0's behavior on IRC and explain their actions as a response to S_0's perceived disruptive behavior.]
S_0: [The speaker intends to disagree with S_1's characterization of their behavior and accuse S_1 of abusing their authority and acting in a discriminatory manner.]",1,1,True,0.9873046875
323279527.11312.11312,2,"You are an assistant trained to detect early warning signs of toxic behavior in online conversations given only the intentions behind each utterance of the conversation. Predict whether the conversation is likely to result in a personal attack later on. Provide your answer in the format 'ATTACK: YES/NO'

Conversation:
S_0: [The speaker intends to inform and guide the listener on the appropriate use of talk pages and where to direct specific questions.]
S_1: [The speaker intends to make a personal remark about the listener's social life and express an attempt to be friendly.]",1,1,True,0.83251953125
325131722.25402.25402,2,"You are an assistant trained to detect early warning signs of toxic behavior in online conversations given only the intentions behind each utterance of the conversation. Predict whether the conversation is likely to result in a personal attack later on. Provide your answer in the format 'ATTACK: YES/NO'

Conversation:
S_0: [The speaker intends to request the removal of offensive comments that appear when hovering over a picture.]",0,1,False,0.779296875
326717186.115.115,2,"You are an assistant trained to detect early warning signs of toxic behavior in online conversations given only the intentions behind each utterance of the conversation. Predict whether the conversation is likely to result in a personal attack later on. Provide your answer in the format 'ATTACK: YES/NO'

Conversation:
S_0: [The speaker intends to inform the listener of their decision to recuse themselves as a mentor due to the election rivalry and to offer good luck and advice.]
S_1: [The speaker intends to acknowledge the decision and reciprocate the good luck wishes  while expressing a belief that the speaker may need more luck.]",0,0,True,0.82763671875
327255584.24.24,2,"You are an assistant trained to detect early warning signs of toxic behavior in online conversations given only the intentions behind each utterance of the conversation. Predict whether the conversation is likely to result in a personal attack later on. Provide your answer in the format 'ATTACK: YES/NO'

Conversation:
S_0: [The speaker intends to acknowledge the other person's effort in patrolling the article but also to inform them about the correct procedure for handling inappropriate articles.]
S_1: [The speaker intends to apologize for their aggressive behavior and express a belief that the article will be deleted soon.]",1,1,True,0.59228515625
329982461.421.421,2,"You are an assistant trained to detect early warning signs of toxic behavior in online conversations given only the intentions behind each utterance of the conversation. Predict whether the conversation is likely to result in a personal attack later on. Provide your answer in the format 'ATTACK: YES/NO'

Conversation:
S_0: [The speaker intends to request the use of the talk page for discussions and seeks clarification on why Korn is not considered metal.]",0,1,False,0.85107421875
331383074.15202.15202,2,"You are an assistant trained to detect early warning signs of toxic behavior in online conversations given only the intentions behind each utterance of the conversation. Predict whether the conversation is likely to result in a personal attack later on. Provide your answer in the format 'ATTACK: YES/NO'

Conversation:
S_0: [The speaker intends to inform S_1 about the guidelines and express uncertainty about the distinction between a threat and a warning.]
S_1: [The speaker intends to convey the importance of context and common sense in interpreting Wikipedia's rules and advocate for keeping the rules concise.]
S_2: [The speaker intends to offer good luck to S_0  share a personal observation  and make a humorous remark about a situation involving external links.]",0,0,True,0.71435546875
331688351.9969.9969,2,"You are an assistant trained to detect early warning signs of toxic behavior in online conversations given only the intentions behind each utterance of the conversation. Predict whether the conversation is likely to result in a personal attack later on. Provide your answer in the format 'ATTACK: YES/NO'

Conversation:
S_0: [The speaker is seeking opinions or predictions about their chances of receiving less than 25% support in the ArbCom election.]
S_1: [The speaker is making a humorous remark about potential vote manipulation involving Chinese socks.]
S_0: [The speaker is clarifying the conditions under which they are considering the election results.]
S_2: [The speaker is offering their prediction on the speaker's election support percentage.]
S_1: [The speaker is providing their own prediction and humorously suggesting a high percentage due to secret ballots  while also joking about a potential payoff method.]
S_3: [The speaker is offering a candid opinion on the speaker's election prospects and reflecting on the impact of negative campaigning  while also suggesting a humorous userbox idea.]
S_0: [The speaker is expressing gratitude and reflecting on their effectiveness as an independent operator  suggesting a preference for not being part of a committee.]
S_3: [The speaker is sharing a personal experience about the relief of deciding not to run in elections again.]
S_1: [The speaker is complimenting another participant and expressing agreement with the idea of a humorous userbox.]",1,0,False,0.72216796875
334352973.10403.10403,2,"You are an assistant trained to detect early warning signs of toxic behavior in online conversations given only the intentions behind each utterance of the conversation. Predict whether the conversation is likely to result in a personal attack later on. Provide your answer in the format 'ATTACK: YES/NO'

Conversation:
S_0: [The speaker intends to question the reason behind the reversion of their changes and to justify their edits by explaining the purpose of having alternative colors.]
S_1: [The speaker intends to express their opinion that some of the changes do not look good  implying a justification for reverting them.]
S_0: [The speaker intends to warn the other party about the rules regarding edit reversions and the potential consequences of continued disruptive behavior  while also suggesting a collaborative approach to resolve the dispute.]",1,1,True,0.94384765625
33441878.11516.11516,2,"You are an assistant trained to detect early warning signs of toxic behavior in online conversations given only the intentions behind each utterance of the conversation. Predict whether the conversation is likely to result in a personal attack later on. Provide your answer in the format 'ATTACK: YES/NO'

Conversation:
S_0: [The speaker intends to clarify their perspective on the impact of nuclear attacks  specifically focusing on the effects of nuclear radiation and its long-term consequences  and requests the other person to explain their position coherently for further discussion.]",1,0,False,0.689453125
334586852.16024.16024,2,"You are an assistant trained to detect early warning signs of toxic behavior in online conversations given only the intentions behind each utterance of the conversation. Predict whether the conversation is likely to result in a personal attack later on. Provide your answer in the format 'ATTACK: YES/NO'

Conversation:
S_0: [The speaker intends to inquire if Susan has looked at something  possibly expecting a response or confirmation.]",1,0,False,0.73486328125
335630795.5362.5362,2,"You are an assistant trained to detect early warning signs of toxic behavior in online conversations given only the intentions behind each utterance of the conversation. Predict whether the conversation is likely to result in a personal attack later on. Provide your answer in the format 'ATTACK: YES/NO'

Conversation:
S_0: [The speaker is uncertain about the appropriate placement of the content.]
S_1: [The speaker intends to inform about the action taken by placing the content in the history section.]
S_2: [The speaker intends to express disagreement with the inclusion of the content in the article.]
S_1: [The speaker intends to justify the inclusion of the content by highlighting its impact on the town centre.]
S_3: [The speaker intends to challenge the claim of considerable change by downplaying the impact.]
S_1: [The speaker intends to provide evidence of the impact to support their claim.]",1,1,True,0.859375
336323359.6050.6050,2,"You are an assistant trained to detect early warning signs of toxic behavior in online conversations given only the intentions behind each utterance of the conversation. Predict whether the conversation is likely to result in a personal attack later on. Provide your answer in the format 'ATTACK: YES/NO'

Conversation:
S_0: [The speaker intends to question the true focus and intentions of the organization described in the article  suggesting that their actions are more aligned with piracy or terrorism rather than marine conservation.]
S_1: [The speaker intends to challenge S_0's argument by suggesting that the organization's actions are justified if they are directed against those causing severe environmental damage  drawing a parallel to police using violence to maintain order.]",0,0,True,0.6689453125
338290689.2590.2590,2,"You are an assistant trained to detect early warning signs of toxic behavior in online conversations given only the intentions behind each utterance of the conversation. Predict whether the conversation is likely to result in a personal attack later on. Provide your answer in the format 'ATTACK: YES/NO'

Conversation:
S_0: [The speaker intends to assert their perceived right to remove content they added to an article and requests the other person to revert their changes.]
S_1: [The speaker intends to challenge the previous speaker's claim of ownership over the article and seeks justification for the removal of relevant and properly cited information.]",0,1,False,0.81298828125
339700149.26824.26824,2,"You are an assistant trained to detect early warning signs of toxic behavior in online conversations given only the intentions behind each utterance of the conversation. Predict whether the conversation is likely to result in a personal attack later on. Provide your answer in the format 'ATTACK: YES/NO'

Conversation:
S_0: [the speaker intends to provide a reference or example by mentioning ""the other one"" and including a wiki link.]
S_1: [the speaker intends to acknowledge the completion of a task or request.]",1,1,True,0.76611328125
342127193.2653.2653,2,"You are an assistant trained to detect early warning signs of toxic behavior in online conversations given only the intentions behind each utterance of the conversation. Predict whether the conversation is likely to result in a personal attack later on. Provide your answer in the format 'ATTACK: YES/NO'

Conversation:
S_0: [The speaker intends to express frustration and accuse the other person of creating their user page without permission and falsely accusing them of being a sock puppet.]
S_1: [The speaker intends to advise the other person not to accuse others of sockpuppetry without taking formal action and to request notification if they do take it to SPI.]
S_2: [The speaker intends to inform the other person that they have tagged the issue and plan to pursue it  expressing confidence that their actions will be justified.]",1,1,True,0.78369140625
343780972.17985.17985,2,"You are an assistant trained to detect early warning signs of toxic behavior in online conversations given only the intentions behind each utterance of the conversation. Predict whether the conversation is likely to result in a personal attack later on. Provide your answer in the format 'ATTACK: YES/NO'

Conversation:
S_0: [The speaker intends to express frustration and assert boundaries by asking the other person to stop placing unwarranted warnings on their talk page.]
S_1: [The speaker intends to clarify their position and warn the other person about potential consequences if disruptive behavior continues.]",1,1,True,0.89306640625
34475659.60604.60604,2,"You are an assistant trained to detect early warning signs of toxic behavior in online conversations given only the intentions behind each utterance of the conversation. Predict whether the conversation is likely to result in a personal attack later on. Provide your answer in the format 'ATTACK: YES/NO'

Conversation:
S_0: [The speaker intends to propose merging content due to similarity with another entry.]
S_1: [The speaker intends to express confusion and seek clarification about the term ""Ahwazi"" and highlight the omission of other groups in the article.]
S_0: [The speaker intends to provide information about a UNCHR report and suggest that S_1 conduct research instead of criticizing others' work.]
S_1: [The speaker intends to express concern about perceived racism in the articles and argue that government actions do not equate to societal racism.]
S_0: [The speaker intends to clarify their position and encourage S_1 to make constructive edits if they perceive bias.]",1,0,False,0.7001953125
348174780.2482.2482,2,"You are an assistant trained to detect early warning signs of toxic behavior in online conversations given only the intentions behind each utterance of the conversation. Predict whether the conversation is likely to result in a personal attack later on. Provide your answer in the format 'ATTACK: YES/NO'

Conversation:
S_0: [the speaker intends to provide information about the artwork ""The Fortune Teller"" and its details.]
S_1: [the speaker intends to express gratitude and appreciation for the information provided  and to share their interest and discovery of the artwork.]",0,0,True,0.73388671875
353915416.4547.4547,2,"You are an assistant trained to detect early warning signs of toxic behavior in online conversations given only the intentions behind each utterance of the conversation. Predict whether the conversation is likely to result in a personal attack later on. Provide your answer in the format 'ATTACK: YES/NO'

Conversation:
S_0: [The speaker intends to express concern about the inappropriate use of a template on articles and suggests a more appropriate usage.]
S_1: [The speaker intends to agree with the previous speaker and provide an example of appropriate template usage  advocating for its removal where unnecessary.]",0,0,True,0.83251953125
354516519.5971.5971,2,"You are an assistant trained to detect early warning signs of toxic behavior in online conversations given only the intentions behind each utterance of the conversation. Predict whether the conversation is likely to result in a personal attack later on. Provide your answer in the format 'ATTACK: YES/NO'

Conversation:
S_0: [The speaker intends to instruct the listener not to use rollback for good faith edits and to refer them to additional information.]",0,0,True,0.65087890625
354819466.3462.3462,2,"You are an assistant trained to detect early warning signs of toxic behavior in online conversations given only the intentions behind each utterance of the conversation. Predict whether the conversation is likely to result in a personal attack later on. Provide your answer in the format 'ATTACK: YES/NO'

Conversation:
S_0: [The speaker seeks clarification on whether breaking a restriction is permissible in the context of addressing perceived vandalism and expresses feeling stuck due to inability to take further action.]
S_1: [The speaker aims to clarify the nature of the issue  suggesting it is a content dispute rather than vandalism  and advises the speaker to resolve it through discussion on the article talk page.]
S_0: [The speaker clarifies their reference to a specific comment and questions whether inserting biased content without references constitutes vandalism  while expressing gratitude.]",1,0,False,0.87353515625
36100874.3751.3751,2,"You are an assistant trained to detect early warning signs of toxic behavior in online conversations given only the intentions behind each utterance of the conversation. Predict whether the conversation is likely to result in a personal attack later on. Provide your answer in the format 'ATTACK: YES/NO'

Conversation:
S_0: [The speaker intends to question the legitimacy of the activity by highlighting a perceived deviation from its original purpose.]
S_1: [The speaker intends to correct misinformation and express satisfaction with recent accurate updates  while criticizing previous inaccuracies.]
S_0: [The speaker intends to suggest that there may be regional differences in understanding or practice.]",1,0,False,0.810546875
36453327.8448.8448,2,"You are an assistant trained to detect early warning signs of toxic behavior in online conversations given only the intentions behind each utterance of the conversation. Predict whether the conversation is likely to result in a personal attack later on. Provide your answer in the format 'ATTACK: YES/NO'

Conversation:
S_0: [The speaker intends to clarify the source of the information being discussed.]
S_1: [The speaker intends to inform that they have corrected the wording and clarify the situation regarding Harper's announcement.]",0,0,True,0.51416015625
365677498.902.902,2,"You are an assistant trained to detect early warning signs of toxic behavior in online conversations given only the intentions behind each utterance of the conversation. Predict whether the conversation is likely to result in a personal attack later on. Provide your answer in the format 'ATTACK: YES/NO'

Conversation:
S_0: [The speaker expresses gratitude and relief  and humorously inquires about the other person's bureaucratic status.]
S_1: [The speaker acknowledges the gratitude and clarifies their current status regarding the bureaucratic position.]",1,0,False,0.90625
370823035.9442.9442,2,"You are an assistant trained to detect early warning signs of toxic behavior in online conversations given only the intentions behind each utterance of the conversation. Predict whether the conversation is likely to result in a personal attack later on. Provide your answer in the format 'ATTACK: YES/NO'

Conversation:
S_0: [The speaker requests assistance in linking their talk page to increase visibility and monitoring by other users.]
S_1: [The speaker confirms that they have completed the requested action.]
S_2: [The speaker informs that they are also monitoring the page  expressing support or camaraderie.]",0,0,True,0.87060546875
373143411.24663.24663,2,"You are an assistant trained to detect early warning signs of toxic behavior in online conversations given only the intentions behind each utterance of the conversation. Predict whether the conversation is likely to result in a personal attack later on. Provide your answer in the format 'ATTACK: YES/NO'

Conversation:
S_0: [the speaker intends to acknowledge that they have fulfilled a request.]",0,0,True,0.76220703125
380375178.1794.1770,2,"You are an assistant trained to detect early warning signs of toxic behavior in online conversations given only the intentions behind each utterance of the conversation. Predict whether the conversation is likely to result in a personal attack later on. Provide your answer in the format 'ATTACK: YES/NO'

Conversation:
S_0: [The speaker intends to justify their calculation and assert that their method of determining the percentage is correct.]
S_1: [The speaker intends to challenge the speaker's calculation and express disagreement  suggesting that the speaker's math is incorrect.]
S_0: [The speaker intends to clarify their method of calculation and emphasize their understanding of the percentage calculation.]",1,1,True,0.931640625
380385099.14557.14557,2,"You are an assistant trained to detect early warning signs of toxic behavior in online conversations given only the intentions behind each utterance of the conversation. Predict whether the conversation is likely to result in a personal attack later on. Provide your answer in the format 'ATTACK: YES/NO'

Conversation:
S_0: [The speaker intends to propose a fair voting process by suggesting that votes for a specific configuration should not count towards the general consensus.]
S_1: [The speaker intends to express disagreement with the proposal  believing it would disenfranchise voters.]
S_2: [The speaker intends to criticize the current voting process as overly complicated and potentially misleading to voters.]
S_3: [The speaker intends to clarify their understanding of the consensus among keep voters and suggests starting a collection of names for those who object to the format.]
S_1: [The speaker intends to provide evidence of support for starting over by listing individuals who agree with this approach.]
S_3: [The speaker intends to downplay the significance of the support for starting over by highlighting the small percentage of commenters in favor.]
S_4: [The speaker intends to question the effectiveness of starting over by pointing out the existing majority support for continuing.]
S_1: [The speaker intends to argue that starting over would remove bias and improve the poll's integrity.]
S_4: [The speaker intends to express skepticism about the presence of bias by suggesting that the majority support would remain even with fewer options.]",0,0,True,0.9267578125
380436157.75736.75736,2,"You are an assistant trained to detect early warning signs of toxic behavior in online conversations given only the intentions behind each utterance of the conversation. Predict whether the conversation is likely to result in a personal attack later on. Provide your answer in the format 'ATTACK: YES/NO'

Conversation:
S_0: [The speaker expresses anticipation or curiosity about the upcoming interaction or topic.]
S_1: [The speaker intends to inform the other party about the temporary block and provide instructions on how to appeal it.]",1,0,False,0.90087890625
385094460.21968.21968,2,"You are an assistant trained to detect early warning signs of toxic behavior in online conversations given only the intentions behind each utterance of the conversation. Predict whether the conversation is likely to result in a personal attack later on. Provide your answer in the format 'ATTACK: YES/NO'

Conversation:
S_0: [The speaker intends to express frustration about the lack of consensus and the perceived ineffectiveness of debates regarding the Transformers articles.]
S_1: [The speaker intends to clarify their position on the issue and argue against the complete removal of the Toys section without providing a suitable replacement.]
S_0: [The speaker intends to argue that most of the information in the Toys section is not valuable and should not be kept just for the sake of having content.]",1,1,True,0.681640625
386464525.11029.11029,2,"You are an assistant trained to detect early warning signs of toxic behavior in online conversations given only the intentions behind each utterance of the conversation. Predict whether the conversation is likely to result in a personal attack later on. Provide your answer in the format 'ATTACK: YES/NO'

Conversation:
S_0: [The speaker intends to issue a stern warning to the other participant about their disruptive behavior and the consequences of continuing such behavior.]
S_1: [The speaker intends to deny the accusation of making personal attacks and requests the other participant to correct their statements.]",1,1,True,0.89990234375
387033433.19939.19939,2,"You are an assistant trained to detect early warning signs of toxic behavior in online conversations given only the intentions behind each utterance of the conversation. Predict whether the conversation is likely to result in a personal attack later on. Provide your answer in the format 'ATTACK: YES/NO'

Conversation:
S_0: [The speaker intends to propose a plan for progressing with nominations and achieving Featured Article status for certain articles.]
S_1: [The speaker intends to outline a plan for achieving Good Article status as a preliminary step towards Featured Article status.]
S_0: [The speaker intends to express willingness to contribute by finding information on the Karl's.]
S_1: [The speaker intends to inform about their plan to nominate the Karl's class article and the tasks needed to complete it.]
S_0: [The speaker intends to inquire about the possibility of nominating sEvastopol for Good Article status.]
S_1: [The speaker intends to express that while sEvastopol could potentially reach Good Article status  the priority should be on completing the Austrian-Hungarian battleships.]",0,0,True,0.818359375
388451619.9829.9829,2,"You are an assistant trained to detect early warning signs of toxic behavior in online conversations given only the intentions behind each utterance of the conversation. Predict whether the conversation is likely to result in a personal attack later on. Provide your answer in the format 'ATTACK: YES/NO'

Conversation:
S_0: [The speaker intends to express frustration and seek clarification on the rules being applied to their edits  while also questioning the actions of another user  NPGUY.]
S_1: [The speaker intends to inform S_0 about the Wikipedia policy regarding challenged edits and warn them about the consequences of not adhering to this policy.]
S_0: [The speaker intends to defend their actions by arguing that there is no consensus and accusing S_1 of bias  while also referencing an ongoing discussion about the topic.]",1,1,True,0.865234375
389818784.1675.1675,2,"You are an assistant trained to detect early warning signs of toxic behavior in online conversations given only the intentions behind each utterance of the conversation. Predict whether the conversation is likely to result in a personal attack later on. Provide your answer in the format 'ATTACK: YES/NO'

Conversation:
S_0: [The speaker seeks feedback and clarification on the edits and their clarity  and desires an opinion from someone familiar with Wikipedia projects.]
S_1: [The speaker intends to provide constructive criticism and advice on how to improve contributions  while also suggesting a more effective approach to content creation.]
S_0: [The speaker clarifies a misunderstanding and expresses frustration  indicating a desire to move past the issue.]
S_1: [The speaker seeks clarification on the previous statement and encourages proactive contributions  while also expressing curiosity about the speaker's engagement with a specific article.]
S_0: [The speaker clarifies that the problematic edits were made by someone else and expresses dissatisfaction with the quality of those edits.]
S_1: [The speaker suggests taking action against the problematic edits and encourages more productive activities on Wikipedia.]",0,1,False,0.8701171875
390604951.276.276,2,"You are an assistant trained to detect early warning signs of toxic behavior in online conversations given only the intentions behind each utterance of the conversation. Predict whether the conversation is likely to result in a personal attack later on. Provide your answer in the format 'ATTACK: YES/NO'

Conversation:
S_0: [The speaker intends to express their viewpoint on atheism and political situations  and to clarify a previous statement.]
S_1: [The speaker intends to redirect the conversation to a more appropriate forum and advise the other speaker on their argument approach.]
S_0: [The speaker intends to question the need for public discussion and seek clarification on the reasoning behind being accused of vandalism.]",1,1,True,0.6484375
39263417.193.193,2,"You are an assistant trained to detect early warning signs of toxic behavior in online conversations given only the intentions behind each utterance of the conversation. Predict whether the conversation is likely to result in a personal attack later on. Provide your answer in the format 'ATTACK: YES/NO'

Conversation:
S_0: [The speaker is seeking consensus or approval from others to remove the bullet points from the article  suggesting that the information is redundant.]",0,0,True,0.99365234375
392929872.1644.1644,2,"You are an assistant trained to detect early warning signs of toxic behavior in online conversations given only the intentions behind each utterance of the conversation. Predict whether the conversation is likely to result in a personal attack later on. Provide your answer in the format 'ATTACK: YES/NO'

Conversation:
S_0: [The speaker intends to acknowledge and appreciate the contributions of Seb az86556 by declaring them an ""Awesome Wikipedian"" and encouraging them to enjoy their recognition.]",0,0,True,0.9892578125
397534423.3736.3736,2,"You are an assistant trained to detect early warning signs of toxic behavior in online conversations given only the intentions behind each utterance of the conversation. Predict whether the conversation is likely to result in a personal attack later on. Provide your answer in the format 'ATTACK: YES/NO'

Conversation:
S_0: [The speaker intends to inquire about the reason behind the other person's actions of reverting edits and then reverting themselves.]",0,0,True,0.9287109375
398530287.4835.4835,2,"You are an assistant trained to detect early warning signs of toxic behavior in online conversations given only the intentions behind each utterance of the conversation. Predict whether the conversation is likely to result in a personal attack later on. Provide your answer in the format 'ATTACK: YES/NO'

Conversation:
S_0: [The speaker intends to justify the inclusion of a detailed demographic table in the article and to express frustration over its removal.]
S_1: [The speaker intends to criticize the addition of the large demographic table and suggest an alternative approach by using the talk page for further discussion.]",0,1,False,0.93701171875
399023872.13288.13288,2,"You are an assistant trained to detect early warning signs of toxic behavior in online conversations given only the intentions behind each utterance of the conversation. Predict whether the conversation is likely to result in a personal attack later on. Provide your answer in the format 'ATTACK: YES/NO'

Conversation:
S_0: [The speaker intends to inform others about their recent actions of merging articles and seeks feedback on their plan to continue this approach.]
S_1: [The speaker intends to express agreement with the approach and suggests that similar actions should be considered for another article.]",0,0,True,0.9482421875
402880641.5613.5613,2,"You are an assistant trained to detect early warning signs of toxic behavior in online conversations given only the intentions behind each utterance of the conversation. Predict whether the conversation is likely to result in a personal attack later on. Provide your answer in the format 'ATTACK: YES/NO'

Conversation:
S_0: [The speaker intends to remind the other person about the wiki guidelines and warn them about their reverts.]
S_1: [The speaker intends to assert awareness of their actions and warn the other person about potential consequences if they continue their behavior.]
S_2: [The speaker intends to address a suspicion and suggest a formal process (SPI) to resolve it.]",1,1,True,0.88330078125
405203967.177.177,2,"You are an assistant trained to detect early warning signs of toxic behavior in online conversations given only the intentions behind each utterance of the conversation. Predict whether the conversation is likely to result in a personal attack later on. Provide your answer in the format 'ATTACK: YES/NO'

Conversation:
S_0: [The speaker is hesitating or pausing before responding.]
S_1: [The speaker is pointing out that the other person included certain users in a discussion.]",0,0,True,0.8251953125
412002771.233.233,2,"You are an assistant trained to detect early warning signs of toxic behavior in online conversations given only the intentions behind each utterance of the conversation. Predict whether the conversation is likely to result in a personal attack later on. Provide your answer in the format 'ATTACK: YES/NO'

Conversation:
S_0: [The speaker intends to request the other person to reduce the intensity of their criticism and to express their opinion that the misinterpretation was likely an isolated incident.]",0,1,False,0.86376953125
414361617.39409.39409,2,"You are an assistant trained to detect early warning signs of toxic behavior in online conversations given only the intentions behind each utterance of the conversation. Predict whether the conversation is likely to result in a personal attack later on. Provide your answer in the format 'ATTACK: YES/NO'

Conversation:
S_0: [The speaker intends to seek permission to revert edits and explain the rationale for doing so.]
S_1: [The speaker intends to give conditional approval for the reversion and provide guidance on how to proceed.]",0,1,False,0.6162109375
415904575.5856.5856,2,"You are an assistant trained to detect early warning signs of toxic behavior in online conversations given only the intentions behind each utterance of the conversation. Predict whether the conversation is likely to result in a personal attack later on. Provide your answer in the format 'ATTACK: YES/NO'

Conversation:
S_0: [The speaker intends to request that the other person stop reverting their use of bullet points and to justify their use by citing examples of administrators who use them.]
S_1: [The speaker intends to express disagreement with the use of bullet points  arguing that they disrupt the flow of conversation and asserting their own perspective on reasonable discussion practices.]",1,1,True,0.76611328125
417942032.1855.1855,2,"You are an assistant trained to detect early warning signs of toxic behavior in online conversations given only the intentions behind each utterance of the conversation. Predict whether the conversation is likely to result in a personal attack later on. Provide your answer in the format 'ATTACK: YES/NO'

Conversation:
S_0: [The speaker intends to express their opinion that the article should be deleted due to insufficient information and to acknowledge the other person's editing skills.]
S_1: [The speaker intends to inform the other person that they have the option to nominate the article for deletion.]
S_0: [The speaker intends to explain their actions and seek the other person's opinion on the article.]
S_1: [The speaker intends to provide a counterpoint by mentioning a similar situation where an article was kept.]
S_0: [The speaker intends to justify their opinion by explaining why the article is unnecessary and to suggest another article for deletion.]",0,1,False,0.755859375
418301485.10.0,2,"You are an assistant trained to detect early warning signs of toxic behavior in online conversations given only the intentions behind each utterance of the conversation. Predict whether the conversation is likely to result in a personal attack later on. Provide your answer in the format 'ATTACK: YES/NO'

Conversation:
S_0: [The speaker intends to inform the listener about their involvement in a case and instruct them to review the evidence on the wiki_link before making any edits.]
S_1: [The speaker intends to express sarcasm or frustration about the recurring involvement of the wiki_linker.]",1,1,True,0.9404296875
421718962.55161.55161,2,"You are an assistant trained to detect early warning signs of toxic behavior in online conversations given only the intentions behind each utterance of the conversation. Predict whether the conversation is likely to result in a personal attack later on. Provide your answer in the format 'ATTACK: YES/NO'

Conversation:
S_0: [the speaker seeks confirmation about the exemption status of certain organizations from a naming agreement.]
S_1: [the speaker confirms the exemption status of the organizations mentioned by the previous speaker.]
S_2: [the speaker reaffirms the confirmation and adds additional information about another organization that is also exempt.]",0,0,True,0.68212890625
424701107.5106.5106,2,"You are an assistant trained to detect early warning signs of toxic behavior in online conversations given only the intentions behind each utterance of the conversation. Predict whether the conversation is likely to result in a personal attack later on. Provide your answer in the format 'ATTACK: YES/NO'

Conversation:
S_0: [The speaker intends to suggest that the sections on the Rhineland and Westphalia should be more concise.]",0,0,True,0.75830078125
425858175.334.334,2,"You are an assistant trained to detect early warning signs of toxic behavior in online conversations given only the intentions behind each utterance of the conversation. Predict whether the conversation is likely to result in a personal attack later on. Provide your answer in the format 'ATTACK: YES/NO'

Conversation:
S_0: [The speaker intends to warn the listener about the rejection of creationist sources on Wikipedia and the potential consequences of persisting in using them.]
S_1: [The speaker intends to criticize the previous statement as flawed and to accuse the speaker of making a personal attack.]",1,1,True,0.99755859375
427144172.5631.5631,2,"You are an assistant trained to detect early warning signs of toxic behavior in online conversations given only the intentions behind each utterance of the conversation. Predict whether the conversation is likely to result in a personal attack later on. Provide your answer in the format 'ATTACK: YES/NO'

Conversation:
S_0: [The speaker intends to defend their decision-making process and caution the other party about making accusations of carelessness.]
S_1: [The speaker intends to criticize the other party's understanding and decision-making regarding image deletion.]
S_0: [The speaker intends to assert their understanding of the criteria and highlight the other party's failure to provide a proper explanation.]",1,1,True,0.69384765625
43253452.24.24,2,"You are an assistant trained to detect early warning signs of toxic behavior in online conversations given only the intentions behind each utterance of the conversation. Predict whether the conversation is likely to result in a personal attack later on. Provide your answer in the format 'ATTACK: YES/NO'

Conversation:
S_0: [The speaker intends to warn the other person about the consequences of repeatedly undoing edits and to inform them about Wikipedia's rules regarding reversion.]
S_1: [The speaker intends to justify their actions by explaining the history and context of the edits  and to express suspicion about the other user's intentions and actions.]",0,1,False,0.9541015625
433130034.562.562,2,"You are an assistant trained to detect early warning signs of toxic behavior in online conversations given only the intentions behind each utterance of the conversation. Predict whether the conversation is likely to result in a personal attack later on. Provide your answer in the format 'ATTACK: YES/NO'

Conversation:
S_0: [The speaker intends to commend the other person for their effective vandalism reversion and to suggest a tool that could make the process easier. The speaker also seeks clarification on whether their edit was considered vandalism and requests feedback on their actions.]
S_1: [The speaker intends to refute the claim made by S_0 about the talk page discussion and to correct the perceived misinformation regarding the removal of referenced content.]
S_2: [The speaker intends to defend their previous actions by providing additional context from the talk page and to argue that the subject is opinionated  offering to provide further reading material.]",0,1,False,0.73828125
43745232.30298.30298,2,"You are an assistant trained to detect early warning signs of toxic behavior in online conversations given only the intentions behind each utterance of the conversation. Predict whether the conversation is likely to result in a personal attack later on. Provide your answer in the format 'ATTACK: YES/NO'

Conversation:
S_0: [The speaker seeks information about the tribunal's reasoning for denying leave for medical treatment.]",0,0,True,0.96923828125
43997024.4507.4507,2,"You are an assistant trained to detect early warning signs of toxic behavior in online conversations given only the intentions behind each utterance of the conversation. Predict whether the conversation is likely to result in a personal attack later on. Provide your answer in the format 'ATTACK: YES/NO'

Conversation:
S_0: [The speaker intends to advise the other person to avoid conflict and not get upset over the situation.]
S_1: [The speaker intends to express agreement with the advice but also to criticize the other person involved  using a metaphor to emphasize their point.]",1,1,True,0.94482421875
447006430.3642.3642,2,"You are an assistant trained to detect early warning signs of toxic behavior in online conversations given only the intentions behind each utterance of the conversation. Predict whether the conversation is likely to result in a personal attack later on. Provide your answer in the format 'ATTACK: YES/NO'

Conversation:
S_0: [The speaker intends to express amusement and perhaps relief about the nature of the edit war.]
S_1: [The speaker intends to agree with S_0 and express relief that the edit war is over  while also suggesting it ended in a draw.]",1,0,False,0.927734375
454574584.2270.2270,2,"You are an assistant trained to detect early warning signs of toxic behavior in online conversations given only the intentions behind each utterance of the conversation. Predict whether the conversation is likely to result in a personal attack later on. Provide your answer in the format 'ATTACK: YES/NO'

Conversation:
S_0: [The speaker intends to inform the recipient about their temporary block from editing due to a violation and provide guidance on how to resolve disputes and request an unblock.]
S_1: [The speaker intends to express their decision not to review the request and emphasize the importance of understanding why edit warring is wrong  suggesting that discussion should replace edit warring.]
S_2: [The speaker intends to explain their actions as a mistake and justify their edits as attempts to resolve a dispute  while pointing out perceived unfairness in the handling of another user's actions.]
S_3: [The speaker intends to clarify the nature of the recipient's edit warring and explain why their actions are considered problematic  emphasizing that changing the location of edits does not reset the violation.]",0,0,True,0.83203125
45637553.11402.11402,2,"You are an assistant trained to detect early warning signs of toxic behavior in online conversations given only the intentions behind each utterance of the conversation. Predict whether the conversation is likely to result in a personal attack later on. Provide your answer in the format 'ATTACK: YES/NO'

Conversation:
S_0: [The speaker expresses a desire to give a barnstar but admits a lack of knowledge on how to do it.]
S_1: [The speaker provides a solution by directing the speaker to a resource for learning how to give a barnstar.]
S_0: [The speaker expresses gratitude for the information provided.]",1,0,False,0.65185546875
456447215.3006.3006,2,"You are an assistant trained to detect early warning signs of toxic behavior in online conversations given only the intentions behind each utterance of the conversation. Predict whether the conversation is likely to result in a personal attack later on. Provide your answer in the format 'ATTACK: YES/NO'

Conversation:
S_0: [The speaker intends to express concern about the inclusion of poorly sourced and contentious content in a Wikipedia article about a living person and to emphasize the importance of using reliable secondary sources.]
S_1: [The speaker intends to seek clarification on the specific objections to the content and sources  expressing uncertainty about the problem and requesting examples.]
S_0: [The speaker intends to clarify their objection by stating that the sources do not support the material and emphasizing the need for reliable secondary sources when discussing political views in a BLP.]",0,1,False,0.560546875
45840287.7863.7863,2,"You are an assistant trained to detect early warning signs of toxic behavior in online conversations given only the intentions behind each utterance of the conversation. Predict whether the conversation is likely to result in a personal attack later on. Provide your answer in the format 'ATTACK: YES/NO'

Conversation:
S_0: [The speaker intends to inform the recipient about the block on their Wikipedia account and provide instructions on how to contest it  while warning against erasing warnings.]
S_1: [The speaker intends to issue a final warning to the recipient about their behavior on Wikipedia  indicating that further violations will result in being blocked.]
S_2: [The speaker intends to warn the recipient to stop vandalizing Wikipedia pages  emphasizing the consequences of continued behavior and reiterating the finality of the warning.]",0,1,False,0.85205078125
47138769.27099.27099,2,"You are an assistant trained to detect early warning signs of toxic behavior in online conversations given only the intentions behind each utterance of the conversation. Predict whether the conversation is likely to result in a personal attack later on. Provide your answer in the format 'ATTACK: YES/NO'

Conversation:
S_0: [The speaker intends to inform S_1 about the article needing attention and to request S_1 to review the added links and consider further improvements.]",0,0,True,0.9296875
471417618.10851.10851,2,"You are an assistant trained to detect early warning signs of toxic behavior in online conversations given only the intentions behind each utterance of the conversation. Predict whether the conversation is likely to result in a personal attack later on. Provide your answer in the format 'ATTACK: YES/NO'

Conversation:
S_0: [The speaker intends to explain their rationale for reverting the edit and to emphasize the importance of tags for article improvement.]
S_1: [The speaker intends to express their opinion that the article's appearance is more important than the presence of the tag.]
S_0: [The speaker intends to refute S_1's argument by emphasizing the importance of content over appearance.]
S_1: [The speaker intends to assert their belief that the article is acceptable and that the tag negatively impacts the reader's experience.]
S_0: [The speaker intends to express surprise at S_1's actions given their admin status and to highlight the importance of understanding article tags.]",1,0,False,0.517578125
471462827.1311.1311,2,"You are an assistant trained to detect early warning signs of toxic behavior in online conversations given only the intentions behind each utterance of the conversation. Predict whether the conversation is likely to result in a personal attack later on. Provide your answer in the format 'ATTACK: YES/NO'

Conversation:
S_0: [The speaker intends to clarify their actions regarding the insertion of a new topic heading and express irritation about certain terms used in the discussion.]",0,0,True,0.54541015625
48096378.1094.1094,2,"You are an assistant trained to detect early warning signs of toxic behavior in online conversations given only the intentions behind each utterance of the conversation. Predict whether the conversation is likely to result in a personal attack later on. Provide your answer in the format 'ATTACK: YES/NO'

Conversation:
S_0: [The speaker intends to inform the listener about the article and the contributions made to it.]",0,0,True,0.7802734375
48879345.5917.5917,2,"You are an assistant trained to detect early warning signs of toxic behavior in online conversations given only the intentions behind each utterance of the conversation. Predict whether the conversation is likely to result in a personal attack later on. Provide your answer in the format 'ATTACK: YES/NO'

Conversation:
S_0: [The speaker intends to clarify the correct birthplace of Shawn Michaels and correct the misconception that he was born in Chandler.]
S_1: [The speaker intends to provide evidence from Shawn Michaels' book to support the claim that he was born in Chandler  while expressing uncertainty about city limits.]",1,0,False,0.93798828125
489884812.1917.1917,2,"You are an assistant trained to detect early warning signs of toxic behavior in online conversations given only the intentions behind each utterance of the conversation. Predict whether the conversation is likely to result in a personal attack later on. Provide your answer in the format 'ATTACK: YES/NO'

Conversation:
S_0: [The speaker intends to propose a new policy to address disputes on Wikipedia by suggesting a mandatory block for editors who refuse to engage in dispute resolution.]",1,0,False,0.95263671875
492499584.46311.46311,2,"You are an assistant trained to detect early warning signs of toxic behavior in online conversations given only the intentions behind each utterance of the conversation. Predict whether the conversation is likely to result in a personal attack later on. Provide your answer in the format 'ATTACK: YES/NO'

Conversation:
S_0: [The speaker intends to express concern about the lack of adequate sourcing in the article and to imply that the responsibility for sourcing now lies with the other person.]",0,1,False,0.98388671875
497502325.286.286,2,"You are an assistant trained to detect early warning signs of toxic behavior in online conversations given only the intentions behind each utterance of the conversation. Predict whether the conversation is likely to result in a personal attack later on. Provide your answer in the format 'ATTACK: YES/NO'

Conversation:
S_0: [The speaker intends to provide information about a book that documents the fitting of converters to the 1974 Chevrolet Camaro and suggests that the book may have been created with General Motors' assistance.]
S_1: [The speaker intends to express skepticism about the information provided by S_0  suggesting that the book may contain errors and encouraging S_0 to seek direct information from General Motors.]",0,1,False,0.55078125
502802647.260.260,2,"You are an assistant trained to detect early warning signs of toxic behavior in online conversations given only the intentions behind each utterance of the conversation. Predict whether the conversation is likely to result in a personal attack later on. Provide your answer in the format 'ATTACK: YES/NO'

Conversation:
S_0: [The speaker intends to express gratitude and inquire if the other person has any candidates for new GA's to collaborate on.]",0,0,True,0.99365234375
509954386.3192.3192,2,"You are an assistant trained to detect early warning signs of toxic behavior in online conversations given only the intentions behind each utterance of the conversation. Predict whether the conversation is likely to result in a personal attack later on. Provide your answer in the format 'ATTACK: YES/NO'

Conversation:
S_0: [The speaker intends to question the other person's actions regarding the changes made to the infobox and express concern about the resulting categorization.]",1,0,False,0.82421875
516580448.327.327,2,"You are an assistant trained to detect early warning signs of toxic behavior in online conversations given only the intentions behind each utterance of the conversation. Predict whether the conversation is likely to result in a personal attack later on. Provide your answer in the format 'ATTACK: YES/NO'

Conversation:
S_0: [The speaker intends to express frustration and disagreement with the other person's actions  accusing them of harassment and challenging the validity of the standards being enforced.]",0,1,False,0.99951171875
53009475.3394.3394,2,"You are an assistant trained to detect early warning signs of toxic behavior in online conversations given only the intentions behind each utterance of the conversation. Predict whether the conversation is likely to result in a personal attack later on. Provide your answer in the format 'ATTACK: YES/NO'

Conversation:
S_0: [The speaker is questioning the necessity of the category and expressing a belief that it is not helpful or encyclopedic  suggesting it should be removed or moved to talk pages.]
S_1: [The speaker is expressing a belief that the category is important for identifying articles that need fixing once a technical problem is resolved  and explaining the limitations of using talk pages for this purpose.]
S_0: [The speaker is expressing a desire for the technical problem to remain unfixed  fearing it may lead to undesirable changes in article naming conventions.]",0,1,False,0.5185546875
534422364.1222.1222,2,"You are an assistant trained to detect early warning signs of toxic behavior in online conversations given only the intentions behind each utterance of the conversation. Predict whether the conversation is likely to result in a personal attack later on. Provide your answer in the format 'ATTACK: YES/NO'

Conversation:
S_0: [The speaker intends to clarify their previous misunderstanding and provide context for their past feedback.]
S_1: [The speaker intends to acknowledge their misunderstanding and express gratitude for the contributions received.]
S_2: [The speaker intends to update the other party on the consensus status and invite further input from the strongest opponent.]",0,0,True,0.7578125
55327610.736.736,2,"You are an assistant trained to detect early warning signs of toxic behavior in online conversations given only the intentions behind each utterance of the conversation. Predict whether the conversation is likely to result in a personal attack later on. Provide your answer in the format 'ATTACK: YES/NO'

Conversation:
S_0: [The speaker intends to request clarification and information about a specific situation while expressing gratitude and acknowledging the other person's efforts.]
S_1: [The speaker intends to explain the current status of the request  justify their actions  and assure the other person that they will continue working on it.]",1,1,True,0.72119140625
555386626.4434.4434,2,"You are an assistant trained to detect early warning signs of toxic behavior in online conversations given only the intentions behind each utterance of the conversation. Predict whether the conversation is likely to result in a personal attack later on. Provide your answer in the format 'ATTACK: YES/NO'

Conversation:
S_0: [The speaker intends to express concern about inaccuracies and misrepresentations in the belligerents section and geopolitical map  and seeks clarification on the map's color coding.]
S_1: [The speaker intends to clarify the intended meaning of the map's color coding and acknowledge their role in creating the map.]
S_0: [The speaker intends to reiterate their concerns about the belligerents section and geopolitical map  agree with previous points  and question the roles of certain countries.]",0,0,True,0.55126953125
562919791.938.938,2,"You are an assistant trained to detect early warning signs of toxic behavior in online conversations given only the intentions behind each utterance of the conversation. Predict whether the conversation is likely to result in a personal attack later on. Provide your answer in the format 'ATTACK: YES/NO'

Conversation:
S_0: [The speaker intends to warn the other party about the consequences of repeated BLP violations  indicating a potential escalation to ANI.]",1,1,True,0.8369140625
567687735.949.949,2,"You are an assistant trained to detect early warning signs of toxic behavior in online conversations given only the intentions behind each utterance of the conversation. Predict whether the conversation is likely to result in a personal attack later on. Provide your answer in the format 'ATTACK: YES/NO'

Conversation:
S_0: [The speaker seeks clarification and further explanation about an external link edit that was made  indicating that the summary provided was insufficient for understanding.]
S_1: [The speaker intends to provide clarification and guidance by directing the other person to specific sections of a wiki page  explaining the rationale behind the edit  and offering advice on how to properly source content.]",0,0,True,0.72509765625
582297704.267.267,2,"You are an assistant trained to detect early warning signs of toxic behavior in online conversations given only the intentions behind each utterance of the conversation. Predict whether the conversation is likely to result in a personal attack later on. Provide your answer in the format 'ATTACK: YES/NO'

Conversation:
S_0: [The speaker intends to inform S_1 about the removal of their post due to privacy concerns and suggests an alternative method to address the issue.]
S_1: [The speaker intends to express understanding of the situation but seeks clarification on how to proceed with contacting ArbCom.]
S_0: [The speaker intends to provide guidance on how S_1 should proceed with contacting ArbCom via email.]",0,0,True,0.8994140625
58635054.4163.4145,2,"You are an assistant trained to detect early warning signs of toxic behavior in online conversations given only the intentions behind each utterance of the conversation. Predict whether the conversation is likely to result in a personal attack later on. Provide your answer in the format 'ATTACK: YES/NO'

Conversation:
S_0: [The speaker intends to inform the recipient about the temporary block due to a violation and to encourage future collaboration and discussion.]",0,0,True,0.69873046875
589217545.0.0,2,"You are an assistant trained to detect early warning signs of toxic behavior in online conversations given only the intentions behind each utterance of the conversation. Predict whether the conversation is likely to result in a personal attack later on. Provide your answer in the format 'ATTACK: YES/NO'

Conversation:
S_0: [The speaker intends to warn the other person about their actions violating Wikipedia's policy and the potential consequences of being banned from editing.]
S_1: [The speaker intends to criticize the other person for removing their comment and to defend their own actions by asserting that the content is sourced  while also making a sarcastic remark.]",1,1,True,0.98486328125
603068273.12038.12038,2,"You are an assistant trained to detect early warning signs of toxic behavior in online conversations given only the intentions behind each utterance of the conversation. Predict whether the conversation is likely to result in a personal attack later on. Provide your answer in the format 'ATTACK: YES/NO'

Conversation:
S_0: [The speaker intends to warn the other person about the consequences of their actions and to advise them to focus on content rather than personal attacks.]
S_1: [The speaker intends to defend their actions and express disbelief at the situation  while also referencing a previous discussion on a talk page.]",1,1,True,0.935546875
620817957.918.918,2,"You are an assistant trained to detect early warning signs of toxic behavior in online conversations given only the intentions behind each utterance of the conversation. Predict whether the conversation is likely to result in a personal attack later on. Provide your answer in the format 'ATTACK: YES/NO'

Conversation:
S_0: [The speaker intends to challenge the other person's view on the classification of the genre and assert that the work is undeniably science fiction.]
S_1: [The speaker intends to clarify the classification criteria for the genre and emphasize the need for a reliable source to support the genre claim.]",1,0,False,0.72021484375
625706549.318.318,2,"You are an assistant trained to detect early warning signs of toxic behavior in online conversations given only the intentions behind each utterance of the conversation. Predict whether the conversation is likely to result in a personal attack later on. Provide your answer in the format 'ATTACK: YES/NO'

Conversation:
S_0: [The speaker intends to inform the other party about a response to their question and provide a link for further information.]
S_1: [The speaker intends to assert their identity and credentials  and to clarify the origin of an article  expressing frustration.]",1,1,True,0.97314453125
627259669.22950.22950,2,"You are an assistant trained to detect early warning signs of toxic behavior in online conversations given only the intentions behind each utterance of the conversation. Predict whether the conversation is likely to result in a personal attack later on. Provide your answer in the format 'ATTACK: YES/NO'

Conversation:
S_0: [The speaker intends to question the appropriateness of the detailed infobox for a minor conflict.]",0,0,True,0.93896484375
62813926.61582.61582,2,"You are an assistant trained to detect early warning signs of toxic behavior in online conversations given only the intentions behind each utterance of the conversation. Predict whether the conversation is likely to result in a personal attack later on. Provide your answer in the format 'ATTACK: YES/NO'

Conversation:
S_0: [The speaker is seeking clarification and evidence regarding the claims made by Stephenson  specifically about the involvement of FR or its members in ""physical stalking"" or ""interference in fundraising.""]",1,0,False,0.9794921875
629107144.10890.10890,2,"You are an assistant trained to detect early warning signs of toxic behavior in online conversations given only the intentions behind each utterance of the conversation. Predict whether the conversation is likely to result in a personal attack later on. Provide your answer in the format 'ATTACK: YES/NO'

Conversation:
S_0: [The speaker intends to caution the other participant about the potential consequences of engaging in an edit war on the Tyson article and advises them to avoid conflict.]
S_1: [The speaker intends to acknowledge the warning and provide additional information about the other editor's past behavior  suggesting they are aware of the situation.]",1,0,False,0.70751953125
63549647.6296.6296,2,"You are an assistant trained to detect early warning signs of toxic behavior in online conversations given only the intentions behind each utterance of the conversation. Predict whether the conversation is likely to result in a personal attack later on. Provide your answer in the format 'ATTACK: YES/NO'

Conversation:
S_0: [The speaker intends to express concern and seek clarification about the deletion of the ""PodLounge"" entry  questioning the inconsistency in the treatment of similar entries.]
S_1: [The speaker intends to explain the reason for the deletion and offer a solution by suggesting that the entry can be undeleted and moved to a discussion if contested.]",0,0,True,0.62939453125
64326829.2148.2148,2,"You are an assistant trained to detect early warning signs of toxic behavior in online conversations given only the intentions behind each utterance of the conversation. Predict whether the conversation is likely to result in a personal attack later on. Provide your answer in the format 'ATTACK: YES/NO'

Conversation:
S_0: [The speaker is seeking clarification or an explanation.]
S_1: [The speaker intends to justify and explain the rationale behind a recent change  supporting the decision with guidelines and reasoning.]
S_0: [The speaker is expressing agreement or resignation  indicating they have no counterargument.]",1,1,True,0.6171875
65165121.6372.6372,2,"You are an assistant trained to detect early warning signs of toxic behavior in online conversations given only the intentions behind each utterance of the conversation. Predict whether the conversation is likely to result in a personal attack later on. Provide your answer in the format 'ATTACK: YES/NO'

Conversation:
S_0: [The speaker seeks guidance on how to include an Infobox for a deceased country or republic in an article.]
S_1: [The speaker intends to provide a solution by suggesting the addition of code directly to the article and offers an example for reference.]",0,0,True,0.5947265625
654854573.12533.12533,2,"You are an assistant trained to detect early warning signs of toxic behavior in online conversations given only the intentions behind each utterance of the conversation. Predict whether the conversation is likely to result in a personal attack later on. Provide your answer in the format 'ATTACK: YES/NO'

Conversation:
S_0: [The speaker intends to warn S_1 about removing article cleanup tags and to inform them about the potential consequences of continued actions.]
S_1: [The speaker intends to assert that the tags added by S_0 are unnecessary and to express their intention to remove them.]
S_0: [The speaker intends to clarify the necessity of the tag  inform S_1 about the proper protocol  and warn them about the consequences of continued non-compliance.]",0,1,False,0.86328125
66813686.23567.23567,2,"You are an assistant trained to detect early warning signs of toxic behavior in online conversations given only the intentions behind each utterance of the conversation. Predict whether the conversation is likely to result in a personal attack later on. Provide your answer in the format 'ATTACK: YES/NO'

Conversation:
S_0: [The speaker intends to enforce Wikipedia's policy on reliable sources by requesting the cessation of adding disreputable sources  specifically blogs  to the article.]
S_1: [The speaker intends to defend the inclusion of certain sources by arguing against their deletion and emphasizing their relevance and reliability  while also suggesting alternative actions if there are issues with the links.]
S_2: [The speaker intends to evaluate the reliability of various sources  supporting some while recommending the removal of others based on their perceived credibility and relevance.]",0,1,False,0.84375
669252726.3918.3918,2,"You are an assistant trained to detect early warning signs of toxic behavior in online conversations given only the intentions behind each utterance of the conversation. Predict whether the conversation is likely to result in a personal attack later on. Provide your answer in the format 'ATTACK: YES/NO'

Conversation:
S_0: [The speaker intends to inform S_1 about a complaint regarding edit warring and provide an opportunity for S_1 to comment on the issue.]
S_1: [The speaker intends to acknowledge the information and express confusion about the complaint  suggesting that the issue may be due to shared use of a public computer.]",1,0,False,0.60546875
68121124.7309.7309,2,"You are an assistant trained to detect early warning signs of toxic behavior in online conversations given only the intentions behind each utterance of the conversation. Predict whether the conversation is likely to result in a personal attack later on. Provide your answer in the format 'ATTACK: YES/NO'

Conversation:
S_0: [The speaker intends to express their opinion that new articles for certain characters may not be necessary and seeks feedback from others.]",0,0,True,0.69384765625
685863120.2161.2161,2,"You are an assistant trained to detect early warning signs of toxic behavior in online conversations given only the intentions behind each utterance of the conversation. Predict whether the conversation is likely to result in a personal attack later on. Provide your answer in the format 'ATTACK: YES/NO'

Conversation:
S_0: [The speaker intends to clarify the situation regarding the deleted page and seeks assistance in restoring it.]
S_1: [The speaker intends to inform the other party about the status of the deleted article and provide options for restoration.]
S_0: [The speaker intends to acknowledge the information provided and express their decision to submit the article for Deletion Review.]",0,0,True,0.82666015625
69195836.51934.51934,2,"You are an assistant trained to detect early warning signs of toxic behavior in online conversations given only the intentions behind each utterance of the conversation. Predict whether the conversation is likely to result in a personal attack later on. Provide your answer in the format 'ATTACK: YES/NO'

Conversation:
S_0: [The speaker intends to request information or evidence regarding Milosevic's endorsement of ""Greater Serbia"" or the phrase ""all Serbs in one state"" and to express skepticism about these claims based on their own study.]",1,1,True,0.8115234375
69614928.3050.3050,2,"You are an assistant trained to detect early warning signs of toxic behavior in online conversations given only the intentions behind each utterance of the conversation. Predict whether the conversation is likely to result in a personal attack later on. Provide your answer in the format 'ATTACK: YES/NO'

Conversation:
S_0: [The speaker intends to justify their actions by explaining that correcting spelling errors does not constitute a violation.]
S_1: [The speaker intends to accuse the other person of violating the rules by reverting the page title multiple times.]",1,1,True,0.82177734375
704215190.0.0,2,"You are an assistant trained to detect early warning signs of toxic behavior in online conversations given only the intentions behind each utterance of the conversation. Predict whether the conversation is likely to result in a personal attack later on. Provide your answer in the format 'ATTACK: YES/NO'

Conversation:
S_0: [The speaker seeks clarification and justification for the removal of certain sections  questioning the validity of the claims made by another user.]",1,0,False,0.69873046875
728257358.628.628,2,"You are an assistant trained to detect early warning signs of toxic behavior in online conversations given only the intentions behind each utterance of the conversation. Predict whether the conversation is likely to result in a personal attack later on. Provide your answer in the format 'ATTACK: YES/NO'

Conversation:
S_0: [The speaker intends to express disagreement with the change made to the heading and to persuade the other person to revert the change for consistency.]
S_1: [The speaker intends to justify the addition of the word ""major"" to the heading as a necessary clarification to avoid reader confusion.]
S_2: [The speaker intends to agree with the first speaker and argue that it is implicit that only significant examples are included  suggesting that additional clarification is unnecessary.]",0,0,True,0.60986328125
730552237.426.426,2,"You are an assistant trained to detect early warning signs of toxic behavior in online conversations given only the intentions behind each utterance of the conversation. Predict whether the conversation is likely to result in a personal attack later on. Provide your answer in the format 'ATTACK: YES/NO'

Conversation:
S_0: [The speaker intends to confront and criticize CrazyAces  suggesting that their actions are futile and labeling them as a troll.]",1,1,True,0.99853515625
731567718.1439.1439,2,"You are an assistant trained to detect early warning signs of toxic behavior in online conversations given only the intentions behind each utterance of the conversation. Predict whether the conversation is likely to result in a personal attack later on. Provide your answer in the format 'ATTACK: YES/NO'

Conversation:
S_0: [The speaker intends to inform the listener about a Wikipedia guideline and establish a personal connection by revealing their identity and shared history.]",0,0,True,0.78271484375
737560967.10605.10605,2,"You are an assistant trained to detect early warning signs of toxic behavior in online conversations given only the intentions behind each utterance of the conversation. Predict whether the conversation is likely to result in a personal attack later on. Provide your answer in the format 'ATTACK: YES/NO'

Conversation:
S_0: [The speaker intends to inform S_1 about a change made to an article and suggests updating it based on confirmed information from the Navy.]
S_1: [The speaker intends to express skepticism about the information added to the page and prefers to wait for clearer confirmation before making changes.]
S_0: [The speaker intends to provide additional evidence supporting the name change and suggests that the name is likely assigned.]
S_1: [The speaker intends to acknowledge the evidence provided by S_0 and agrees to update the article based on reliable sources.]
S_2: [The speaker intends to warn S_1 to stop pinging them and threatens to report S_1 for harassment.]",0,1,False,0.947265625
74476816.21756.21756,2,"You are an assistant trained to detect early warning signs of toxic behavior in online conversations given only the intentions behind each utterance of the conversation. Predict whether the conversation is likely to result in a personal attack later on. Provide your answer in the format 'ATTACK: YES/NO'

Conversation:
S_0: [The speaker intends to deny having a nationalist attitude and questions the basis of the other person's impression.]",0,1,False,0.91259765625
75361839.12816.12816,2,"You are an assistant trained to detect early warning signs of toxic behavior in online conversations given only the intentions behind each utterance of the conversation. Predict whether the conversation is likely to result in a personal attack later on. Provide your answer in the format 'ATTACK: YES/NO'

Conversation:
S_0: [The speaker intends to report and seek intervention regarding the conduct of another user  IrishGuy  whom they believe is unjustly deleting and altering content related to the show ""Joppa"" on Wikipedia.]
S_1: [The speaker intends to clarify the reasons for the deletion of WhatIsJoppa.com and refute the claims made by S_0 about the deletion of associated articles.]
S_0: [The speaker intends to defend themselves against accusations  clarify their lack of involvement in recreating the article  and assert that the deletion of the link is a personal vendetta by S_1.]",1,1,True,0.90771484375
75692435.4172.4172,2,"You are an assistant trained to detect early warning signs of toxic behavior in online conversations given only the intentions behind each utterance of the conversation. Predict whether the conversation is likely to result in a personal attack later on. Provide your answer in the format 'ATTACK: YES/NO'

Conversation:
S_0: [The speaker intends to express gratitude and appreciation for the support received  acknowledging the significance of being the first supporter in a self-nomination.]
S_1: [The speaker intends to express satisfaction in being the first supporter and to congratulate the other speaker on the successful outcome of their nomination.]
S_0: [The speaker intends to express surprise and self-deprecating humor about the support received  while also sharing a personal update about their recent activities.]",1,0,False,0.70751953125
758111250.3444.3444,2,"You are an assistant trained to detect early warning signs of toxic behavior in online conversations given only the intentions behind each utterance of the conversation. Predict whether the conversation is likely to result in a personal attack later on. Provide your answer in the format 'ATTACK: YES/NO'

Conversation:
S_0: [The speaker intends to request assistance from the listener due to the unavailability of others.]",0,0,True,0.53515625
76725431.24316.24316,2,"You are an assistant trained to detect early warning signs of toxic behavior in online conversations given only the intentions behind each utterance of the conversation. Predict whether the conversation is likely to result in a personal attack later on. Provide your answer in the format 'ATTACK: YES/NO'

Conversation:
S_0: [the speaker wants to know the duration of the block on their talk page.]
S_1: [the speaker suggests that the other person should request access to their talk page.]",1,0,False,0.80078125
79134833.6825.6825,2,"You are an assistant trained to detect early warning signs of toxic behavior in online conversations given only the intentions behind each utterance of the conversation. Predict whether the conversation is likely to result in a personal attack later on. Provide your answer in the format 'ATTACK: YES/NO'

Conversation:
S_0: [The speaker intends to propose moving the page to the subject's ring name ""Lita.""]",0,0,True,0.68603515625
87250979.7479.7479,2,"You are an assistant trained to detect early warning signs of toxic behavior in online conversations given only the intentions behind each utterance of the conversation. Predict whether the conversation is likely to result in a personal attack later on. Provide your answer in the format 'ATTACK: YES/NO'

Conversation:
S_0: [The speaker seeks clarification on the purpose of the templates and expresses concern about their limited utility and difficulty in editing.]
S_1: [The speaker aims to justify the use of templates by explaining their benefits in terms of uniformity and ease of editing across multiple pages.]",0,0,True,0.64599609375
93597779.29878.29878,2,"You are an assistant trained to detect early warning signs of toxic behavior in online conversations given only the intentions behind each utterance of the conversation. Predict whether the conversation is likely to result in a personal attack later on. Provide your answer in the format 'ATTACK: YES/NO'

Conversation:
S_0: [The speaker is expressing confusion about the flag and suggesting a solution to prevent it from being replaced.]
S_1: [The speaker is suggesting that the other person should stop deleting the flag.]
S_0: [The speaker is suggesting that the other person should sign in to the system.]",1,0,False,0.57080078125
94646773.4252.4251,2,"You are an assistant trained to detect early warning signs of toxic behavior in online conversations given only the intentions behind each utterance of the conversation. Predict whether the conversation is likely to result in a personal attack later on. Provide your answer in the format 'ATTACK: YES/NO'

Conversation:
S_0: [The speaker intends to greet the other participants.]
S_1: [The speaker intends to greet the other participants.]
S_2: [The speaker intends to remind or advise the other participants to spellcheck section headings.]",1,1,True,0.8623046875
94748777.9565.9565,2,"You are an assistant trained to detect early warning signs of toxic behavior in online conversations given only the intentions behind each utterance of the conversation. Predict whether the conversation is likely to result in a personal attack later on. Provide your answer in the format 'ATTACK: YES/NO'

Conversation:
S_0: [The speaker intends to request the unblocking of a page and seeks clarification on why it was blocked  while expressing dissatisfaction with the perceived unfairness of the situation.]
S_1: [The speaker intends to justify their action of deleting ArticleLive by referencing Wikipedia's notability guidelines and implies that the responsibility to understand these guidelines lies with the other party.]
S_0: [The speaker intends to argue against the deletion by questioning the understanding of notability guidelines and pointing out perceived inconsistencies in their application.]",1,1,True,0.85009765625
96242200.33794.33794,2,"You are an assistant trained to detect early warning signs of toxic behavior in online conversations given only the intentions behind each utterance of the conversation. Predict whether the conversation is likely to result in a personal attack later on. Provide your answer in the format 'ATTACK: YES/NO'

Conversation:
S_0: [The speaker intends to express their confusion and amusement about the complexity of aristocratic titles and conventions  and to share their humorous perspective on the discussion they read.]
S_1: [The speaker intends to express hope that the previous section's header was intended as a pun  indicating they found it amusing or clever.]",0,0,True,0.853515625
97711081.15939.15939,2,"You are an assistant trained to detect early warning signs of toxic behavior in online conversations given only the intentions behind each utterance of the conversation. Predict whether the conversation is likely to result in a personal attack later on. Provide your answer in the format 'ATTACK: YES/NO'

Conversation:
S_3: [The speaker intends to request that the recipient assume good faith in the actions of another editor  suggesting the edit was meant to help rather than inconvenience.]
S_1: [The speaker intends to accuse the other person of trolling by suggesting they are targeting them due to a previous disagreement.]
S_0: [The speaker intends to inform the recipient about the removal of fair use images from their user namespace and provide guidance on where to find relevant information.]",0,0,True,0.66650390625
99357960.32952.32952,2,"You are an assistant trained to detect early warning signs of toxic behavior in online conversations given only the intentions behind each utterance of the conversation. Predict whether the conversation is likely to result in a personal attack later on. Provide your answer in the format 'ATTACK: YES/NO'

Conversation:
S_0: [The speaker intends to request a definition of 'supernatural' in operational terms.]
S_1: [The speaker intends to express confusion and skepticism about the relevance of the topic to Darwin  and to inform the other speaker that they have provided a link.]",0,1,False,0.537109375
103682985.3190.3190,3,"You are an assistant trained to detect early warning signs of toxic behavior in online conversations given only the intentions behind each utterance of the conversation. Predict whether the conversation is likely to result in a personal attack later on. Provide your answer in the format 'ATTACK: YES/NO'

Conversation:
S_0: [The speaker intends to assert that Rockpocket should not be investigated.]
S_1: [The speaker intends to express skepticism about the other person's objectivity and acknowledge the purpose of an RfC.]",0,1,False,0.58154296875
105983711.6035.6035,3,"You are an assistant trained to detect early warning signs of toxic behavior in online conversations given only the intentions behind each utterance of the conversation. Predict whether the conversation is likely to result in a personal attack later on. Provide your answer in the format 'ATTACK: YES/NO'

Conversation:
S_0: [The speaker intends to provide context and justification for adding links to the article  expressing a desire to include informative content and noting the presence of company representatives on the talk page.]
S_1: [The speaker intends to assert Wikipedia's guidelines against indiscriminate linking and attack sites  emphasizing the need for reliable sources and balanced information.]",1,1,True,0.99951171875
106086467.6813.6813,3,"You are an assistant trained to detect early warning signs of toxic behavior in online conversations given only the intentions behind each utterance of the conversation. Predict whether the conversation is likely to result in a personal attack later on. Provide your answer in the format 'ATTACK: YES/NO'

Conversation:
S_0: [The speaker intends to question why a blocked user is allowed to evade their block without facing consequences.]",1,1,True,0.56494140625
107319885.27209.0,3,"You are an assistant trained to detect early warning signs of toxic behavior in online conversations given only the intentions behind each utterance of the conversation. Predict whether the conversation is likely to result in a personal attack later on. Provide your answer in the format 'ATTACK: YES/NO'

Conversation:
S_0: [The speaker intends to suggest that the article should be more objective and inclusive of international perspectives  particularly in hockey.]
S_1: [The speaker intends to refute S_0's claim about European players being the strongest and to defend the current content of the article as not being biased towards North America.]",0,1,False,0.9990234375
108254711.66560.66560,3,"You are an assistant trained to detect early warning signs of toxic behavior in online conversations given only the intentions behind each utterance of the conversation. Predict whether the conversation is likely to result in a personal attack later on. Provide your answer in the format 'ATTACK: YES/NO'

Conversation:
S_0: [The speaker intends to propose a new model for Wikipedia that allows for more customized and flexible article editing and viewing  suggesting a shift from the current monolithic article model to a more open and incremental editing system.]
S_1: [The speaker intends to direct the previous speaker to existing resources or articles that may be relevant to the discussion  possibly implying that the proposed ideas are already addressed elsewhere.]
S_2: [The speaker intends to suggest a specific resource or article that might be of interest to the previous speaker  potentially offering additional information or context.]",1,0,False,1.0
109195877.11310.11310,3,"You are an assistant trained to detect early warning signs of toxic behavior in online conversations given only the intentions behind each utterance of the conversation. Predict whether the conversation is likely to result in a personal attack later on. Provide your answer in the format 'ATTACK: YES/NO'

Conversation:
S_0: [The speaker is seeking a reference for the material mentioned.]
S_1: [The speaker is suggesting that the claim should be given more prominence on the page.]
S_2: [The speaker is proposing the deletion of the material and expressing agreement with the idea.]
S_3: [The speaker is providing information about a previously existing reference and its removal  and offering an external link for further context.]",0,0,True,0.99951171875
109203891.11364.11364,3,"You are an assistant trained to detect early warning signs of toxic behavior in online conversations given only the intentions behind each utterance of the conversation. Predict whether the conversation is likely to result in a personal attack later on. Provide your answer in the format 'ATTACK: YES/NO'

Conversation:
S_0: [The speaker intends to inform others about the existence of a good image of Mr. Staines and expresses uncertainty about how to add it.]
S_1: [The speaker intends to express a desire to improve the presentation for future viewers and shows willingness to attempt adding the image.]",1,1,True,0.92724609375
111452484.5860.5860,3,"You are an assistant trained to detect early warning signs of toxic behavior in online conversations given only the intentions behind each utterance of the conversation. Predict whether the conversation is likely to result in a personal attack later on. Provide your answer in the format 'ATTACK: YES/NO'

Conversation:
S_0: [The speaker intends to inform Natalie about a potential violation and suggest a course of action to report rather than engage in an edit war.]",0,0,True,0.99560546875
111603073.8923.8923,3,"You are an assistant trained to detect early warning signs of toxic behavior in online conversations given only the intentions behind each utterance of the conversation. Predict whether the conversation is likely to result in a personal attack later on. Provide your answer in the format 'ATTACK: YES/NO'

Conversation:
S_0: [The speaker intends to propose a compromise solution to prevent an edit war and seeks acceptance from the other party.]",0,0,True,0.99560546875
114940119.5559.5559,3,"You are an assistant trained to detect early warning signs of toxic behavior in online conversations given only the intentions behind each utterance of the conversation. Predict whether the conversation is likely to result in a personal attack later on. Provide your answer in the format 'ATTACK: YES/NO'

Conversation:
S_0: [The speaker intends to request the reversion of an edit and to argue against the removal of pictures without proper discussion.]
S_1: [The speaker intends to express frustration with the focus on copyright issues and to criticize Wikipedia's handling of content quality and editing policies.]",1,1,True,1.0
116605439.14001.14001,3,"You are an assistant trained to detect early warning signs of toxic behavior in online conversations given only the intentions behind each utterance of the conversation. Predict whether the conversation is likely to result in a personal attack later on. Provide your answer in the format 'ATTACK: YES/NO'

Conversation:
S_0: [the speaker intends to express dissatisfaction with the removal of links and assert their right to post them  emphasizing their role in initiating the page.]
S_1: [the speaker intends to direct the listener to specific Wikipedia links  possibly to provide evidence or support for their argument.]
S_2: [the speaker intends to warn the listener against vandalizing Wikipedia content and suggest using the sandbox for experimentation.]",1,1,True,1.0
121446938.31933.31933,3,"You are an assistant trained to detect early warning signs of toxic behavior in online conversations given only the intentions behind each utterance of the conversation. Predict whether the conversation is likely to result in a personal attack later on. Provide your answer in the format 'ATTACK: YES/NO'

Conversation:
S_0: [The speaker intends to correct the other person by providing information about the relative sizes of Seattle and Boston.]
S_1: [The speaker intends to challenge the previous statement by providing a specific date and source for the data  implying that the other person is incorrect.]
S_0: [The speaker intends to insult the other person  expressing disdain or contempt.]",1,1,True,1.0
123248299.5408.5408,3,"You are an assistant trained to detect early warning signs of toxic behavior in online conversations given only the intentions behind each utterance of the conversation. Predict whether the conversation is likely to result in a personal attack later on. Provide your answer in the format 'ATTACK: YES/NO'

Conversation:
S_0: [The speaker intends to highlight a historical connection between WM23 and WM13  emphasizing Undertaker's world title win.]
S_1: [The speaker intends to dismiss the relevance of the historical connection to WM23  suggesting it adds unnecessary information to the article.]
S_2: [The speaker intends to express disagreement with S_1 and argue that the historical connection is notable  while also expressing curiosity about Undertaker's actions.]",1,1,True,0.99951171875
135048926.41980.41980,3,"You are an assistant trained to detect early warning signs of toxic behavior in online conversations given only the intentions behind each utterance of the conversation. Predict whether the conversation is likely to result in a personal attack later on. Provide your answer in the format 'ATTACK: YES/NO'

Conversation:
S_0: [The speaker intends to assert the importance of using official census data over personal anecdotes or less recognized sources when discussing religious demographics.]",0,1,False,0.8583984375
135696672.6100.6100,3,"You are an assistant trained to detect early warning signs of toxic behavior in online conversations given only the intentions behind each utterance of the conversation. Predict whether the conversation is likely to result in a personal attack later on. Provide your answer in the format 'ATTACK: YES/NO'

Conversation:
S_0: [The speaker intends to warn the other party about the potential escalation of the situation if they continue their current behavior.]",1,1,True,0.9755859375
136660409.4608.4608,3,"You are an assistant trained to detect early warning signs of toxic behavior in online conversations given only the intentions behind each utterance of the conversation. Predict whether the conversation is likely to result in a personal attack later on. Provide your answer in the format 'ATTACK: YES/NO'

Conversation:
S_0: [The speaker intends to propose a name change for the article to ""Bradley Fighting Vehicles"" based on the content it covers.]
S_1: [The speaker intends to support the idea of a name change but suggests an alternative name that is more specific and technically accurate.]
S_2: [The speaker intends to support the name change to ""Bradley Fighting Vehicles"" by highlighting that the article covers multiple variants  making the suggested name appropriate.]
S_0: [The speaker intends to acknowledge the lack of objections and express a desire to delegate the task of changing the article name to someone else.]",1,0,False,1.0
13760425.74698.74698,3,"You are an assistant trained to detect early warning signs of toxic behavior in online conversations given only the intentions behind each utterance of the conversation. Predict whether the conversation is likely to result in a personal attack later on. Provide your answer in the format 'ATTACK: YES/NO'

Conversation:
S_0: [The speaker intends to inquire if anyone has objections to the inclusion of a parody link in the article.]",0,0,True,1.0
138654598.3324.3324,3,"You are an assistant trained to detect early warning signs of toxic behavior in online conversations given only the intentions behind each utterance of the conversation. Predict whether the conversation is likely to result in a personal attack later on. Provide your answer in the format 'ATTACK: YES/NO'

Conversation:
S_0: [The speaker intends to suggest adding an image of a Mangalore Church to the Karnataka page for secular balance and believes Amar has a suitable image.]",0,0,True,0.994140625
140457684.31130.31130,3,"You are an assistant trained to detect early warning signs of toxic behavior in online conversations given only the intentions behind each utterance of the conversation. Predict whether the conversation is likely to result in a personal attack later on. Provide your answer in the format 'ATTACK: YES/NO'

Conversation:
S_0: [The speaker intends to express frustration over the current state of the discussion and proposes a cooling-off period to allow for more input and to prevent further conflict.]
S_1: [The speaker intends to support the idea of a cooling-off period and suggests forming a consensus to avoid contentious edits  while also offering to help further after reviewing the discussion.]
S_0: [The speaker intends to express gratitude for the suggestion of using the Mediation Cabal and indicates a preference for informal mediation.]",1,0,False,0.99169921875
142496231.3363.3363,3,"You are an assistant trained to detect early warning signs of toxic behavior in online conversations given only the intentions behind each utterance of the conversation. Predict whether the conversation is likely to result in a personal attack later on. Provide your answer in the format 'ATTACK: YES/NO'

Conversation:
S_0: [The speaker intends to deny any wrongdoing and requests evidence to support the accusation of vandalism.]
S_1: [The speaker intends to provide evidence of the vandalism by showing the differences before and after the edits.]
S_0: [The speaker intends to deny the accusation again  claim innocence  and demand an apology.]",1,1,True,0.998046875
146397004.6583.6583,3,"You are an assistant trained to detect early warning signs of toxic behavior in online conversations given only the intentions behind each utterance of the conversation. Predict whether the conversation is likely to result in a personal attack later on. Provide your answer in the format 'ATTACK: YES/NO'

Conversation:
S_0: [The speaker expresses frustration and disbelief about a friend's decision to rewrite a wiki link  implying skepticism about the friend's capabilities or intentions.]
S_1: [The speaker conveys a belief that the friend feels empowered by support from others and expresses a desire for the friend to disappear  indicating disapproval of the friend's actions.]
S_0: [The speaker expresses a desire to observe the friend's potential mistakes and shares confusion and skepticism about another person's involvement and judgment in the situation.]
S_1: [The speaker intends to communicate further thoughts on the situation privately via email  indicating a desire to discuss the matter discreetly.]
S_2: [The speaker suggests that the conversation should be private or not happen at all  expressing concern about the potential negative impact of public discussions on talk pages.]",0,1,False,0.96484375
152508378.4331.4331,3,"You are an assistant trained to detect early warning signs of toxic behavior in online conversations given only the intentions behind each utterance of the conversation. Predict whether the conversation is likely to result in a personal attack later on. Provide your answer in the format 'ATTACK: YES/NO'

Conversation:
S_0: [The speaker intends to express frustration and disappointment with the listener's behavior and lack of attention to their concerns  urging the listener to be more attentive and considerate.]
S_1: [The speaker intends to question the fairness of the situation  expressing frustration that another person is not held accountable for their behavior while the speaker feels they are treated more harshly.]
S_2: [The speaker intends to explain their inability to block someone they have a dispute with  acknowledging disagreement with the person's behavior but recognizing their communication skills as a mitigating factor.]",1,1,True,0.98583984375
153373392.15186.15186,3,"You are an assistant trained to detect early warning signs of toxic behavior in online conversations given only the intentions behind each utterance of the conversation. Predict whether the conversation is likely to result in a personal attack later on. Provide your answer in the format 'ATTACK: YES/NO'

Conversation:
S_0: [The speaker intends to criticize User Aschoeff for removing discussions from the talk page and to warn that such actions will be considered vandalism.]
S_1: [The speaker intends to acknowledge the previous point made by S_0 and suggests a willingness to reconsider their stance or align with S_0  albeit with a hint of sarcasm or uncertainty.]
S_0: [The speaker intends to express approval that S_1 acknowledges the importance of including the material in question.]",1,1,True,0.7080078125
154155753.7319.7319,3,"You are an assistant trained to detect early warning signs of toxic behavior in online conversations given only the intentions behind each utterance of the conversation. Predict whether the conversation is likely to result in a personal attack later on. Provide your answer in the format 'ATTACK: YES/NO'

Conversation:
S_0: [The speaker intends to express their acceptance of a consensus decision regarding image size  while also voicing concerns about image placement and the need for discussion before changes are made.]
S_1: [The speaker intends to seek clarification on the meaning and relevance of ""wiki_link"" in the context of the discussion.]
S_2: [The speaker intends to express agreement with a previous statement and support for a larger lead image  while also advocating for keeping other images in their current positions.]",1,1,True,0.81640625
15454148.108.108,3,"You are an assistant trained to detect early warning signs of toxic behavior in online conversations given only the intentions behind each utterance of the conversation. Predict whether the conversation is likely to result in a personal attack later on. Provide your answer in the format 'ATTACK: YES/NO'

Conversation:
S_0: [The speaker intends to question the other person's actions and express disagreement with the removal of tags  emphasizing their belief that the articles are stubs.]",0,0,True,0.9150390625
155350692.6026.6026,3,"You are an assistant trained to detect early warning signs of toxic behavior in online conversations given only the intentions behind each utterance of the conversation. Predict whether the conversation is likely to result in a personal attack later on. Provide your answer in the format 'ATTACK: YES/NO'

Conversation:
S_0: [The speaker intends to express concern about the removal of cited material and to question the actions of another user  suggesting it might be considered vandalism.]
S_1: [The speaker intends to clarify the distinction between two terms and to argue that the removal does not constitute original research unless it contradicts policy.]
S_0: [The speaker intends to assert that the terms ""Southern Asia"" and ""South Asia"" are synonymous  challenging the previous speaker's argument.]",0,1,False,0.9365234375
155594817.14064.14064,3,"You are an assistant trained to detect early warning signs of toxic behavior in online conversations given only the intentions behind each utterance of the conversation. Predict whether the conversation is likely to result in a personal attack later on. Provide your answer in the format 'ATTACK: YES/NO'

Conversation:
S_0: [The speaker intends to clarify their position on the issue and request a discussion to reach a consensus.]
S_1: [The speaker intends to dismiss the other speaker's concerns and accuse them of breaking the rules.]",1,1,True,1.0
157076032.4386.4386,3,"You are an assistant trained to detect early warning signs of toxic behavior in online conversations given only the intentions behind each utterance of the conversation. Predict whether the conversation is likely to result in a personal attack later on. Provide your answer in the format 'ATTACK: YES/NO'

Conversation:
S_0: [The speaker intends to instruct S_1 not to restore inappropriate comments and to emphasize the proper use of the talk page.]
S_1: [The speaker intends to express dissatisfaction with S_0's deletion of comments and to highlight perceived improper behavior by S_0.]
S_0: [The speaker intends to dismiss S_1's argument by emphasizing the irrelevance of certain comments and to justify the removal of inappropriate content.]",1,1,True,1.0
15835089.3408.3408,3,"You are an assistant trained to detect early warning signs of toxic behavior in online conversations given only the intentions behind each utterance of the conversation. Predict whether the conversation is likely to result in a personal attack later on. Provide your answer in the format 'ATTACK: YES/NO'

Conversation:
S_0: [The speaker intends to express willingness to unprotect the page if there is evidence that the conflict will end and requests support for Mike's version.]
S_1: [The speaker intends to express gratitude for the protection against vandalism and inform about the reporting of the user responsible for the issue.]
S_0: [The speaker intends to request a source to resolve the issue and express concern about the lack of a source being problematic.]",0,1,False,0.9990234375
160996442.18793.18793,3,"You are an assistant trained to detect early warning signs of toxic behavior in online conversations given only the intentions behind each utterance of the conversation. Predict whether the conversation is likely to result in a personal attack later on. Provide your answer in the format 'ATTACK: YES/NO'

Conversation:
S_0: [The speaker intends to inquire about the other person's previous name out of curiosity.]",0,0,True,0.986328125
161024819.5349.5349,3,"You are an assistant trained to detect early warning signs of toxic behavior in online conversations given only the intentions behind each utterance of the conversation. Predict whether the conversation is likely to result in a personal attack later on. Provide your answer in the format 'ATTACK: YES/NO'

Conversation:
S_0: [The speaker intends to explain the issue with using non-free images and suggest alternatives.]
S_1: [The speaker intends to express disagreement and frustration with the suggestion to replace images.]
S_0: [The speaker intends to clarify the policy on image use and suggest creating original illustrations.]",1,1,True,1.0
161712789.406.406,3,"You are an assistant trained to detect early warning signs of toxic behavior in online conversations given only the intentions behind each utterance of the conversation. Predict whether the conversation is likely to result in a personal attack later on. Provide your answer in the format 'ATTACK: YES/NO'

Conversation:
S_0: [The speaker intends to inform WikiRaja not to tag articles as FA unless they have officially passed the specified process.]",0,1,False,0.79345703125
161945107.12765.12765,3,"You are an assistant trained to detect early warning signs of toxic behavior in online conversations given only the intentions behind each utterance of the conversation. Predict whether the conversation is likely to result in a personal attack later on. Provide your answer in the format 'ATTACK: YES/NO'

Conversation:
S_0: [The speaker intends to express confusion and frustration about the neutrality dispute of the sentence and to argue that the sentence is not biased.]
S_1: [The speaker intends to caution S_0 against letting personal feelings interfere with the editing process and to suggest that S_0 should understand the definition of ""fast"" before making edits.]
S_2: [The speaker intends to express their belief that the sentence is not biased and to propose a possible reason for the objection  suggesting a minor change to address it.]",1,1,True,0.5693359375
162766001.2409.2409,3,"You are an assistant trained to detect early warning signs of toxic behavior in online conversations given only the intentions behind each utterance of the conversation. Predict whether the conversation is likely to result in a personal attack later on. Provide your answer in the format 'ATTACK: YES/NO'

Conversation:
S_0: [The speaker intends to express confusion and concern about unexpected changes attributed to their edit on Wikipedia.]
S_1: [The speaker intends to clarify the situation by explaining the byte count and suggesting a possible glitch or error.]
S_0: [The speaker intends to express further confusion and disbelief about the edits and acknowledge new information about byte count.]",1,0,False,0.92919921875
166279366.14794.14794,3,"You are an assistant trained to detect early warning signs of toxic behavior in online conversations given only the intentions behind each utterance of the conversation. Predict whether the conversation is likely to result in a personal attack later on. Provide your answer in the format 'ATTACK: YES/NO'

Conversation:
S_0: [The speaker intends to request assistance from an uninvolved administrator to make minor formatting edits to the article  emphasizing that these edits are not related to the ongoing mediation to avoid upsetting others.]",0,0,True,0.99658203125
167464902.367.367,3,"You are an assistant trained to detect early warning signs of toxic behavior in online conversations given only the intentions behind each utterance of the conversation. Predict whether the conversation is likely to result in a personal attack later on. Provide your answer in the format 'ATTACK: YES/NO'

Conversation:
S_0: [The speaker intends to inquire about the availability of a specific book and request assistance with referencing an article.]",0,0,True,0.9990234375
175543533.9096.9096,3,"You are an assistant trained to detect early warning signs of toxic behavior in online conversations given only the intentions behind each utterance of the conversation. Predict whether the conversation is likely to result in a personal attack later on. Provide your answer in the format 'ATTACK: YES/NO'

Conversation:
S_0: [The speaker intends to clarify their non-involvement in the nomination and closure of the debate and to advise against making accusations of malice.]
S_1: [The speaker intends to accuse S_0 of malicious behavior and express disinterest in making friends  suggesting that S_0 should seek social interactions elsewhere.]",1,1,True,1.0
178757145.56554.56554,3,"You are an assistant trained to detect early warning signs of toxic behavior in online conversations given only the intentions behind each utterance of the conversation. Predict whether the conversation is likely to result in a personal attack later on. Provide your answer in the format 'ATTACK: YES/NO'

Conversation:
S_0: [The speaker intends to provide guidance and suggest a resource for clarity on editing roles.]
S_1: [The speaker intends to express concern and accuse the other of past disruptive behavior  implying a warning against future conflicts.]
S_2: [The speaker intends to advise on following guidelines and offer support  while dismissing the need for further discussion with Mattisse.]
S_0: [The speaker intends to refute accusations and request intervention from Viriditas to clarify the truth to Rosencomet.]
S_2: [The speaker intends to advise Mattisse to respect Rosencomet's perspective and suggest avoiding confrontation for a more constructive approach.]",0,1,False,0.6875
179494988.2076.2076,3,"You are an assistant trained to detect early warning signs of toxic behavior in online conversations given only the intentions behind each utterance of the conversation. Predict whether the conversation is likely to result in a personal attack later on. Provide your answer in the format 'ATTACK: YES/NO'

Conversation:
S_0: [The speaker intends to justify their actions by explaining that they edited and moved the wiki link based on instructions from a designer and to correct misleading information. The speaker also seeks clarification on the source of the incorrect facts and points out a potential issue with an image on Wikipedia.]",1,0,False,0.935546875
185229633.7636.7636,3,"You are an assistant trained to detect early warning signs of toxic behavior in online conversations given only the intentions behind each utterance of the conversation. Predict whether the conversation is likely to result in a personal attack later on. Provide your answer in the format 'ATTACK: YES/NO'

Conversation:
S_0: [The speaker intends to express surprise or confusion about the lack of mention of Lindsay Lohan in the film.]
S_1: [The speaker intends to correct the previous statement by asserting that Lindsay Lohan is not in the film.]",1,0,False,0.79345703125
186915493.0.0,3,"You are an assistant trained to detect early warning signs of toxic behavior in online conversations given only the intentions behind each utterance of the conversation. Predict whether the conversation is likely to result in a personal attack later on. Provide your answer in the format 'ATTACK: YES/NO'

Conversation:
S_0: [The speaker intends to inform the listener about the progress on the Košice article and to request assistance in improving it further  with the goal of submitting it for GAR.]
S_1: [The speaker intends to inquire about the lack of Hungarian famous people associated with the city of Košice  expressing curiosity and skepticism about the historical representation.]
S_2: [The speaker intends to highlight missing historical information in the article about Košice  questioning the objectivity of the article and suggesting additional historical events and motivations for inclusion.]",0,0,True,0.962890625
187228168.1496.1496,3,"You are an assistant trained to detect early warning signs of toxic behavior in online conversations given only the intentions behind each utterance of the conversation. Predict whether the conversation is likely to result in a personal attack later on. Provide your answer in the format 'ATTACK: YES/NO'

Conversation:
S_0: [The speaker intends to advise S_1 on proper conduct regarding accusations of vandalism and to emphasize the importance of adhering to wiki policies to maintain a constructive environment.]",0,1,False,0.5263671875
188355409.14175.14175,3,"You are an assistant trained to detect early warning signs of toxic behavior in online conversations given only the intentions behind each utterance of the conversation. Predict whether the conversation is likely to result in a personal attack later on. Provide your answer in the format 'ATTACK: YES/NO'

Conversation:
S_0: [The speaker is proposing an idea to use the album show list as a guide for readers to find the best album of a band.]
S_1: [The speaker is rejecting the proposal by stating that it is not aligned with Wikipedia's purpose and reminding the speaker of previous warnings.]
S_2: [The speaker is suggesting an alternative approach by proposing a review that identifies an album as a band's ""magnum opus"" with a brief description.]",1,0,False,0.9658203125
189618204.3603.3606,3,"You are an assistant trained to detect early warning signs of toxic behavior in online conversations given only the intentions behind each utterance of the conversation. Predict whether the conversation is likely to result in a personal attack later on. Provide your answer in the format 'ATTACK: YES/NO'

Conversation:
S_0: [The speaker intends to request that the other person provide sources for the information added to the article and to express concern about potential copyright infringement.]
S_1: [The speaker intends to express disagreement with the inclusion of the content and to argue that it should be deleted as it is not suitable for Wikipedia.]
S_0: [The speaker intends to seek clarification on whether the previous comment was directed at them and to express willingness to remove content if it is deemed unencyclopedic.]",0,0,True,0.8701171875
192343221.9977.9977,3,"You are an assistant trained to detect early warning signs of toxic behavior in online conversations given only the intentions behind each utterance of the conversation. Predict whether the conversation is likely to result in a personal attack later on. Provide your answer in the format 'ATTACK: YES/NO'

Conversation:
S_0: [The speaker intends to warn the other person to stop adding unwanted comments to another user's page and to inform them that their comments have been seen.]
S_1: [The speaker intends to clarify that the comment they added was not the same as the previous one.]",0,1,False,0.9345703125
192975599.2242.2242,3,"You are an assistant trained to detect early warning signs of toxic behavior in online conversations given only the intentions behind each utterance of the conversation. Predict whether the conversation is likely to result in a personal attack later on. Provide your answer in the format 'ATTACK: YES/NO'

Conversation:
S_0: [The speaker intends to inform the other party of their indefinite block from editing due to perceived trolling and to provide justification for the block by listing specific actions and patterns of behavior.]",1,0,False,1.0
193565323.8199.8199,3,"You are an assistant trained to detect early warning signs of toxic behavior in online conversations given only the intentions behind each utterance of the conversation. Predict whether the conversation is likely to result in a personal attack later on. Provide your answer in the format 'ATTACK: YES/NO'

Conversation:
S_0: [The speaker intends to express surprise at the reaction to an editor and suggests that another editor  Inspectre  might need similar attention.]",0,0,True,0.841796875
194231477.9130.9130,3,"You are an assistant trained to detect early warning signs of toxic behavior in online conversations given only the intentions behind each utterance of the conversation. Predict whether the conversation is likely to result in a personal attack later on. Provide your answer in the format 'ATTACK: YES/NO'

Conversation:
S_0: [The speaker intends to express their uncertainty about their understanding of legal English and seeks assistance or correction if needed.]
S_1: [The speaker intends to reassure S_0 by offering to improve the rationale for them.]",1,0,False,0.72607421875
19427256.487.487,3,"You are an assistant trained to detect early warning signs of toxic behavior in online conversations given only the intentions behind each utterance of the conversation. Predict whether the conversation is likely to result in a personal attack later on. Provide your answer in the format 'ATTACK: YES/NO'

Conversation:
S_0: [The speaker intends to express dissatisfaction and set a condition for future communication.]",1,1,True,0.634765625
198960121.10524.10524,3,"You are an assistant trained to detect early warning signs of toxic behavior in online conversations given only the intentions behind each utterance of the conversation. Predict whether the conversation is likely to result in a personal attack later on. Provide your answer in the format 'ATTACK: YES/NO'

Conversation:
S_0: [The speaker intends to express concern about the lack of authoritative sources in the article and suggests two possible solutions to improve its credibility.]
S_1: [The speaker intends to refute the claim of original research by asserting that the article is well-cited and to acknowledge the concerns raised as a catalyst for improvement.]",0,1,False,0.9990234375
199347779.28791.28791,3,"You are an assistant trained to detect early warning signs of toxic behavior in online conversations given only the intentions behind each utterance of the conversation. Predict whether the conversation is likely to result in a personal attack later on. Provide your answer in the format 'ATTACK: YES/NO'

Conversation:
S_0: [The speaker intends to argue that the Ayta people are not Filipinos and should not be included in the article as such.]
S_1: [The speaker intends to challenge S_0's assertion by questioning whether the definition of Filipinos excludes Ayta people.]
S_0: [The speaker intends to clarify their position that the Ayta are a separate ethnic group and should only be mentioned in the demographics section.]
S_1: [The speaker intends to express skepticism about the accuracy of the article's lead sentence based on S_0's argument.]
S_0: [The speaker intends to explain that the article is about ethnic Filipinos  not just citizens  and reiterates their earlier point.]",1,1,True,0.99072265625
20086777.0.0,3,"You are an assistant trained to detect early warning signs of toxic behavior in online conversations given only the intentions behind each utterance of the conversation. Predict whether the conversation is likely to result in a personal attack later on. Provide your answer in the format 'ATTACK: YES/NO'

Conversation:
S_0: [The speaker intends to express concern or frustration about the large number of proposals being submitted simultaneously.]",0,0,True,0.72802734375
202186098.20684.20684,3,"You are an assistant trained to detect early warning signs of toxic behavior in online conversations given only the intentions behind each utterance of the conversation. Predict whether the conversation is likely to result in a personal attack later on. Provide your answer in the format 'ATTACK: YES/NO'

Conversation:
S_0: [the speaker intends to provide critical feedback on the text.]
S_1: [the speaker intends to justify the writing style by explaining the target audience.]",0,0,True,0.96435546875
205710474.27731.27731,3,"You are an assistant trained to detect early warning signs of toxic behavior in online conversations given only the intentions behind each utterance of the conversation. Predict whether the conversation is likely to result in a personal attack later on. Provide your answer in the format 'ATTACK: YES/NO'

Conversation:
S_0: [The speaker intends to provide a detailed summary and analysis of Zizioulas's work on personhood  highlighting the strengths and weaknesses of various philosophical perspectives in comparison to patristic thinking.]
S_1: [The speaker intends to express skepticism or dismissiveness about the detailed analysis provided by S_0  questioning its relevance or purpose.]
S_2: [The speaker intends to express agreement with S_1's skepticism or dismissiveness.]",1,1,True,0.6396484375
20617264.0.0,3,"You are an assistant trained to detect early warning signs of toxic behavior in online conversations given only the intentions behind each utterance of the conversation. Predict whether the conversation is likely to result in a personal attack later on. Provide your answer in the format 'ATTACK: YES/NO'

Conversation:
S_0: [The speaker intends to clarify the songwriting credit practices within Queen and seeks confirmation or correction regarding the specific contributions of Freddie Mercury and Brian May to the song in question.]
S_1: [The speaker intends to provide evidence from interviews and commentary to assert that Freddie Mercury was solely responsible for the creation of the song  including the guitar parts.]",0,0,True,0.994140625
211538523.5868.5868,3,"You are an assistant trained to detect early warning signs of toxic behavior in online conversations given only the intentions behind each utterance of the conversation. Predict whether the conversation is likely to result in a personal attack later on. Provide your answer in the format 'ATTACK: YES/NO'

Conversation:
S_0: [The speaker intends to justify their addition of chart positions for the 70's line-ups to highlight the success of the Supremes in the Disco era and to argue for the inclusion of this information in the article.]",0,0,True,0.9912109375
212557426.38365.38365,3,"You are an assistant trained to detect early warning signs of toxic behavior in online conversations given only the intentions behind each utterance of the conversation. Predict whether the conversation is likely to result in a personal attack later on. Provide your answer in the format 'ATTACK: YES/NO'

Conversation:
S_0: [The speaker intends to initiate a voice conversation to discuss image policies and arbcom  seeking advice and collaboration.]
S_1: [The speaker intends to decline the voice conversation offer due to an upcoming wikibreak and prefers email communication for discussions.]
S_0: [The speaker intends to propose waiting until after the wikibreak for the conversation and suggests using the current page for non-sensitive discussions  while expressing admiration for S_1.]",1,1,True,0.99951171875
217613994.14175.14175,3,"You are an assistant trained to detect early warning signs of toxic behavior in online conversations given only the intentions behind each utterance of the conversation. Predict whether the conversation is likely to result in a personal attack later on. Provide your answer in the format 'ATTACK: YES/NO'

Conversation:
S_0: [The speaker intends to assert that the subject being discussed is the more commonly used option.]
S_1: [The speaker intends to express confusion and attribute the cause of their confusion to the actions of the other speaker.]",1,1,True,0.970703125
220862637.3179.3179,3,"You are an assistant trained to detect early warning signs of toxic behavior in online conversations given only the intentions behind each utterance of the conversation. Predict whether the conversation is likely to result in a personal attack later on. Provide your answer in the format 'ATTACK: YES/NO'

Conversation:
S_0: [The speaker intends to request that the other person refrain from adding spam links to articles.]
S_1: [The speaker intends to defend their actions by arguing that the links were not spam and to express disagreement with the accusation.]",1,1,True,0.9990234375
223916485.29331.29331,3,"You are an assistant trained to detect early warning signs of toxic behavior in online conversations given only the intentions behind each utterance of the conversation. Predict whether the conversation is likely to result in a personal attack later on. Provide your answer in the format 'ATTACK: YES/NO'

Conversation:
S_0: [The speaker intends to request the restoration of their comment that was removed.]",0,0,True,0.9970703125
224019277.8125.8125,3,"You are an assistant trained to detect early warning signs of toxic behavior in online conversations given only the intentions behind each utterance of the conversation. Predict whether the conversation is likely to result in a personal attack later on. Provide your answer in the format 'ATTACK: YES/NO'

Conversation:
S_0: [The speaker expresses gratitude for receiving a wikicookie and seeks information about future assessment drives.]
S_1: [The speaker clarifies their role in giving awards  expresses uncertainty about future drives  and shares their personal goal related to article improvement.]",0,1,False,0.99609375
226934135.3374.3374,3,"You are an assistant trained to detect early warning signs of toxic behavior in online conversations given only the intentions behind each utterance of the conversation. Predict whether the conversation is likely to result in a personal attack later on. Provide your answer in the format 'ATTACK: YES/NO'

Conversation:
S_0: [The speaker intends to inform the other party about the indefinite block on their account and the conditions required for reconsideration.]
S_1: [The speaker intends to explain their actions and express resignation towards the consequences of being blocked.]",0,1,False,1.0
227510084.11609.11609,3,"You are an assistant trained to detect early warning signs of toxic behavior in online conversations given only the intentions behind each utterance of the conversation. Predict whether the conversation is likely to result in a personal attack later on. Provide your answer in the format 'ATTACK: YES/NO'

Conversation:
S_0: [The speaker intends to criticize the other person's actions of adding tags without discussion and to express frustration over their perceived lack of understanding of the subject matter.]",1,1,True,0.6689453125
231752626.3512.3512,3,"You are an assistant trained to detect early warning signs of toxic behavior in online conversations given only the intentions behind each utterance of the conversation. Predict whether the conversation is likely to result in a personal attack later on. Provide your answer in the format 'ATTACK: YES/NO'

Conversation:
S_0: [The speaker intends to express sympathy but also to justify the deletion of a paragraph by stating it is not relevant.]",1,0,False,0.52294921875
235787010.1602.1602,3,"You are an assistant trained to detect early warning signs of toxic behavior in online conversations given only the intentions behind each utterance of the conversation. Predict whether the conversation is likely to result in a personal attack later on. Provide your answer in the format 'ATTACK: YES/NO'

Conversation:
S_0: [The speaker intends to express confusion and seek clarification about the claim regarding the largest urban park in Europe.]
S_1: [The speaker intends to clarify the distinction between Richmond Park and Phoenix Park in terms of their public access and ownership.]",0,0,True,0.98486328125
236497373.17427.17427,3,"You are an assistant trained to detect early warning signs of toxic behavior in online conversations given only the intentions behind each utterance of the conversation. Predict whether the conversation is likely to result in a personal attack later on. Provide your answer in the format 'ATTACK: YES/NO'

Conversation:
S_0: [The speaker intends to introduce or mention a topic related to a ""Sharia plan.""]",0,0,True,0.87451171875
236755381.13326.13326,3,"You are an assistant trained to detect early warning signs of toxic behavior in online conversations given only the intentions behind each utterance of the conversation. Predict whether the conversation is likely to result in a personal attack later on. Provide your answer in the format 'ATTACK: YES/NO'

Conversation:
S_0: [The speaker intends to defend the inclusion of unsourced content and requests time to provide references.]
S_1: [The speaker intends to challenge the validity of the content by questioning its lack of sources and suggesting it reads like opinion.]",1,0,False,0.77197265625
241131342.18768.18523,3,"You are an assistant trained to detect early warning signs of toxic behavior in online conversations given only the intentions behind each utterance of the conversation. Predict whether the conversation is likely to result in a personal attack later on. Provide your answer in the format 'ATTACK: YES/NO'

Conversation:
S_0: [The speaker intends to express a desire for the topic to be unprotected and issues a challenge or threat to the other speaker.]",1,1,True,0.98876953125
241764483.101294.101294,3,"You are an assistant trained to detect early warning signs of toxic behavior in online conversations given only the intentions behind each utterance of the conversation. Predict whether the conversation is likely to result in a personal attack later on. Provide your answer in the format 'ATTACK: YES/NO'

Conversation:
S_0: [The speaker intends to inform the listener about Serbia's claim of having a majority.]",1,1,True,0.57470703125
243535346.22792.22792,3,"You are an assistant trained to detect early warning signs of toxic behavior in online conversations given only the intentions behind each utterance of the conversation. Predict whether the conversation is likely to result in a personal attack later on. Provide your answer in the format 'ATTACK: YES/NO'

Conversation:
S_0: [The speaker is seeking assistance in locating a specific subpage link related to leagues that serve as benchmarks for notability and expressing a desire to include this link in a relevant location for easy access.]
S_1: [The speaker intends to provide the requested link to the subpage by sharing it.]",0,0,True,0.515625
249816928.4402.4402,3,"You are an assistant trained to detect early warning signs of toxic behavior in online conversations given only the intentions behind each utterance of the conversation. Predict whether the conversation is likely to result in a personal attack later on. Provide your answer in the format 'ATTACK: YES/NO'

Conversation:
S_0: [The speaker intends to express gratitude for the review and kind words  request a quick assessment of other articles  and seek suggestions for future nominations while explaining their current time constraints.]",0,0,True,1.0
256933358.0.0,3,"You are an assistant trained to detect early warning signs of toxic behavior in online conversations given only the intentions behind each utterance of the conversation. Predict whether the conversation is likely to result in a personal attack later on. Provide your answer in the format 'ATTACK: YES/NO'

Conversation:
S_0: [The speaker intends to express agreement with the current roster notation and plans to investigate further to confirm information about Kaz/Suicide.]
S_1: [The speaker intends to express agreement with the possibility of Kaz being involved but introduces an alternative possibility involving Amazing Red.]
S_2: [The speaker intends to agree with the previous statement about Christian and to correct the misconception about Amazing Red being Suicide by providing factual information.]",0,0,True,0.99951171875
258343447.8293.8293,3,"You are an assistant trained to detect early warning signs of toxic behavior in online conversations given only the intentions behind each utterance of the conversation. Predict whether the conversation is likely to result in a personal attack later on. Provide your answer in the format 'ATTACK: YES/NO'

Conversation:
S_0: [The speaker intends to warn the other person about their behavior and express a desire to avoid escalating the situation to a formal complaint.]
S_1: [The speaker intends to justify their actions by referencing a guideline and implying that their actions are within acceptable limits.]
S_0: [The speaker intends to refute the other person's justification  accuse them of targeted behavior  and request a change in communication practices.]",1,1,True,1.0
260500116.16426.16426,3,"You are an assistant trained to detect early warning signs of toxic behavior in online conversations given only the intentions behind each utterance of the conversation. Predict whether the conversation is likely to result in a personal attack later on. Provide your answer in the format 'ATTACK: YES/NO'

Conversation:
S_0: [The speaker intends to clarify the nature of court filings and their inappropriateness as sources according to wiki policies  and to justify the removal of such sources from the article.]
S_1: [The speaker intends to attribute the introduction of court case content to Cunado and to express frustration with S_0's inconsistent stance on the inclusion of such content.]
S_0: [The speaker intends to downplay the importance of who introduced the content and to express skepticism about the justification for its inclusion  while also acknowledging a shared growth in understanding wiki policies.]",1,1,True,0.9912109375
261549717.6141.6141,3,"You are an assistant trained to detect early warning signs of toxic behavior in online conversations given only the intentions behind each utterance of the conversation. Predict whether the conversation is likely to result in a personal attack later on. Provide your answer in the format 'ATTACK: YES/NO'

Conversation:
S_0: [The speaker intends to address a misunderstanding and propose a resolution by suggesting a mutual withdrawal of reports.]
S_1: [The speaker intends to clarify a misattribution  defend their actions  and justify their stance on not withdrawing the report.]
S_0: [The speaker intends to clarify the misunderstanding further and encourage the other speaker to reconsider their response.]",1,0,False,0.8955078125
266672416.14406.14406,3,"You are an assistant trained to detect early warning signs of toxic behavior in online conversations given only the intentions behind each utterance of the conversation. Predict whether the conversation is likely to result in a personal attack later on. Provide your answer in the format 'ATTACK: YES/NO'

Conversation:
S_0: [The speaker intends to address a misunderstanding and clarify the distinction between two different articles  urging the other person to use the talk page for discussion.]
S_1: [The speaker intends to accuse the other person of being disruptive by tagging a fact as unreferenced during an ongoing dispute.]",1,1,True,0.99951171875
266938227.4116.4116,3,"You are an assistant trained to detect early warning signs of toxic behavior in online conversations given only the intentions behind each utterance of the conversation. Predict whether the conversation is likely to result in a personal attack later on. Provide your answer in the format 'ATTACK: YES/NO'

Conversation:
S_0: [The speaker intends to express dissatisfaction and assert ownership over the content they contributed.]
S_1: [The speaker intends to justify their action and suggest that the other person review Wikipedia's guidelines.]
S_0: [The speaker intends to challenge the other person's actions and assert their own perspective on content contribution.]",1,1,True,1.0
267643437.10093.10093,3,"You are an assistant trained to detect early warning signs of toxic behavior in online conversations given only the intentions behind each utterance of the conversation. Predict whether the conversation is likely to result in a personal attack later on. Provide your answer in the format 'ATTACK: YES/NO'

Conversation:
S_0: [The speaker intends to express gratitude for the contributions made by the other person to the Wikipedia article and to present a case for including honorifics in the article based on cultural and contextual significance.]
S_1: [The speaker intends to disagree with the previous speaker's argument and to assert that the Wikipedia naming conventions should be followed  expressing skepticism about the reasoning provided for ignoring the guideline.]
S_0: [The speaker intends to challenge the necessity of strict adherence to the guidelines by providing an example and questioning whether exceptions can be made when names and prefixes are widely recognized by the community.]",0,0,True,0.93359375
271241618.17641.18017,3,"You are an assistant trained to detect early warning signs of toxic behavior in online conversations given only the intentions behind each utterance of the conversation. Predict whether the conversation is likely to result in a personal attack later on. Provide your answer in the format 'ATTACK: YES/NO'

Conversation:
S_0: [The speaker intends to justify the inclusion of a section in the article by listing reasons and expressing the need for discussion before deletion.]
S_1: [The speaker intends to express frustration about the removal of content and suggests reverting to the original state while questioning the deletion process.]",0,1,False,1.0
271340377.69106.69106,3,"You are an assistant trained to detect early warning signs of toxic behavior in online conversations given only the intentions behind each utterance of the conversation. Predict whether the conversation is likely to result in a personal attack later on. Provide your answer in the format 'ATTACK: YES/NO'

Conversation:
S_0: [The speaker intends to propose integrating a short section into the biographical sections of the article and seeks feedback or objections from others.]
S_1: [The speaker intends to express agreement with the proposal made by S_0.]",0,1,False,0.9970703125
273276496.704.704,3,"You are an assistant trained to detect early warning signs of toxic behavior in online conversations given only the intentions behind each utterance of the conversation. Predict whether the conversation is likely to result in a personal attack later on. Provide your answer in the format 'ATTACK: YES/NO'

Conversation:
S_0: [The speaker intends to remind the other participants of Wikipedia's policies and the consequences of personal attacks  aiming to maintain a respectful and constructive community environment.]
S_1: [The speaker intends to reject the accusation of making a personal attack and to assert that the warning received is itself a violation of Wikipedia's guidelines  suggesting that the other party is causing disruption.]",1,1,True,1.0
274481213.24594.24594,3,"You are an assistant trained to detect early warning signs of toxic behavior in online conversations given only the intentions behind each utterance of the conversation. Predict whether the conversation is likely to result in a personal attack later on. Provide your answer in the format 'ATTACK: YES/NO'

Conversation:
S_0: [The speaker intends to argue for the inclusion of information about Dr. Hansen's advocacy for civil disobedience in his biography  emphasizing its notability.]
S_1: [The speaker intends to downplay the significance of Dr. Hansen's actions  suggesting they are not notable enough for inclusion in an encyclopedia.]
S_2: [The speaker intends to support the inclusion of the information by highlighting its notability and criticizing attempts to remove it as whitewashing.]",1,1,True,0.89404296875
277132168.5865.5865,3,"You are an assistant trained to detect early warning signs of toxic behavior in online conversations given only the intentions behind each utterance of the conversation. Predict whether the conversation is likely to result in a personal attack later on. Provide your answer in the format 'ATTACK: YES/NO'

Conversation:
S_0: [The speaker intends to critique the paragraph for being biased and suggests that it should be rewritten to provide a balanced perspective.]
S_1: [The speaker intends to acknowledge the critique and seeks confirmation on whether the revisions are on the right track  while also highlighting the need for sources.]
S_0: [The speaker intends to express the need for a substantial rewrite to achieve neutrality and indicates a lack of personal time to undertake the task  hoping someone else might address it.]",0,0,True,0.6337890625
277904646.63907.63907,3,"You are an assistant trained to detect early warning signs of toxic behavior in online conversations given only the intentions behind each utterance of the conversation. Predict whether the conversation is likely to result in a personal attack later on. Provide your answer in the format 'ATTACK: YES/NO'

Conversation:
S_0: [The speaker expresses frustration and seeks to stop the re-adding of language about not linking to years.]
S_1: [The speaker defends the current wording and suggests that any changes should wait for upcoming RfCs.]
S_2: [The speaker agrees with S_1 and requests to leave the wording unchanged until negotiations are concluded.]
S_0: [The speaker dismisses the idea of existing RFCs supporting the delinking of all years.]
S_2: [The speaker argues for maintaining the current wording and criticizes S_0's use of imperatives.]
S_0: [The speaker challenges the notion of long-standing language and expresses frustration over the ongoing edit war.]
S_2: [The speaker expresses disappointment and reiterates the support of three users for the current wording  reverting the changes.]",1,1,True,1.0
284167801.16543.16543,3,"You are an assistant trained to detect early warning signs of toxic behavior in online conversations given only the intentions behind each utterance of the conversation. Predict whether the conversation is likely to result in a personal attack later on. Provide your answer in the format 'ATTACK: YES/NO'

Conversation:
S_0: [The speaker intends to express their belief that the article is biased and seeks to initiate a discussion about it.]
S_1: [The speaker intends to agree with the tagging of the article and seeks feedback on the revised lead  while expressing a desire to improve the article and resolve ongoing disputes.]",1,1,True,0.95849609375
28835125.4162.4162,3,"You are an assistant trained to detect early warning signs of toxic behavior in online conversations given only the intentions behind each utterance of the conversation. Predict whether the conversation is likely to result in a personal attack later on. Provide your answer in the format 'ATTACK: YES/NO'

Conversation:
S_0: [The speaker wants to understand the reasoning behind considering certain materials as canon and seeks confirmation of Capcom's approval.]
S_1: [The speaker intends to express skepticism about the manga being canon and to avoid further debate on the topic.]",1,1,True,0.82373046875
289437727.9566.9566,3,"You are an assistant trained to detect early warning signs of toxic behavior in online conversations given only the intentions behind each utterance of the conversation. Predict whether the conversation is likely to result in a personal attack later on. Provide your answer in the format 'ATTACK: YES/NO'

Conversation:
S_0: [The speaker intends to share a method for identifying plagiarism in articles by using Google to search for copied content.]",0,1,False,0.9287109375
294034026.26110.26110,3,"You are an assistant trained to detect early warning signs of toxic behavior in online conversations given only the intentions behind each utterance of the conversation. Predict whether the conversation is likely to result in a personal attack later on. Provide your answer in the format 'ATTACK: YES/NO'

Conversation:
S_0: [The speaker intends to apologize for any previous offense and clarify the reasoning behind their stance on the Chester claim  emphasizing the lack of evidence for the claim.]
S_1: [The speaker intends to inform the recipient about a new argument and proposal regarding the ""Derry Walls"" discussion and seeks the recipient's opinion on the matter.]
S_2: [The speaker intends to explain their recent edit and justify the inclusion of a reference supporting the preservation state of the walls  while acknowledging ongoing terminology issues.]
S_3: [The speaker intends to inform others that they have contributed to the discussion or article.]
S_1: [The speaker intends to express gratitude and agreement  while also alerting the recipient to an ongoing edit conflict initiated by another user.]",1,1,True,0.62841796875
295324539.37677.37677,3,"You are an assistant trained to detect early warning signs of toxic behavior in online conversations given only the intentions behind each utterance of the conversation. Predict whether the conversation is likely to result in a personal attack later on. Provide your answer in the format 'ATTACK: YES/NO'

Conversation:
S_0: [The speaker seeks clarification on the appropriate way to refer to a person  indicating a desire for understanding or confirmation.]",0,0,True,1.0
300925463.5937.5937,3,"You are an assistant trained to detect early warning signs of toxic behavior in online conversations given only the intentions behind each utterance of the conversation. Predict whether the conversation is likely to result in a personal attack later on. Provide your answer in the format 'ATTACK: YES/NO'

Conversation:
S_0: [The speaker is asking for clarification or a reason.]
S_1: [The speaker is humorously explaining their actions and expressing a decision to move on from ACC.]
S_0: [The speaker is acknowledging understanding  suggesting a course of action  and humorously admitting to stalking talk pages.]",0,1,False,0.99169921875
302451722.17861.17861,3,"You are an assistant trained to detect early warning signs of toxic behavior in online conversations given only the intentions behind each utterance of the conversation. Predict whether the conversation is likely to result in a personal attack later on. Provide your answer in the format 'ATTACK: YES/NO'

Conversation:
S_0: [The speaker intends to express skepticism about the legitimacy of certain users' contributions and seeks confirmation from the other speaker regarding their suspicions of sockpuppetry.]
S_1: [The speaker intends to clarify their actions and express disagreement with the notion that the templates were justified  while also providing context for their decision to comment.]",0,1,False,0.990234375
302500608.22638.22638,3,"You are an assistant trained to detect early warning signs of toxic behavior in online conversations given only the intentions behind each utterance of the conversation. Predict whether the conversation is likely to result in a personal attack later on. Provide your answer in the format 'ATTACK: YES/NO'

Conversation:
S_0: [The speaker intends to express regret and concern over their involvement in a conflict on Wikipedia  and to communicate a possible decision to leave the platform due to the negative impact on others.]
S_1: [The speaker intends to reassure S_0 by expressing a lack of personal concern over S_0's actions  encouraging S_0 to make decisions consistent with policies and good sense  and suggesting a break if needed.]",1,1,True,0.99951171875
303373601.29884.29884,3,"You are an assistant trained to detect early warning signs of toxic behavior in online conversations given only the intentions behind each utterance of the conversation. Predict whether the conversation is likely to result in a personal attack later on. Provide your answer in the format 'ATTACK: YES/NO'

Conversation:
S_0: [The speaker intends to propose the creation of a new list for WWE pay-per-views and seeks feedback on whether it should be a new page or added to an existing list.]
S_1: [The speaker intends to express concerns about the proposed list's length and redundancy  suggesting that the current list is sufficient.]
S_2: [The speaker intends to argue against the notion that the proposed list is unnecessary by comparing it to other existing lists and suggesting that similar lists could be created for different wrestling promotions.]
S_1: [The speaker intends to emphasize that pay-per-views are different from television episodes  implying that they should not be listed in the same manner.]
S_2: [The speaker intends to question the difference between listing pay-per-views and other types of events  arguing that if one is considered unnecessary  so should the other.]
S_1: [The speaker intends to argue that existing articles already serve the purpose of listing events chronologically  making a new list redundant.]",1,1,True,0.98193359375
306471894.3660.3660,3,"You are an assistant trained to detect early warning signs of toxic behavior in online conversations given only the intentions behind each utterance of the conversation. Predict whether the conversation is likely to result in a personal attack later on. Provide your answer in the format 'ATTACK: YES/NO'

Conversation:
S_0: [The speaker intends to criticize the other person for avoiding a discussion and accuses them of using manipulative tactics.]",1,1,True,0.99951171875
308951641.17539.17539,3,"You are an assistant trained to detect early warning signs of toxic behavior in online conversations given only the intentions behind each utterance of the conversation. Predict whether the conversation is likely to result in a personal attack later on. Provide your answer in the format 'ATTACK: YES/NO'

Conversation:
S_0: [The speaker intends to inform the other person about the unblocking decision and request restraint in future actions to avoid complications.]",1,0,False,0.99853515625
310586657.7320.7320,3,"You are an assistant trained to detect early warning signs of toxic behavior in online conversations given only the intentions behind each utterance of the conversation. Predict whether the conversation is likely to result in a personal attack later on. Provide your answer in the format 'ATTACK: YES/NO'

Conversation:
S_0: [The speaker intends to inquire about the other person's previous editing history to understand their experience and background.]
S_1: [The speaker intends to express skepticism about remembering past activities and to challenge the other person's motives for checking their history  while also expressing sarcasm.]",1,1,True,0.99951171875
314540585.6679.6679,3,"You are an assistant trained to detect early warning signs of toxic behavior in online conversations given only the intentions behind each utterance of the conversation. Predict whether the conversation is likely to result in a personal attack later on. Provide your answer in the format 'ATTACK: YES/NO'

Conversation:
S_0: [The speaker intends to clarify that not all content on US Government websites is public domain and to provide specific information about the origin of a photograph.]",0,1,False,0.64208984375
314695951.26436.26436,3,"You are an assistant trained to detect early warning signs of toxic behavior in online conversations given only the intentions behind each utterance of the conversation. Predict whether the conversation is likely to result in a personal attack later on. Provide your answer in the format 'ATTACK: YES/NO'

Conversation:
S_0: [The speaker intends to express frustration about the perceived bias in the article and the deletion of their contribution  highlighting a concern for balanced representation.]",0,1,False,1.0
31521591.794.794,3,"You are an assistant trained to detect early warning signs of toxic behavior in online conversations given only the intentions behind each utterance of the conversation. Predict whether the conversation is likely to result in a personal attack later on. Provide your answer in the format 'ATTACK: YES/NO'

Conversation:
S_0: [The speaker intends to explain their recent action of adding their club to the list and justify their decision while acknowledging the need for a standardized order in the future.]",0,0,True,1.0
31727640.41326.41326,3,"You are an assistant trained to detect early warning signs of toxic behavior in online conversations given only the intentions behind each utterance of the conversation. Predict whether the conversation is likely to result in a personal attack later on. Provide your answer in the format 'ATTACK: YES/NO'

Conversation:
S_0: [The speaker intends to express concern and seek agreement on the need for an immediate ban of a user due to inappropriate behavior.]",1,0,False,0.533203125
324569832.859.859,3,"You are an assistant trained to detect early warning signs of toxic behavior in online conversations given only the intentions behind each utterance of the conversation. Predict whether the conversation is likely to result in a personal attack later on. Provide your answer in the format 'ATTACK: YES/NO'

Conversation:
S_0: [The speaker intends to mention or tag Robertgreer in the conversation.]
S_1: [The speaker intends to support Robertgreer's reply and clarify the difference between the two groups being compared.]
S_2: [The speaker intends to inquire about the availability of sources  implying that they should be easy to find.]",0,0,True,0.68896484375
324625042.21933.21933,3,"You are an assistant trained to detect early warning signs of toxic behavior in online conversations given only the intentions behind each utterance of the conversation. Predict whether the conversation is likely to result in a personal attack later on. Provide your answer in the format 'ATTACK: YES/NO'

Conversation:
S_0: [The speaker intends to share an external link with the other participant.]",1,1,True,0.55029296875
325209973.9766.9766,3,"You are an assistant trained to detect early warning signs of toxic behavior in online conversations given only the intentions behind each utterance of the conversation. Predict whether the conversation is likely to result in a personal attack later on. Provide your answer in the format 'ATTACK: YES/NO'

Conversation:
S_0: [The speaker intends to justify their adherence to guidelines and challenge the other speaker to provide evidence contrary to their understanding.]",1,1,True,0.98486328125
325725436.7007.7007,3,"You are an assistant trained to detect early warning signs of toxic behavior in online conversations given only the intentions behind each utterance of the conversation. Predict whether the conversation is likely to result in a personal attack later on. Provide your answer in the format 'ATTACK: YES/NO'

Conversation:
S_0: [The speaker wants to know why the other person has not signed up for the doughnut project.]",0,0,True,1.0
327377531.3612.3612,3,"You are an assistant trained to detect early warning signs of toxic behavior in online conversations given only the intentions behind each utterance of the conversation. Predict whether the conversation is likely to result in a personal attack later on. Provide your answer in the format 'ATTACK: YES/NO'

Conversation:
S_0: [The speaker seeks assistance and mediation in resolving a conflict and expresses a desire to end the ongoing issue.]
S_1: [The speaker provides a brief suggestion for possible avenues to seek help.]
S_0: [The speaker expresses dissatisfaction with previous attempts to resolve the issue and seeks further clarification on their specific situation.]
S_1: [The speaker intends to inform the other party that the restriction will remain due to past behavior.]",0,0,True,0.50439453125
327747674.10.16,3,"You are an assistant trained to detect early warning signs of toxic behavior in online conversations given only the intentions behind each utterance of the conversation. Predict whether the conversation is likely to result in a personal attack later on. Provide your answer in the format 'ATTACK: YES/NO'

Conversation:
S_0: [The speaker is seeking assistance in finding a list of Cargo Airlines offering service at Sky Harbor and expressing uncertainty about where to find this information.]",0,0,True,0.93359375
328100374.7624.7624,3,"You are an assistant trained to detect early warning signs of toxic behavior in online conversations given only the intentions behind each utterance of the conversation. Predict whether the conversation is likely to result in a personal attack later on. Provide your answer in the format 'ATTACK: YES/NO'

Conversation:
S_0: [The speaker intends to request the restoration of their rollback privilege after it was removed due to being blocked.]
S_1: [The speaker intends to explain why they will not restore the rollback privilege  citing the speaker's involvement in an edit war and suggesting a future re-request after a period of good behavior.]
S_0: [The speaker intends to defend their past behavior and reputation  arguing that their previous block was unwarranted and asking for leniency in the current situation.]",1,1,True,0.99951171875
329379543.16.16,3,"You are an assistant trained to detect early warning signs of toxic behavior in online conversations given only the intentions behind each utterance of the conversation. Predict whether the conversation is likely to result in a personal attack later on. Provide your answer in the format 'ATTACK: YES/NO'

Conversation:
S_0: [The speaker intends to offer guidance while setting expectations about their availability.]
S_1: [The speaker intends to express satisfaction that the other person has found help and to convey polite regards.]
S_0: [The speaker intends to provide instructions and set clear expectations about the adoption process and consequences of vandalism.]
S_2: [The speaker intends to reassure the other person about their commitment to not vandalize and express gratitude for the adoption opportunity.]
S_0: [The speaker intends to inform the other person about potential communication delays due to time zone differences.]",0,0,True,0.99951171875
330510349.3683.3683,3,"You are an assistant trained to detect early warning signs of toxic behavior in online conversations given only the intentions behind each utterance of the conversation. Predict whether the conversation is likely to result in a personal attack later on. Provide your answer in the format 'ATTACK: YES/NO'

Conversation:
S_0: [The speaker intends to express frustration and challenge the decision to delete the article  emphasizing the significance of the record and questioning the deletion process.]
S_1: [The speaker intends to justify the deletion decision by explaining the criteria for inclusion and inviting further evidence of notability.]
S_0: [The speaker intends to acknowledge the lack of an article for the artist and assert that references were provided in the article.]",1,0,False,0.98486328125
330612945.15042.15042,3,"You are an assistant trained to detect early warning signs of toxic behavior in online conversations given only the intentions behind each utterance of the conversation. Predict whether the conversation is likely to result in a personal attack later on. Provide your answer in the format 'ATTACK: YES/NO'

Conversation:
S_0: [The speaker intends to request assistance with the history section of wiki_link and seeks a copyedit to address feedback from a reviewer.]",0,0,True,1.0
334577218.13132.13132,3,"You are an assistant trained to detect early warning signs of toxic behavior in online conversations given only the intentions behind each utterance of the conversation. Predict whether the conversation is likely to result in a personal attack later on. Provide your answer in the format 'ATTACK: YES/NO'

Conversation:
S_0: [The speaker intends to express concern about the transformation of an article and seeks feedback on whether to request comments due to their inability to monitor the article continuously.]
S_1: [The speaker intends to reassure S_0 that the article is already visible and suggests that S_0's concern may be exaggerated.]
S_0: [The speaker intends to acknowledge S_1's point and decides to hold off on requesting comments  while expressing continued concern and gratitude.]
S_2: [The speaker intends to acknowledge the presence of speculation in the article and express agreement  while suggesting that it is not severe enough to warrant further conflict unless it becomes misinformation.]
S_3: [The speaker intends to express concern about the deletion of pertinent information from the article and highlight a specific example.]",0,0,True,0.794921875
334586945.13521.13521,3,"You are an assistant trained to detect early warning signs of toxic behavior in online conversations given only the intentions behind each utterance of the conversation. Predict whether the conversation is likely to result in a personal attack later on. Provide your answer in the format 'ATTACK: YES/NO'

Conversation:
S_0: [The speaker intends to share information about Abdulmutallab's educational background and express uncertainty about the accuracy of the information.]
S_1: [The speaker intends to confirm or question the information about Abdulmutallab's arrival in America  possibly with a hint of skepticism or sarcasm.]",1,1,True,0.99853515625
336604908.8548.8548,3,"You are an assistant trained to detect early warning signs of toxic behavior in online conversations given only the intentions behind each utterance of the conversation. Predict whether the conversation is likely to result in a personal attack later on. Provide your answer in the format 'ATTACK: YES/NO'

Conversation:
S_0: [The speaker intends to prompt the other person to review a discussion and provide a response.]
S_1: [The speaker intends to express gratitude sarcastically and conclude the conversation  indicating disagreement.]",1,1,True,0.99853515625
337813018.13563.13563,3,"You are an assistant trained to detect early warning signs of toxic behavior in online conversations given only the intentions behind each utterance of the conversation. Predict whether the conversation is likely to result in a personal attack later on. Provide your answer in the format 'ATTACK: YES/NO'

Conversation:
S_0: [The speaker intends to explain the constraints and purpose of Wikipedia  emphasizing the importance of sticking to its role as an encyclopedia and expressing interest in a separate project for original research.]
S_1: [The speaker intends to express confusion and seek clarification about the context of the previous message.]",0,0,True,1.0
340707269.3750.3750,3,"You are an assistant trained to detect early warning signs of toxic behavior in online conversations given only the intentions behind each utterance of the conversation. Predict whether the conversation is likely to result in a personal attack later on. Provide your answer in the format 'ATTACK: YES/NO'

Conversation:
S_0: [The speaker intends to express agreement with a point about Doniger not being a politician but also to express dissatisfaction with how the situation is being handled. The speaker desires to collaborate on writing an article in a style similar to the Mary Daly article and suggests a plan for rewriting the introduction.]",1,0,False,1.0
342462912.7085.7085,3,"You are an assistant trained to detect early warning signs of toxic behavior in online conversations given only the intentions behind each utterance of the conversation. Predict whether the conversation is likely to result in a personal attack later on. Provide your answer in the format 'ATTACK: YES/NO'

Conversation:
S_0: [The speaker intends to inform S_1 about the challenge to their edit and prompt a response  while asserting that S_1 was mistaken about the misrepresentation of sources.]
S_1: [The speaker intends to acknowledge the notification from S_0 and express gratitude for being informed.]
S_0: [The speaker intends to assert that S_1's added source is incorrect  demand a reversion to the correct version  and warn S_1 of further action by mentioning the probation board.]",1,1,True,1.0
344661920.28747.28747,3,"You are an assistant trained to detect early warning signs of toxic behavior in online conversations given only the intentions behind each utterance of the conversation. Predict whether the conversation is likely to result in a personal attack later on. Provide your answer in the format 'ATTACK: YES/NO'

Conversation:
S_0: [The speaker intends to suggest the addition of a parameter to display measurements in a specific format using symbols.]
S_1: [The speaker intends to express disagreement with the suggestion and provide a rationale for why the symbols should not be used.]
S_2: [The speaker intends to assert that the suggested change can indeed be implemented with a parameter and criticizes the current practice.]",0,1,False,1.0
346797919.9686.9686,3,"You are an assistant trained to detect early warning signs of toxic behavior in online conversations given only the intentions behind each utterance of the conversation. Predict whether the conversation is likely to result in a personal attack later on. Provide your answer in the format 'ATTACK: YES/NO'

Conversation:
S_0: [The speaker intends to warn the other person about their actions being perceived as edit warring and to advise them to stop the disruption to avoid being blocked.]
S_1: [The speaker intends to question the accusation of edit warring and seeks clarification on how their actions are perceived as such.]",0,0,True,0.66552734375
348050489.13623.13623,3,"You are an assistant trained to detect early warning signs of toxic behavior in online conversations given only the intentions behind each utterance of the conversation. Predict whether the conversation is likely to result in a personal attack later on. Provide your answer in the format 'ATTACK: YES/NO'

Conversation:
S_0: [The speaker intends to address concerns about being perceived as political or intrusive and seeks honest communication to resolve any misunderstandings.]
S_1: [The speaker intends to express skepticism and frustration about the coincidence of S_0's actions and requests S_0 to leave them alone.]",1,1,True,1.0
361493561.6998.6998,3,"You are an assistant trained to detect early warning signs of toxic behavior in online conversations given only the intentions behind each utterance of the conversation. Predict whether the conversation is likely to result in a personal attack later on. Provide your answer in the format 'ATTACK: YES/NO'

Conversation:
S_0: [The speaker intends to inform the listener about Brown's resignation and speculate about his next actions.]
S_1: [The speaker intends to share their observation from BBC News and express their opinion on the political situation.]
S_0: [The speaker intends to confirm the source of the report and agree with the listener's opinion while providing additional information about the expected announcement.]",1,0,False,0.99267578125
362664762.6573.6573,3,"You are an assistant trained to detect early warning signs of toxic behavior in online conversations given only the intentions behind each utterance of the conversation. Predict whether the conversation is likely to result in a personal attack later on. Provide your answer in the format 'ATTACK: YES/NO'

Conversation:
S_0: [The speaker intends to argue that the claims about Jonny being a potential candidate are speculative and should be removed.]
S_1: [The speaker intends to refute the claim of speculation by stating that McDonnell has announced his intention to run.]
S_0: [The speaker intends to challenge the strength and credibility of the claim by pointing out its limited reporting.]
S_1: [The speaker intends to provide evidence and reasoning to support the claim that McDonnell has announced his intention to stand.]
S_0: [The speaker intends to express disinterest in the issue but emphasizes the importance of accurate reporting and challenges the validity of the claim.]
S_1: [The speaker intends to clarify the nomination process and defend the credibility of the sources reporting McDonnell's candidacy.]",0,1,False,0.99560546875
362921039.7623.7623,3,"You are an assistant trained to detect early warning signs of toxic behavior in online conversations given only the intentions behind each utterance of the conversation. Predict whether the conversation is likely to result in a personal attack later on. Provide your answer in the format 'ATTACK: YES/NO'

Conversation:
S_0: [the speaker intends to provide external links to specific Wikipedia pages for reference.]
S_1: [the speaker intends to seek clarification on what action is expected regarding the provided links.]
S_0: [the speaker intends to explain the situation regarding the potential deletion of the films and express uncertainty about where to redirect them.]",1,0,False,0.97607421875
362959948.8243.8243,3,"You are an assistant trained to detect early warning signs of toxic behavior in online conversations given only the intentions behind each utterance of the conversation. Predict whether the conversation is likely to result in a personal attack later on. Provide your answer in the format 'ATTACK: YES/NO'

Conversation:
S_0: [The speaker intends to provide a template for welcoming an IP user and encouraging them to register.]",0,0,True,0.9931640625
36583212.9303.9303,3,"You are an assistant trained to detect early warning signs of toxic behavior in online conversations given only the intentions behind each utterance of the conversation. Predict whether the conversation is likely to result in a personal attack later on. Provide your answer in the format 'ATTACK: YES/NO'

Conversation:
S_0: [The speaker seeks clarification on the geographical classification of a location in Ontario and expresses uncertainty about their own understanding.]
S_1: [The speaker intends to provide clarification and correct the misunderstanding by explaining the geographical location of the area in question.]
S_0: [The speaker acknowledges the information provided by S_1 and expresses their own perception of the location's geography.]",1,1,True,0.998046875
366194245.3378.3378,3,"You are an assistant trained to detect early warning signs of toxic behavior in online conversations given only the intentions behind each utterance of the conversation. Predict whether the conversation is likely to result in a personal attack later on. Provide your answer in the format 'ATTACK: YES/NO'

Conversation:
S_0: [The speaker is providing a reference or link to external information.]",0,0,True,0.783203125
367507017.17295.17295,3,"You are an assistant trained to detect early warning signs of toxic behavior in online conversations given only the intentions behind each utterance of the conversation. Predict whether the conversation is likely to result in a personal attack later on. Provide your answer in the format 'ATTACK: YES/NO'

Conversation:
S_0: [The speaker intends to request assistance with editing and suggests that Cla is knowledgeable enough to evaluate the suggestion.]
S_1: [The speaker intends to express frustration and imply that the misunderstanding could have been avoided with clearer communication.]",1,1,True,0.9365234375
367935035.5156.5156,3,"You are an assistant trained to detect early warning signs of toxic behavior in online conversations given only the intentions behind each utterance of the conversation. Predict whether the conversation is likely to result in a personal attack later on. Provide your answer in the format 'ATTACK: YES/NO'

Conversation:
S_0: [The speaker intends to seek assistance and guidance on how to properly upload images of an artist's work to a Wikipedia page  including understanding the correct license to use.]",0,0,True,0.9970703125
368040175.20376.20376,3,"You are an assistant trained to detect early warning signs of toxic behavior in online conversations given only the intentions behind each utterance of the conversation. Predict whether the conversation is likely to result in a personal attack later on. Provide your answer in the format 'ATTACK: YES/NO'

Conversation:
S_0: [The speaker intends to acknowledge and appreciate the efforts of another person by awarding them a symbolic recognition.]",0,0,True,1.0
370454238.40262.40262,3,"You are an assistant trained to detect early warning signs of toxic behavior in online conversations given only the intentions behind each utterance of the conversation. Predict whether the conversation is likely to result in a personal attack later on. Provide your answer in the format 'ATTACK: YES/NO'

Conversation:
S_0: [The speaker intends to question Rick Block's actions and express disapproval of replacing a sourced statement with a personal interpretation.]",1,0,False,0.73291015625
37072676.5395.5149,3,"You are an assistant trained to detect early warning signs of toxic behavior in online conversations given only the intentions behind each utterance of the conversation. Predict whether the conversation is likely to result in a personal attack later on. Provide your answer in the format 'ATTACK: YES/NO'

Conversation:
S_0: [The speaker intends to clarify the article's content and seeks verification for a specific claim to ensure accuracy and neutrality.]
S_1: [The speaker intends to acknowledge the previous speaker's efforts and provide personal experience to challenge the claim  suggesting a more accurate statistic.]",0,1,False,1.0
370760170.48343.48343,3,"You are an assistant trained to detect early warning signs of toxic behavior in online conversations given only the intentions behind each utterance of the conversation. Predict whether the conversation is likely to result in a personal attack later on. Provide your answer in the format 'ATTACK: YES/NO'

Conversation:
S_0: [The speaker intends to refocus the discussion on specific issues related to Gill's contested edit and provide a clear outline of what the problematic and non-problematic points are  aiming to guide the conversation towards resolution.]",0,1,False,0.78515625
370823379.9506.9506,3,"You are an assistant trained to detect early warning signs of toxic behavior in online conversations given only the intentions behind each utterance of the conversation. Predict whether the conversation is likely to result in a personal attack later on. Provide your answer in the format 'ATTACK: YES/NO'

Conversation:
S_0: [The speaker intends to provide information about the closing process and express flexibility regarding the timing of the closure.]
S_1: [The speaker intends to confirm the timing and express reluctance to close early due to nervousness.]
S_0: [The speaker intends to provide detailed instructions on the closing process and offer guidance on how to proceed.]",1,0,False,0.99951171875
37558543.33545.33545,3,"You are an assistant trained to detect early warning signs of toxic behavior in online conversations given only the intentions behind each utterance of the conversation. Predict whether the conversation is likely to result in a personal attack later on. Provide your answer in the format 'ATTACK: YES/NO'

Conversation:
S_0: [The speaker intends to inform the recipient about their nomination for an award and explain the judging criteria and process.]",0,0,True,1.0
376023066.13824.13824,3,"You are an assistant trained to detect early warning signs of toxic behavior in online conversations given only the intentions behind each utterance of the conversation. Predict whether the conversation is likely to result in a personal attack later on. Provide your answer in the format 'ATTACK: YES/NO'

Conversation:
S_0: [The speaker intends to express frustration about receiving abusive emails and to communicate their decision to limit sharing their email address.]
S_1: [The speaker intends to inquire if the recipient has taken any action by forwarding the emails to an arbitrator.]
S_2: [The speaker intends to offer assistance and encourage the recipient to report the abusive emails  emphasizing the seriousness of the offense.]",1,0,False,0.71240234375
376289226.2495.2495,3,"You are an assistant trained to detect early warning signs of toxic behavior in online conversations given only the intentions behind each utterance of the conversation. Predict whether the conversation is likely to result in a personal attack later on. Provide your answer in the format 'ATTACK: YES/NO'

Conversation:
S_0: [The speaker intends to express confusion and seek clarification about the other speaker's comments regarding Wikipedia Review and external links  while questioning the motives behind those comments.]
S_1: [The speaker intends to challenge the previous speaker's confusion by pointing out the obviousness of the connection between them and Cirt  and requests clarification on the implied suggestion.]
S_0: [The speaker intends to clarify that their previous message was not meant to be threatening and to explain that their point was about the irrelevance of certain information to the conversation  while offering an apology if the message was perceived as threatening.]",1,0,False,0.99560546875
379707179.5251.5251,3,"You are an assistant trained to detect early warning signs of toxic behavior in online conversations given only the intentions behind each utterance of the conversation. Predict whether the conversation is likely to result in a personal attack later on. Provide your answer in the format 'ATTACK: YES/NO'

Conversation:
S_0: [The speaker intends to question the basis of S_1's categorization of articles and express concern about assumptions being made without evidence.]
S_1: [The speaker intends to justify their categorization of sportspeople by providing examples and reasoning based on historical context.]
S_0: [The speaker intends to emphasize the importance of evidence-based categorization and warn S_1 about the potential removal of their contributions if assumptions are made.]
S_2: [The speaker intends to criticize S_1's approach to categorization and advise them to focus on adding textual information rather than categories.]
S_0: [The speaker intends to instruct S_1 to correct categorization errors by removing redundant listings in subcategories.]",1,1,True,0.99853515625
381679341.97636.97636,3,"You are an assistant trained to detect early warning signs of toxic behavior in online conversations given only the intentions behind each utterance of the conversation. Predict whether the conversation is likely to result in a personal attack later on. Provide your answer in the format 'ATTACK: YES/NO'

Conversation:
S_0: [The speaker intends to express sympathy and support for the listener by acknowledging the unfair treatment they have received and highlighting the flaws in the accusations against them.]
S_1: [The speaker intends to express gratitude for the support received and to share their feelings of distress and disillusionment due to the deletion of their work  while also appreciating the encouragement from others.]",0,1,False,0.99951171875
384087023.20059.20059,3,"You are an assistant trained to detect early warning signs of toxic behavior in online conversations given only the intentions behind each utterance of the conversation. Predict whether the conversation is likely to result in a personal attack later on. Provide your answer in the format 'ATTACK: YES/NO'

Conversation:
S_0: [The speaker intends to request assistance in determining whether a sentence is a copyright infringement.]
S_1: [The speaker intends to reassure S_0 that their request is not a bother and to provide an analysis of the situation  suggesting that the sentence is likely a case of reverse infringement.]
S_0: [The speaker intends to express gratitude for the assistance provided by S_1.]",1,0,False,0.87646484375
386911838.7004.7004,3,"You are an assistant trained to detect early warning signs of toxic behavior in online conversations given only the intentions behind each utterance of the conversation. Predict whether the conversation is likely to result in a personal attack later on. Provide your answer in the format 'ATTACK: YES/NO'

Conversation:
S_0: [The speaker intends to provide a guideline or rule about how to render comparable quantities in writing.]
S_1: [The speaker intends to express disagreement with the guideline and share their understanding of the rule regarding numbers in writing.]",0,1,False,0.982421875
389929630.28779.28779,3,"You are an assistant trained to detect early warning signs of toxic behavior in online conversations given only the intentions behind each utterance of the conversation. Predict whether the conversation is likely to result in a personal attack later on. Provide your answer in the format 'ATTACK: YES/NO'

Conversation:
S_0: [The speaker intends to express surprise and seek clarification on the removal of their addition to the disambiguation page  believing the particle accelerator is notable and should be mentioned.]
S_1: [The speaker intends to explain the reasons for the removal of the addition  highlighting issues with the lack of an article  reliable sources  and adherence to the Manual of Style.]
S_0: [The speaker intends to express frustration and defend the notability of the particle accelerator  urging the other speaker to reinstate the changes and emphasizing the collaborative nature of Wikipedia.]",1,1,True,1.0
391512293.6785.6785,3,"You are an assistant trained to detect early warning signs of toxic behavior in online conversations given only the intentions behind each utterance of the conversation. Predict whether the conversation is likely to result in a personal attack later on. Provide your answer in the format 'ATTACK: YES/NO'

Conversation:
S_0: [The speaker intends to defend themselves against accusations of creating a ""sock farm"" and to assert that they did not intend to use multiple accounts for deceptive purposes.]",1,1,True,0.994140625
393323783.18611.18614,3,"You are an assistant trained to detect early warning signs of toxic behavior in online conversations given only the intentions behind each utterance of the conversation. Predict whether the conversation is likely to result in a personal attack later on. Provide your answer in the format 'ATTACK: YES/NO'

Conversation:
S_0: [The speaker intends to express frustration and disbelief at the perceived inaction and lack of support from the admin  and to convey a sense of helplessness and sarcasm about the situation.]",1,1,True,0.7001953125
393515086.4868.4868,3,"You are an assistant trained to detect early warning signs of toxic behavior in online conversations given only the intentions behind each utterance of the conversation. Predict whether the conversation is likely to result in a personal attack later on. Provide your answer in the format 'ATTACK: YES/NO'

Conversation:
S_0: [The speaker intends to inform S_1 about Brad's request for an undertaking and to highlight the importance of the request amidst other distractions.]
S_1: [The speaker intends to confirm their acceptance of the request and to ask S_0 to communicate this acceptance to Brad  specifically regarding motion 3.]
S_2: [The speaker intends to inform S_1 about the motions posted by Roger Davies  emphasizing that one of them specifically mentions S_1.]",0,0,True,0.8154296875
395158492.16343.16343,3,"You are an assistant trained to detect early warning signs of toxic behavior in online conversations given only the intentions behind each utterance of the conversation. Predict whether the conversation is likely to result in a personal attack later on. Provide your answer in the format 'ATTACK: YES/NO'

Conversation:
S_0: [The speaker intends to inform and correct the other person about historical facts regarding Stalin and the title of First Secretary  and urges them to read more about Soviet history.]
S_1: [The speaker intends to refute the claims made by the other person and promises to provide a detailed response on the article's talk page.]
S_0: [The speaker intends to clarify their previous point about Stalin's title and emphasize the importance of including this information in the article.]",0,0,True,0.962890625
39600681.6553.6553,3,"You are an assistant trained to detect early warning signs of toxic behavior in online conversations given only the intentions behind each utterance of the conversation. Predict whether the conversation is likely to result in a personal attack later on. Provide your answer in the format 'ATTACK: YES/NO'

Conversation:
S_0: [The speaker intends to express hostility and assert dominance by claiming the ability to modify the school's website and insulting the other person.]",1,1,True,0.99853515625
396624212.2629.2629,3,"You are an assistant trained to detect early warning signs of toxic behavior in online conversations given only the intentions behind each utterance of the conversation. Predict whether the conversation is likely to result in a personal attack later on. Provide your answer in the format 'ATTACK: YES/NO'

Conversation:
S_0: [The speaker intends to inform the recipient about their plan to contact Motorola to resolve an issue and express their belief that the use of the file is permitted under the terms and conditions.]
S_1: [The speaker intends to express doubt about the possibility of obtaining a free license from Motorola and suggests reading additional information for guidance.]",0,0,True,0.99853515625
397411874.3005.3005,3,"You are an assistant trained to detect early warning signs of toxic behavior in online conversations given only the intentions behind each utterance of the conversation. Predict whether the conversation is likely to result in a personal attack later on. Provide your answer in the format 'ATTACK: YES/NO'

Conversation:
S_0: [The speaker intends to address the behavior of S_1 by pointing out the inappropriateness of labeling a user as a vandal and to warn S_1 of potential consequences if the behavior continues.]
S_1: [The speaker intends to assert their stance and express defiance by stating they will continue their actions despite the warning.]
S_0: [The speaker intends to acknowledge S_1's decision and reiterate their own stance by stating they will report S_1 if the behavior is repeated.]",1,1,True,0.96484375
398875243.3219.3219,3,"You are an assistant trained to detect early warning signs of toxic behavior in online conversations given only the intentions behind each utterance of the conversation. Predict whether the conversation is likely to result in a personal attack later on. Provide your answer in the format 'ATTACK: YES/NO'

Conversation:
S_0: [The speaker intends to express confusion and seek clarification about why the ""Tebson"" article was considered problematic.]
S_1: [The speaker intends to inform the other party that the article was identified as spam and deleted by an Administrator.]
S_0: [The speaker intends to argue against the classification of the article as spam by providing a brief summary of its content.]",1,0,False,0.79345703125
399172725.4008.4008,3,"You are an assistant trained to detect early warning signs of toxic behavior in online conversations given only the intentions behind each utterance of the conversation. Predict whether the conversation is likely to result in a personal attack later on. Provide your answer in the format 'ATTACK: YES/NO'

Conversation:
S_0: [The speaker seeks clarification on what new information the IP added to the article.]
S_1: [The speaker informs the other party about a reply on their page that contains similar information.]
S_2: [The speaker clarifies that they are not accusing the IP of adding new facts and explains their intention to provide information.]
S_0: [The speaker expresses disagreement with the previous comment and questions the issue with the order arrangement.]
S_2: [The speaker defends their actions and expresses confusion about being criticized for their course of action.]
S_0: [The speaker criticizes the relevance of a previous comment and advises against making irrelevant edit summaries.]",0,1,False,0.97607421875
403900194.15494.15494,3,"You are an assistant trained to detect early warning signs of toxic behavior in online conversations given only the intentions behind each utterance of the conversation. Predict whether the conversation is likely to result in a personal attack later on. Provide your answer in the format 'ATTACK: YES/NO'

Conversation:
S_0: [the speaker intends to express gratitude for the explanation provided.]
S_1: [the speaker intends to request the restoration of a deleted article for potential use elsewhere.]
S_2: [the speaker intends to offer a condition under which they will provide the last revision of the page.]",1,0,False,0.8505859375
404421004.8001.8001,3,"You are an assistant trained to detect early warning signs of toxic behavior in online conversations given only the intentions behind each utterance of the conversation. Predict whether the conversation is likely to result in a personal attack later on. Provide your answer in the format 'ATTACK: YES/NO'

Conversation:
S_0: [The speaker intends to instruct the other person not to include unnecessary plot summaries in character lists and to emphasize that plot summaries should be kept in episode lists.]",0,0,True,0.99951171875
405894242.24558.24558,3,"You are an assistant trained to detect early warning signs of toxic behavior in online conversations given only the intentions behind each utterance of the conversation. Predict whether the conversation is likely to result in a personal attack later on. Provide your answer in the format 'ATTACK: YES/NO'

Conversation:
S_0: [The speaker intends to remind the other person of their previous warning about inappropriate behavior and to assert that such behavior is unacceptable on Wikipedia.]
S_1: [The speaker intends to dismiss the other person's warning and express disdain  suggesting that the other person should focus on something more productive.]",1,1,True,1.0
406154473.3081.3081,3,"You are an assistant trained to detect early warning signs of toxic behavior in online conversations given only the intentions behind each utterance of the conversation. Predict whether the conversation is likely to result in a personal attack later on. Provide your answer in the format 'ATTACK: YES/NO'

Conversation:
S_0: [The speaker intends to inform others about the official logo usage policy and emphasize the need to comply with it by using text logos instead of the Block C logo.]
S_1: [The speaker intends to argue against the use of text logos by highlighting the licensing restrictions and advocating for the use of the Block C logo as it is more recognizable.]
S_2: [The speaker intends to support the use of text logos by clarifying the policy on free content and urging the other party to stop reverting edits.]
S_1: [The speaker intends to refute the previous argument by emphasizing the importance of using the logo that is actually recognized and used by the teams  and to criticize the other party for edit-warring.]
S_2: [The speaker intends to counter the argument by pointing out the official stance of the University of South Carolina and explaining why trademark issues are not relevant in this context.]",1,1,True,0.7236328125
408188084.17839.17839,3,"You are an assistant trained to detect early warning signs of toxic behavior in online conversations given only the intentions behind each utterance of the conversation. Predict whether the conversation is likely to result in a personal attack later on. Provide your answer in the format 'ATTACK: YES/NO'

Conversation:
S_0: [The speaker intends to express agreement with the edits but also to suggest that some notable companies were removed and proposes a partial reversion.]
S_1: [The speaker intends to challenge the notion of notability by questioning the absence of articles for the mentioned companies and suggests that the other person could start the articles.]
S_2: [The speaker intends to refute the simplistic view that notability is solely determined by the existence of an article and provides an example to support their argument.]",1,0,False,0.8916015625
410592194.54460.54460,3,"You are an assistant trained to detect early warning signs of toxic behavior in online conversations given only the intentions behind each utterance of the conversation. Predict whether the conversation is likely to result in a personal attack later on. Provide your answer in the format 'ATTACK: YES/NO'

Conversation:
S_0: [the speaker intends to assert that the attack has a reliable source  specifically the BBC.]
S_1: [the speaker intends to express confusion or a lack of understanding about the previous statement.]
S_0: [the speaker intends to acknowledge that relying on a single source may be insufficient.]
S_2: [the speaker intends to express skepticism about the notability and validity of the information  suggesting it could be fabricated.]
S_1: [the speaker intends to suggest that if the BBC reported it  the information should be taken seriously until more evidence is available.]
S_2: [the speaker intends to argue that the report is insufficient and too recent  suggesting it should be deleted until more substantial information is available.]
S_1: [the speaker intends to argue that the alleged attack on a party spokesperson is noteworthy for the time being.]
S_2: [the speaker intends to challenge the previous claim by requesting a source that confirms the person is a party spokesperson.]",1,1,True,0.99462890625
410756102.61051.61051,3,"You are an assistant trained to detect early warning signs of toxic behavior in online conversations given only the intentions behind each utterance of the conversation. Predict whether the conversation is likely to result in a personal attack later on. Provide your answer in the format 'ATTACK: YES/NO'

Conversation:
S_0: [The speaker intends to propose finding reliable sources to confirm the leadership of the EDL and improve the article's accuracy.]",0,1,False,0.9814453125
413716801.39159.39159,3,"You are an assistant trained to detect early warning signs of toxic behavior in online conversations given only the intentions behind each utterance of the conversation. Predict whether the conversation is likely to result in a personal attack later on. Provide your answer in the format 'ATTACK: YES/NO'

Conversation:
S_0: [The speaker intends to criticize the other person's action of reverting and to advise them to be more careful in the future.]
S_1: [The speaker intends to request the other person to avoid personal attacks in edit summaries and to explain the negative consequences of such behavior.]",1,1,True,0.72998046875
414369732.8146.8146,3,"You are an assistant trained to detect early warning signs of toxic behavior in online conversations given only the intentions behind each utterance of the conversation. Predict whether the conversation is likely to result in a personal attack later on. Provide your answer in the format 'ATTACK: YES/NO'

Conversation:
S_0: [The speaker seeks clarification and feedback on whether their interpretation of Wikipedia's policies was correct.]
S_1: [The speaker intends to correct the speaker's misunderstanding by providing an analogy to clarify the policy.]",0,1,False,0.99609375
416087741.8647.8647,3,"You are an assistant trained to detect early warning signs of toxic behavior in online conversations given only the intentions behind each utterance of the conversation. Predict whether the conversation is likely to result in a personal attack later on. Provide your answer in the format 'ATTACK: YES/NO'

Conversation:
S_0: [The speaker intends to clarify the naming issue of a historic district and seeks confirmation or additional information from others.]
S_1: [The speaker intends to provide historical context and suggest a course of action regarding the naming of the historic district.]
S_2: [The speaker intends to agree with S_1's suggestion and provide additional context about the spelling change.]",1,0,False,0.64013671875
416906713.13040.13040,3,"You are an assistant trained to detect early warning signs of toxic behavior in online conversations given only the intentions behind each utterance of the conversation. Predict whether the conversation is likely to result in a personal attack later on. Provide your answer in the format 'ATTACK: YES/NO'

Conversation:
S_0: [The speaker intends to clarify the situation regarding the blood transfusion and provide context for their previous actions.]
S_1: [The speaker intends to assert that the father's objection to the blood transfusion is irrelevant to the discussion about Selena's notability as a Jehovah's Witness.]
S_0: [The speaker intends to express disagreement with the notion that Selena is not notable as a Jehovah's Witness and to provide additional context for their perspective.]",1,0,False,1.0
418695946.3449.3449,3,"You are an assistant trained to detect early warning signs of toxic behavior in online conversations given only the intentions behind each utterance of the conversation. Predict whether the conversation is likely to result in a personal attack later on. Provide your answer in the format 'ATTACK: YES/NO'

Conversation:
S_0: [The speaker intends to humorously convey that they are in the process of legitimizing a newly coined term by getting it added to reputable dictionaries  acknowledging the challenge of doing so.]",1,0,False,0.994140625
423264134.16010.16010,3,"You are an assistant trained to detect early warning signs of toxic behavior in online conversations given only the intentions behind each utterance of the conversation. Predict whether the conversation is likely to result in a personal attack later on. Provide your answer in the format 'ATTACK: YES/NO'

Conversation:
S_0: [The speaker intends to propose an addition to the text  suggesting that shoujo manga series may eroticize female leads for fanservice aimed at a potential male audience.]
S_1: [The speaker intends to correct the previous statement by suggesting that the focus should be on female readers and the eroticization of male leads.]
S_0: [The speaker intends to provide evidence supporting their original statement by quoting a source that discusses fanservice aimed at male readers in shoujo manga.]",0,0,True,1.0
427695564.32647.32647,3,"You are an assistant trained to detect early warning signs of toxic behavior in online conversations given only the intentions behind each utterance of the conversation. Predict whether the conversation is likely to result in a personal attack later on. Provide your answer in the format 'ATTACK: YES/NO'

Conversation:
S_0: [The speaker intends to inform Drmies about a specific wiki link and poll  express hope for Drmies' summer plans  and inquire about Drmies' sabbatical plans.]
S_1: [The speaker intends to respond to Bongo's inquiry by sharing their current summer plans  express a lack of sabbatical plans  and suggest a cycling tour of Sweden.]",0,1,False,1.0
431501575.597.597,3,"You are an assistant trained to detect early warning signs of toxic behavior in online conversations given only the intentions behind each utterance of the conversation. Predict whether the conversation is likely to result in a personal attack later on. Provide your answer in the format 'ATTACK: YES/NO'

Conversation:
S_0: [The speaker intends to reprimand the other person for engaging in edit-warring and to warn them about the consequences of their actions.]
S_1: [The speaker intends to defend their actions and criticize the other person for their behavior  suggesting they lack knowledge.]",0,1,False,1.0
433999391.9236.9236,3,"You are an assistant trained to detect early warning signs of toxic behavior in online conversations given only the intentions behind each utterance of the conversation. Predict whether the conversation is likely to result in a personal attack later on. Provide your answer in the format 'ATTACK: YES/NO'

Conversation:
S_0: [The speaker intends to express their desire to contribute by creating an Archive page and seeks acceptance as a newcomer.]
S_1: [The speaker intends to welcome the newcomer while emphasizing the importance of adhering to Wikipedia's policies and suggesting an alternative platform for archiving.]
S_0: [The speaker intends to request assistance in creating an archive page and expresses frustration over perceived unfriendliness towards newcomers.]",1,1,True,1.0
43421251.29013.29013,3,"You are an assistant trained to detect early warning signs of toxic behavior in online conversations given only the intentions behind each utterance of the conversation. Predict whether the conversation is likely to result in a personal attack later on. Provide your answer in the format 'ATTACK: YES/NO'

Conversation:
S_0: [the speaker intends to present a quote from the BBC to provide context or evidence for a discussion about checkpoints and their purpose according to Israel.]",0,0,True,0.84912109375
435898684.8.8,3,"You are an assistant trained to detect early warning signs of toxic behavior in online conversations given only the intentions behind each utterance of the conversation. Predict whether the conversation is likely to result in a personal attack later on. Provide your answer in the format 'ATTACK: YES/NO'

Conversation:
S_0: [The speaker intends to request notification about any changes or nominations related to templates they have worked on  expressing a desire to be informed and involved.]
S_1: [The speaker intends to explain their perspective on the situation  expressing confusion and defensiveness about the note they received  and implying that the timing and nature of the note seem suspicious.]",1,1,True,1.0
43716131.5240.5240,3,"You are an assistant trained to detect early warning signs of toxic behavior in online conversations given only the intentions behind each utterance of the conversation. Predict whether the conversation is likely to result in a personal attack later on. Provide your answer in the format 'ATTACK: YES/NO'

Conversation:
S_0: [The speaker intends to request that the IP address 193.39.158.195 not be blocked to allow students from the City of Edinburgh Council to contribute to the encyclopedia.]
S_1: [The speaker intends to express concern about the quality of contributions from a shared IP address and seeks clarification on the official policy regarding such cases.]
S_2: [The speaker intends to suggest that students could still contribute by registering  even if the IP address is blocked.]
S_1: [The speaker intends to express uncertainty about the suggestion and seeks further input from others on the matter.]
S_0: [The speaker intends to reiterate the request to unblock the IP address for the benefit of students in the City of Edinburgh Council area.]
S_1: [The speaker intends to request evidence of non-vandalizing contributions from the IP address to justify unblocking it.]
S_2: [The speaker intends to express skepticism about the claim that the IP address serves many Edinburgh schoolchildren and provides examples of past contributions to support their caution.]
S_3: [The speaker intends to inform the user that their test edit has been reverted and to guide them on how to properly contribute to Wikipedia.]",1,0,False,0.98974609375
43757112.2609.2609,3,"You are an assistant trained to detect early warning signs of toxic behavior in online conversations given only the intentions behind each utterance of the conversation. Predict whether the conversation is likely to result in a personal attack later on. Provide your answer in the format 'ATTACK: YES/NO'

Conversation:
S_0: [The speaker intends to assert their agreement with the version edited by Flowers and to challenge the notion that they are editing against consensus.]
S_1: [The speaker intends to criticize Deathrocker for making personal attacks and for pushing their point of view against the consensus.]",0,1,False,0.9921875
43880543.2151.2151,3,"You are an assistant trained to detect early warning signs of toxic behavior in online conversations given only the intentions behind each utterance of the conversation. Predict whether the conversation is likely to result in a personal attack later on. Provide your answer in the format 'ATTACK: YES/NO'

Conversation:
S_0: [The speaker intends to inform the listener that their actions are inappropriate and to advise them on the correct course of action.]",0,0,True,0.99560546875
441682075.31853.31853,3,"You are an assistant trained to detect early warning signs of toxic behavior in online conversations given only the intentions behind each utterance of the conversation. Predict whether the conversation is likely to result in a personal attack later on. Provide your answer in the format 'ATTACK: YES/NO'

Conversation:
S_0: [The speaker intends to express willingness to cooperate and seeks feedback on what is considered problematic with their edits.]
S_1: [The speaker intends to challenge the previous speaker's claim of willingness to cooperate and insists that the responsibility to justify the edits lies with the speaker who made them.]",1,0,False,0.77490234375
44473697.13334.13334,3,"You are an assistant trained to detect early warning signs of toxic behavior in online conversations given only the intentions behind each utterance of the conversation. Predict whether the conversation is likely to result in a personal attack later on. Provide your answer in the format 'ATTACK: YES/NO'

Conversation:
S_0: [The speaker intends to inform S_1 about the block from editing Wikipedia due to unacceptable behavior and to outline the conditions for returning.]
S_1: [The speaker intends to express confusion and seek clarification about the reason for being blocked.]",1,0,False,1.0
446537979.4003.4003,3,"You are an assistant trained to detect early warning signs of toxic behavior in online conversations given only the intentions behind each utterance of the conversation. Predict whether the conversation is likely to result in a personal attack later on. Provide your answer in the format 'ATTACK: YES/NO'

Conversation:
S_0: [The speaker intends to express concern about the potential copyright violations and poor style of adding quotations from a National Geographic piece to species articles.]",0,1,False,0.9736328125
448449304.24597.24597,3,"You are an assistant trained to detect early warning signs of toxic behavior in online conversations given only the intentions behind each utterance of the conversation. Predict whether the conversation is likely to result in a personal attack later on. Provide your answer in the format 'ATTACK: YES/NO'

Conversation:
S_0: [The speaker is requesting external opinions or feedback on a specific issue.]
S_1: [The speaker intends to argue that the images in question are unnecessary and should be removed  providing a rationale for their removal.]",1,1,True,0.98779296875
454407975.1232.1232,3,"You are an assistant trained to detect early warning signs of toxic behavior in online conversations given only the intentions behind each utterance of the conversation. Predict whether the conversation is likely to result in a personal attack later on. Provide your answer in the format 'ATTACK: YES/NO'

Conversation:
S_0: [The speaker intends to inform the listener about where to find the request process and policy documentation.]",0,0,True,0.99951171875
454816971.89765.89765,3,"You are an assistant trained to detect early warning signs of toxic behavior in online conversations given only the intentions behind each utterance of the conversation. Predict whether the conversation is likely to result in a personal attack later on. Provide your answer in the format 'ATTACK: YES/NO'

Conversation:
S_0: [The speaker intends to provide information about the general acceptability of using a certain source  while noting its limitations in establishing notability.]
S_1: [The speaker intends to convey agreement with the acceptability of the source as an external link  referencing a specific guideline.]
S_0: [The speaker intends to express a lack of urgency in making changes and shares plans for future work on the article  while also mentioning involvement in another discussion.]
S_1: [The speaker intends to comment on the likelihood of a topic's return  using a metaphor to describe the situation.]",0,0,True,0.84765625
460585040.749.749,3,"You are an assistant trained to detect early warning signs of toxic behavior in online conversations given only the intentions behind each utterance of the conversation. Predict whether the conversation is likely to result in a personal attack later on. Provide your answer in the format 'ATTACK: YES/NO'

Conversation:
S_0: [The speaker intends to correct the information about the number of trials Berlusconi faced and provide a more accurate count based on a journalist's detailed list.]
S_1: [The speaker intends to assert that the video supports the claim about Berlusconi facing 100 trials and emphasizes the reliability of the BBC as a source.]",1,1,True,0.94677734375
464558481.7192.7192,3,"You are an assistant trained to detect early warning signs of toxic behavior in online conversations given only the intentions behind each utterance of the conversation. Predict whether the conversation is likely to result in a personal attack later on. Provide your answer in the format 'ATTACK: YES/NO'

Conversation:
S_0: [The speaker intends to express regret about not being able to document scandals before the subject's accident and to share their future plans to do so.]
S_1: [The speaker intends to remind S_0 of the guidelines regarding authorship and to criticize their actions as partisan.]
S_0: [The speaker intends to sarcastically refute S_1's claim by suggesting that S_1 is seeing things that are not there.]",0,1,False,1.0
46490327.5727.5727,3,"You are an assistant trained to detect early warning signs of toxic behavior in online conversations given only the intentions behind each utterance of the conversation. Predict whether the conversation is likely to result in a personal attack later on. Provide your answer in the format 'ATTACK: YES/NO'

Conversation:
S_0: [The speaker intends to verify the claim about the subject having two doctorates by requesting references and additional information.]
S_1: [The speaker intends to provide information from a source that contradicts the claim about the subject's qualifications and seeks clarification on the term ""Med. Alt.""]",0,0,True,0.9951171875
46858832.26892.26892,3,"You are an assistant trained to detect early warning signs of toxic behavior in online conversations given only the intentions behind each utterance of the conversation. Predict whether the conversation is likely to result in a personal attack later on. Provide your answer in the format 'ATTACK: YES/NO'

Conversation:
S_0: [The speaker intends to inquire about the extent of S_1's pacifism and provoke a reaction by using a potentially confusing phrase.]
S_1: [The speaker intends to express confusion and seek clarification about the phrase ""take off every zig.""]
S_0: [The speaker intends to express frustration and emphasize the importance of understanding the term ""zigs.""]",1,1,True,0.99951171875
477048015.11971.11971,3,"You are an assistant trained to detect early warning signs of toxic behavior in online conversations given only the intentions behind each utterance of the conversation. Predict whether the conversation is likely to result in a personal attack later on. Provide your answer in the format 'ATTACK: YES/NO'

Conversation:
S_0: [The speaker intends to argue that the discussion was misjudged and to provide evidence supporting the need for reopening the discussion.]
S_1: [The speaker intends to assert that the discussion was not misjudged and to justify their decision to close it  suggesting an alternative course of action if the other party disagrees.]
S_0: [The speaker intends to apologize for their tone  express frustration  and argue that there was a conflict of interest and inappropriate closure of the discussion.]",1,1,True,0.9970703125
47804485.2076.2076,3,"You are an assistant trained to detect early warning signs of toxic behavior in online conversations given only the intentions behind each utterance of the conversation. Predict whether the conversation is likely to result in a personal attack later on. Provide your answer in the format 'ATTACK: YES/NO'

Conversation:
S_0: [The speaker expresses gratitude for the congratulations and seeks clarification on how the other person knew about the event. The speaker also shares their opinion on their work  expressing a preference for another piece and discussing the potential challenges it may face. The speaker expresses a desire for another work to be featured and thanks the other person for the information.]
S_1: [The speaker provides advice on how to keep track of updates by adding a link to a watchlist  acknowledging the inconvenience of updating it monthly. The speaker agrees with the other person's assessment of their work and apologizes for assuming the other person was aware of the suggestion and its quick acceptance.]",1,0,False,0.99853515625
48103102.7179.7179,3,"You are an assistant trained to detect early warning signs of toxic behavior in online conversations given only the intentions behind each utterance of the conversation. Predict whether the conversation is likely to result in a personal attack later on. Provide your answer in the format 'ATTACK: YES/NO'

Conversation:
S_0: [The speaker intends to criticize the current article title and content for being misleading and incomplete.]",1,1,True,0.689453125
48223090.8092.8092,3,"You are an assistant trained to detect early warning signs of toxic behavior in online conversations given only the intentions behind each utterance of the conversation. Predict whether the conversation is likely to result in a personal attack later on. Provide your answer in the format 'ATTACK: YES/NO'

Conversation:
S_0: [The speaker intends to express a concern about the impact of the terrorism sidebar on the table's readability and questions its value to the article.]
S_1: [The speaker intends to inform the other person about changes made to the table structure and suggests they review it.]",0,1,False,0.99609375
48915326.10781.10781,3,"You are an assistant trained to detect early warning signs of toxic behavior in online conversations given only the intentions behind each utterance of the conversation. Predict whether the conversation is likely to result in a personal attack later on. Provide your answer in the format 'ATTACK: YES/NO'

Conversation:
S_0: [The speaker seeks clarification on the status of wiki_link and expresses concern about the legality of galleries of fair use images without supporting text.]
S_1: [The speaker argues that the benefits of the categories for site maintenance outweigh potential legal issues and suggests that removing them would create more risk.]",0,0,True,0.62939453125
49083424.9901.9901,3,"You are an assistant trained to detect early warning signs of toxic behavior in online conversations given only the intentions behind each utterance of the conversation. Predict whether the conversation is likely to result in a personal attack later on. Provide your answer in the format 'ATTACK: YES/NO'

Conversation:
S_0: [The speaker intends to inform the recipient that they are not monitoring the page and requests that comments be directed to their talk page or the specified talk page.]",1,1,True,0.6806640625
491029764.674.674,3,"You are an assistant trained to detect early warning signs of toxic behavior in online conversations given only the intentions behind each utterance of the conversation. Predict whether the conversation is likely to result in a personal attack later on. Provide your answer in the format 'ATTACK: YES/NO'

Conversation:
S_0: [The speaker intends to explain and justify their reasons for reverting edits by referencing Wikipedia guidelines and providing examples.]
S_1: [The speaker intends to challenge the claim that their edits are incorrect by pointing out the lack of explicit rules against their actions.]",0,0,True,0.71044921875
49265259.10075.10075,3,"You are an assistant trained to detect early warning signs of toxic behavior in online conversations given only the intentions behind each utterance of the conversation. Predict whether the conversation is likely to result in a personal attack later on. Provide your answer in the format 'ATTACK: YES/NO'

Conversation:
S_0: [The speaker intends to instruct S_1 on the proper procedure for applying a merge tag and to emphasize the importance of starting a discussion with a reason.]",0,0,True,0.6982421875
493315982.2826.2826,3,"You are an assistant trained to detect early warning signs of toxic behavior in online conversations given only the intentions behind each utterance of the conversation. Predict whether the conversation is likely to result in a personal attack later on. Provide your answer in the format 'ATTACK: YES/NO'

Conversation:
S_0: [The speaker questions the necessity of linking to well-known geographic locations  implying skepticism about the need to cater to readers unfamiliar with Ireland.]
S_1: [The speaker aims to justify the linking practice by referencing guidelines and argues for catering to diverse levels of reader knowledge  while also questioning the other speaker's understanding.]
S_0: [The speaker requests evidence and consensus for the practice of linking states  challenging the necessity and benefit of such links in articles.]",1,1,True,0.99951171875
497117785.20861.20861,3,"You are an assistant trained to detect early warning signs of toxic behavior in online conversations given only the intentions behind each utterance of the conversation. Predict whether the conversation is likely to result in a personal attack later on. Provide your answer in the format 'ATTACK: YES/NO'

Conversation:
S_0: [The speaker seeks clarification and justification for why mentioning Prometheus as a prequel to Alien is problematic.]
S_1: [The speaker intends to inform S_0 that there is no consensus on Prometheus being a prequel.]
S_0: [The speaker aims to argue that Prometheus should be considered a prequel based on its setting and production background  and expresses a decision to include it in the lead without labeling it explicitly as a prequel.]",1,1,True,0.75341796875
499169754.3116.3116,3,"You are an assistant trained to detect early warning signs of toxic behavior in online conversations given only the intentions behind each utterance of the conversation. Predict whether the conversation is likely to result in a personal attack later on. Provide your answer in the format 'ATTACK: YES/NO'

Conversation:
S_0: [The speaker intends to express frustration and challenge the other speaker's actions by questioning their engagement with the provided source.]
S_1: [The speaker intends to acknowledge the mistake  apologize  and justify their decision to edit the content by providing a rationale.]",1,1,True,0.9775390625
500740708.19926.19926,3,"You are an assistant trained to detect early warning signs of toxic behavior in online conversations given only the intentions behind each utterance of the conversation. Predict whether the conversation is likely to result in a personal attack later on. Provide your answer in the format 'ATTACK: YES/NO'

Conversation:
S_0: [The speaker intends to share personal experiences and insights regarding the challenges of proving Cherokee ancestry and the implications of documentation requirements for citizenship and recognition.]",0,0,True,0.8359375
507530248.4158.4158,3,"You are an assistant trained to detect early warning signs of toxic behavior in online conversations given only the intentions behind each utterance of the conversation. Predict whether the conversation is likely to result in a personal attack later on. Provide your answer in the format 'ATTACK: YES/NO'

Conversation:
S_0: [the speaker intends to point out a potential error in the date mentioned and seeks confirmation or correction.]
S_1: [the speaker intends to clarify the reason for the date being July 25 by referencing a source and explaining the correction made to the article link.]",0,0,True,0.861328125
514917940.2099.2099,3,"You are an assistant trained to detect early warning signs of toxic behavior in online conversations given only the intentions behind each utterance of the conversation. Predict whether the conversation is likely to result in a personal attack later on. Provide your answer in the format 'ATTACK: YES/NO'

Conversation:
S_0: [The speaker intends to clarify and assert the contents of the Alien Legacy DVD box set  emphasizing that it always included four films since its release in 1999.]
S_1: [The speaker intends to express gratitude for the inclusion of a reference in the edit  acknowledge the frustration of verifying facts  and suggest further verification of related articles.]",0,1,False,0.828125
51579341.1224.1224,3,"You are an assistant trained to detect early warning signs of toxic behavior in online conversations given only the intentions behind each utterance of the conversation. Predict whether the conversation is likely to result in a personal attack later on. Provide your answer in the format 'ATTACK: YES/NO'

Conversation:
S_0: [The speaker is seeking information about shows and movies with panty shots.]
S_1: [The speaker is expressing impatience and a strong desire to receive the requested information.]
S_2: [The speaker is reiterating their impatience and insistence on receiving the information.]
S_1: [The speaker is expressing determination to persist in asking until they receive the information.]",1,1,True,1.0
518544477.8603.8603,3,"You are an assistant trained to detect early warning signs of toxic behavior in online conversations given only the intentions behind each utterance of the conversation. Predict whether the conversation is likely to result in a personal attack later on. Provide your answer in the format 'ATTACK: YES/NO'

Conversation:
S_0: [The speaker intends to verify the information by asking for a source or confirmation of the claim made in the edit.]
S_1: [The speaker intends to apologize and clarify that the information was obtained from a tech blog  not an official source.]",1,0,False,0.71630859375
53875133.80110.80110,3,"You are an assistant trained to detect early warning signs of toxic behavior in online conversations given only the intentions behind each utterance of the conversation. Predict whether the conversation is likely to result in a personal attack later on. Provide your answer in the format 'ATTACK: YES/NO'

Conversation:
S_0: [The speaker seeks clarification and verification regarding the accuracy of a change made to a paragraph about a United Nations Security Council resolution  expressing doubt and requesting evidence or a link to support the claim.]
S_1: [The speaker intends to provide an explanation for why the resolution was withdrawn  suggesting that it was due to the lack of support and implying that it was common knowledge.]
S_2: [The speaker aims to correct the narrative by stating that it is inaccurate to claim the resolution failed  implying that the withdrawal does not equate to failure.]
S_1: [The speaker argues that a withdrawn resolution due to hopelessness is equivalent to failure and defends the accuracy of the text by stating that the US failed to get a resolution  which the speaker believes is correct.]
S_0: [The speaker challenges the claim by stating that one cannot fail to get something not asked for  demands evidence of a resolution number  and sets a deadline for providing a source  emphasizing the need for proper citation.]",1,1,True,1.0
56155015.1535.1534,3,"You are an assistant trained to detect early warning signs of toxic behavior in online conversations given only the intentions behind each utterance of the conversation. Predict whether the conversation is likely to result in a personal attack later on. Provide your answer in the format 'ATTACK: YES/NO'

Conversation:
S_4: [The speaker intends to provide additional information about historical German orthography related to the spelling of words with triple s.]
S_0: [The speaker is seeking confirmation or clarification on the correct spelling of ""brasssmith"" using a specific style.]
S_1: [The speaker intends to express doubt about the existence of a standard spelling for the rare triple s and provide context about historical variations.]",0,0,True,0.998046875
573862427.1693.1693,3,"You are an assistant trained to detect early warning signs of toxic behavior in online conversations given only the intentions behind each utterance of the conversation. Predict whether the conversation is likely to result in a personal attack later on. Provide your answer in the format 'ATTACK: YES/NO'

Conversation:
S_0: [The speaker intends to inform the other person about the removal of content and encourage them to provide explanations for future edits.]
S_1: [The speaker intends to justify the removal of content by stating that the information was incorrect and is under review.]",1,1,True,0.55126953125
575697309.2726.2726,3,"You are an assistant trained to detect early warning signs of toxic behavior in online conversations given only the intentions behind each utterance of the conversation. Predict whether the conversation is likely to result in a personal attack later on. Provide your answer in the format 'ATTACK: YES/NO'

Conversation:
S_0: [The speaker intends to inform the listener about the ongoing discussion regarding the suitability of an article for inclusion in Wikipedia and the process involved.]
S_1: [The speaker intends to question the listener's actions and express discomfort or suspicion about being followed.]",1,1,True,1.0
581671384.487.487,3,"You are an assistant trained to detect early warning signs of toxic behavior in online conversations given only the intentions behind each utterance of the conversation. Predict whether the conversation is likely to result in a personal attack later on. Provide your answer in the format 'ATTACK: YES/NO'

Conversation:
S_0: [The speaker intends to correct the other person and advise them to be more careful in the future.]
S_1: [The speaker intends to express disagreement with the previous statement.]",1,1,True,0.810546875
58329033.1681.1681,3,"You are an assistant trained to detect early warning signs of toxic behavior in online conversations given only the intentions behind each utterance of the conversation. Predict whether the conversation is likely to result in a personal attack later on. Provide your answer in the format 'ATTACK: YES/NO'

Conversation:
S_0: [The speaker is expressing frustration and seeking guidance on how to properly quote a student's written production.]",1,0,False,0.98828125
59573834.9091.9091,3,"You are an assistant trained to detect early warning signs of toxic behavior in online conversations given only the intentions behind each utterance of the conversation. Predict whether the conversation is likely to result in a personal attack later on. Provide your answer in the format 'ATTACK: YES/NO'

Conversation:
S_0: [The speaker intends to express their feeling of being personally attacked by the statement made by sbharris.]
S_1: [The speaker intends to acknowledge the opinion of S_0 without engaging further.]",1,1,True,0.935546875
59830999.31824.31824,3,"You are an assistant trained to detect early warning signs of toxic behavior in online conversations given only the intentions behind each utterance of the conversation. Predict whether the conversation is likely to result in a personal attack later on. Provide your answer in the format 'ATTACK: YES/NO'

Conversation:
S_0: [The speaker intends to warn S_1 about the potential consequences of being openly treasonous and to express disdain for French people.]",1,1,True,0.9931640625
606912838.4142.4142,3,"You are an assistant trained to detect early warning signs of toxic behavior in online conversations given only the intentions behind each utterance of the conversation. Predict whether the conversation is likely to result in a personal attack later on. Provide your answer in the format 'ATTACK: YES/NO'

Conversation:
S_0: [The speaker intends to request that the other person stop removing the ""Jr."" suffix from names when it is reliably sourced and to explain the importance of including it in full names.]
S_1: [The speaker intends to dismiss the previous argument as irrelevant and to assert that the ""Jr."" suffix is not part of the full name unless used by the individual themselves  especially in the context of British naming conventions.]",1,0,False,0.9189453125
608311612.0.0,3,"You are an assistant trained to detect early warning signs of toxic behavior in online conversations given only the intentions behind each utterance of the conversation. Predict whether the conversation is likely to result in a personal attack later on. Provide your answer in the format 'ATTACK: YES/NO'

Conversation:
S_0: [The speaker intends to welcome the other person back and express hope that they will remain active in the community.]
S_1: [The speaker intends to inform the other person about their recent activity and explain their choice to use an IP for editing.]
S_0: [The speaker intends to express curiosity about the other person's choice to use an IP instead of their account name.]",0,0,True,1.0
621681020.604.604,3,"You are an assistant trained to detect early warning signs of toxic behavior in online conversations given only the intentions behind each utterance of the conversation. Predict whether the conversation is likely to result in a personal attack later on. Provide your answer in the format 'ATTACK: YES/NO'

Conversation:
S_0: [The speaker seeks clarification on the reliability of a source and expresses a desire to understand the credibility of Anime News Network as a source for information on Anime.]
S_1: [The speaker intends to inform S_0 about the reliability of different sections of Anime News Network and to clarify the actions they took regarding the removal of unreliable sources.]
S_2: [The speaker aims to provide additional information by recalling a specific instance where the Anime was described as antisemitic  suggesting a source for the claim.]",0,0,True,1.0
623226349.1092.1092,3,"You are an assistant trained to detect early warning signs of toxic behavior in online conversations given only the intentions behind each utterance of the conversation. Predict whether the conversation is likely to result in a personal attack later on. Provide your answer in the format 'ATTACK: YES/NO'

Conversation:
S_0: [The speaker intends to express disagreement and justify their actions by arguing that the removal was unjustified and that their restoration was based on perceived accuracy.]
S_1: [The speaker intends to clarify the application of Wikipedia's policies to categorization and suggest a formal process (RfC) if the other party disagrees  while acknowledging the issue is resolved due to sourcing.]
S_0: [The speaker intends to express disbelief and offense at being compared to someone they helped get banned  implying a significant difference in their actions.]",1,1,True,1.0
627652477.4357.4357,3,"You are an assistant trained to detect early warning signs of toxic behavior in online conversations given only the intentions behind each utterance of the conversation. Predict whether the conversation is likely to result in a personal attack later on. Provide your answer in the format 'ATTACK: YES/NO'

Conversation:
S_0: [The speaker intends to express curiosity and skepticism about the relevance of the linked page to Wikipedia's standards.]
S_1: [The speaker intends to clarify the nature of the linked page and to compliment the other speaker's contributions.]
S_0: [The speaker intends to express gratitude for the explanation and to share their frustration and possible decision to disengage.]",1,0,False,0.84326171875
62806273.61325.61325,3,"You are an assistant trained to detect early warning signs of toxic behavior in online conversations given only the intentions behind each utterance of the conversation. Predict whether the conversation is likely to result in a personal attack later on. Provide your answer in the format 'ATTACK: YES/NO'

Conversation:
S_0: [The speaker intends to inform others about their action of deleting a reference and to request verification from Benburch.]",0,0,True,0.65869140625
643903210.49996.49803,3,"You are an assistant trained to detect early warning signs of toxic behavior in online conversations given only the intentions behind each utterance of the conversation. Predict whether the conversation is likely to result in a personal attack later on. Provide your answer in the format 'ATTACK: YES/NO'

Conversation:
S_0: [The speaker intends to inform the other party about the prohibition of single-vendor charts on Wikipedia and seeks assistance in obtaining information about mainland China charts.]
S_1: [The speaker intends to challenge the claim by requesting a valid link to the Wikipedia policy on single-vendor charts.]
S_0: [The speaker intends to provide evidence supporting their claim by sharing a link and to correct the other party's behavior regarding comment insertion.]",1,1,True,1.0
644657443.238.238,3,"You are an assistant trained to detect early warning signs of toxic behavior in online conversations given only the intentions behind each utterance of the conversation. Predict whether the conversation is likely to result in a personal attack later on. Provide your answer in the format 'ATTACK: YES/NO'

Conversation:
S_0: [The speaker intends to justify the decision to temporarily block the other person and express that the action taken is lenient.]
S_1: [The speaker intends to deny the accusation and express indifference towards the other person's opinion.]",1,1,True,1.0
6529205.38036.38036,3,"You are an assistant trained to detect early warning signs of toxic behavior in online conversations given only the intentions behind each utterance of the conversation. Predict whether the conversation is likely to result in a personal attack later on. Provide your answer in the format 'ATTACK: YES/NO'

Conversation:
S_0: [The speaker intends to present a series of factual statements to challenge the legitimacy of Sealand and to prompt a revision of the Wikipedia article.]",1,1,True,0.99951171875
653622611.47.47,3,"You are an assistant trained to detect early warning signs of toxic behavior in online conversations given only the intentions behind each utterance of the conversation. Predict whether the conversation is likely to result in a personal attack later on. Provide your answer in the format 'ATTACK: YES/NO'

Conversation:
S_0: [The speaker intends to inform S_1 about the action taken on their user page and provide reasons for it  while also requesting S_1 not to reinstate the content.]",0,0,True,0.9189453125
65876759.7334.7334,3,"You are an assistant trained to detect early warning signs of toxic behavior in online conversations given only the intentions behind each utterance of the conversation. Predict whether the conversation is likely to result in a personal attack later on. Provide your answer in the format 'ATTACK: YES/NO'

Conversation:
S_0: [The speaker intends to criticize the external link edit and warn the other person about the consequences of placing unwarranted warning templates.]",0,1,False,0.99951171875
658888258.158.158,3,"You are an assistant trained to detect early warning signs of toxic behavior in online conversations given only the intentions behind each utterance of the conversation. Predict whether the conversation is likely to result in a personal attack later on. Provide your answer in the format 'ATTACK: YES/NO'

Conversation:
S_0: [The speaker intends to express frustration and seek validation for their actions regarding the edit war on the wiki page.]
S_1: [The speaker intends to criticize S_0's behavior and dismiss their concerns by redirecting them to the noticeboard.]",1,1,True,0.99951171875
659047971.2222.2222,3,"You are an assistant trained to detect early warning signs of toxic behavior in online conversations given only the intentions behind each utterance of the conversation. Predict whether the conversation is likely to result in a personal attack later on. Provide your answer in the format 'ATTACK: YES/NO'

Conversation:
S_0: [The speaker is seeking information about the origins of a phrase to enhance an article and is asking if anyone has access to specific archives.]",0,0,True,0.99951171875
664942534.663.663,3,"You are an assistant trained to detect early warning signs of toxic behavior in online conversations given only the intentions behind each utterance of the conversation. Predict whether the conversation is likely to result in a personal attack later on. Provide your answer in the format 'ATTACK: YES/NO'

Conversation:
S_0: [The speaker intends to warn others about the risk of violating the 3RR rule and suggests a temporary solution to prevent blocks.]
S_1: [The speaker intends to express concern about BLP violations and clarify their own position regarding the 3RR rule.]
S_2: [The speaker intends to question whether the external link constitutes a BLP violation.]
S_1: [The speaker intends to explain what they believe constitutes a BLP violation and criticize the use of certain language.]
S_2: [The speaker intends to refute the claim that words were wrongly attributed and defend the use of the word ""claimed.""]",0,1,False,0.6474609375
669236620.4482.4482,3,"You are an assistant trained to detect early warning signs of toxic behavior in online conversations given only the intentions behind each utterance of the conversation. Predict whether the conversation is likely to result in a personal attack later on. Provide your answer in the format 'ATTACK: YES/NO'

Conversation:
S_0: [The speaker intends to express skepticism about the notability of a claim made in The Guardian and to emphasize adherence to Wikipedia policy regarding portrayal of groups.]
S_1: [The speaker intends to suggest further discussion on the CFS talk page  request a reference for a claim  and clarify the scope of the portrayal of the patient group.]",1,0,False,0.99951171875
67060948.159093.159093,3,"You are an assistant trained to detect early warning signs of toxic behavior in online conversations given only the intentions behind each utterance of the conversation. Predict whether the conversation is likely to result in a personal attack later on. Provide your answer in the format 'ATTACK: YES/NO'

Conversation:
S_0: [The speaker suggests considering mediation and offers to assist if a formal request is made  while acknowledging the potential delay in getting a mediator.]
S_1: [The speaker expresses willingness to invite mediation and questions the need for formality  while criticizing Ron's claims and expressing confidence in resolving issues with evidence.]
S_0: [The speaker acknowledges the potential delay in mediation and offers to help by reviewing RonCram's rewrite to identify major differences.]
S_1: [The speaker thanks S_0 and suggests reviewing an external link to understand their perspective on Ron's rewrite  which they find biased and inaccurate.]
S_0: [The speaker agrees to review references and aims to find a compromise that satisfies everyone involved.]
S_2: [The speaker defends their position by clarifying their critique of the article's POV and accuses S_1 of being resistant to changes that meet Wikipedia standards.]
S_1: [The speaker challenges S_2 to provide specific examples of POV issues and defends their own efforts to address specific concerns  while criticizing S_2's approach.]",0,1,False,1.0
671100541.4401.4401,3,"You are an assistant trained to detect early warning signs of toxic behavior in online conversations given only the intentions behind each utterance of the conversation. Predict whether the conversation is likely to result in a personal attack later on. Provide your answer in the format 'ATTACK: YES/NO'

Conversation:
S_0: [The speaker intends to inform the other person about the risks of editing while logged out and to remind them to log in to protect their privacy.]
S_1: [The speaker intends to acknowledge the reminder and express gratitude for it.]
S_0: [The speaker intends to point out inconsistencies in the other person's previous statements and request further clarification or comments.]",0,0,True,0.88916015625
68000691.25417.25417,3,"You are an assistant trained to detect early warning signs of toxic behavior in online conversations given only the intentions behind each utterance of the conversation. Predict whether the conversation is likely to result in a personal attack later on. Provide your answer in the format 'ATTACK: YES/NO'

Conversation:
S_0: [The speaker intends to argue that the story about Iran supports the belief that Iraq was trying to obtain uranium from Africa and to criticize the credibility of a source.]
S_1: [The speaker intends to point out a factual error in the previous statement by highlighting that Iran and Iraq are different countries.]",1,0,False,0.80615234375
684116791.1847.1847,3,"You are an assistant trained to detect early warning signs of toxic behavior in online conversations given only the intentions behind each utterance of the conversation. Predict whether the conversation is likely to result in a personal attack later on. Provide your answer in the format 'ATTACK: YES/NO'

Conversation:
S_0: [The speaker intends to assert their authority to close the discussion and suggests that the other party should not have reopened it. The speaker also aims to guide the other party on how to properly challenge the closure if they disagree.]
S_1: [The speaker intends to refute the previous speaker's authority to close the discussion by pointing out procedural errors and the speaker's involvement in the debate. The speaker also aims to correct the misapplication of guidelines cited by the previous speaker.]
S_0: [The speaker intends to acknowledge the situation and express a willingness to see how the situation unfolds.]
S_2: [The speaker intends to provide an opinion on the appropriateness of non-admin closures and to explain the standard procedures and potential biases involved in such actions.]
S_2: [The speaker intends to reiterate the guidelines regarding non-admin closures and to suggest that the previous speaker should not have reopened the discussion.]
S_2: [The speaker intends to emphasize the common practice of objecting to non-admin closures and to explain the reasoning behind such objections  particularly when the closer is not neutral.]",0,0,True,0.998046875
6885402.45492.45492,3,"You are an assistant trained to detect early warning signs of toxic behavior in online conversations given only the intentions behind each utterance of the conversation. Predict whether the conversation is likely to result in a personal attack later on. Provide your answer in the format 'ATTACK: YES/NO'

Conversation:
S_0: [The speaker intends to highlight the need for disambiguation and clarity on the topic of ""Sealand"" and related terms  suggesting that the current articles lack a neutral point of view and need restructuring.]",0,1,False,0.97998046875
691025080.21334.21334,3,"You are an assistant trained to detect early warning signs of toxic behavior in online conversations given only the intentions behind each utterance of the conversation. Predict whether the conversation is likely to result in a personal attack later on. Provide your answer in the format 'ATTACK: YES/NO'

Conversation:
S_0: [The speaker intends to justify their decision to remove certain sources from an article by arguing that the sources are not reliable due to being self-published or personal websites.]
S_1: [The speaker intends to correct the previous speaker by asserting that the source in question is from a famous book and not self-published  and to criticize the previous speaker's editing decision.]
S_2: [The speaker intends to emphasize the notability of Drexler in the field of nanotechnology and to suggest additional sources for evidence of his significance.]",1,0,False,1.0
703457879.1243.1243,3,"You are an assistant trained to detect early warning signs of toxic behavior in online conversations given only the intentions behind each utterance of the conversation. Predict whether the conversation is likely to result in a personal attack later on. Provide your answer in the format 'ATTACK: YES/NO'

Conversation:
S_0: [The speaker intends to express dissatisfaction with the lack of comprehensive information about Lynda Thomas in the article and to highlight her contributions and achievements.]",1,0,False,0.8212890625
704683777.524.524,3,"You are an assistant trained to detect early warning signs of toxic behavior in online conversations given only the intentions behind each utterance of the conversation. Predict whether the conversation is likely to result in a personal attack later on. Provide your answer in the format 'ATTACK: YES/NO'

Conversation:
S_0: [The speaker intends to warn the other person about inappropriate behavior and advise them to focus on content rather than personal attacks.]
S_1: [The speaker intends to express dissatisfaction with the anonymous warning and question the credibility of the warning.]
S_0: [The speaker intends to clarify their identity and request the other person to refrain from vandalizing user pages.]",0,1,False,1.0
704702218.3343.3343,3,"You are an assistant trained to detect early warning signs of toxic behavior in online conversations given only the intentions behind each utterance of the conversation. Predict whether the conversation is likely to result in a personal attack later on. Provide your answer in the format 'ATTACK: YES/NO'

Conversation:
S_0: [The speaker intends to inform the other user about the correct procedure for adding comments on Wikipedia and to guide them on how to do it properly in the future.]
S_1: [The speaker intends to confront the other user about a statement they made and to demand an apology for an exaggerated claim.]
S_0: [The speaker intends to warn the other user about the consequences of vandalizing a page and to deter them from repeating such actions.]",1,1,True,0.98291015625
704887626.1835.1835,3,"You are an assistant trained to detect early warning signs of toxic behavior in online conversations given only the intentions behind each utterance of the conversation. Predict whether the conversation is likely to result in a personal attack later on. Provide your answer in the format 'ATTACK: YES/NO'

Conversation:
S_0: [The speaker intends to inform S_1 about the problematic behavior of a mutual acquaintance and provide evidence of this behavior by referencing specific history and incidents.]",0,0,True,0.50390625
70595250.11763.11763,3,"You are an assistant trained to detect early warning signs of toxic behavior in online conversations given only the intentions behind each utterance of the conversation. Predict whether the conversation is likely to result in a personal attack later on. Provide your answer in the format 'ATTACK: YES/NO'

Conversation:
S_0: [The speaker is suggesting the addition of a wiki link to help users navigate to a specific page and is expressing a preference for a non-disruptive formatting option.]
S_1: [The speaker agrees with the idea of adding a link in the spirit of Wikipedia but acknowledges potential opposition due to formatting concerns and suggests an alternative placement.]
S_2: [The speaker expresses a preference for displaying the link at the top to prevent misdirection but is willing to compromise if it affects formatting.]",0,0,True,0.5556640625
71868842.5417.5417,3,"You are an assistant trained to detect early warning signs of toxic behavior in online conversations given only the intentions behind each utterance of the conversation. Predict whether the conversation is likely to result in a personal attack later on. Provide your answer in the format 'ATTACK: YES/NO'

Conversation:
S_4: [The speaker intends to explain the importance of language rights for EU citizens  highlighting their right to access legislation and communicate with institutions in their own language.]
S_4: [The speaker intends to reiterate the importance of language rights and question the viability of limiting official languages to those with over one million speakers  while expressing skepticism about the sufficiency of English  German  and French.]
S_0: [The speaker intends to express confusion and seek clarification on the EU's language policy  suggesting a preference for fewer official languages.]
S_0: [The speaker intends to demand a response to their question and express frustration at the lack of an answer.]
S_1: [The speaker intends to provide information on the EU's language policy  explaining that member states choose their official languages.]",0,0,True,0.99853515625
72201153.22144.22144,3,"You are an assistant trained to detect early warning signs of toxic behavior in online conversations given only the intentions behind each utterance of the conversation. Predict whether the conversation is likely to result in a personal attack later on. Provide your answer in the format 'ATTACK: YES/NO'

Conversation:
S_0: [The speaker intends to seek feedback on the article and encourage the listener to review it.]
S_1: [The speaker intends to acknowledge the article's quality  provide feedback  and inquire about the listener's thesis advisor.]
S_2: [The speaker intends to inform the listener about a mistake in reverting spelling corrections and request a fix.]
S_1: [The speaker intends to defend their actions  criticize the listener  and correct a spelling error.]
S_2: [The speaker intends to clarify the situation  defend their previous statement  and acknowledge the listener's correction.]",1,0,False,0.88427734375
73120665.16783.16783,3,"You are an assistant trained to detect early warning signs of toxic behavior in online conversations given only the intentions behind each utterance of the conversation. Predict whether the conversation is likely to result in a personal attack later on. Provide your answer in the format 'ATTACK: YES/NO'

Conversation:
S_0: [The speaker intends to express skepticism about Florian Schneider's activity during Kraftwerk concerts and is open to modifying their language if it is considered inappropriate.]
S_1: [The speaker intends to clarify Florian Schneider's activities during concerts and argue against including uninformed opinions in an encyclopedia article.]
S_0: [The speaker intends to acknowledge the explanation provided by S_1 and suggest incorporating this consensus view into the article.]",1,1,True,0.990234375
74513180.7599.7599,3,"You are an assistant trained to detect early warning signs of toxic behavior in online conversations given only the intentions behind each utterance of the conversation. Predict whether the conversation is likely to result in a personal attack later on. Provide your answer in the format 'ATTACK: YES/NO'

Conversation:
S_0: [The speaker intends to request clarification and evidence for accusations made against them.]",0,0,True,0.8671875
74859962.21308.21308,3,"You are an assistant trained to detect early warning signs of toxic behavior in online conversations given only the intentions behind each utterance of the conversation. Predict whether the conversation is likely to result in a personal attack later on. Provide your answer in the format 'ATTACK: YES/NO'

Conversation:
S_0: [The speaker intends to request semi-protection for the page to prevent a banned user from making unwanted edits.]",0,0,True,0.79638671875
749653703.18707.18707,3,"You are an assistant trained to detect early warning signs of toxic behavior in online conversations given only the intentions behind each utterance of the conversation. Predict whether the conversation is likely to result in a personal attack later on. Provide your answer in the format 'ATTACK: YES/NO'

Conversation:
S_0: [The speaker intends to express frustration and seek clarification on why their article was deleted while another similar article remains active  implying a belief of being unfairly targeted.]
S_1: [The speaker intends to explain the rationale behind the deletion of the article  emphasizing that it was based on consensus and not personal targeting  and to clarify that each article is judged independently.]
S_0: [The speaker intends to express dissatisfaction with the deletion of their article  argue that their work was compliant with rules  and announce their intention to nominate the other article for deletion as a form of perceived fairness.]",1,1,True,1.0
75940002.5524.5524,3,"You are an assistant trained to detect early warning signs of toxic behavior in online conversations given only the intentions behind each utterance of the conversation. Predict whether the conversation is likely to result in a personal attack later on. Provide your answer in the format 'ATTACK: YES/NO'

Conversation:
S_0: [The speaker intends to defend their editing competency and criticize the other person's focus on their account age rather than their edits.]",0,0,True,0.57421875
767556183.1101.1101,3,"You are an assistant trained to detect early warning signs of toxic behavior in online conversations given only the intentions behind each utterance of the conversation. Predict whether the conversation is likely to result in a personal attack later on. Provide your answer in the format 'ATTACK: YES/NO'

Conversation:
S_0: [The speaker intends to inform participants about the ongoing discussion regarding the article's suitability for Wikipedia and the process involved.]",0,0,True,1.0
771534840.6394.6394,3,"You are an assistant trained to detect early warning signs of toxic behavior in online conversations given only the intentions behind each utterance of the conversation. Predict whether the conversation is likely to result in a personal attack later on. Provide your answer in the format 'ATTACK: YES/NO'

Conversation:
S_0: [The speaker intends to correct the misconception that no one attempted to find a free image of Trisha Brown and justify their actions by explaining their efforts and reasoning.]",1,0,False,0.8486328125
780665688.15302.15302,3,"You are an assistant trained to detect early warning signs of toxic behavior in online conversations given only the intentions behind each utterance of the conversation. Predict whether the conversation is likely to result in a personal attack later on. Provide your answer in the format 'ATTACK: YES/NO'

Conversation:
S_0: [The speaker intends to share a recent article they found interesting and relevant to the topic  and to express amusement at the article using their map.]
S_1: [The speaker intends to express concern about the neutrality of the article and to propose a solution by suggesting the creation of two separate articles to better address the dispute and avoid problematic infoboxes.]
S_0: [The speaker intends to clearly state their opposition to the proposed solution.]",0,1,False,0.994140625
80103228.13014.13014,3,"You are an assistant trained to detect early warning signs of toxic behavior in online conversations given only the intentions behind each utterance of the conversation. Predict whether the conversation is likely to result in a personal attack later on. Provide your answer in the format 'ATTACK: YES/NO'

Conversation:
S_0: [the speaker intends to advise against deleting editing tags until the concerns they address are resolved.]
S_1: [the speaker intends to justify the deletion of the tag by stating that the tag itself allows for deletion.]
S_0: [the speaker intends to acknowledge the possibility of deletion but argues that it does not prove the song's notability and points out an issue with the article.]",1,1,True,0.99658203125
80141642.1747.1747,3,"You are an assistant trained to detect early warning signs of toxic behavior in online conversations given only the intentions behind each utterance of the conversation. Predict whether the conversation is likely to result in a personal attack later on. Provide your answer in the format 'ATTACK: YES/NO'

Conversation:
S_0: [The speaker expresses concern about the potential divisiveness of the project and suggests an alternative that is more neutral and inclusive.]
S_1: [The speaker intends to encourage and support the efforts of the other person in starting the wiki project  emphasizing the importance of addressing misinformation and standing for facts.]
S_1: [The speaker expresses willingness to join the project and seeks guidance on how to participate.]",0,1,False,1.0
82495354.7169.7169,3,"You are an assistant trained to detect early warning signs of toxic behavior in online conversations given only the intentions behind each utterance of the conversation. Predict whether the conversation is likely to result in a personal attack later on. Provide your answer in the format 'ATTACK: YES/NO'

Conversation:
S_0: [The speaker intends to argue against the claim that Randy Richards is a controversial figure and to provide context about the Dreadmire issue.]",0,0,True,0.56103515625
82531639.18993.18801,3,"You are an assistant trained to detect early warning signs of toxic behavior in online conversations given only the intentions behind each utterance of the conversation. Predict whether the conversation is likely to result in a personal attack later on. Provide your answer in the format 'ATTACK: YES/NO'

Conversation:
S_0: [The speaker intends to suggest merging and trimming content.]
S_1: [The speaker intends to express surprise and imply that the merging and trimming should have already been completed.]
S_2: [The speaker intends to suggest a more extensive merging and trimming  providing specific guidelines and examples for improvement.]
S_3: [The speaker intends to support the merging and trimming suggestion by referencing a specific link.]",0,0,True,0.6884765625
83202744.2343.2343,3,"You are an assistant trained to detect early warning signs of toxic behavior in online conversations given only the intentions behind each utterance of the conversation. Predict whether the conversation is likely to result in a personal attack later on. Provide your answer in the format 'ATTACK: YES/NO'

Conversation:
S_0: [The speaker intends to inquire about the reason for Claire's info box color change and to clarify their own action of changing it.]
S_1: [The speaker intends to request that the info box color be changed back to its original state.]",1,1,True,0.9560546875
84308654.286.286,3,"You are an assistant trained to detect early warning signs of toxic behavior in online conversations given only the intentions behind each utterance of the conversation. Predict whether the conversation is likely to result in a personal attack later on. Provide your answer in the format 'ATTACK: YES/NO'

Conversation:
S_0: [The speaker intends to inquire about the permission status of a photo and clarify the ownership or licensing details.]
S_1: [The speaker intends to provide information about the photo's licensing status and alert the other person to additional issues.]",0,1,False,0.97265625
86106628.7532.7532,3,"You are an assistant trained to detect early warning signs of toxic behavior in online conversations given only the intentions behind each utterance of the conversation. Predict whether the conversation is likely to result in a personal attack later on. Provide your answer in the format 'ATTACK: YES/NO'

Conversation:
S_0: [The speaker intends to inform about the changes made to Claire's bio and express concern about the level of detail in the bios.]
S_1: [The speaker intends to reassure and suggest that earlier events may become less important over time  and to inquire about Claire's character before discovering her powers.]
S_2: [The speaker intends to express uncertainty about Claire's past character traits and provide a tentative explanation.]",0,0,True,0.9248046875
87225418.29847.29847,3,"You are an assistant trained to detect early warning signs of toxic behavior in online conversations given only the intentions behind each utterance of the conversation. Predict whether the conversation is likely to result in a personal attack later on. Provide your answer in the format 'ATTACK: YES/NO'

Conversation:
S_0: [The speaker intends to express disagreement with Armon's decision to censor a quote and to argue for its relevance to the topic.]
S_1: [The speaker intends to explain their actions and provide a rationale for removing the quote  suggesting there is a better way to represent Cole's position.]
S_2: [The speaker intends to assert the relevance of the quote and justify its inclusion by highlighting its public nature and connection to the topic of anti-semitism.]",1,0,False,0.7294921875
89204593.7834.7834,3,"You are an assistant trained to detect early warning signs of toxic behavior in online conversations given only the intentions behind each utterance of the conversation. Predict whether the conversation is likely to result in a personal attack later on. Provide your answer in the format 'ATTACK: YES/NO'

Conversation:
S_0: [The speaker intends to reprimand the other person for using offensive language and to urge them to refrain from such behavior in the future.]",1,1,True,0.97509765625
90608250.29426.29426,3,"You are an assistant trained to detect early warning signs of toxic behavior in online conversations given only the intentions behind each utterance of the conversation. Predict whether the conversation is likely to result in a personal attack later on. Provide your answer in the format 'ATTACK: YES/NO'

Conversation:
S_0: [The speaker intends to assert the widely accepted belief that the person in question is the most influential electric guitarist of all time and challenges the listener to prove otherwise.]
S_1: [The speaker intends to challenge the assertion by implying that a strong claim requires substantial evidence  specifically suggesting the need for multiple valid sources.]
S_0: [The speaker intends to provide evidence to support their claim by referencing a specific TV show and other media sources  reinforcing their stance that the claim will remain.]",1,0,False,0.72314453125
90973121.9218.9218,3,"You are an assistant trained to detect early warning signs of toxic behavior in online conversations given only the intentions behind each utterance of the conversation. Predict whether the conversation is likely to result in a personal attack later on. Provide your answer in the format 'ATTACK: YES/NO'

Conversation:
S_0: [The speaker intends to defend their actions by stating they had permission and seeks clarification on what is wrong with the image.]",1,1,True,1.0
92663499.3623.3623,3,"You are an assistant trained to detect early warning signs of toxic behavior in online conversations given only the intentions behind each utterance of the conversation. Predict whether the conversation is likely to result in a personal attack later on. Provide your answer in the format 'ATTACK: YES/NO'

Conversation:
S_0: [The speaker intends to express concern about ongoing edit wars and suggests that the situation should be addressed quickly.]
S_1: [The speaker intends to provide their perspective on the situation  suggesting that warnings might suffice and that page protection could be considered if the issue persists.]
S_0: [The speaker intends to share an observation about the behavior of the involved parties and to apologize for bringing the issue to the other speaker's attention.]",0,0,True,0.89794921875
95273157.1954.1954,3,"You are an assistant trained to detect early warning signs of toxic behavior in online conversations given only the intentions behind each utterance of the conversation. Predict whether the conversation is likely to result in a personal attack later on. Provide your answer in the format 'ATTACK: YES/NO'

Conversation:
S_0: [The speaker seeks information about the license selected for an uploaded image.]
S_1: [The speaker clarifies that they did not upload the image and that it was already available.]
S_0: [The speaker questions the removal of a copyright violation tag and suggests obtaining a proper release for the image.]
S_1: [The speaker explains that the issue is being resolved and requests patience for a response from the Canadian Parliament.]
S_0: [The speaker expresses skepticism about receiving a timely response and inquires about alternative photographs.]
S_1: [The speaker informs about the availability of other photographs and expresses doubt about a delayed response.]
S_2: [The speaker expresses gratitude for an edit made in the article.]
S_1: [The speaker acknowledges the gratitude and indicates it was not a problem.]
S_0: [The speaker thanks S_1 for finding an alternate image  expressing relief over reduced conflict.]",0,1,False,0.95947265625
97814179.5675.5675,3,"You are an assistant trained to detect early warning signs of toxic behavior in online conversations given only the intentions behind each utterance of the conversation. Predict whether the conversation is likely to result in a personal attack later on. Provide your answer in the format 'ATTACK: YES/NO'

Conversation:
S_0: [The speaker is questioning the reason for the early closure of the discussion.]
S_1: [The speaker is challenging the other speaker's disregard for process concerns in the decision-making.]
S_2: [The speaker is justifying their decision by explaining their perception of consensus and the lack of guidelines on discussion duration.]
S_2: [The speaker is defending their decision by explaining their recognition of consensus and process considerations.]
S_1: [The speaker is arguing that there was no significant consensus and that the discussion was closed prematurely.]",0,1,False,0.99609375
