dialogue_id,fold,text,label,predicted_label,correct,confidence_score
101890424.3912.3912,1,"You are an assistant trained to detect early warning signs of toxic behavior in online conversations given only the summary of the conversation. Predict whether the conversation is likely to result in a personal attack later on. Provide your answer in the format 'ATTACK: YES/NO'

Conversation:
Summary: user1:
  warmth: high
  competence: low
  explanation: User1 expresses gratitude, compliments, and encouragement, indicating high warmth. They acknowledge their limited English skills and contributions, suggesting low perceived competence in language but not necessarily in content knowledge.

user2:
  warmth: low
  competence: high
  explanation: User2's message is confrontational and accusatory, indicating low warmth. Their confidence in tracing IPs and ensuring a block suggests high competence in technical aspects of the platform, though it may not reflect overall competence.",1,1,True,0.619140625
102154157.16707.16707,1,"You are an assistant trained to detect early warning signs of toxic behavior in online conversations given only the summary of the conversation. Predict whether the conversation is likely to result in a personal attack later on. Provide your answer in the format 'ATTACK: YES/NO'

Conversation:
Summary: user1:
  warmth: low
  competence: low
  explanation: User1's brief and accusatory statement lacks any elements of politeness or empathy, indicating low warmth. The lack of detailed information or evidence to support their claim suggests low competence in the context of the conversation.

user2:
  warmth: low
  competence: high
  explanation: User2's response is detailed and well-referenced, indicating high competence. However, the dismissive and confrontational tone, especially with phrases like ""Now, go away,"" suggests low warmth.",1,1,True,0.931640625
103071967.14294.14294,1,"You are an assistant trained to detect early warning signs of toxic behavior in online conversations given only the summary of the conversation. Predict whether the conversation is likely to result in a personal attack later on. Provide your answer in the format 'ATTACK: YES/NO'

Conversation:
Summary: user1:  
  warmth: low  
  competence: high  
  explanation: The participant demonstrates high competence by providing a detailed analysis and critique of the description's language and its implications. However, the tone is critical and somewhat accusatory, suggesting low warmth as it focuses on pointing out perceived biases and errors without showing empathy or understanding towards the other side.",1,0,False,0.91650390625
104093979.937.937,1,"You are an assistant trained to detect early warning signs of toxic behavior in online conversations given only the summary of the conversation. Predict whether the conversation is likely to result in a personal attack later on. Provide your answer in the format 'ATTACK: YES/NO'

Conversation:
Summary: user1:  
  warmth: low  
  competence: high  
  explanation: User1's message is direct and authoritative, indicating a low level of warmth due to the lack of empathy or friendliness. The use of definitive language and clear consequences suggests a high level of competence, as it demonstrates confidence and control over the situation.",1,0,False,0.7998046875
105940061.1753.1753,1,"You are an assistant trained to detect early warning signs of toxic behavior in online conversations given only the summary of the conversation. Predict whether the conversation is likely to result in a personal attack later on. Provide your answer in the format 'ATTACK: YES/NO'

Conversation:
Summary: user1:  
  warmth: low  
  competence: high  
  explanation: User1 demonstrates competence by addressing procedural concerns and suggesting a constructive approach to resolving potential conflicts. However, their tone is more directive and lacks warmth, as it focuses on preventing a revert war without expressing empathy or understanding towards user2.

user2:  
  warmth: low  
  competence: high  
  explanation: User2 shows competence by acknowledging an oversight and indicating awareness of changes across multiple pages. However, their response lacks warmth, as it is more focused on the technical aspects and personal surprise rather than engaging with user1's concerns or suggestions.",1,0,False,0.54541015625
107047394.5221.5221,1,"You are an assistant trained to detect early warning signs of toxic behavior in online conversations given only the summary of the conversation. Predict whether the conversation is likely to result in a personal attack later on. Provide your answer in the format 'ATTACK: YES/NO'

Conversation:
Summary: To provide an accurate analysis using the Stereotype Content Model (SCM), I need to see the responses from other participants in the conversation. Could you please provide more of the conversation?",0,0,True,0.8525390625
108176670.53894.53894,1,"You are an assistant trained to detect early warning signs of toxic behavior in online conversations given only the summary of the conversation. Predict whether the conversation is likely to result in a personal attack later on. Provide your answer in the format 'ATTACK: YES/NO'

Conversation:
Summary: user1:  
  warmth: high  
  competence: high  
  explanation: User1 expresses appreciation and enthusiasm for the information found, indicating high warmth. Their mention of having a PhD and providing a detailed, positive assessment of the articles demonstrates high competence. They also reflect on their past experiences, adding a personal touch that enhances perceived warmth.",0,0,True,0.986328125
109376539.2407.2407,1,"You are an assistant trained to detect early warning signs of toxic behavior in online conversations given only the summary of the conversation. Predict whether the conversation is likely to result in a personal attack later on. Provide your answer in the format 'ATTACK: YES/NO'

Conversation:
Summary: user1:  
  warmth: low  
  competence: high  
  explanation: User1's tone is confrontational and implies criticism, suggesting low warmth. However, their expectation that user2 can fix the redirects indicates a perception of user2's high competence.

user2:  
  warmth: high  
  competence: high  
  explanation: User2 responds calmly and efficiently, indicating high warmth through their cooperative tone. Their statement about being almost done demonstrates high competence in addressing the task.",1,1,True,0.82763671875
111898199.3579.3589,1,"You are an assistant trained to detect early warning signs of toxic behavior in online conversations given only the summary of the conversation. Predict whether the conversation is likely to result in a personal attack later on. Provide your answer in the format 'ATTACK: YES/NO'

Conversation:
Summary: user1:  
  warmth: low  
  competence: high  
  explanation: User1's approach is confrontational, using terms like ""Hipocrite"" and warning about rule violations, which suggests low warmth. However, they demonstrate competence by referencing specific rules and inviting discussion on the talk page.

user2:  
  warmth: low  
  competence: high  
  explanation: User2 maintains a formal tone, focusing on procedural correctness and suggesting resources for review, indicating high competence. However, their response lacks empathy or conciliatory language, which suggests low warmth.",0,1,False,0.7578125
112610040.70740.70740,1,"You are an assistant trained to detect early warning signs of toxic behavior in online conversations given only the summary of the conversation. Predict whether the conversation is likely to result in a personal attack later on. Provide your answer in the format 'ATTACK: YES/NO'

Conversation:
Summary: user1:
  warmth: low
  competence: high
  explanation: User1 maintains a firm stance on historical accuracy and consistently provides references to support their argument, demonstrating high competence. However, their tone is confrontational and dismissive, indicating low warmth.

user2:
  warmth: low
  competence: high
  explanation: User2 is assertive in their argument and emphasizes current usage, showing high competence. Their tone is also confrontational and dismissive of opposing views, indicating low warmth.",0,1,False,0.75048828125
11331921.17573.17573,1,"You are an assistant trained to detect early warning signs of toxic behavior in online conversations given only the summary of the conversation. Predict whether the conversation is likely to result in a personal attack later on. Provide your answer in the format 'ATTACK: YES/NO'

Conversation:
Summary: user1:  
  warmth: low  
  competence: high  
  explanation: User1's tone is critical and somewhat accusatory, indicating low warmth as they question the behavior and intentions of others. However, their detailed understanding of editing practices and policy discussions suggests high competence. They propose alternative solutions and demonstrate familiarity with the community standards, indicating a knowledgeable approach to the issue at hand.",0,0,True,0.94482421875
114627125.3150.3150,1,"You are an assistant trained to detect early warning signs of toxic behavior in online conversations given only the summary of the conversation. Predict whether the conversation is likely to result in a personal attack later on. Provide your answer in the format 'ATTACK: YES/NO'

Conversation:
Summary: user1:  
  warmth: low  
  competence: high  
  explanation: User1 expresses strong opinions and takes decisive actions, such as removing templates, which suggests high competence. However, their language is direct and critical, indicating low warmth.

user2:  
  warmth: low  
  competence: high  
  explanation: User2 agrees with user1 and provides detailed reasoning for their stance, demonstrating high competence. Their tone is critical and dismissive of certain ideas, which suggests low warmth.",1,1,True,0.7431640625
115398974.2304.2304,1,"You are an assistant trained to detect early warning signs of toxic behavior in online conversations given only the summary of the conversation. Predict whether the conversation is likely to result in a personal attack later on. Provide your answer in the format 'ATTACK: YES/NO'

Conversation:
Summary: user1:  
  warmth: low  
  competence: high  
  explanation: User1 questions decisions and actions, indicating a critical and assertive approach, which can be perceived as low warmth. Their inquiry about procedural correctness suggests a good understanding of the process, indicating high competence.

user2:  
  warmth: low  
  competence: high  
  explanation: User2 provides a factual response without addressing user1's concerns emotionally, which can be perceived as low warmth. Their clear explanation of procedural norms suggests a strong grasp of the situation, indicating high competence.",0,1,False,0.509765625
11932349.376.376,1,"You are an assistant trained to detect early warning signs of toxic behavior in online conversations given only the summary of the conversation. Predict whether the conversation is likely to result in a personal attack later on. Provide your answer in the format 'ATTACK: YES/NO'

Conversation:
Summary: user1:
  warmth: low
  competence: high
  explanation: User1's tone is critical and corrective, indicating low warmth. However, their detailed feedback and awareness of editing practices suggest high competence.

user2:
  warmth: low
  competence: high
  explanation: User2's response is defensive and dismissive, reflecting low warmth. Their confidence in their editing experience and understanding of editing terms demonstrates high competence.",1,1,True,0.6875
12080811.2083.2083,1,"You are an assistant trained to detect early warning signs of toxic behavior in online conversations given only the summary of the conversation. Predict whether the conversation is likely to result in a personal attack later on. Provide your answer in the format 'ATTACK: YES/NO'

Conversation:
Summary: user1 (S_0):
  warmth: low
  competence: high
  explanation: User1 maintains a formal tone, focusing on procedural aspects and inviting participation, which suggests competence. However, their dismissive response to user2's perspective indicates lower warmth.

user2 (S_1):
  warmth: low
  competence: low
  explanation: User2 expresses personal feelings but does so in a way that challenges user1's statement without adding constructive dialogue, which may be perceived as lower competence and warmth.",1,1,True,0.556640625
121303963.2014.2014,1,"You are an assistant trained to detect early warning signs of toxic behavior in online conversations given only the summary of the conversation. Predict whether the conversation is likely to result in a personal attack later on. Provide your answer in the format 'ATTACK: YES/NO'

Conversation:
Summary: user1:  
  warmth: low  
  competence: high  
  explanation: The participant demonstrates high competence by providing detailed and structured arguments about the significance of certain characters, indicating a strong understanding of the subject. However, their tone is assertive and lacks empathy or consideration for opposing viewpoints, which suggests lower warmth.",0,0,True,0.9326171875
123267563.7197.7197,1,"You are an assistant trained to detect early warning signs of toxic behavior in online conversations given only the summary of the conversation. Predict whether the conversation is likely to result in a personal attack later on. Provide your answer in the format 'ATTACK: YES/NO'

Conversation:
Summary: user1:  
  warmth: low  
  competence: low  
  explanation: User1 demonstrates low warmth by questioning and challenging user2's actions without showing understanding or empathy. Their competence appears low due to unclear communication and lack of specific knowledge about the policies they are questioning.

user2:  
  warmth: low  
  competence: high  
  explanation: User2 exhibits low warmth by responding in a corrective and somewhat defensive manner. However, their competence is high as they provide a clear explanation of their actions and reasoning, indicating a good understanding of the topic discussed.",0,1,False,0.97265625
123598601.0.0,1,"You are an assistant trained to detect early warning signs of toxic behavior in online conversations given only the summary of the conversation. Predict whether the conversation is likely to result in a personal attack later on. Provide your answer in the format 'ATTACK: YES/NO'

Conversation:
Summary: user1:  
  warmth: low  
  competence: high  
  explanation: User1 demonstrates high competence by focusing on the need for useful information and good faith efforts. However, their tone appears confrontational and dismissive, indicating low warmth.

user2:  
  warmth: low  
  competence: high  
  explanation: User2 shows high competence by articulating a rationale for their suggestions and defending the autonomy of questioners. Their response, however, is defensive and somewhat sarcastic, which suggests low warmth.",1,1,True,0.54736328125
128818551.16567.16567,1,"You are an assistant trained to detect early warning signs of toxic behavior in online conversations given only the summary of the conversation. Predict whether the conversation is likely to result in a personal attack later on. Provide your answer in the format 'ATTACK: YES/NO'

Conversation:
Summary: user1:  
  warmth: low  
  competence: high  
  explanation: User1 expresses frustration and criticism towards others, indicating low warmth due to the confrontational tone. However, they demonstrate high competence by emphasizing their willingness to contribute quality information and collaborate constructively. They highlight their expertise and desire for a productive environment, suggesting capability and knowledge in the subject matter.",0,0,True,0.8671875
131670830.3476.3476,1,"You are an assistant trained to detect early warning signs of toxic behavior in online conversations given only the summary of the conversation. Predict whether the conversation is likely to result in a personal attack later on. Provide your answer in the format 'ATTACK: YES/NO'

Conversation:
Summary: user1:  
  warmth: high  
  competence: high  
  explanation: User1 engages in the conversation with curiosity and openness, suggesting a willingness to explore ideas, which indicates high warmth. Their inquiry about evidence and reference to specific scientific concepts demonstrates a good understanding of the subject, reflecting high competence.",1,0,False,0.9755859375
132026400.5805.5805,1,"You are an assistant trained to detect early warning signs of toxic behavior in online conversations given only the summary of the conversation. Predict whether the conversation is likely to result in a personal attack later on. Provide your answer in the format 'ATTACK: YES/NO'

Conversation:
Summary: user1:  
  warmth: high  
  competence: high  
  explanation: User1 initiates the conversation with a friendly and welcoming tone, indicating high warmth. The mention of a ""watchlist"" suggests familiarity with the context, indicating competence.

user2:  
  warmth: high  
  competence: high  
  explanation: User2 responds with a respectful and warm greeting, indicating high warmth. They reference past teamwork and inquire about current projects, suggesting a proactive and engaged approach, indicative of high competence.",0,0,True,0.74072265625
133500852.1455.1455,1,"You are an assistant trained to detect early warning signs of toxic behavior in online conversations given only the summary of the conversation. Predict whether the conversation is likely to result in a personal attack later on. Provide your answer in the format 'ATTACK: YES/NO'

Conversation:
Summary: user1:  
  warmth: low  
  competence: high  
  explanation: User1 demonstrates high competence by referencing past disputes and established practices, indicating familiarity with Wikipedia's processes. However, their tone is confrontational and dismissive, suggesting low warmth. They question user2's intentions and highlight their inexperience, which may come across as unwelcoming.

user2:  
  warmth: low  
  competence: low  
  explanation: User2's response is brief and lacks engagement, which may suggest low warmth. They do not provide additional context or demonstrate understanding of the situation, indicating low competence in addressing the issue or contributing constructively to the conversation.",1,1,True,0.75048828125
137070788.2493.2493,1,"You are an assistant trained to detect early warning signs of toxic behavior in online conversations given only the summary of the conversation. Predict whether the conversation is likely to result in a personal attack later on. Provide your answer in the format 'ATTACK: YES/NO'

Conversation:
Summary: user1 (S_0):
  warmth: low
  competence: high
  explanation: User1 demonstrates high competence by focusing on the need for verifiable sources and questioning the validity of claims. However, their tone is somewhat dismissive and skeptical, which may be perceived as low warmth.

user2 (S_1):
  warmth: high
  competence: moderate
  explanation: User2 shows high warmth by attempting to reassure and provide information, though their reliance on personal assurance rather than concrete sources suggests moderate competence.

user3 (S_2):
  warmth: high
  competence: high
  explanation: User3 exhibits high warmth by emphasizing inclusivity and acceptance, while also demonstrating high competence by providing factual information and addressing the procedural aspects of the organization.",1,0,False,0.8369140625
138134296.24200.24200,1,"You are an assistant trained to detect early warning signs of toxic behavior in online conversations given only the summary of the conversation. Predict whether the conversation is likely to result in a personal attack later on. Provide your answer in the format 'ATTACK: YES/NO'

Conversation:
Summary: user1:  
  warmth: low  
  competence: high  
  explanation: User1's message is direct and lacks a personal touch, indicating low warmth. However, the reference to an explanation link suggests they are informed and capable, indicating high competence.

user2:  
  warmth: low  
  competence: high  
  explanation: User2's message is also direct and lacks warmth, as it focuses on preventing conflict. The offer to review a ticket shows they are knowledgeable and willing to engage in problem-solving, indicating high competence.",0,0,True,0.6787109375
139339329.5788.5791,1,"You are an assistant trained to detect early warning signs of toxic behavior in online conversations given only the summary of the conversation. Predict whether the conversation is likely to result in a personal attack later on. Provide your answer in the format 'ATTACK: YES/NO'

Conversation:
Summary: user1:
  warmth: low
  competence: low
  explanation: User1's tone is confrontational and dismissive, suggesting low warmth. The lack of constructive feedback and the emotional tone indicate low competence in effectively resolving the conflict.

user2:
  warmth: high
  competence: high
  explanation: User2 expresses support and encouragement, indicating high warmth. They articulate their points clearly and align with Wikipedia policy, demonstrating high competence in handling the situation constructively.",0,1,False,0.94091796875
139472519.5811.5811,1,"You are an assistant trained to detect early warning signs of toxic behavior in online conversations given only the summary of the conversation. Predict whether the conversation is likely to result in a personal attack later on. Provide your answer in the format 'ATTACK: YES/NO'

Conversation:
Summary: user1:  
  warmth: low  
  competence: high  
  explanation: The participant expresses frustration and dissatisfaction, indicating low warmth due to the confrontational tone. However, they demonstrate competence by articulating specific grievances and conditions for re-engagement, suggesting a clear understanding of the situation and the processes involved.",1,0,False,0.82958984375
140158667.5240.5240,1,"You are an assistant trained to detect early warning signs of toxic behavior in online conversations given only the summary of the conversation. Predict whether the conversation is likely to result in a personal attack later on. Provide your answer in the format 'ATTACK: YES/NO'

Conversation:
Summary: To provide an accurate assessment using the Stereotype Content Model, I need more information from the conversation. The SCM evaluates perceived warmth and competence, which are typically inferred from multiple exchanges. If you can provide additional dialogue, I can offer a more comprehensive analysis.",0,0,True,0.77099609375
140418397.27598.27334,1,"You are an assistant trained to detect early warning signs of toxic behavior in online conversations given only the summary of the conversation. Predict whether the conversation is likely to result in a personal attack later on. Provide your answer in the format 'ATTACK: YES/NO'

Conversation:
Summary: user1:
  warmth: low
  competence: high
  explanation: User1 demonstrates high competence by referencing specific Wikipedia policies and suggesting a structured approach to comply with them. However, the tone is factual and lacks any personal engagement or empathy, which can be perceived as low warmth.",0,0,True,0.5498046875
140681796.722.722,1,"You are an assistant trained to detect early warning signs of toxic behavior in online conversations given only the summary of the conversation. Predict whether the conversation is likely to result in a personal attack later on. Provide your answer in the format 'ATTACK: YES/NO'

Conversation:
Summary: user1:  
  warmth: low  
  competence: high  
  explanation: User1 demonstrates high competence by providing detailed explanations for their actions and referencing guidelines. However, their tone is defensive and confrontational, indicating low warmth, as they express frustration and threaten to involve administrators.

user2:  
  warmth: low  
  competence: low  
  explanation: User2 exhibits low warmth by dismissing User1's explanations as illogical and abruptly ending the conversation. Their response lacks depth and fails to address the issues raised, suggesting low competence in effectively engaging in the discussion.",0,1,False,0.96435546875
141711171.1955.1957,1,"You are an assistant trained to detect early warning signs of toxic behavior in online conversations given only the summary of the conversation. Predict whether the conversation is likely to result in a personal attack later on. Provide your answer in the format 'ATTACK: YES/NO'

Conversation:
Summary: user1:  
  warmth: low  
  competence: high  
  explanation: User1's question suggests a critical stance, indicating low warmth. However, the ability to articulate an issue clearly suggests high competence.

user2:  
  warmth: high  
  competence: high  
  explanation: User2 expresses empathy and a desire for peace, indicating high warmth. Their structured response and strategic avoidance of specifics demonstrate high competence.",1,0,False,0.8203125
143877368.8.8,1,"You are an assistant trained to detect early warning signs of toxic behavior in online conversations given only the summary of the conversation. Predict whether the conversation is likely to result in a personal attack later on. Provide your answer in the format 'ATTACK: YES/NO'

Conversation:
Summary: user1:  
  warmth: low  
  competence: high  
  explanation: User1's responses are direct and lack empathy, indicating low warmth. However, their insistence on a specific action suggests confidence and understanding of their request, indicating high competence.

user2:  
  warmth: low  
  competence: high  
  explanation: User2 provides a clear and authoritative response, indicating high competence. However, the lack of explanation or empathy in their response suggests low warmth.",1,0,False,0.8486328125
143890867.11926.11926,1,"You are an assistant trained to detect early warning signs of toxic behavior in online conversations given only the summary of the conversation. Predict whether the conversation is likely to result in a personal attack later on. Provide your answer in the format 'ATTACK: YES/NO'

Conversation:
Summary: user1:  
  warmth: high  
  competence: high  
  explanation: User1 maintains a polite tone, using phrases like ""Cheers"" and providing a factual recount of the situation, indicating both friendliness and understanding of the process.

user2:  
  warmth: low  
  competence: high  
  explanation: User2's tone is more confrontational, with direct criticism and instructions, which lowers perceived warmth. However, they demonstrate competence by referencing specific details about the comments and the process.",1,1,True,0.81201171875
144401101.11263.11263,1,"You are an assistant trained to detect early warning signs of toxic behavior in online conversations given only the summary of the conversation. Predict whether the conversation is likely to result in a personal attack later on. Provide your answer in the format 'ATTACK: YES/NO'

Conversation:
Summary: To accurately assess the conversation using the Stereotype Content Model, let's evaluate each participant:

user1:
  warmth: high
  competence: low
  explanation: User1's message is playful and friendly, suggesting a desire for peace, which indicates high warmth. However, the whimsical and nonsensical nature of the message suggests low competence.

user2:
  warmth: low
  competence: low
  explanation: User2's response is minimal and lacks context or engagement, which does not convey warmth. The lack of clarity or meaningful content also suggests low competence.",1,0,False,0.671875
146743638.12652.12652,1,"You are an assistant trained to detect early warning signs of toxic behavior in online conversations given only the summary of the conversation. Predict whether the conversation is likely to result in a personal attack later on. Provide your answer in the format 'ATTACK: YES/NO'

Conversation:
Summary: user1:  
  warmth: high  
  competence: high  
  explanation: User1 demonstrates high warmth by engaging politely and constructively, seeking clarification rather than confrontation. Their competence is high as they reference specific guidelines and examples to support their point, showing a good understanding of the topic and the rules involved.

user2:  
  warmth: N/A  
  competence: N/A  
  explanation: User2 has not contributed to the conversation, so their warmth and competence cannot be assessed based on the provided text.",0,0,True,0.86572265625
147954957.7256.7256,1,"You are an assistant trained to detect early warning signs of toxic behavior in online conversations given only the summary of the conversation. Predict whether the conversation is likely to result in a personal attack later on. Provide your answer in the format 'ATTACK: YES/NO'

Conversation:
Summary: user1:  
  warmth: low  
  competence: high  
  explanation: User1's approach is direct and pragmatic, focusing on procedural solutions. Their suggestion to merge content rather than delete it indicates competence in navigating content management. However, the lack of empathetic language or acknowledgment of user2's perspective suggests low warmth.

user2:  
  warmth: low  
  competence: high  
  explanation: User2 responds with a defensive tone, questioning user1's suggestions and expressing frustration. Their competence is demonstrated through their detailed argument and understanding of sourcing requirements. However, their dismissive language and lack of collaborative tone indicate low warmth.",1,0,False,0.8134765625
148422557.5277.5277,1,"You are an assistant trained to detect early warning signs of toxic behavior in online conversations given only the summary of the conversation. Predict whether the conversation is likely to result in a personal attack later on. Provide your answer in the format 'ATTACK: YES/NO'

Conversation:
Summary: user1:
  warmth: low
  competence: high
  explanation: User1's response suggests a lack of warmth, as it is dismissive and confrontational. However, they demonstrate high competence by referencing specific content and suggesting familiarity with the material.

user2:
  warmth: low
  competence: high
  explanation: User2's comment is terse and lacks warmth, indicating a confrontational tone. They show high competence by pointing out specific sections and linking to the main article, suggesting a detailed understanding of the content.",0,1,False,0.85498046875
151740907.15404.15404,1,"You are an assistant trained to detect early warning signs of toxic behavior in online conversations given only the summary of the conversation. Predict whether the conversation is likely to result in a personal attack later on. Provide your answer in the format 'ATTACK: YES/NO'

Conversation:
Summary: user1:  
  warmth: high  
  competence: high  
  explanation: User1 expresses concern for legitimate users and suggests a solution, indicating empathy and understanding. Their knowledge of the situation and proposed actions demonstrate competence.

user2:  
  warmth: low  
  competence: high  
  explanation: User2 maintains a neutral tone, focusing on policy adherence rather than user impact, which may come across as less warm. However, their awareness of policy and procedural considerations reflects high competence.",1,1,True,0.50634765625
155105667.2522.2522,1,"You are an assistant trained to detect early warning signs of toxic behavior in online conversations given only the summary of the conversation. Predict whether the conversation is likely to result in a personal attack later on. Provide your answer in the format 'ATTACK: YES/NO'

Conversation:
Summary: user1:  
  warmth: low  
  competence: high  
  explanation: The participant communicates a clear intention to maintain a specific standard for content, indicating high competence. However, the tone is direct and lacks expressions of friendliness or empathy, suggesting low warmth.",1,0,False,0.68994140625
155594817.13941.13941,1,"You are an assistant trained to detect early warning signs of toxic behavior in online conversations given only the summary of the conversation. Predict whether the conversation is likely to result in a personal attack later on. Provide your answer in the format 'ATTACK: YES/NO'

Conversation:
Summary: user1:  
  warmth: low  
  competence: high  
  explanation: User1's response is factual and direct, focusing on procedural details without engaging in personal attacks or emotional language, which indicates high competence but low warmth.

user2:  
  warmth: low  
  competence: high  
  explanation: User2 uses confrontational language and accuses user1 of breaking rules, suggesting low warmth. However, the reference to specific rules and procedural knowledge indicates high competence.",1,1,True,0.8291015625
155716783.14696.14696,1,"You are an assistant trained to detect early warning signs of toxic behavior in online conversations given only the summary of the conversation. Predict whether the conversation is likely to result in a personal attack later on. Provide your answer in the format 'ATTACK: YES/NO'

Conversation:
Summary: user1:  
  warmth: low  
  competence: high  
  explanation: User1's message is direct and lacks expressions of friendliness or empathy, indicating low warmth. However, the message is clear and authoritative, suggesting a good understanding of the situation and guidelines, which implies high competence.",0,0,True,0.9609375
157059059.38916.38916,1,"You are an assistant trained to detect early warning signs of toxic behavior in online conversations given only the summary of the conversation. Predict whether the conversation is likely to result in a personal attack later on. Provide your answer in the format 'ATTACK: YES/NO'

Conversation:
Summary: user1:  
  warmth: low  
  competence: high  
  explanation: User1 demonstrates low warmth by asserting dominance and dismissing the other participant's perspective. However, they exhibit high competence by taking decisive action and expressing confidence in their understanding of the situation.

user2:  
  warmth: low  
  competence: high  
  explanation: User2 shows low warmth by accusing the other participant of lying, which indicates a confrontational tone. They display high competence by directly addressing the issue and defending their position in the conversation.",0,1,False,0.86962890625
15832773.3019.3019,1,"You are an assistant trained to detect early warning signs of toxic behavior in online conversations given only the summary of the conversation. Predict whether the conversation is likely to result in a personal attack later on. Provide your answer in the format 'ATTACK: YES/NO'

Conversation:
Summary: user1:  
  warmth: low  
  competence: high  
  explanation: User1 demonstrates high competence by referencing their careful following of the news and requesting a source to verify claims. However, their tone is critical and dismissive, indicating low warmth.

user2:  
  warmth: low  
  competence: low  
  explanation: User2 expresses frustration and issues a threat to report or ban user1, which suggests low warmth. Their response lacks a constructive approach or evidence-based argument, indicating low competence.",1,1,True,0.9287109375
165943813.17745.17745,1,"You are an assistant trained to detect early warning signs of toxic behavior in online conversations given only the summary of the conversation. Predict whether the conversation is likely to result in a personal attack later on. Provide your answer in the format 'ATTACK: YES/NO'

Conversation:
Summary: user1:
  warmth: high
  competence: high
  explanation: User1 expresses a collaborative attitude by inviting objections and sharing their plan, indicating openness and consideration for others' input. Their initiative to add links shows competence in contributing to the task.

user2:
  warmth: low
  competence: high
  explanation: User2 provides a critical assessment of the situation, focusing on the lack of significant coverage and potential conflict of interest. While their competence is evident in their analytical approach, the tone is more critical than collaborative, suggesting lower warmth.",1,0,False,0.791015625
166882643.4224.4224,1,"You are an assistant trained to detect early warning signs of toxic behavior in online conversations given only the summary of the conversation. Predict whether the conversation is likely to result in a personal attack later on. Provide your answer in the format 'ATTACK: YES/NO'

Conversation:
Summary: user1:  
  warmth: low  
  competence: high  
  explanation: User1's tone is assertive and somewhat confrontational, indicating low warmth. However, they provide specific information and a clear plan of action, suggesting high competence.",1,0,False,0.59521484375
168180673.10107.10107,1,"You are an assistant trained to detect early warning signs of toxic behavior in online conversations given only the summary of the conversation. Predict whether the conversation is likely to result in a personal attack later on. Provide your answer in the format 'ATTACK: YES/NO'

Conversation:
Summary: user1:  
  warmth: low  
  competence: high  
  explanation: User1 demonstrates high competence by articulating Wikipedia's policies clearly and suggesting a compromise. However, their tone is somewhat formal and impersonal, which may come across as low warmth.

user2:  
  warmth: low  
  competence: low  
  explanation: User2's response is sarcastic and dismissive, indicating low warmth. Their argument lacks the depth and clarity needed to effectively challenge user1's points, suggesting low competence.",0,1,False,0.89404296875
168710659.62.62,1,"You are an assistant trained to detect early warning signs of toxic behavior in online conversations given only the summary of the conversation. Predict whether the conversation is likely to result in a personal attack later on. Provide your answer in the format 'ATTACK: YES/NO'

Conversation:
Summary: user1:  
  warmth: low  
  competence: high  
  explanation: User1 demonstrates high competence by asking for evidence and referencing specific details about their actions. However, their tone is defensive and lacks friendliness, which suggests low warmth.

user2:  
  warmth: low  
  competence: high  
  explanation: User2 shows high competence by quoting user1's previous statement and suggesting a method to verify the claim. The tone is accusatory and lacks empathy, indicating low warmth.",0,1,False,0.53857421875
169532015.14003.14003,1,"You are an assistant trained to detect early warning signs of toxic behavior in online conversations given only the summary of the conversation. Predict whether the conversation is likely to result in a personal attack later on. Provide your answer in the format 'ATTACK: YES/NO'

Conversation:
Summary: user1:
  warmth: high
  competence: low
  explanation: User1 expresses support and encouragement, indicating high warmth. However, their suggestion of creating vandalism for edits shows a lack of understanding of appropriate methods, suggesting low competence.

user2:
  warmth: high
  competence: high
  explanation: User2 responds with gratitude and humor, indicating high warmth. They also demonstrate awareness of the rules and a plan for future improvement, suggesting high competence.",1,1,True,0.7451171875
170029034.54439.54439,1,"You are an assistant trained to detect early warning signs of toxic behavior in online conversations given only the summary of the conversation. Predict whether the conversation is likely to result in a personal attack later on. Provide your answer in the format 'ATTACK: YES/NO'

Conversation:
Summary: user1:  
  warmth: high  
  competence: low  
  explanation: User1 expresses a desire for collaboration and improvement, indicating high warmth. However, their suggestion to scale down the list without providing specific criteria or understanding of prior discussions suggests lower competence in the context of this conversation.

user2:  
  warmth: low  
  competence: high  
  explanation: User2 demonstrates high competence by referencing previous discussions and providing a detailed rationale for the list's inclusion. However, their response is dismissive and lacks empathy towards user1's concerns, indicating low warmth.",1,1,True,0.77685546875
173258711.27876.27876,1,"You are an assistant trained to detect early warning signs of toxic behavior in online conversations given only the summary of the conversation. Predict whether the conversation is likely to result in a personal attack later on. Provide your answer in the format 'ATTACK: YES/NO'

Conversation:
Summary: user1 (S_0):
  warmth: high
  competence: high
  explanation: User1 maintains a polite tone, using phrases like ""Best regards"" and ""Thank you in advance,"" which suggests high warmth. They demonstrate competence by referencing historical conventions and asking for specific sources to compare information, showing a willingness to engage in a detailed discussion.

user2 (S_1):
  warmth: low
  competence: high
  explanation: User2's tone is dismissive and confrontational, using phrases like ""you can't be serious"" and ""this is just trolling,"" indicating low warmth. However, they display competence by citing specific sources and referencing historical timelines, suggesting a strong grasp of the subject matter.",1,1,True,0.89501953125
174491338.28390.28390,1,"You are an assistant trained to detect early warning signs of toxic behavior in online conversations given only the summary of the conversation. Predict whether the conversation is likely to result in a personal attack later on. Provide your answer in the format 'ATTACK: YES/NO'

Conversation:
Summary: user1:  
  warmth: high  
  competence: high  
  explanation: User1 demonstrates high warmth by using polite language and expressing gratitude, which indicates a friendly and cooperative attitude. Their competence is also high, as they reference specific actions taken (providing copyright information and modifying wording) to address the issue, showing understanding and engagement with the process.",0,0,True,0.99462890625
175720120.3708.3708,1,"You are an assistant trained to detect early warning signs of toxic behavior in online conversations given only the summary of the conversation. Predict whether the conversation is likely to result in a personal attack later on. Provide your answer in the format 'ATTACK: YES/NO'

Conversation:
Summary: user1:  
  warmth: high  
  competence: low  
  explanation: User1 expresses appreciation and humility, indicating high warmth. However, their comment suggests a lack of confidence in their own abilities, indicating low competence.

user2:  
  warmth: high  
  competence: high  
  explanation: User2 responds with a polite acknowledgment and provides constructive feedback, indicating high warmth. Their ability to identify and articulate specific areas for improvement demonstrates high competence.",0,1,False,0.63525390625
176804113.31106.31106,1,"You are an assistant trained to detect early warning signs of toxic behavior in online conversations given only the summary of the conversation. Predict whether the conversation is likely to result in a personal attack later on. Provide your answer in the format 'ATTACK: YES/NO'

Conversation:
Summary: user1 (S_0):
  warmth: low
  competence: high
  explanation: User1 exhibits low warmth by using sarcasm and criticism, suggesting frustration and dismissiveness. However, their competence is high as they identify a specific issue with the source, indicating attention to detail and analytical skills.

user2 (S_1):
  warmth: low
  competence: low
  explanation: User2 demonstrates low warmth by providing a terse and dismissive response without engaging constructively. Their competence is also perceived as low due to the lack of detailed explanation or evidence supporting their statement, which does not effectively address the issue raised.",0,1,False,0.91552734375
177237695.62396.62396,1,"You are an assistant trained to detect early warning signs of toxic behavior in online conversations given only the summary of the conversation. Predict whether the conversation is likely to result in a personal attack later on. Provide your answer in the format 'ATTACK: YES/NO'

Conversation:
Summary: user1:  
  warmth: high  
  competence: high  
  explanation: User1 expresses a willingness to share information relevant to the ongoing discussion, indicating openness and cooperation, which suggests high warmth. Their reference to verified messages implies an understanding of the situation, indicating high competence.

user2:  
  warmth: high  
  competence: high  
  explanation: User2 engages thoughtfully by considering multiple solutions and suggesting a fair process, which reflects high warmth. Their structured approach to problem-solving and consideration of procedural alternatives indicate high competence.",1,0,False,0.89111328125
177610439.70966.70966,1,"You are an assistant trained to detect early warning signs of toxic behavior in online conversations given only the summary of the conversation. Predict whether the conversation is likely to result in a personal attack later on. Provide your answer in the format 'ATTACK: YES/NO'

Conversation:
Summary: user1:  
  warmth: high  
  competence: high  
  explanation: User1 expresses a concern for fairness and decency, indicating high warmth. Their suggestion is presented logically and clearly, demonstrating high competence.

user2:  
  warmth: high  
  competence: high  
  explanation: User2 acknowledges user1's point but adds nuance by considering potential negative scenarios, showing empathy and understanding, which indicates high warmth. Their response is thoughtful and well-reasoned, reflecting high competence.",0,0,True,0.869140625
180508373.20449.20449,1,"You are an assistant trained to detect early warning signs of toxic behavior in online conversations given only the summary of the conversation. Predict whether the conversation is likely to result in a personal attack later on. Provide your answer in the format 'ATTACK: YES/NO'

Conversation:
Summary: user1:  
  warmth: high  
  competence: high  
  explanation: User1 expresses gratitude and provides guidance on proper procedures, indicating a friendly and knowledgeable approach. They offer additional resources, showing competence in the subject matter.

user2:  
  warmth: low  
  competence: low  
  explanation: User2 dismisses the suggestion without offering constructive feedback or alternative solutions, which suggests a lack of warmth. Their refusal to engage in the recommended process implies a lack of competence or willingness to collaborate effectively.",1,1,True,0.66650390625
181984887.0.0,1,"You are an assistant trained to detect early warning signs of toxic behavior in online conversations given only the summary of the conversation. Predict whether the conversation is likely to result in a personal attack later on. Provide your answer in the format 'ATTACK: YES/NO'

Conversation:
Summary: user1:  
  warmth: low  
  competence: high  
  explanation: User1 expresses frustration and a lack of courtesy towards user2, indicating low warmth. However, they reference their long-term contribution to the encyclopedia, suggesting a high level of competence in the context of the discussion.

user2:  
  warmth: low  
  competence: low  
  explanation: User2 is not directly present in the conversation, but is implied to have made an erroneous judgment. This suggests a lack of warmth due to the accusation and a perceived lack of competence in accurately assessing user1's contributions.",1,1,True,0.88037109375
18396841.5729.5729,1,"You are an assistant trained to detect early warning signs of toxic behavior in online conversations given only the summary of the conversation. Predict whether the conversation is likely to result in a personal attack later on. Provide your answer in the format 'ATTACK: YES/NO'

Conversation:
Summary: user1:
  warmth: low
  competence: high
  explanation: User1 exhibits low warmth by using a confrontational and critical tone, challenging the other participant's position and questioning their logic. Their competence is perceived as high due to their detailed arguments and references to specific concepts like NPOV (Neutral Point of View), indicating a strong understanding of the topic.

user2:
  warmth: low
  competence: low
  explanation: User2 demonstrates low warmth through a dismissive and abrupt response, lacking engagement or elaboration. Their competence appears low as they provide minimal justification or evidence for their claims, failing to substantiate their position effectively.

user3:
  warmth: low
  competence: high
  explanation: User3 shows low warmth by expressing frustration and discussing conflict with another participant. However, their competence is high, as they articulate their experiences and the ongoing issue clearly, suggesting familiarity with the situation and the processes involved.",1,1,True,0.8330078125
184445114.1058.1058,1,"You are an assistant trained to detect early warning signs of toxic behavior in online conversations given only the summary of the conversation. Predict whether the conversation is likely to result in a personal attack later on. Provide your answer in the format 'ATTACK: YES/NO'

Conversation:
Summary: user1:
  warmth: low
  competence: high
  explanation: User1's brief and serious tone suggests a lack of warmth, as there is no indication of friendliness or empathy. However, the decisiveness in their statement implies competence, as they seem to have a clear understanding of the situation.

user2:
  warmth: low
  competence: high
  explanation: User2's agreement with user1 and acknowledgment of the situation being ""out of hand"" indicates a lack of warmth, as there is no expression of empathy or support. The recognition of the situation's severity suggests competence.",1,1,True,0.80078125
185302851.9838.9838,1,"You are an assistant trained to detect early warning signs of toxic behavior in online conversations given only the summary of the conversation. Predict whether the conversation is likely to result in a personal attack later on. Provide your answer in the format 'ATTACK: YES/NO'

Conversation:
Summary: user1:  
  warmth: high  
  competence: high  
  explanation: User1 engages in a collaborative discussion, building on others' ideas and expressing a positive opinion about the movie. Their contribution is thoughtful and adds depth to the conversation, indicating both warmth and competence.

user2:  
  warmth: high  
  competence: high  
  explanation: User2 participates constructively, acknowledging the possibility of different interpretations and showing openness to various perspectives. Their response is considerate and suggests an understanding of the topic, reflecting both warmth and competence.",0,0,True,0.63525390625
186266380.13735.13735,1,"You are an assistant trained to detect early warning signs of toxic behavior in online conversations given only the summary of the conversation. Predict whether the conversation is likely to result in a personal attack later on. Provide your answer in the format 'ATTACK: YES/NO'

Conversation:
Summary: user1:  
  warmth: high  
  competence: high  
  explanation: User1 initiates the conversation with a collaborative approach, seeking consensus and input from others, which indicates high warmth. Their structured approach to problem-solving and emphasis on sourcing demonstrates high competence.

user2:  
  warmth: high  
  competence: high  
  explanation: User2 agrees with the initial proposal and adds constructive conditions to ensure quality, showing a cooperative and supportive attitude (high warmth). Their focus on reliability and verification reflects high competence.",0,0,True,0.83447265625
188028913.217.217,1,"You are an assistant trained to detect early warning signs of toxic behavior in online conversations given only the summary of the conversation. Predict whether the conversation is likely to result in a personal attack later on. Provide your answer in the format 'ATTACK: YES/NO'

Conversation:
Summary: user1:  
  warmth: low  
  competence: high  
  explanation: User1 demonstrates high competence by providing a clear argument and requesting citations, indicating a strong understanding of the topic. However, their tone is somewhat dismissive and confrontational, suggesting low warmth.

user2:  
  warmth: low  
  competence: high  
  explanation: User2 also shows high competence by referencing informed researchers and historical facts, indicating a well-informed stance. Their tone is critical and somewhat dismissive, which suggests low warmth in the interaction.",0,0,True,0.5185546875
188493057.9027.9027,1,"You are an assistant trained to detect early warning signs of toxic behavior in online conversations given only the summary of the conversation. Predict whether the conversation is likely to result in a personal attack later on. Provide your answer in the format 'ATTACK: YES/NO'

Conversation:
Summary: user1:  
  warmth: low  
  competence: high  
  explanation: User1 demonstrates high competence by providing a detailed explanation and referencing previous debates and sources. However, their tone is assertive and dismissive, indicating low warmth as they focus on correcting and informing rather than engaging collaboratively or empathetically.",0,0,True,0.5498046875
191944517.8419.8419,1,"You are an assistant trained to detect early warning signs of toxic behavior in online conversations given only the summary of the conversation. Predict whether the conversation is likely to result in a personal attack later on. Provide your answer in the format 'ATTACK: YES/NO'

Conversation:
Summary: user1:  
  warmth: high  
  competence: low  
  explanation: User1 demonstrates high warmth by expressing respect and acknowledging user2's expertise. However, their competence is perceived as low due to their admission of not being a rifle expert and their reliance on user2 for guidance on the appropriate placement of their information.

user2:  
  warmth: low  
  competence: high  
  explanation: User2 exhibits low warmth by directly stating that user1 is incorrect without any softening language. Their competence is perceived as high, as they confidently provide a clear distinction between the historical contexts and suggest a specific course of action for further discussion.",1,1,True,0.6025390625
192080482.18556.18556,1,"You are an assistant trained to detect early warning signs of toxic behavior in online conversations given only the summary of the conversation. Predict whether the conversation is likely to result in a personal attack later on. Provide your answer in the format 'ATTACK: YES/NO'

Conversation:
Summary: user1:
  warmth: high
  competence: high
  explanation: User1 offers information and assistance, indicating a willingness to help and share resources, which suggests high warmth. Their knowledge about the topic and the resources they offer imply high competence.

user2:
  warmth: low
  competence: high
  explanation: User2's response is curt and dismissive, indicating low warmth. However, their insistence on waiting for the series to air suggests an understanding of the process, indicating high competence.

user3:
  warmth: low
  competence: high
  explanation: User3 provides a factual, rule-based response, focusing on guidelines and verifiability, which suggests high competence. The tone is impersonal and procedural, indicating low warmth.

user4:
  warmth: high
  competence: high
  explanation: User4 shares a helpful resource with the group, demonstrating a cooperative attitude and willingness to assist, which suggests high warmth. Their ability to locate and share a relevant website indicates high competence.",0,1,False,0.50341796875
195353398.23337.23337,1,"You are an assistant trained to detect early warning signs of toxic behavior in online conversations given only the summary of the conversation. Predict whether the conversation is likely to result in a personal attack later on. Provide your answer in the format 'ATTACK: YES/NO'

Conversation:
Summary: Certainly! Here's the assessment based on the Stereotype Content Model:

user1:
  warmth: low
  competence: high
  explanation: The participant demonstrates high competence by articulating a clear understanding of Wikipedia's policies and the importance of neutrality. However, the tone is critical and lacks empathy, suggesting low warmth as it focuses on correcting perceived errors without showing support or understanding towards others' perspectives.

user2:
  warmth: N/A
  competence: N/A
  explanation: The conversation only includes user1's input, so user2's warmth and competence cannot be assessed.",0,0,True,0.9853515625
202083816.25206.25206,1,"You are an assistant trained to detect early warning signs of toxic behavior in online conversations given only the summary of the conversation. Predict whether the conversation is likely to result in a personal attack later on. Provide your answer in the format 'ATTACK: YES/NO'

Conversation:
Summary: user1:  
  warmth: low  
  competence: high  
  explanation: User1 presents a detailed argument and demonstrates a nuanced understanding of the issues, indicating high competence. However, their tone is critical and defensive, suggesting low warmth as they challenge the use of certain terms and question the consistency of labeling across different organizations.

user2:  
  warmth: low  
  competence: high  
  explanation: User2 is concise and direct, focusing on the relevance and appropriateness of specific content, which reflects high competence. Their response lacks empathy or engagement with user1's perspective, indicating low warmth as they dismiss the opposing argument without addressing underlying concerns.",0,1,False,0.72216796875
202169381.11823.11823,1,"You are an assistant trained to detect early warning signs of toxic behavior in online conversations given only the summary of the conversation. Predict whether the conversation is likely to result in a personal attack later on. Provide your answer in the format 'ATTACK: YES/NO'

Conversation:
Summary: To accurately assess the conversation using the Stereotype Content Model, I would need more information about the interaction between the participants. The provided text is insufficient to evaluate the warmth and competence of user1 and user2. If you can provide more dialogue or context, I'd be happy to assist further.",0,1,False,0.65283203125
204194977.6271.6271,1,"You are an assistant trained to detect early warning signs of toxic behavior in online conversations given only the summary of the conversation. Predict whether the conversation is likely to result in a personal attack later on. Provide your answer in the format 'ATTACK: YES/NO'

Conversation:
Summary: user1:  
  warmth: low  
  competence: high  
  explanation: User1's tone is corrective and authoritative, indicating a focus on enforcing proper behavior. This suggests high competence in understanding the platform's norms. However, the lack of politeness or empathy in their message suggests low warmth.

user2:  
  warmth: low  
  competence: low  
  explanation: User2's response is defensive and dismissive, indicating a lack of openness to feedback. The use of informal language (""?Huh?"") suggests low competence in addressing the issue constructively, and the defensive tone implies low warmth.",0,1,False,0.625
204725243.54360.54360,1,"You are an assistant trained to detect early warning signs of toxic behavior in online conversations given only the summary of the conversation. Predict whether the conversation is likely to result in a personal attack later on. Provide your answer in the format 'ATTACK: YES/NO'

Conversation:
Summary: user1:
  warmth: low
  competence: high
  explanation: User1 demonstrates high competence by pointing out specific issues and inconsistencies in the edits, indicating a thorough understanding of the content. However, their tone is confrontational and accusatory, which suggests low warmth as they criticize user2's actions and intentions.

user2:
  warmth: low
  competence: low
  explanation: User2's response is brief and does not address the specific concerns raised by user1, indicating low competence in resolving the issue. Their suggestion lacks clarity and engagement, and the lack of responsiveness to user1's requests suggests low warmth.",1,1,True,0.951171875
205658214.4953.4953,1,"You are an assistant trained to detect early warning signs of toxic behavior in online conversations given only the summary of the conversation. Predict whether the conversation is likely to result in a personal attack later on. Provide your answer in the format 'ATTACK: YES/NO'

Conversation:
Summary: user1:  
  warmth: low  
  competence: high  
  explanation: User1 demonstrates a clear understanding of the rules and procedures, indicating high competence. However, the direct and corrective nature of the statement suggests low warmth, as it lacks any expressions of empathy or friendliness.  

user2:  
  warmth: N/A  
  competence: N/A  
  explanation: User2 has not participated in the conversation, so their warmth and competence cannot be assessed.",1,0,False,0.63623046875
205767664.627.627,1,"You are an assistant trained to detect early warning signs of toxic behavior in online conversations given only the summary of the conversation. Predict whether the conversation is likely to result in a personal attack later on. Provide your answer in the format 'ATTACK: YES/NO'

Conversation:
Summary: user1:
  warmth: low
  competence: high
  explanation: User1 demonstrates high competence by providing specific information and acknowledging a previous mistake. However, their tone is defensive and somewhat confrontational, indicating low warmth as they express anger and issue a warning to avoid further comments.",1,1,True,0.81396484375
207119513.305.305,1,"You are an assistant trained to detect early warning signs of toxic behavior in online conversations given only the summary of the conversation. Predict whether the conversation is likely to result in a personal attack later on. Provide your answer in the format 'ATTACK: YES/NO'

Conversation:
Summary: user1:  
  warmth: low  
  competence: high  
  explanation: User1's response lacks warmth due to the dismissive tone and disagreement with user2's suggestion. However, they demonstrate high competence by providing references and acknowledging the ongoing debate about language usage, indicating knowledge and understanding of the topic.

user2:  
  warmth: not applicable  
  competence: not applicable  
  explanation: User2 did not participate in the provided conversation, so their warmth and competence cannot be assessed based on the available information.",0,0,True,0.7109375
210594914.4800.4800,1,"You are an assistant trained to detect early warning signs of toxic behavior in online conversations given only the summary of the conversation. Predict whether the conversation is likely to result in a personal attack later on. Provide your answer in the format 'ATTACK: YES/NO'

Conversation:
Summary: user1:  
  warmth: high  
  competence: high  
  explanation: User1 expresses gratitude and appreciation for user2's work, indicating high warmth. They also articulate a specific request and acknowledge their own limitations, suggesting high competence in communication and understanding of the situation.",0,0,True,0.8681640625
210834488.5081.5081,1,"You are an assistant trained to detect early warning signs of toxic behavior in online conversations given only the summary of the conversation. Predict whether the conversation is likely to result in a personal attack later on. Provide your answer in the format 'ATTACK: YES/NO'

Conversation:
Summary: To assess the conversation using the Stereotype Content Model (SCM), we need more context or additional dialogue to accurately evaluate the warmth and competence of each participant. The provided conversation snippet is too brief to make a reliable assessment. If you can provide more of the conversation, I would be happy to help with the analysis.",1,0,False,0.55322265625
211501261.25605.25605,1,"You are an assistant trained to detect early warning signs of toxic behavior in online conversations given only the summary of the conversation. Predict whether the conversation is likely to result in a personal attack later on. Provide your answer in the format 'ATTACK: YES/NO'

Conversation:
Summary: I'm sorry, but the conversation provided is too limited to accurately assess the warmth and competence of the participants using the Stereotype Content Model. Could you provide more context or additional dialogue?",0,0,True,0.630859375
213448366.79999.79999,1,"You are an assistant trained to detect early warning signs of toxic behavior in online conversations given only the summary of the conversation. Predict whether the conversation is likely to result in a personal attack later on. Provide your answer in the format 'ATTACK: YES/NO'

Conversation:
Summary: user1:  
  warmth: low  
  competence: high  
  explanation: User1 demonstrates low warmth through critical and confrontational language, indicating dissatisfaction with the article. However, their detailed critique and understanding of the article's structure suggest a high level of competence.

user2:  
  warmth: high  
  competence: high  
  explanation: User2 shows high warmth by acknowledging the issue and explaining the ongoing efforts to improve the article. Their response indicates a collaborative attitude. Their competence is high, as they demonstrate knowledge of the editing process and the content involved.",1,0,False,0.5205078125
215180756.8562.8562,1,"You are an assistant trained to detect early warning signs of toxic behavior in online conversations given only the summary of the conversation. Predict whether the conversation is likely to result in a personal attack later on. Provide your answer in the format 'ATTACK: YES/NO'

Conversation:
Summary: user1:  
  warmth: low  
  competence: high  
  explanation: User1's message is straightforward and lacks emotional engagement, suggesting low warmth. However, their inquiry about specific details and structure indicates a high level of competence in seeking information.

user2:  
  warmth: low  
  competence: high  
  explanation: User2 provides factual information and clarifies uncertainties, demonstrating high competence. Their response is factual and lacks personal engagement or empathy, indicating low warmth.",1,0,False,0.93115234375
221125910.8024.8024,1,"You are an assistant trained to detect early warning signs of toxic behavior in online conversations given only the summary of the conversation. Predict whether the conversation is likely to result in a personal attack later on. Provide your answer in the format 'ATTACK: YES/NO'

Conversation:
Summary: user1:
  warmth: low
  competence: high
  explanation: User1 demonstrates low warmth by showing a lack of interest and empathy towards user0's situation. Their responses are dismissive and indicate a lack of concern. However, they exhibit high competence by clearly understanding the situation and articulating their points logically and succinctly.

user2:
  warmth: high
  competence: moderate
  explanation: User2 displays high warmth by responding positively and offering a suggestion to user0. Their tone is friendly and supportive. However, their competence is moderate as their suggestion is somewhat vague and doesn't fully address the issue of credit or ownership.

user0:
  warmth: low
  competence: moderate
  explanation: User0 shows low warmth by focusing on their grievance and not engaging with others empathetically. Their competence is moderate as they provide detailed information about their claim, but their communication is somewhat disorganized and lacks clarity.",1,0,False,0.759765625
224551679.4053.4053,1,"You are an assistant trained to detect early warning signs of toxic behavior in online conversations given only the summary of the conversation. Predict whether the conversation is likely to result in a personal attack later on. Provide your answer in the format 'ATTACK: YES/NO'

Conversation:
Summary: user1 (S_0):
  warmth: high
  competence: high
  explanation: User1 maintains a polite and constructive tone, offering advice rather than criticism. They express a desire for collegiality and set a positive example, indicating high warmth. Their approach to addressing the issue and willingness to investigate further demonstrate competence.

user2 (S_1):
  warmth: low
  competence: high
  explanation: User2 responds defensively and dismisses the advice given, which suggests low warmth. However, they articulate their position clearly and point out perceived inconsistencies in addressing the issue, indicating high competence.

user3 (S_2):
  warmth: high
  competence: high
  explanation: User3 engages constructively, acknowledges the situation, and offers a balanced perspective. They express appreciation for user2's contributions and encourage collaboration, demonstrating high warmth. Their understanding of the situation and suggestions for improvement reflect high competence.",1,0,False,0.65771484375
225070854.920.920,1,"You are an assistant trained to detect early warning signs of toxic behavior in online conversations given only the summary of the conversation. Predict whether the conversation is likely to result in a personal attack later on. Provide your answer in the format 'ATTACK: YES/NO'

Conversation:
Summary: user1 (S_0):
  warmth: low
  competence: low
  explanation: User1's tone is confrontational and dismissive, indicating low warmth. Their insistence on a single source without providing additional evidence suggests low competence in supporting their argument effectively.

user2 (S_1):
  warmth: low
  competence: high
  explanation: User2's response is direct and critical, showing low warmth. However, their request for reliable sources and avoidance of speculation demonstrates a high level of competence in seeking credible information.

user3 (S_2):
  warmth: low
  competence: low
  explanation: User3's claim of being a descendant of a historical figure is presented without evidence, indicating low competence. The dismissive tone and unilateral decision to remove content suggest low warmth.",1,1,True,0.92041015625
226465611.12195.12195,1,"You are an assistant trained to detect early warning signs of toxic behavior in online conversations given only the summary of the conversation. Predict whether the conversation is likely to result in a personal attack later on. Provide your answer in the format 'ATTACK: YES/NO'

Conversation:
Summary: user1:  
  warmth: high  
  competence: high  
  explanation: User1 expresses gratitude and acknowledges the oversight with humor, indicating a friendly and open demeanor. Their response suggests an awareness of the situation and an ability to engage positively, reflecting high competence.

user2:  
  warmth: high  
  competence: high  
  explanation: User2's initial comment is light-hearted and includes a friendly gesture, suggesting a warm and approachable nature. Their ability to identify and communicate the issue effectively demonstrates high competence.",0,0,True,0.92333984375
228260381.12384.12384,1,"You are an assistant trained to detect early warning signs of toxic behavior in online conversations given only the summary of the conversation. Predict whether the conversation is likely to result in a personal attack later on. Provide your answer in the format 'ATTACK: YES/NO'

Conversation:
Summary: user1:  
  warmth: low  
  competence: high  
  explanation: User1's response is direct and analytical, focusing on the technical aspects of the symbols discussed. The lack of personal engagement or empathy suggests low warmth, while the detailed and knowledgeable explanation indicates high competence.

user2:  
  warmth: low  
  competence: high  
  explanation: User2 provides a factual and logical analysis of the symbols, similar to user1. The response is impersonal and lacks emotional engagement, indicating low warmth. However, the clarity and depth of understanding demonstrate high competence.",1,0,False,0.9443359375
228332457.5689.5689,1,"You are an assistant trained to detect early warning signs of toxic behavior in online conversations given only the summary of the conversation. Predict whether the conversation is likely to result in a personal attack later on. Provide your answer in the format 'ATTACK: YES/NO'

Conversation:
Summary: user1:
  warmth: low
  competence: high
  explanation: User1 demonstrates high competence by referencing guidelines and potential consequences clearly. However, their tone is direct and somewhat confrontational, indicating low warmth.

user2:
  warmth: low
  competence: high
  explanation: User2 questions the consensus and implies a violation of guidelines, showing high competence. Their tone is defensive and lacks friendliness, suggesting low warmth.

user3:
  warmth: high
  competence: high
  explanation: User3 acknowledges the efforts of others and encourages discussion, indicating high warmth. They also reference guidelines and suggest constructive actions, demonstrating high competence.",0,0,True,0.5146484375
229535222.2292.2292,1,"You are an assistant trained to detect early warning signs of toxic behavior in online conversations given only the summary of the conversation. Predict whether the conversation is likely to result in a personal attack later on. Provide your answer in the format 'ATTACK: YES/NO'

Conversation:
Summary: user1:  
  warmth: low  
  competence: high  
  explanation: User1 demonstrates low warmth by using a confrontational tone and threatening to report edits as vandalism. Their competence appears high as they reference specific guidelines about spelling and show an understanding of editing protocols.

user2:  
  warmth: low  
  competence: low  
  explanation: User2 exhibits low warmth by expressing strong dislike without providing constructive feedback or reasoning. Their competence is perceived as low due to the lack of a detailed argument or engagement with the editing guidelines discussed by user1.",1,1,True,0.97119140625
230193438.998.998,1,"You are an assistant trained to detect early warning signs of toxic behavior in online conversations given only the summary of the conversation. Predict whether the conversation is likely to result in a personal attack later on. Provide your answer in the format 'ATTACK: YES/NO'

Conversation:
Summary: user1:
  warmth: low
  competence: high
  explanation: User1 demonstrates low warmth by expressing frustration and impatience regarding the delay in communication. However, their competence is high as they are aware of the categorization expert's absence and the timeline involved.

user2:
  warmth: low
  competence: high
  explanation: User2 exhibits low warmth by dismissing user1's concerns and suggesting they have more constructive tasks. Their competence is high, as they provide detailed information about their contributions and the rationale behind their categorization decisions.",1,1,True,0.6416015625
230801127.6228.6228,1,"You are an assistant trained to detect early warning signs of toxic behavior in online conversations given only the summary of the conversation. Predict whether the conversation is likely to result in a personal attack later on. Provide your answer in the format 'ATTACK: YES/NO'

Conversation:
Summary: user1:  
  warmth: low  
  competence: high  
  explanation: User1's tone is confrontational and critical, suggesting low warmth. However, they demonstrate knowledge about football clubs and player articles, indicating high competence.

user2:  
  warmth: high  
  competence: high  
  explanation: User2 responds calmly and openly, showing willingness to consider new information, which suggests high warmth. Their acknowledgment of not knowing about the articles but expressing potential interest in reviewing them indicates high competence.",1,0,False,0.7275390625
231593679.3391.3391,1,"You are an assistant trained to detect early warning signs of toxic behavior in online conversations given only the summary of the conversation. Predict whether the conversation is likely to result in a personal attack later on. Provide your answer in the format 'ATTACK: YES/NO'

Conversation:
Summary: user1:  
  warmth: low  
  competence: high  
  explanation: User1 demonstrates high competence by providing a detailed explanation and reasoning for their perspective. However, their tone is dismissive and somewhat confrontational, indicating low warmth.

user2:  
  warmth: low  
  competence: high  
  explanation: User2 shows high competence by confidently asserting their understanding of the subject and pointing out the perceived error in user1's explanation. Their tone is critical and dismissive, reflecting low warmth.",1,1,True,0.6455078125
231731659.3214.3214,1,"You are an assistant trained to detect early warning signs of toxic behavior in online conversations given only the summary of the conversation. Predict whether the conversation is likely to result in a personal attack later on. Provide your answer in the format 'ATTACK: YES/NO'

Conversation:
Summary: user1:
  warmth: low
  competence: high
  explanation: User1's message is direct and lacks a friendly tone, indicating low warmth. However, they demonstrate competence by referencing a specific report and policy, suggesting they are knowledgeable about the rules and procedures.",0,0,True,0.94384765625
232389738.3190.3190,1,"You are an assistant trained to detect early warning signs of toxic behavior in online conversations given only the summary of the conversation. Predict whether the conversation is likely to result in a personal attack later on. Provide your answer in the format 'ATTACK: YES/NO'

Conversation:
Summary: user1:  
  warmth: high  
  competence: low  
  explanation: User1 expresses gratitude and friendliness by giving a ""cookie,"" a symbolic gesture of goodwill, indicating high warmth. However, the message contains several spelling and grammatical errors, suggesting lower competence in communication.

user2:  
  warmth: high  
  competence: high  
  explanation: User2 is not directly present in the conversation, but the acknowledgment by user1 implies that user2 engaged in a positive, non-automated interaction, suggesting high warmth and competence in handling the conversation effectively.",0,0,True,0.54248046875
234155672.12588.12588,1,"You are an assistant trained to detect early warning signs of toxic behavior in online conversations given only the summary of the conversation. Predict whether the conversation is likely to result in a personal attack later on. Provide your answer in the format 'ATTACK: YES/NO'

Conversation:
Summary: user1:  
  warmth: low  
  competence: high  
  explanation: User1's suggestion is presented in a straightforward manner, focusing on improving information clarity. However, the lack of polite language or engagement with the other participant suggests lower warmth. Their competence is perceived as high due to their constructive proposal for enhancing content organization.

user2:  
  warmth: high  
  competence: high  
  explanation: User2 responds with agreement and additional insight, indicating openness and collaboration, which suggests high warmth. Their acknowledgment of past content and suggestion for improvement demonstrates awareness and understanding, indicating high competence.",0,0,True,0.8154296875
234747790.16184.16184,1,"You are an assistant trained to detect early warning signs of toxic behavior in online conversations given only the summary of the conversation. Predict whether the conversation is likely to result in a personal attack later on. Provide your answer in the format 'ATTACK: YES/NO'

Conversation:
Summary: user1 (cdaughertyjr):
  warmth: low
  competence: high
  explanation: The participant demonstrates high competence by providing specific and detailed information about the release date, supported by a credible source. However, the tone lacks warmth, as it is focused on asserting the correctness of the information without engaging in a friendly or empathetic manner. The emphasis is on factual accuracy rather than interpersonal connection.",1,0,False,0.828125
235345753.3081.3081,1,"You are an assistant trained to detect early warning signs of toxic behavior in online conversations given only the summary of the conversation. Predict whether the conversation is likely to result in a personal attack later on. Provide your answer in the format 'ATTACK: YES/NO'

Conversation:
Summary: user1:
  warmth: high
  competence: high
  explanation: User1 demonstrates high warmth by expressing appreciation and seeking advice in a respectful manner. They acknowledge user2's expertise and express willingness to contribute. Their competence is high, as they show familiarity with philosophical topics and articulate specific questions about the literature.

user2:
  warmth: high
  competence: high
  explanation: User2 exhibits high warmth by responding promptly and providing helpful guidance. They acknowledge their limitations while offering resources and insights. Their competence is high, as they reference specific articles and demonstrate a strong understanding of the subject matter, indicating expertise and experience.",0,0,True,0.8603515625
240149353.16332.16332,1,"You are an assistant trained to detect early warning signs of toxic behavior in online conversations given only the summary of the conversation. Predict whether the conversation is likely to result in a personal attack later on. Provide your answer in the format 'ATTACK: YES/NO'

Conversation:
Summary: user1:  
  warmth: low  
  competence: high  
  explanation: User1 expresses frustration and confusion, which can be perceived as low warmth due to the disgruntled tone. However, they demonstrate competence by articulating their points clearly, referencing specific data, and acknowledging their newness to editing, which shows a willingness to learn and improve.",0,0,True,0.92529296875
244019165.24348.24348,1,"You are an assistant trained to detect early warning signs of toxic behavior in online conversations given only the summary of the conversation. Predict whether the conversation is likely to result in a personal attack later on. Provide your answer in the format 'ATTACK: YES/NO'

Conversation:
Summary: user1 (S_0):
  warmth: low
  competence: high
  explanation: User1 demonstrates high competence by providing detailed examples and reasoning to support their argument. However, their tone is more focused on factual discussion rather than interpersonal engagement, which may come across as low in warmth.

user2 (S_1, S_2):
  warmth: high
  competence: high
  explanation: User2 maintains a high level of competence by referencing past decisions and Wikipedia policies. Their responses are considerate and acknowledge potential disagreements, reflecting high warmth through a collaborative and respectful tone.",1,0,False,0.73291015625
245423265.1941.1941,1,"You are an assistant trained to detect early warning signs of toxic behavior in online conversations given only the summary of the conversation. Predict whether the conversation is likely to result in a personal attack later on. Provide your answer in the format 'ATTACK: YES/NO'

Conversation:
Summary: user1:
  warmth: high
  competence: low
  explanation: User1 demonstrates warmth by politely asking for assistance and expressing gratitude in advance. However, their competence appears low as they admit to being unable to verify information themselves due to work constraints and rely on others for accurate details.",0,0,True,0.59912109375
245576959.2099.2099,1,"You are an assistant trained to detect early warning signs of toxic behavior in online conversations given only the summary of the conversation. Predict whether the conversation is likely to result in a personal attack later on. Provide your answer in the format 'ATTACK: YES/NO'

Conversation:
Summary: user1:  
  warmth: high  
  competence: high  
  explanation: User1 provides helpful information about where to find details on a game director, demonstrating a willingness to assist others. Their ability to reference specific sources and guide others to verify information indicates a high level of competence in navigating and understanding the platform.",1,0,False,0.900390625
246519050.1684.1684,1,"You are an assistant trained to detect early warning signs of toxic behavior in online conversations given only the summary of the conversation. Predict whether the conversation is likely to result in a personal attack later on. Provide your answer in the format 'ATTACK: YES/NO'

Conversation:
Summary: user1 (S_0):
  warmth: high
  competence: high
  explanation: User1 displays a friendly and humorous demeanor, indicated by laughter and playful language. This suggests high warmth. Their competence is also high, as they confidently refer to specific sections and demonstrate knowledge of the situation.

user2 (S_1):
  warmth: low
  competence: low
  explanation: User2's initial comment is dismissive and lacks warmth. Their subsequent messages, while expressing surprise, do not clearly demonstrate competence, as they admit to an unusual mistake, suggesting a lack of control or understanding.",1,0,False,0.6982421875
246543204.1281.1281,1,"You are an assistant trained to detect early warning signs of toxic behavior in online conversations given only the summary of the conversation. Predict whether the conversation is likely to result in a personal attack later on. Provide your answer in the format 'ATTACK: YES/NO'

Conversation:
Summary: user1:  
  warmth: high  
  competence: high  
  explanation: User1 demonstrates high warmth by expressing gratitude and appreciation, using polite language, and showing respect for user2's expertise. Their competence is perceived as high because they acknowledge user2's experience and seek constructive feedback to improve their work, indicating an understanding of the process and a willingness to learn.",0,0,True,0.9521484375
251857396.5871.5871,1,"You are an assistant trained to detect early warning signs of toxic behavior in online conversations given only the summary of the conversation. Predict whether the conversation is likely to result in a personal attack later on. Provide your answer in the format 'ATTACK: YES/NO'

Conversation:
Summary: user1:
  warmth: high
  competence: high
  explanation: User1 demonstrates high warmth by expressing a thoughtful gesture and acknowledging the recipient's contributions positively. Their competence is high as they take the initiative to create a new recognition system, indicating creativity and problem-solving skills. The overall tone is friendly and respectful, enhancing the perception of warmth, while the proactive approach underscores competence.",0,0,True,0.95849609375
25213805.0.0,1,"You are an assistant trained to detect early warning signs of toxic behavior in online conversations given only the summary of the conversation. Predict whether the conversation is likely to result in a personal attack later on. Provide your answer in the format 'ATTACK: YES/NO'

Conversation:
Summary: To accurately assess the conversation using the Stereotype Content Model, I would need additional context or dialogue from the participants to evaluate their perceived warmth and competence. The provided statement is insufficient to determine these attributes for each participant. Please provide more of the conversation for a comprehensive analysis.",0,0,True,0.53125
254476558.2536.2536,1,"You are an assistant trained to detect early warning signs of toxic behavior in online conversations given only the summary of the conversation. Predict whether the conversation is likely to result in a personal attack later on. Provide your answer in the format 'ATTACK: YES/NO'

Conversation:
Summary: To provide an accurate assessment using the Stereotype Content Model, I would need more information about the conversation, including additional statements from both participants. The SCM evaluates perceived warmth and competence based on how individuals communicate, including their tone, empathy, and knowledge. If you can provide more context or additional dialogue, I can offer a more precise analysis.",0,0,True,0.81005859375
255492973.7776.7776,1,"You are an assistant trained to detect early warning signs of toxic behavior in online conversations given only the summary of the conversation. Predict whether the conversation is likely to result in a personal attack later on. Provide your answer in the format 'ATTACK: YES/NO'

Conversation:
Summary: user1:
  warmth: low
  competence: high
  explanation: User1 demonstrates high competence by detailing a methodical approach to gathering evidence and seeking advice before taking action. However, the tone is formal and lacks expressions of empathy or understanding, which suggests low warmth.

user2:
  warmth: high
  competence: high
  explanation: User2 shows high warmth by suggesting communication and understanding of the other party's perspective. They also display high competence by acknowledging the evidence and suggesting a reasonable course of action, indicating a balanced and informed approach.",0,0,True,0.7744140625
268018308.7664.7664,1,"You are an assistant trained to detect early warning signs of toxic behavior in online conversations given only the summary of the conversation. Predict whether the conversation is likely to result in a personal attack later on. Provide your answer in the format 'ATTACK: YES/NO'

Conversation:
Summary: user1:
  warmth: high
  competence: high
  explanation: User1 demonstrates high warmth by engaging collaboratively, asking for input, and sharing resources. Their competence is high as they provide detailed information, references, and a structured inquiry about the relevance of content, indicating thorough research and understanding of the topic.",0,0,True,0.96630859375
26815453.51996.51996,1,"You are an assistant trained to detect early warning signs of toxic behavior in online conversations given only the summary of the conversation. Predict whether the conversation is likely to result in a personal attack later on. Provide your answer in the format 'ATTACK: YES/NO'

Conversation:
Summary: user1:  
  warmth: low  
  competence: high  
  explanation: User1 expresses disagreement and provides a rationale, indicating a focus on maintaining standards and addressing issues. The tone is direct and critical, suggesting low warmth. However, the argument is well-structured and informed, reflecting high competence.

user2:  
  warmth: N/A  
  competence: N/A  
  explanation: User2 has not participated in the conversation, so their warmth and competence cannot be assessed.",0,0,True,0.74560546875
271233109.16788.16788,1,"You are an assistant trained to detect early warning signs of toxic behavior in online conversations given only the summary of the conversation. Predict whether the conversation is likely to result in a personal attack later on. Provide your answer in the format 'ATTACK: YES/NO'

Conversation:
Summary: user1:  
  warmth: high  
  competence: high  
  explanation: User1 demonstrates understanding and empathy towards user2's feelings, offering advice and acknowledging the challenges of consensus-based processes. Their communication is considerate and supportive, indicating high warmth. They also express a clear understanding of the situation and provide thoughtful suggestions, reflecting high competence.

user2:  
  warmth: low  
  competence: high  
  explanation: User2 expresses frustration and a desire for vindication, showing less concern for others' perspectives, which suggests low warmth. However, they articulate their position clearly and provide specific suggestions for addressing the issue, indicating high competence.",1,1,True,0.70703125
271266337.66158.66158,1,"You are an assistant trained to detect early warning signs of toxic behavior in online conversations given only the summary of the conversation. Predict whether the conversation is likely to result in a personal attack later on. Provide your answer in the format 'ATTACK: YES/NO'

Conversation:
Summary: user1:
  warmth: low
  competence: high
  explanation: User1 exhibits low warmth by sarcastically critiquing the source and its author, implying bias and unreliability. However, their competence is high as they provide a detailed analysis of the source's appropriateness and potential bias in the context of the article.

user2:
  warmth: low
  competence: high
  explanation: User2 demonstrates low warmth by dismissing the source with strong language and comparing it to extreme examples. Their competence is high, as they effectively argue for the importance of using valid sources and maintaining the integrity of the article.

user3:
  warmth: moderate
  competence: moderate
  explanation: User3 shows moderate warmth by acknowledging the need for caution with blogs, offering a more balanced view. Their competence is moderate, as they provide a rationale for considering the blog's reliability and relevance, though less detailed than the others.",1,1,True,0.64013671875
273753370.998.998,1,"You are an assistant trained to detect early warning signs of toxic behavior in online conversations given only the summary of the conversation. Predict whether the conversation is likely to result in a personal attack later on. Provide your answer in the format 'ATTACK: YES/NO'

Conversation:
Summary: user1:  
  warmth: low  
  competence: high  
  explanation: User1's tone is critical and corrective, suggesting low warmth. Their detailed reference to policy and specific critique of sources indicates a high level of competence in the subject matter.

user2:  
  warmth: low  
  competence: high  
  explanation: User2 asserts their rights and actions confidently, showing low warmth in their response. Their understanding of procedural rights and decision-making reflects high competence.",0,0,True,0.623046875
276035589.473.473,1,"You are an assistant trained to detect early warning signs of toxic behavior in online conversations given only the summary of the conversation. Predict whether the conversation is likely to result in a personal attack later on. Provide your answer in the format 'ATTACK: YES/NO'

Conversation:
Summary: user1:  
  warmth: high  
  competence: high  
  explanation: User1 initiates the conversation with a polite inquiry, inviting thoughts and discussion, which indicates high warmth. Their statement is clear and reasoned, demonstrating high competence.

user2:  
  warmth: low  
  competence: high  
  explanation: User2 provides a direct and concise response without additional context or politeness, suggesting low warmth. However, their clear stance on the issue reflects high competence.",0,0,True,0.58056640625
27733774.39983.39983,1,"You are an assistant trained to detect early warning signs of toxic behavior in online conversations given only the summary of the conversation. Predict whether the conversation is likely to result in a personal attack later on. Provide your answer in the format 'ATTACK: YES/NO'

Conversation:
Summary: user1:
  warmth: low
  competence: high
  explanation: User1 exhibits low warmth due to their confrontational and accusatory tone, suggesting a lack of friendliness or empathy. However, they demonstrate high competence by referencing ongoing discussions and pointing out specific issues related to consensus and bias, indicating an understanding of the situation and the processes involved.",1,1,True,0.7734375
277455799.27313.27313,1,"You are an assistant trained to detect early warning signs of toxic behavior in online conversations given only the summary of the conversation. Predict whether the conversation is likely to result in a personal attack later on. Provide your answer in the format 'ATTACK: YES/NO'

Conversation:
Summary: user1:
  warmth: low
  competence: high
  explanation: User1's message is direct and procedural, focusing on the rules and processes for deletion, indicating competence. However, the tone lacks friendliness or empathy, suggesting low warmth.

user2:
  warmth: low
  competence: high
  explanation: User2 provides detailed reasoning and demonstrates understanding of the rules, reflecting high competence. The tone is defensive and corrective, lacking in warmth, as it focuses on justifying actions and pointing out procedural errors.",1,1,True,0.5947265625
27909300.43483.43483,1,"You are an assistant trained to detect early warning signs of toxic behavior in online conversations given only the summary of the conversation. Predict whether the conversation is likely to result in a personal attack later on. Provide your answer in the format 'ATTACK: YES/NO'

Conversation:
Summary: user1:  
  warmth: low  
  competence: high  
  explanation: User1's message is direct and corrective, focusing on adherence to guidelines and the importance of credible sources. The tone is authoritative and lacks elements of friendliness or empathy, indicating low warmth. However, the emphasis on factual accuracy and proper sourcing suggests a high level of competence in understanding and applying Wikipedia's editorial standards.",0,0,True,0.927734375
279878866.4092.4092,1,"You are an assistant trained to detect early warning signs of toxic behavior in online conversations given only the summary of the conversation. Predict whether the conversation is likely to result in a personal attack later on. Provide your answer in the format 'ATTACK: YES/NO'

Conversation:
Summary: user1:  
  warmth: low  
  competence: high  
  explanation: User1 presents their case in a straightforward manner, seeking advice and providing context. However, their approach lacks expressions of empathy or understanding towards the other editor, which may come across as less warm. Their competence is high, as they demonstrate a clear understanding of the historical context and articulate their reasoning effectively.

user2:  
  warmth: high  
  competence: high  
  explanation: User2 offers constructive feedback and agrees with user1's point about the significance of the disputed succession. They provide detailed suggestions for improvement, showing both understanding and expertise. Their response is considerate and supportive, indicating high warmth, while their detailed analysis and clear communication reflect high competence.",0,0,True,0.71875
281628836.8300.8300,1,"You are an assistant trained to detect early warning signs of toxic behavior in online conversations given only the summary of the conversation. Predict whether the conversation is likely to result in a personal attack later on. Provide your answer in the format 'ATTACK: YES/NO'

Conversation:
Summary: user1 (S_0):
  warmth: high
  competence: low
  explanation: User1's responses are brief and include an emoticon, suggesting a friendly and approachable demeanor, indicating high warmth. However, the lack of detailed or informative content suggests low competence.

user2 (S_1):
  warmth: high
  competence: low
  explanation: User2 uses humor and an expression of admiration, which conveys friendliness and approachability, indicating high warmth. The lack of substantive content or detailed information suggests low competence.

user3 (S_2):
  warmth: high
  competence: low
  explanation: User3 expresses enthusiasm and curiosity, which indicates a friendly and open attitude, suggesting high warmth. However, the playful tone and lack of concrete information imply low competence.",1,1,True,0.580078125
28436705.653.653,1,"You are an assistant trained to detect early warning signs of toxic behavior in online conversations given only the summary of the conversation. Predict whether the conversation is likely to result in a personal attack later on. Provide your answer in the format 'ATTACK: YES/NO'

Conversation:
Summary: user1:  
  warmth: high  
  competence: low  
  explanation: User1 expresses a willingness to improve the situation and acknowledges their limitations, indicating high warmth through their openness and collaborative attitude. However, they admit a lack of expertise, suggesting low competence in this specific context.  

user2:  
  warmth: N/A  
  competence: N/A  
  explanation: User2 has not participated in the conversation, so their warmth and competence cannot be assessed.",1,0,False,0.5107421875
287098797.16221.16221,1,"You are an assistant trained to detect early warning signs of toxic behavior in online conversations given only the summary of the conversation. Predict whether the conversation is likely to result in a personal attack later on. Provide your answer in the format 'ATTACK: YES/NO'

Conversation:
Summary: To accurately assess the conversation using the Stereotype Content Model, I need more context or dialogue between the participants. The provided text only includes an external link without any interaction or statements from user1 or user2. Please provide additional conversation details or dialogue for a proper analysis.",1,1,True,0.6357421875
289646513.12638.12638,1,"You are an assistant trained to detect early warning signs of toxic behavior in online conversations given only the summary of the conversation. Predict whether the conversation is likely to result in a personal attack later on. Provide your answer in the format 'ATTACK: YES/NO'

Conversation:
Summary: user1:  
  warmth: high  
  competence: high  
  explanation: User1 demonstrates high warmth by using a friendly tone and expressing a willingness to help others with their contributions. Their competence is also high, as they have created a new template and are knowledgeable enough to share it with others, indicating expertise and initiative.",0,0,True,0.96923828125
292012508.4356.4356,1,"You are an assistant trained to detect early warning signs of toxic behavior in online conversations given only the summary of the conversation. Predict whether the conversation is likely to result in a personal attack later on. Provide your answer in the format 'ATTACK: YES/NO'

Conversation:
Summary: To accurately assess the conversation using the Stereotype Content Model, I would need more context and dialogue from both participants. The provided conversation snippet is insufficient for a comprehensive analysis of warmth and competence. Please provide additional dialogue or context for a more detailed assessment.",0,0,True,0.62158203125
293766413.23161.23161,1,"You are an assistant trained to detect early warning signs of toxic behavior in online conversations given only the summary of the conversation. Predict whether the conversation is likely to result in a personal attack later on. Provide your answer in the format 'ATTACK: YES/NO'

Conversation:
Summary: user1:  
  warmth: low  
  competence: low  
  explanation: User1 exhibits low warmth by using accusatory language and showing frustration towards user2. Their competence appears low as they focus on expressing dissatisfaction without providing clear, constructive arguments or solutions.

user2:  
  warmth: high  
  competence: high  
  explanation: User2 demonstrates high warmth by calmly explaining their support for a decision and clarifying the situation. Their competence is high as they provide a reasoned response, indicating an understanding of the process and the content in question.",0,1,False,0.81640625
297534624.9845.9845,1,"You are an assistant trained to detect early warning signs of toxic behavior in online conversations given only the summary of the conversation. Predict whether the conversation is likely to result in a personal attack later on. Provide your answer in the format 'ATTACK: YES/NO'

Conversation:
Summary: user1:  
  warmth: low  
  competence: low  
  explanation: User1 expresses agreement with a negative sentiment and uses derogatory language, which suggests low warmth. The sarcastic tone and lack of constructive input imply low competence in contributing positively to the conversation.

user2:  
  warmth: high  
  competence: high  
  explanation: User2 responds with humor and self-deprecation, which indicates high warmth by diffusing tension. The ability to engage lightly and acknowledge the situation shows high competence in managing interpersonal dynamics.",1,1,True,0.92724609375
299563638.2648.2648,1,"You are an assistant trained to detect early warning signs of toxic behavior in online conversations given only the summary of the conversation. Predict whether the conversation is likely to result in a personal attack later on. Provide your answer in the format 'ATTACK: YES/NO'

Conversation:
Summary: To accurately assess the conversation using the Stereotype Content Model (SCM), I would need more dialogue between the participants. The provided text only includes a single statement from one participant, which is insufficient to evaluate both warmth and competence for multiple participants. If you can provide more of the conversation, I would be able to offer a detailed analysis.",0,0,True,0.91455078125
30066719.7788.7788,1,"You are an assistant trained to detect early warning signs of toxic behavior in online conversations given only the summary of the conversation. Predict whether the conversation is likely to result in a personal attack later on. Provide your answer in the format 'ATTACK: YES/NO'

Conversation:
Summary: user1 (S_0):
  warmth: low
  competence: low
  explanation: User1 expresses frustration and dissatisfaction, which may come across as confrontational. Their request for assistance lacks clarity and specificity, suggesting a lower level of competence in addressing the issue effectively.

user2 (S_1):
  warmth: low
  competence: high
  explanation: User2 responds with a detailed analysis of the situation, demonstrating high competence. However, their tone is critical and dismissive, indicating low warmth as they focus on pointing out user1's mistakes rather than offering supportive guidance.",0,1,False,0.9638671875
301311564.1463.1463,1,"You are an assistant trained to detect early warning signs of toxic behavior in online conversations given only the summary of the conversation. Predict whether the conversation is likely to result in a personal attack later on. Provide your answer in the format 'ATTACK: YES/NO'

Conversation:
Summary: user1:  
  warmth: low  
  competence: high  
  explanation: User1 exhibits low warmth by using accusatory language and questioning the neutrality and reliability of user2's references. However, they demonstrate high competence by articulating their argument clearly and suggesting a method (quoting references) to resolve the disagreement.

user2:  
  warmth: low  
  competence: high  
  explanation: User2 shows low warmth by dismissing user1's concerns and using confrontational language, such as ""POV warrior."" Despite this, user2 displays high competence by defending their position with confidence and emphasizing the importance of consensus and factual support for the text.",1,1,True,0.9609375
301686709.2228.2228,1,"You are an assistant trained to detect early warning signs of toxic behavior in online conversations given only the summary of the conversation. Predict whether the conversation is likely to result in a personal attack later on. Provide your answer in the format 'ATTACK: YES/NO'

Conversation:
Summary: user1:  
  warmth: high  
  competence: high  
  explanation: User1 demonstrates high warmth by expressing agreement and appreciation for user2's perspective, indicating openness and a collaborative attitude. Their competence is high as they articulate a complex issue clearly, showing understanding and insight into the nuances of the terminology and its implications within the context discussed.",0,0,True,0.85986328125
303753770.5587.5587,1,"You are an assistant trained to detect early warning signs of toxic behavior in online conversations given only the summary of the conversation. Predict whether the conversation is likely to result in a personal attack later on. Provide your answer in the format 'ATTACK: YES/NO'

Conversation:
Summary: user1:  
  warmth: low  
  competence: high  
  explanation: User1 exhibits low warmth by dismissing user2's comment as ""superfluous,"" which can be perceived as dismissive and lacking empathy. However, their competence is high as they demonstrate a clear understanding of the distinction between different types of pages and their functions.

user2:  
  warmth: low  
  competence: high  
  explanation: User2's warmth is low as they provide a direct, rule-focused response without engaging empathetically with user1. Their competence is high, as they articulate a clear understanding of procedural rules regarding category modifications.",0,1,False,0.51806640625
308547937.619.619,1,"You are an assistant trained to detect early warning signs of toxic behavior in online conversations given only the summary of the conversation. Predict whether the conversation is likely to result in a personal attack later on. Provide your answer in the format 'ATTACK: YES/NO'

Conversation:
Summary: user1:  
  warmth: low  
  competence: high  
  explanation: User1 demonstrates high competence by referencing specific guidelines and inviting discussion, indicating a clear understanding of the rules. However, their tone is defensive and somewhat confrontational, suggesting low warmth as they express frustration and a lack of openness to differing perspectives.

user2:  
  warmth: low  
  competence: low  
  explanation: User2 exhibits low warmth by dismissing user1's concerns as mere opinion and using a confrontational tone. Their competence appears low as they do not address the specific guidelines mentioned by user1, instead focusing on the aesthetic impact without providing a rule-based justification.",1,1,True,0.8818359375
309466580.6631.6630,1,"You are an assistant trained to detect early warning signs of toxic behavior in online conversations given only the summary of the conversation. Predict whether the conversation is likely to result in a personal attack later on. Provide your answer in the format 'ATTACK: YES/NO'

Conversation:
Summary: I'm unable to assess the conversation based on the provided excerpt. The conversation snippet is too brief and lacks sufficient interaction between participants to evaluate their perceived warmth and competence accurately. Please provide a more extended dialogue or additional context for a more comprehensive analysis.",0,0,True,0.67724609375
310432282.4023.4023,1,"You are an assistant trained to detect early warning signs of toxic behavior in online conversations given only the summary of the conversation. Predict whether the conversation is likely to result in a personal attack later on. Provide your answer in the format 'ATTACK: YES/NO'

Conversation:
Summary: user1:  
  warmth: low  
  competence: high  
  explanation: User1 demonstrates high competence by referencing policies and providing a clear explanation of the editorial process. However, their tone is somewhat dismissive and directive, which may be perceived as low warmth.

user2:  
  warmth: low  
  competence: low  
  explanation: User2's response lacks constructive engagement and dismisses user1's detailed explanation as a ""ramble,"" which suggests low competence in addressing the discussion. The abrupt and dismissive tone also indicates low warmth.",0,1,False,0.767578125
311369389.67443.67443,1,"You are an assistant trained to detect early warning signs of toxic behavior in online conversations given only the summary of the conversation. Predict whether the conversation is likely to result in a personal attack later on. Provide your answer in the format 'ATTACK: YES/NO'

Conversation:
Summary: To accurately assess the conversation using the Stereotype Content Model (SCM), I would need more context and dialogue between the participants. The provided text appears to be a single entry or comment, possibly from a forum or discussion page, and does not include any interaction or dialogue between multiple participants. If you can provide additional context or more entries from different participants, I'd be happy to help with the analysis.",0,0,True,0.787109375
312753928.19527.19527,1,"You are an assistant trained to detect early warning signs of toxic behavior in online conversations given only the summary of the conversation. Predict whether the conversation is likely to result in a personal attack later on. Provide your answer in the format 'ATTACK: YES/NO'

Conversation:
Summary: user1:  
  warmth: high  
  competence: high  
  explanation: User1 demonstrates high warmth by considering user2's intentions and offering to accommodate their actions. Their competence is high as they communicate clearly and respectfully about the changes made, showing an understanding of the situation.

user2:  
  warmth: low  
  competence: high  
  explanation: User2 exhibits low warmth by focusing on their personal opinion without acknowledging user1's actions or intentions. Their competence is high as they provide a reasoned assessment of the subject's notability, indicating knowledge and understanding.",0,0,True,0.66845703125
313175753.27706.27706,1,"You are an assistant trained to detect early warning signs of toxic behavior in online conversations given only the summary of the conversation. Predict whether the conversation is likely to result in a personal attack later on. Provide your answer in the format 'ATTACK: YES/NO'

Conversation:
Summary: user1:
  warmth: low
  competence: high
  explanation: User1's tone is corrective and somewhat confrontational, which suggests low warmth. However, their awareness of the thread's history and the impact of splitting it indicates a high level of competence and understanding of the situation.",0,1,False,0.5947265625
314382730.2813.2813,1,"You are an assistant trained to detect early warning signs of toxic behavior in online conversations given only the summary of the conversation. Predict whether the conversation is likely to result in a personal attack later on. Provide your answer in the format 'ATTACK: YES/NO'

Conversation:
Summary: user1:
  warmth: low
  competence: high
  explanation: User1's comments are critical and focus on pointing out perceived negative behaviors, indicating low warmth. However, their ability to articulate concerns and provide feedback suggests a high level of competence.

user2:
  warmth: low
  competence: high
  explanation: User2 defends their actions and clarifies their intentions, which demonstrates competence in communication and self-awareness. However, their defensive tone and dismissal of others' perceptions suggest low warmth.",0,1,False,0.70166015625
31668442.39478.39478,1,"You are an assistant trained to detect early warning signs of toxic behavior in online conversations given only the summary of the conversation. Predict whether the conversation is likely to result in a personal attack later on. Provide your answer in the format 'ATTACK: YES/NO'

Conversation:
Summary: user1 (S_0):
  warmth: high
  competence: high
  explanation: User1 opens the conversation with a polite greeting and a request for assistance, indicating a friendly and respectful tone. The use of ""Thanks"" suggests appreciation and acknowledgment of the other person's ability to help, which implies confidence in their competence.",0,0,True,0.9443359375
318028459.38631.38631,1,"You are an assistant trained to detect early warning signs of toxic behavior in online conversations given only the summary of the conversation. Predict whether the conversation is likely to result in a personal attack later on. Provide your answer in the format 'ATTACK: YES/NO'

Conversation:
Summary: user1:
  warmth: high
  competence: high
  explanation: User1 demonstrates high warmth by expressing gratitude and willingness to collaborate, indicating a cooperative and respectful approach. Their competence is high as they acknowledge the need for discussion and attempt to integrate different edits, showing understanding and problem-solving skills.

user2:
  warmth: low
  competence: high
  explanation: User2 exhibits low warmth through a confrontational tone and accusations, which suggest a lack of friendliness. However, their competence is high as they provide specific reasons for their actions and demonstrate a clear understanding of the content's relevance and organization.",1,1,True,0.81298828125
322161962.9817.9817,1,"You are an assistant trained to detect early warning signs of toxic behavior in online conversations given only the summary of the conversation. Predict whether the conversation is likely to result in a personal attack later on. Provide your answer in the format 'ATTACK: YES/NO'

Conversation:
Summary: user1:  
  warmth: low  
  competence: high  
  explanation: User1 demonstrates low warmth by using confrontational language, such as ""wikilawyering"" and ""causing disruption,"" which suggests a lack of friendliness or empathy. However, they display high competence by articulating their position clearly, referencing specific actions taken (writing in ANI), and using logical reasoning to support their argument about notability.",0,0,True,0.67919921875
322358989.5975.5975,1,"You are an assistant trained to detect early warning signs of toxic behavior in online conversations given only the summary of the conversation. Predict whether the conversation is likely to result in a personal attack later on. Provide your answer in the format 'ATTACK: YES/NO'

Conversation:
Summary: user1:  
  warmth: low  
  competence: high  
  explanation: User1's tone is defensive and lacks engagement, indicating low warmth. However, their awareness of being discussed and the context suggests high competence.

user2:  
  warmth: low  
  competence: high  
  explanation: User2 expresses suspicion and skepticism, which implies low warmth. Their detailed knowledge of the editing history and ability to analyze the situation suggest high competence.",1,1,True,0.64990234375
325201958.5492.5492,1,"You are an assistant trained to detect early warning signs of toxic behavior in online conversations given only the summary of the conversation. Predict whether the conversation is likely to result in a personal attack later on. Provide your answer in the format 'ATTACK: YES/NO'

Conversation:
Summary: To accurately assess the conversation using the Stereotype Content Model, I would need more context or additional dialogue to evaluate the perceived warmth and competence of each participant. The provided conversation is too brief and lacks sufficient interaction to determine these attributes. If you can provide more of the conversation, I can offer a more comprehensive analysis.",1,0,False,0.8134765625
32533846.7956.7956,1,"You are an assistant trained to detect early warning signs of toxic behavior in online conversations given only the summary of the conversation. Predict whether the conversation is likely to result in a personal attack later on. Provide your answer in the format 'ATTACK: YES/NO'

Conversation:
Summary: user1:  
  warmth: low  
  competence: low  
  explanation: User1's approach is confrontational and accusatory, lacking politeness and empathy, which suggests low warmth. Their argument does not demonstrate an understanding of the platform's norms or provide evidence, indicating low competence.

user2:  
  warmth: low  
  competence: high  
  explanation: User2 responds with criticism and a defensive tone, showing low warmth. However, they demonstrate a strong understanding of the platform's guidelines and articulate their points clearly, indicating high competence.",1,1,True,0.85791015625
329198739.25690.25690,1,"You are an assistant trained to detect early warning signs of toxic behavior in online conversations given only the summary of the conversation. Predict whether the conversation is likely to result in a personal attack later on. Provide your answer in the format 'ATTACK: YES/NO'

Conversation:
Summary: user1:  
  warmth: high  
  competence: high  
  explanation: User1 expresses curiosity and a willingness to collaborate by inviting others to contribute to the discussion. Their approach is open and inclusive, indicating high warmth. They also demonstrate competence by referencing specific details and showing an intention to research further.

user2:  
  warmth: low  
  competence: high  
  explanation: User2 provides a factual and analytical response, indicating high competence. However, their tone is dismissive and critical, particularly when labeling the information as ""meaningless,"" which suggests low warmth. They focus on clarifying misconceptions without engaging in a collaborative manner.",1,1,True,0.58154296875
330374968.13787.13789,1,"You are an assistant trained to detect early warning signs of toxic behavior in online conversations given only the summary of the conversation. Predict whether the conversation is likely to result in a personal attack later on. Provide your answer in the format 'ATTACK: YES/NO'

Conversation:
Summary: user1:
  warmth: low
  competence: high
  explanation: User1's message is direct and corrective, focusing on enforcing rules and maintaining community standards. The tone is formal and lacks personal engagement, suggesting low warmth. However, the message is clear and informative, indicating high competence in understanding and applying community guidelines.",1,0,False,0.85205078125
330980885.2806.2806,1,"You are an assistant trained to detect early warning signs of toxic behavior in online conversations given only the summary of the conversation. Predict whether the conversation is likely to result in a personal attack later on. Provide your answer in the format 'ATTACK: YES/NO'

Conversation:
Summary: To accurately assess the conversation using the Stereotype Content Model (SCM), we need to evaluate the perceived warmth and competence of each participant based on their statements.

user1:
  warmth: low
  competence: high
  explanation: User1's message is direct and lacks any expressions of friendliness or empathy, indicating low warmth. However, the request to undo an action suggests an understanding of the process and timeline, indicating high competence.

user2:
  warmth: low
  competence: high
  explanation: User2's response is brief and lacks any warmth or friendliness, suggesting low warmth. The question implies an understanding of the situation and the ability to critically assess it, indicating high competence.",0,0,True,0.8408203125
339153648.13082.13082,1,"You are an assistant trained to detect early warning signs of toxic behavior in online conversations given only the summary of the conversation. Predict whether the conversation is likely to result in a personal attack later on. Provide your answer in the format 'ATTACK: YES/NO'

Conversation:
Summary: user1:
  warmth: high
  competence: high
  explanation: User1 is open to participating in mediation and expresses willingness to consider involvement despite a busy schedule. They articulate their perspective clearly and show understanding of the situation, indicating both warmth through openness and competence through clear communication.

user2:
  warmth: high
  competence: high
  explanation: User2 initiates the mediation process and seeks confirmation of participation, demonstrating proactive engagement and consideration for user1's involvement. Their approach is collaborative and supportive, reflecting high warmth, while their ability to manage the mediation process indicates high competence.",0,0,True,0.876953125
345472052.2707.2707,1,"You are an assistant trained to detect early warning signs of toxic behavior in online conversations given only the summary of the conversation. Predict whether the conversation is likely to result in a personal attack later on. Provide your answer in the format 'ATTACK: YES/NO'

Conversation:
Summary: user1:  
  warmth: high  
  competence: low  
  explanation: User1 expresses gratitude and humor, indicating high warmth. However, their actions suggest a lack of thoroughness and understanding of the situation, leading to a lower perception of competence.

user2:  
  warmth: low  
  competence: high  
  explanation: User2 provides detailed advice and insight, demonstrating high competence. However, their tone is more critical and less empathetic, which can be perceived as low warmth.",0,0,True,0.5859375
347122190.4034.4034,1,"You are an assistant trained to detect early warning signs of toxic behavior in online conversations given only the summary of the conversation. Predict whether the conversation is likely to result in a personal attack later on. Provide your answer in the format 'ATTACK: YES/NO'

Conversation:
Summary: user1:
  warmth: high
  competence: high
  explanation: User1 demonstrates high warmth by expressing willingness to collaborate and assist others in improving the article, showing a cooperative and supportive attitude. Their competence is high, as evidenced by their detailed knowledge of sources, research skills, and commitment to enhancing the article's quality through academic references and library research.

user2:
  warmth: N/A
  competence: N/A
  explanation: The conversation provided does not include any contributions from user2, so their warmth and competence cannot be assessed.",0,0,True,0.96875
348565456.8437.8437,1,"You are an assistant trained to detect early warning signs of toxic behavior in online conversations given only the summary of the conversation. Predict whether the conversation is likely to result in a personal attack later on. Provide your answer in the format 'ATTACK: YES/NO'

Conversation:
Summary: user1:
  warmth: low
  competence: high
  explanation: User1 expresses a critical opinion about the length and relevance of quotations, suggesting they may not be covered by fair use. This indicates competence in identifying potential issues but lacks warmth due to the direct and critical nature of the comment.

user2:
  warmth: low
  competence: high
  explanation: User2 provides a detailed explanation of copyright law, demonstrating high competence in the subject. However, the use of capital letters and exclamation marks conveys a confrontational tone, which reduces perceived warmth.",1,1,True,0.9072265625
351874821.638.638,1,"You are an assistant trained to detect early warning signs of toxic behavior in online conversations given only the summary of the conversation. Predict whether the conversation is likely to result in a personal attack later on. Provide your answer in the format 'ATTACK: YES/NO'

Conversation:
Summary: user1:  
  warmth: low  
  competence: high  
  explanation: user1's repeated question suggests a confrontational tone, indicating low warmth. The directness and clarity in addressing the issue reflect high competence.  

user2:  
  warmth: N/A  
  competence: N/A  
  explanation: user2 has not participated in the conversation, so their warmth and competence cannot be assessed.",1,1,True,0.7451171875
353902707.3355.3355,1,"You are an assistant trained to detect early warning signs of toxic behavior in online conversations given only the summary of the conversation. Predict whether the conversation is likely to result in a personal attack later on. Provide your answer in the format 'ATTACK: YES/NO'

Conversation:
Summary: user1:  
  warmth: low  
  competence: high  
  explanation: User1 demonstrates high competence by providing a detailed analysis of the situation and suggesting alternatives. However, their tone appears critical and dismissive, which may be perceived as low warmth.

user2:  
  warmth: low  
  competence: high  
  explanation: User2 shows high competence by acknowledging the complexity of the issue and advocating for a nuanced approach. Their response is direct and corrective, which might come across as low warmth due to the lack of conciliatory language.",1,0,False,0.62744140625
354151987.13637.13637,1,"You are an assistant trained to detect early warning signs of toxic behavior in online conversations given only the summary of the conversation. Predict whether the conversation is likely to result in a personal attack later on. Provide your answer in the format 'ATTACK: YES/NO'

Conversation:
Summary: user1:  
  warmth: low  
  competence: high  
  explanation: User1 demonstrates low warmth by using critical language and expressing skepticism towards the article's perspective. Their competence is perceived as high due to their analytical approach and reference to widely accepted explanations, indicating a well-informed stance on the subject matter.",0,0,True,0.87890625
356860396.2753.2753,1,"You are an assistant trained to detect early warning signs of toxic behavior in online conversations given only the summary of the conversation. Predict whether the conversation is likely to result in a personal attack later on. Provide your answer in the format 'ATTACK: YES/NO'

Conversation:
Summary: user1:  
  warmth: low  
  competence: high  
  explanation: User1 exhibits low warmth by using a confrontational and sarcastic tone, suggesting a personal attack. However, they demonstrate high competence by providing detailed arguments and referencing specific rules and historical context to support their position, indicating a well-informed stance.

user2:  
  warmth: low  
  competence: low  
  explanation: User2 does not directly participate in the conversation, but the context implies they initiated a deletion nomination without sufficient justification. This suggests low warmth due to perceived insensitivity and low competence due to a lack of thorough research or understanding of the subject matter.",1,1,True,0.84814453125
358121367.12559.12559,1,"You are an assistant trained to detect early warning signs of toxic behavior in online conversations given only the summary of the conversation. Predict whether the conversation is likely to result in a personal attack later on. Provide your answer in the format 'ATTACK: YES/NO'

Conversation:
Summary: To accurately assess the conversation using the Stereotype Content Model, I would need more dialogue to evaluate the warmth and competence of each participant. The provided conversation includes only one message from a single participant, making it impossible to assess multiple participants. If you can provide more dialogue or messages from different participants, I can help with the analysis.",1,0,False,0.8955078125
361329995.5589.5589,1,"You are an assistant trained to detect early warning signs of toxic behavior in online conversations given only the summary of the conversation. Predict whether the conversation is likely to result in a personal attack later on. Provide your answer in the format 'ATTACK: YES/NO'

Conversation:
Summary: user1:  
  warmth: high  
  competence: high  
  explanation: User1 demonstrates warmth by joking and expressing gratitude, indicating a friendly and approachable demeanor. Their competence is high as they articulate a clear understanding of editing standards and seek assistance in a collaborative manner, showing awareness of the situation and respect for the other participant's choice.

user2:  
  warmth: high  
  competence: high  
  explanation: User2 shows warmth by expressing enthusiasm and promptly agreeing to help, indicating a willingness to engage positively. Their competence is high as they quickly acknowledge the request and indicate they are taking action, suggesting reliability and capability in addressing the issue.",0,0,True,0.83056640625
361918866.21087.21087,1,"You are an assistant trained to detect early warning signs of toxic behavior in online conversations given only the summary of the conversation. Predict whether the conversation is likely to result in a personal attack later on. Provide your answer in the format 'ATTACK: YES/NO'

Conversation:
Summary: user1:  
  warmth: high  
  competence: high  
  explanation: User1's message is polite and includes a courteous ""Merci,"" indicating a friendly and respectful tone, which suggests high warmth. The question is specific and technical, indicating a good understanding of the topic and a desire for detailed information, suggesting high competence.",0,0,True,0.95751953125
362471029.22788.22788,1,"You are an assistant trained to detect early warning signs of toxic behavior in online conversations given only the summary of the conversation. Predict whether the conversation is likely to result in a personal attack later on. Provide your answer in the format 'ATTACK: YES/NO'

Conversation:
Summary: user1:  
  warmth: low  
  competence: high  
  explanation: User1 exhibits low warmth by using a confrontational tone and implying potential consequences for user2's actions. However, they demonstrate high competence by referencing specific policies and expressing a clear understanding of Wikipedia's guidelines.

user2:  
  warmth: low  
  competence: low  
  explanation: User2's response lacks warmth as it dismisses user1's concerns without addressing them directly. Their competence is perceived as low because they do not provide evidence or a substantial argument to counter user1's claims, instead offering a vague and non-committal reply.",1,1,True,0.83544921875
36439774.4159.4159,1,"You are an assistant trained to detect early warning signs of toxic behavior in online conversations given only the summary of the conversation. Predict whether the conversation is likely to result in a personal attack later on. Provide your answer in the format 'ATTACK: YES/NO'

Conversation:
Summary: user1:  
  warmth: high  
  competence: high  
  explanation: User1 demonstrates high warmth by expressing a willingness to communicate openly and transparently about the situation. They also show high competence by clarifying their actions and understanding the importance of monitoring for responses, indicating a responsible and proactive approach.",0,0,True,0.86572265625
369868547.5786.5786,1,"You are an assistant trained to detect early warning signs of toxic behavior in online conversations given only the summary of the conversation. Predict whether the conversation is likely to result in a personal attack later on. Provide your answer in the format 'ATTACK: YES/NO'

Conversation:
Summary: user1:  
  warmth: low  
  competence: high  
  explanation: User1's tone is dismissive and critical, indicating low warmth. However, their argument shows an understanding of the situation, suggesting high competence.

user2:  
  warmth: not applicable  
  competence: not applicable  
  explanation: User2 did not participate in the conversation, so their warmth and competence cannot be assessed.",1,1,True,0.5126953125
37024991.30391.30391,1,"You are an assistant trained to detect early warning signs of toxic behavior in online conversations given only the summary of the conversation. Predict whether the conversation is likely to result in a personal attack later on. Provide your answer in the format 'ATTACK: YES/NO'

Conversation:
Summary: user1:  
  warmth: low  
  competence: high  
  explanation: User1 demonstrates high competence by acknowledging the policy and providing a detailed timeline of events. However, their tone is somewhat critical and sarcastic, indicating low warmth. They emphasize their own adherence to the policy while subtly criticizing user2's actions.

user2:  
  warmth: low  
  competence: high  
  explanation: User2 shows high competence by explaining their reasoning and understanding of the policy. However, their tone is defensive and accusatory, suggesting low warmth. They focus on justifying their actions and critiquing user1's approach, which may come across as confrontational.",0,1,False,0.8525390625
373117697.22244.22244,1,"You are an assistant trained to detect early warning signs of toxic behavior in online conversations given only the summary of the conversation. Predict whether the conversation is likely to result in a personal attack later on. Provide your answer in the format 'ATTACK: YES/NO'

Conversation:
Summary: user1 (S_0):
  warmth: high
  competence: low
  explanation: User1 expresses empathy and a desire for resolution, indicating high warmth. However, their comments suggest a lack of understanding or engagement with the procedural aspects, reflecting low competence.

user2 (S_1):
  warmth: low
  competence: high
  explanation: User2 provides a factual and procedural explanation, showing high competence. Their response is straightforward and lacks emotional engagement, indicating low warmth.

user3 (S_2):
  warmth: low
  competence: low
  explanation: User3's comment is brief and lacks substantive content, showing low competence. The tone is somewhat dismissive or sarcastic, suggesting low warmth.",1,1,True,0.501953125
381107546.10031.10031,1,"You are an assistant trained to detect early warning signs of toxic behavior in online conversations given only the summary of the conversation. Predict whether the conversation is likely to result in a personal attack later on. Provide your answer in the format 'ATTACK: YES/NO'

Conversation:
Summary: user1:  
  warmth: high  
  competence: high  
  explanation: User1 demonstrates warmth by expressing openness to feedback and valuing others' perspectives. Their competence is evident in their thoughtful approach to balancing complex aspects of their work and their awareness of potential biases. They seek constructive criticism, indicating a commitment to quality and improvement.

user2:  
  warmth: high  
  competence: low  
  explanation: User2 shows warmth by expressing a willingness to help, even if they cannot do so immediately. However, their competence is perceived as low due to the lack of specific engagement or detailed input in the conversation, which limits the assessment of their expertise or contribution.",0,0,True,0.865234375
387118463.11252.11252,1,"You are an assistant trained to detect early warning signs of toxic behavior in online conversations given only the summary of the conversation. Predict whether the conversation is likely to result in a personal attack later on. Provide your answer in the format 'ATTACK: YES/NO'

Conversation:
Summary: user1:  
  warmth: low  
  competence: high  
  explanation: User1 communicates in a directive manner, emphasizing rules and guidelines, which may come across as less warm. However, their reference to specific guidelines and insistence on proper sourcing indicates a high level of competence.

user2:  
  warmth: low  
  competence: moderate  
  explanation: User2's response is assertive and dismissive of the need for references, suggesting lower warmth. Their argument about longstanding practices shows some understanding but lacks the depth of detail that would indicate high competence.",0,1,False,0.61865234375
387467757.4580.4580,1,"You are an assistant trained to detect early warning signs of toxic behavior in online conversations given only the summary of the conversation. Predict whether the conversation is likely to result in a personal attack later on. Provide your answer in the format 'ATTACK: YES/NO'

Conversation:
Summary: user1:  
  warmth: low  
  competence: high  
  explanation: User1's message indicates awareness of potential mischaracterizations and offers a friendly sign-off, suggesting competence in understanding the situation but low warmth due to the implication of being mean.

user2:  
  warmth: low  
  competence: high  
  explanation: User2 expresses confidence in handling disruptive behavior, indicating high competence. However, the dismissive tone and willingness to be at the top of a negative list suggest low warmth.",0,1,False,0.91650390625
388723036.6709.6709,1,"You are an assistant trained to detect early warning signs of toxic behavior in online conversations given only the summary of the conversation. Predict whether the conversation is likely to result in a personal attack later on. Provide your answer in the format 'ATTACK: YES/NO'

Conversation:
Summary: user1:  
  warmth: low  
  competence: low  
  explanation: User1 exhibits low warmth due to confrontational language and dismissive attitude towards others. Their competence is perceived as low because they do not engage constructively with the feedback or guidelines provided, and instead, they continue to justify their actions without seeking consensus.

user2:  
  warmth: low  
  competence: high  
  explanation: User2 demonstrates low warmth by issuing stern warnings and threats of blocking, which can be perceived as aggressive. However, their competence is high as they clearly articulate Wikipedia's policies and procedures, providing detailed guidance on how to resolve disputes and adhere to community standards.",1,1,True,0.88916015625
391301995.3559.3559,1,"You are an assistant trained to detect early warning signs of toxic behavior in online conversations given only the summary of the conversation. Predict whether the conversation is likely to result in a personal attack later on. Provide your answer in the format 'ATTACK: YES/NO'

Conversation:
Summary: user1:
  warmth: low
  competence: low
  explanation: The participant exhibits frustration and defensiveness, which suggests low warmth. Their inability to understand the situation and resolve the issue indicates low competence. The repeated questioning and exclamation marks further emphasize an emotional response rather than a logical one.",0,1,False,0.83984375
392587742.8725.8725,1,"You are an assistant trained to detect early warning signs of toxic behavior in online conversations given only the summary of the conversation. Predict whether the conversation is likely to result in a personal attack later on. Provide your answer in the format 'ATTACK: YES/NO'

Conversation:
Summary: user1:  
  warmth: low  
  competence: high  
  explanation: User1 demonstrates low warmth through a confrontational tone and authoritative language, indicating a lack of friendliness or empathy. However, they exhibit high competence by referencing specific sanctions and procedures, suggesting a strong understanding of the context and rules involved.

user2:  
  warmth: low  
  competence: high  
  explanation: User2 also displays low warmth, responding defensively and with assertiveness, which suggests a lack of approachability. Their competence is high, as they confidently assert their right to comment on the matter, indicating familiarity with the procedural aspects of the discussion.",1,1,True,0.88525390625
397617990.24120.24120,1,"You are an assistant trained to detect early warning signs of toxic behavior in online conversations given only the summary of the conversation. Predict whether the conversation is likely to result in a personal attack later on. Provide your answer in the format 'ATTACK: YES/NO'

Conversation:
Summary: user1:
  warmth: low
  competence: high
  explanation: User1's message is direct and focuses on procedural correctness, indicating high competence in handling the situation. However, the tone is formal and lacks empathy or understanding towards the other party, suggesting low warmth. The emphasis is on rule enforcement and resolution rather than collaboration or support.",0,0,True,0.78759765625
39762815.7136.7136,1,"You are an assistant trained to detect early warning signs of toxic behavior in online conversations given only the summary of the conversation. Predict whether the conversation is likely to result in a personal attack later on. Provide your answer in the format 'ATTACK: YES/NO'

Conversation:
Summary: user1:  
  warmth: high  
  competence: high  
  explanation: User1 expresses gratitude and relief, indicating appreciation and positive regard towards user2, suggesting high warmth. Their ability to articulate their experience and request effectively demonstrates high competence.

user2:  
  warmth: high  
  competence: high  
  explanation: User2 responds courteously and explains their decision-making process, showing understanding and consideration, which reflects high warmth. Their prompt action and rationale for blocking the account indicate high competence.",0,0,True,0.88330078125
398180736.17822.17822,1,"You are an assistant trained to detect early warning signs of toxic behavior in online conversations given only the summary of the conversation. Predict whether the conversation is likely to result in a personal attack later on. Provide your answer in the format 'ATTACK: YES/NO'

Conversation:
Summary: user1:
  warmth: low
  competence: high
  explanation: User1 demonstrates low warmth by using confrontational language and implying wrongdoing by others. However, they show high competence by referencing specific guidelines and procedures, indicating a good understanding of the rules and the ongoing process.

user2:
  warmth: high
  competence: high
  explanation: User2 is not present in the conversation, so no direct assessment can be made. However, the context suggests user2 is involved in a procedural discussion, implying competence. The absence of direct hostility suggests a neutral to positive warmth perception.",0,0,True,0.83642578125
402923552.6468.6468,1,"You are an assistant trained to detect early warning signs of toxic behavior in online conversations given only the summary of the conversation. Predict whether the conversation is likely to result in a personal attack later on. Provide your answer in the format 'ATTACK: YES/NO'

Conversation:
Summary: I'm unable to assess the conversation for warmth and competence as it is too brief and lacks sufficient context. Please provide a more extended conversation for a comprehensive analysis.",1,1,True,0.533203125
403934639.4869.4869,1,"You are an assistant trained to detect early warning signs of toxic behavior in online conversations given only the summary of the conversation. Predict whether the conversation is likely to result in a personal attack later on. Provide your answer in the format 'ATTACK: YES/NO'

Conversation:
Summary: user1:  
  warmth: low  
  competence: low  
  explanation: User1's message lacks warmth due to the accusatory tone and the assumption of negative intent. The competence is perceived as low because the user jumps to conclusions without understanding the situation fully.

user2:  
  warmth: high  
  competence: high  
  explanation: User2 maintains a calm and polite tone, asking for good faith and explaining their actions, which demonstrates high warmth. Their ability to clarify the situation and address the misunderstanding reflects high competence.",0,1,False,0.67431640625
404574647.5587.5587,1,"You are an assistant trained to detect early warning signs of toxic behavior in online conversations given only the summary of the conversation. Predict whether the conversation is likely to result in a personal attack later on. Provide your answer in the format 'ATTACK: YES/NO'

Conversation:
Summary: user1:
  warmth: low
  competence: low
  explanation: User1's response is dismissive and sarcastic, indicating low warmth. The lack of engagement or constructive input suggests low competence in contributing positively to the conversation.

user2:
  warmth: low
  competence: low
  explanation: User2's response is sarcastic and confrontational, indicating low warmth. The use of sarcasm without providing meaningful content or solutions suggests low competence in effectively addressing the situation.",1,1,True,0.9638671875
40664748.9130.9130,1,"You are an assistant trained to detect early warning signs of toxic behavior in online conversations given only the summary of the conversation. Predict whether the conversation is likely to result in a personal attack later on. Provide your answer in the format 'ATTACK: YES/NO'

Conversation:
Summary: user1:
  warmth: low
  competence: high
  explanation: User1's comment is direct and critical, indicating low warmth. However, the suggestion to avoid hasty actions implies a level of understanding and insight, suggesting high competence.

user2:
  warmth: low
  competence: high
  explanation: User2's response is corrective and somewhat dismissive, showing low warmth. The detailed explanation of the confusion and reference to specific content indicates a high level of competence.",1,0,False,0.6591796875
40728298.3651.3651,1,"You are an assistant trained to detect early warning signs of toxic behavior in online conversations given only the summary of the conversation. Predict whether the conversation is likely to result in a personal attack later on. Provide your answer in the format 'ATTACK: YES/NO'

Conversation:
Summary: user1:
  warmth: low
  competence: high
  explanation: User1 provides factual information about the release date, indicating competence. However, the tone is abrupt and lacks friendliness, suggesting low warmth.

user2:
  warmth: low
  competence: low
  explanation: User2's response is somewhat accusatory and lacks friendliness, indicating low warmth. The comment about the userbox deletion is vague and does not demonstrate clear competence in the conversation.",1,1,True,0.88232421875
408841323.14323.14323,1,"You are an assistant trained to detect early warning signs of toxic behavior in online conversations given only the summary of the conversation. Predict whether the conversation is likely to result in a personal attack later on. Provide your answer in the format 'ATTACK: YES/NO'

Conversation:
Summary: user1:  
  warmth: low  
  competence: low  
  explanation: User1 presents information without providing any source or context, which can be perceived as lacking credibility. The statement is made without engaging or acknowledging the other participant, suggesting low warmth.

user2:  
  warmth: low  
  competence: high  
  explanation: User2 directly questions the validity of the information, indicating a focus on accuracy and reliability, which suggests high competence. However, the abruptness of the question without any pleasantries or engagement can be perceived as low warmth.",1,0,False,0.52197265625
410100893.27892.27892,1,"You are an assistant trained to detect early warning signs of toxic behavior in online conversations given only the summary of the conversation. Predict whether the conversation is likely to result in a personal attack later on. Provide your answer in the format 'ATTACK: YES/NO'

Conversation:
Summary: user1:  
  warmth: low  
  competence: high  
  explanation: User1's message is direct and lacks emotional expression, indicating low warmth. However, they articulate their confusion clearly and reference specific details, suggesting high competence.

user2:  
  warmth: N/A  
  competence: N/A  
  explanation: User2 has not participated in the conversation, so their warmth and competence cannot be assessed.",0,1,False,0.529296875
412051831.14178.14178,1,"You are an assistant trained to detect early warning signs of toxic behavior in online conversations given only the summary of the conversation. Predict whether the conversation is likely to result in a personal attack later on. Provide your answer in the format 'ATTACK: YES/NO'

Conversation:
Summary: user1:
  warmth: low
  competence: high
  explanation: User1 expresses frustration and demands an explanation, indicating a low level of warmth. However, they also mention their hard work and identify themselves as the creator, suggesting a high level of competence in their subject area.

user2:
  warmth: low
  competence: high
  explanation: User2 provides a factual and procedural response, which lacks empathy or personal engagement, indicating low warmth. Their explanation of the deletion policy reflects a high level of competence and understanding of the guidelines.",1,1,True,0.56494140625
415390820.2426.2426,1,"You are an assistant trained to detect early warning signs of toxic behavior in online conversations given only the summary of the conversation. Predict whether the conversation is likely to result in a personal attack later on. Provide your answer in the format 'ATTACK: YES/NO'

Conversation:
Summary: user1:  
  warmth: low  
  competence: high  
  explanation: User1 demonstrates high competence by providing a detailed explanation of the technical aspects of template usage in ship articles. However, the tone is more focused on the technical critique rather than engaging with others or expressing empathy, which may be perceived as low warmth.",0,0,True,0.7978515625
415517479.9657.9657,1,"You are an assistant trained to detect early warning signs of toxic behavior in online conversations given only the summary of the conversation. Predict whether the conversation is likely to result in a personal attack later on. Provide your answer in the format 'ATTACK: YES/NO'

Conversation:
Summary: user1:
  warmth: low
  competence: high
  explanation: User1 expresses frustration and a strong desire for collaboration, indicating competence in addressing the issue. However, the tone suggests impatience and a lack of empathy, which lowers perceived warmth.

user2:
  warmth: high
  competence: high
  explanation: User2 agrees with User1 and offers a constructive suggestion, demonstrating competence. The agreement and request for clarification are polite and collaborative, indicating high warmth.",0,1,False,0.67822265625
416253247.1328.1328,1,"You are an assistant trained to detect early warning signs of toxic behavior in online conversations given only the summary of the conversation. Predict whether the conversation is likely to result in a personal attack later on. Provide your answer in the format 'ATTACK: YES/NO'

Conversation:
Summary: user1:  
  warmth: low  
  competence: high  
  explanation: User1 demonstrates low warmth by using confrontational and dismissive language, indicating a lack of friendliness. However, their structured and assertive communication suggests high competence.

user2:  
  warmth: low  
  competence: low  
  explanation: User2's response appears mocking and lacks coherence, which suggests low warmth due to the sarcastic tone and low competence due to the unclear and unconstructive nature of the message.",1,1,True,0.69287109375
416510636.2319.2319,1,"You are an assistant trained to detect early warning signs of toxic behavior in online conversations given only the summary of the conversation. Predict whether the conversation is likely to result in a personal attack later on. Provide your answer in the format 'ATTACK: YES/NO'

Conversation:
Summary: user1:
  warmth: low
  competence: high
  explanation: The participant demonstrates high competence by providing detailed suggestions for improving the article and showing familiarity with the subject. However, their tone is critical and lacks expressions of empathy or understanding towards the article's current state, which suggests low warmth.",0,0,True,0.91259765625
417116949.1754.1754,1,"You are an assistant trained to detect early warning signs of toxic behavior in online conversations given only the summary of the conversation. Predict whether the conversation is likely to result in a personal attack later on. Provide your answer in the format 'ATTACK: YES/NO'

Conversation:
Summary: user1:  
  warmth: low  
  competence: high  
  explanation: User1's statement is direct and lacks any expressions of empathy or friendliness, indicating low warmth. However, the comment reflects an understanding of the situation and potential consequences, suggesting high competence.  

user2:  
  warmth: N/A  
  competence: N/A  
  explanation: User2 does not have any contributions in the provided conversation, so their warmth and competence cannot be assessed.",1,0,False,0.66845703125
418047684.4516.4516,1,"You are an assistant trained to detect early warning signs of toxic behavior in online conversations given only the summary of the conversation. Predict whether the conversation is likely to result in a personal attack later on. Provide your answer in the format 'ATTACK: YES/NO'

Conversation:
Summary: user1:  
  warmth: high  
  competence: high  
  explanation: User1 demonstrates high warmth by offering a cookie and expressing a friendly gesture, indicating a desire to spread positivity. Their competence is high as they effectively use humor and a metaphorical gesture to convey goodwill and encourage reconciliation or friendship.  

user2:  
  warmth: N/A  
  competence: N/A  
  explanation: User2 does not participate in the conversation, so their warmth and competence cannot be assessed.",0,0,True,0.8828125
418228870.33502.33502,1,"You are an assistant trained to detect early warning signs of toxic behavior in online conversations given only the summary of the conversation. Predict whether the conversation is likely to result in a personal attack later on. Provide your answer in the format 'ATTACK: YES/NO'

Conversation:
Summary: To provide an analysis using the Stereotype Content Model (SCM), I need more information from the conversation. Please provide additional dialogue or context so I can assess the perceived warmth and competence of each participant.",0,0,True,0.9345703125
42408487.4549.4549,1,"You are an assistant trained to detect early warning signs of toxic behavior in online conversations given only the summary of the conversation. Predict whether the conversation is likely to result in a personal attack later on. Provide your answer in the format 'ATTACK: YES/NO'

Conversation:
Summary: user1:  
  warmth: low  
  competence: high  
  explanation: User1 demonstrates low warmth by expressing anger and labeling another person as a vandal, which suggests hostility. However, they show high competence by actively engaging in the debate, creating a userbox, and contributing to the discussion with a strategic approach, indicating a proactive and capable demeanor.",0,1,False,0.7548828125
424235921.194.194,1,"You are an assistant trained to detect early warning signs of toxic behavior in online conversations given only the summary of the conversation. Predict whether the conversation is likely to result in a personal attack later on. Provide your answer in the format 'ATTACK: YES/NO'

Conversation:
Summary: user1:
  warmth: low
  competence: high
  explanation: User1 demonstrates low warmth by using authoritative and admonishing language, which can come across as confrontational. However, their competence is high as they clearly articulate Wikipedia's policies and the consequences of violating them, indicating a strong understanding of the platform's rules and procedures.",0,1,False,0.62939453125
424609838.21311.21311,1,"You are an assistant trained to detect early warning signs of toxic behavior in online conversations given only the summary of the conversation. Predict whether the conversation is likely to result in a personal attack later on. Provide your answer in the format 'ATTACK: YES/NO'

Conversation:
Summary: To accurately assess the conversation using the Stereotype Content Model (SCM), we would need more information and context from the conversation. However, based on the single message provided, here is a preliminary analysis:

user1:
  warmth: low
  competence: high
  explanation: User1's comment suggests a critical tone towards the ""Bey-fans,"" indicating low warmth. However, the mention of a specific project and review process implies familiarity and understanding of the context, suggesting high competence.

user2:
  warmth: N/A
  competence: N/A
  explanation: There is no input from user2 in the provided conversation, so it's not possible to assess their warmth or competence.",0,0,True,0.93017578125
427391587.7585.7585,1,"You are an assistant trained to detect early warning signs of toxic behavior in online conversations given only the summary of the conversation. Predict whether the conversation is likely to result in a personal attack later on. Provide your answer in the format 'ATTACK: YES/NO'

Conversation:
Summary: user1:  
  warmth: high  
  competence: high  
  explanation: User1 provides helpful information in a friendly manner, aiming to assist user2 in understanding a specific process better. This indicates both warmth, through their supportive tone, and competence, as they clearly explain the procedural details.

user2:  
  warmth: high  
  competence: high  
  explanation: User2 responds appreciatively and acknowledges the advice, indicating openness and friendliness. They also demonstrate competence by discussing their understanding of the process and expressing a willingness to learn more, which shows a thoughtful and informed approach.",1,0,False,0.8203125
42886546.2278.2278,1,"You are an assistant trained to detect early warning signs of toxic behavior in online conversations given only the summary of the conversation. Predict whether the conversation is likely to result in a personal attack later on. Provide your answer in the format 'ATTACK: YES/NO'

Conversation:
Summary: user1:  
  warmth: low  
  competence: high  
  explanation: User1 demonstrates high competence by systematically addressing the issue with a structured plan involving RfC and ArbCom. However, their tone is formal and lacks empathy, suggesting low warmth.

user2:  
  warmth: low  
  competence: low  
  explanation: User2's response is dismissive and accusatory without providing constructive input or evidence of understanding the process, indicating low warmth and competence.",1,1,True,0.7353515625
429622072.10348.10348,1,"You are an assistant trained to detect early warning signs of toxic behavior in online conversations given only the summary of the conversation. Predict whether the conversation is likely to result in a personal attack later on. Provide your answer in the format 'ATTACK: YES/NO'

Conversation:
Summary: user1:  
  warmth: low  
  competence: high  
  explanation: User1 demonstrates competence by referencing previous explanations and showing willingness to discuss and compromise. However, their tone is condescending and dismissive, which reduces perceived warmth.

user2:  
  warmth: low  
  competence: low  
  explanation: User2's repeated complaints and lack of constructive dialogue suggest low competence in resolving the issue. Their sarcastic and accusatory tone further diminishes perceived warmth, as they focus on personal grievances rather than collaborative problem-solving.",1,1,True,0.703125
434004839.10274.10274,1,"You are an assistant trained to detect early warning signs of toxic behavior in online conversations given only the summary of the conversation. Predict whether the conversation is likely to result in a personal attack later on. Provide your answer in the format 'ATTACK: YES/NO'

Conversation:
Summary: user1:
  warmth: high
  competence: low
  explanation: User1's request is polite and expresses gratitude, indicating high warmth. However, the message contains grammatical errors and lacks clarity, suggesting lower competence.

user2:
  warmth: low
  competence: high
  explanation: User2's response is direct and lacks any polite language or empathy, indicating low warmth. The message is clear and demonstrates an understanding of the reporting process, suggesting high competence.",0,0,True,0.6923828125
434152471.2157.2157,1,"You are an assistant trained to detect early warning signs of toxic behavior in online conversations given only the summary of the conversation. Predict whether the conversation is likely to result in a personal attack later on. Provide your answer in the format 'ATTACK: YES/NO'

Conversation:
Summary: user1:
  warmth: low
  competence: high
  explanation: User1 maintains a formal tone and directs user2 to appropriate actions, indicating a structured and knowledgeable approach. However, the lack of personal engagement or empathy suggests low warmth.

user2:
  warmth: low
  competence: high
  explanation: User2 provides a detailed explanation of list criteria and expresses frustration over the perceived disruption, indicating competence. The direct and critical tone, however, reflects low warmth.",0,1,False,0.533203125
436369509.11559.11559,1,"You are an assistant trained to detect early warning signs of toxic behavior in online conversations given only the summary of the conversation. Predict whether the conversation is likely to result in a personal attack later on. Provide your answer in the format 'ATTACK: YES/NO'

Conversation:
Summary: user1:  
  warmth: high  
  competence: high  
  explanation: User1 engages in a friendly and informative manner, showing a willingness to share information and update others on the situation. Their mention of checking media reports indicates diligence and a proactive approach, suggesting competence.

user2:  
  warmth: low  
  competence: low  
  explanation: User2 does not actively participate in the conversation, as there is no direct contribution or response from them. This lack of engagement results in a perception of low warmth and competence.",0,0,True,0.96484375
436681885.12132.12132,1,"You are an assistant trained to detect early warning signs of toxic behavior in online conversations given only the summary of the conversation. Predict whether the conversation is likely to result in a personal attack later on. Provide your answer in the format 'ATTACK: YES/NO'

Conversation:
Summary: user1:  
  warmth: low  
  competence: high  
  explanation: User1 maintains a formal and directive tone, focusing on adherence to established consensus and procedures, which may come across as lacking warmth. Their references to specific processes and past discussions indicate a high level of competence and understanding of the procedural aspects.

user2:  
  warmth: low  
  competence: high  
  explanation: User2 responds with a firm and challenging tone, questioning the validity and enforcement of the consensus, which may be perceived as low in warmth. Their insistence on a transparent process and stakeholder involvement demonstrates high competence in understanding collaborative decision-making.",0,1,False,0.60302734375
437269947.14688.14688,1,"You are an assistant trained to detect early warning signs of toxic behavior in online conversations given only the summary of the conversation. Predict whether the conversation is likely to result in a personal attack later on. Provide your answer in the format 'ATTACK: YES/NO'

Conversation:
Summary: user1:  
  warmth: low  
  competence: high  
  explanation: User1's approach is direct and confrontational, indicating low warmth. However, their inquiry about the reversion suggests they are knowledgeable about the context, reflecting high competence.

user2:  
  warmth: low  
  competence: high  
  explanation: User2 responds defensively and with a threat, indicating low warmth. Their mention of ANI (Administrators' Noticeboard for Incidents) suggests familiarity with Wikipedia's processes, indicating high competence.",1,1,True,0.556640625
439500359.22353.22353,1,"You are an assistant trained to detect early warning signs of toxic behavior in online conversations given only the summary of the conversation. Predict whether the conversation is likely to result in a personal attack later on. Provide your answer in the format 'ATTACK: YES/NO'

Conversation:
Summary: user1:  
  warmth: high  
  competence: high  
  explanation: User1 demonstrates high warmth by politely addressing user2 and expressing appreciation for their input. Their competence is high as they identify specific issues with the changes and seek collaboration to resolve them, indicating a good understanding of the topic.

user2:  
  warmth: low  
  competence: high  
  explanation: User2's warmth is low due to the lack of polite engagement or acknowledgment of user1's concerns. However, their competence is high as they confidently assert their perspective on the changes, suggesting knowledge and involvement in the subject matter.",1,1,True,0.6787109375
442499415.33980.33980,1,"You are an assistant trained to detect early warning signs of toxic behavior in online conversations given only the summary of the conversation. Predict whether the conversation is likely to result in a personal attack later on. Provide your answer in the format 'ATTACK: YES/NO'

Conversation:
Summary: user1:
  warmth: low
  competence: high
  explanation: User1's tone is direct and assertive, focusing on the removal of content without inviting much discussion, which suggests low warmth. However, their clear understanding of the situation and decisive action indicate high competence.",0,1,False,0.5634765625
442605009.10054.10054,1,"You are an assistant trained to detect early warning signs of toxic behavior in online conversations given only the summary of the conversation. Predict whether the conversation is likely to result in a personal attack later on. Provide your answer in the format 'ATTACK: YES/NO'

Conversation:
Summary: To provide an accurate analysis using the Stereotype Content Model (SCM), I would need a more complete conversation with at least two participants. The SCM assesses perceived warmth and competence based on the interaction between individuals. If you can provide a conversation with more context and interactions, I can then evaluate each participant's warmth and competence.",1,0,False,0.99560546875
446113574.2300.2300,1,"You are an assistant trained to detect early warning signs of toxic behavior in online conversations given only the summary of the conversation. Predict whether the conversation is likely to result in a personal attack later on. Provide your answer in the format 'ATTACK: YES/NO'

Conversation:
Summary: To provide an accurate assessment using the Stereotype Content Model (SCM), I need more information from the conversation, specifically interactions between multiple participants. The current input only includes a single statement from one participant (S_0), which is insufficient to evaluate multiple participants as requested. If you have additional parts of the conversation or interactions involving another participant, please provide them for a complete analysis.",0,0,True,0.853515625
44828642.35766.35766,1,"You are an assistant trained to detect early warning signs of toxic behavior in online conversations given only the summary of the conversation. Predict whether the conversation is likely to result in a personal attack later on. Provide your answer in the format 'ATTACK: YES/NO'

Conversation:
Summary: user1:  
  warmth: low  
  competence: high  
  explanation: User1 demonstrates low warmth by using accusatory language and labeling the behavior as disruptive. However, they show high competence by identifying specific actions and providing a clear rationale for their concern.

user2:  
  warmth: low  
  competence: high  
  explanation: User2 exhibits low warmth by defending their actions without acknowledging user1's concerns. They display high competence by explaining their consistent stance and reasoning behind their actions.",1,1,True,0.92333984375
448383763.2727.3090,1,"You are an assistant trained to detect early warning signs of toxic behavior in online conversations given only the summary of the conversation. Predict whether the conversation is likely to result in a personal attack later on. Provide your answer in the format 'ATTACK: YES/NO'

Conversation:
Summary: user1:
  warmth: high
  competence: low
  explanation: User1 expresses a preference in a straightforward manner, suggesting openness and friendliness. However, their understanding of the process appears limited, as they suggest voting, which is not the correct procedure in this context.

user2:
  warmth: low
  competence: high
  explanation: User2 provides a corrective response, indicating a strong understanding of the process and rules. However, the tone is somewhat dismissive and corrective, which may come across as less warm or approachable.",1,0,False,0.55078125
45234304.62193.62193,1,"You are an assistant trained to detect early warning signs of toxic behavior in online conversations given only the summary of the conversation. Predict whether the conversation is likely to result in a personal attack later on. Provide your answer in the format 'ATTACK: YES/NO'

Conversation:
Summary: user1:  
  warmth: low  
  competence: high  
  explanation: User1 exhibits low warmth due to the confrontational and accusatory tone, suggesting a lack of friendliness or empathy. However, their competence is perceived as high, as they provide detailed historical information and references to support their argument, indicating knowledge and understanding of the subject matter.",0,0,True,0.640625
455107185.1831.1831,1,"You are an assistant trained to detect early warning signs of toxic behavior in online conversations given only the summary of the conversation. Predict whether the conversation is likely to result in a personal attack later on. Provide your answer in the format 'ATTACK: YES/NO'

Conversation:
Summary: user1:  
  warmth: low  
  competence: high  
  explanation: User1 exhibits low warmth by issuing a stern warning and implying distrust towards user2's actions. However, their competence is high as they provide clear instructions and reasoning about archiving instead of deleting content, demonstrating knowledge of procedures.

user2:  
  warmth: low  
  competence: high  
  explanation: User2 displays low warmth by responding defensively and dismissing user1's concerns. Their competence is high, as they articulate their understanding of the system's transparency and assert their autonomy over managing their talk page.",1,1,True,0.974609375
461904274.1143.1143,1,"You are an assistant trained to detect early warning signs of toxic behavior in online conversations given only the summary of the conversation. Predict whether the conversation is likely to result in a personal attack later on. Provide your answer in the format 'ATTACK: YES/NO'

Conversation:
Summary: user1:  
  warmth: low  
  competence: high  
  explanation: User1 demonstrates high competence by providing detailed explanations and examples to support their points. However, their warmth is perceived as low due to the dismissive tone and lack of engagement with user2's perspective, especially evident in the terse response to user2's question.

user2:  
  warmth: low  
  competence: high  
  explanation: User2 shows high competence by questioning inconsistencies and providing examples to support their argument. However, their warmth is low, as they express frustration and challenge user1's explanations without acknowledging their points, leading to a confrontational tone.",1,1,True,0.64990234375
464687691.6611.6611,1,"You are an assistant trained to detect early warning signs of toxic behavior in online conversations given only the summary of the conversation. Predict whether the conversation is likely to result in a personal attack later on. Provide your answer in the format 'ATTACK: YES/NO'

Conversation:
Summary: user1:  
  warmth: low  
  competence: high  
  explanation: User1's message is formal and rule-focused, emphasizing adherence to guidelines and potential consequences. The tone lacks personal engagement, suggesting low warmth. However, the detailed explanation of rules and procedures indicates high competence.

user2:  
  warmth: low  
  competence: high  
  explanation: User2's message is brief and factual, notifying user1 of a procedural development. The lack of personal engagement or empathy suggests low warmth. The clarity and directness in communicating the procedural step indicate high competence.",0,0,True,0.90185546875
465151872.2417.2417,1,"You are an assistant trained to detect early warning signs of toxic behavior in online conversations given only the summary of the conversation. Predict whether the conversation is likely to result in a personal attack later on. Provide your answer in the format 'ATTACK: YES/NO'

Conversation:
Summary: user1:  
  warmth: low  
  competence: low  
  explanation: User1 questions the name without providing evidence or context, which may come across as uninformed and lacking in warmth due to the abrupt nature of the question.

user2:  
  warmth: low  
  competence: high  
  explanation: User2 provides specific evidence to support their point, indicating high competence. However, the response is direct and dismissive, suggesting low warmth in their communication style.",1,1,True,0.796875
470030038.137.137,1,"You are an assistant trained to detect early warning signs of toxic behavior in online conversations given only the summary of the conversation. Predict whether the conversation is likely to result in a personal attack later on. Provide your answer in the format 'ATTACK: YES/NO'

Conversation:
Summary: user1:  
  warmth: low  
  competence: high  
  explanation: User1's tone is defensive and confrontational, indicating low warmth. However, they articulate their actions and intentions clearly, suggesting a high level of competence in managing their talk page and interactions with newcomers.

user2:  
  warmth: not applicable  
  competence: not applicable  
  explanation: User2 does not have any dialogue in the provided conversation, so their warmth and competence cannot be assessed.",0,0,True,0.693359375
47740281.487.487,1,"You are an assistant trained to detect early warning signs of toxic behavior in online conversations given only the summary of the conversation. Predict whether the conversation is likely to result in a personal attack later on. Provide your answer in the format 'ATTACK: YES/NO'

Conversation:
Summary: user1:
  warmth: low
  competence: high
  explanation: User1 demonstrates high competence through their use of humor and references, indicating a strong grasp of language and context. However, their tone is somewhat sarcastic and dismissive, which may be perceived as low warmth.

user2:
  warmth: high
  competence: high
  explanation: User2 engages with humor and curiosity, asking questions and suggesting solutions, which reflects high competence. Their playful tone and willingness to collaborate suggest high warmth.

user3:
  warmth: high
  competence: high
  explanation: User3 shows high competence by quickly implementing a solution and understanding the technical aspects of the situation. Their light-hearted comment about the servers and engagement with the conversation indicate high warmth.",0,0,True,0.63916015625
48460520.4940.4940,1,"You are an assistant trained to detect early warning signs of toxic behavior in online conversations given only the summary of the conversation. Predict whether the conversation is likely to result in a personal attack later on. Provide your answer in the format 'ATTACK: YES/NO'

Conversation:
Summary: user1:  
  warmth: low  
  competence: high  
  explanation: User1 issues a warning in a straightforward manner without showing empathy or understanding, indicating low warmth. The precise nature of the warning suggests they are knowledgeable about the rules, indicating high competence.

user2:  
  warmth: low  
  competence: high  
  explanation: User2 responds defensively and critically, lacking empathy or friendliness, which suggests low warmth. Their confident assertion about the situation and understanding of the rules indicate high competence.",1,1,True,0.81298828125
489230160.4109.4109,1,"You are an assistant trained to detect early warning signs of toxic behavior in online conversations given only the summary of the conversation. Predict whether the conversation is likely to result in a personal attack later on. Provide your answer in the format 'ATTACK: YES/NO'

Conversation:
Summary: user1:  
  warmth: high  
  competence: high  
  explanation: User1 expresses gratitude and offers a gesture of appreciation, indicating high warmth. They also acknowledge learning from the situation and show willingness to continue researching independently, suggesting high competence.",0,0,True,0.8544921875
489362680.17475.17475,1,"You are an assistant trained to detect early warning signs of toxic behavior in online conversations given only the summary of the conversation. Predict whether the conversation is likely to result in a personal attack later on. Provide your answer in the format 'ATTACK: YES/NO'

Conversation:
Summary: user1:  
  warmth: low  
  competence: low  
  explanation: User1 presents a complex argument with a lack of clarity, making it difficult to follow. The inclusion of a link without context further detracts from perceived competence. The tone is impersonal and lacks engagement, contributing to a low warmth perception.

user2:  
  warmth: low  
  competence: high  
  explanation: User2's response is direct and dismissive, indicating low warmth. However, the clear and concise critique suggests a higher level of competence in assessing the previous statement's validity.",1,1,True,0.5361328125
495244974.3017.3017,1,"You are an assistant trained to detect early warning signs of toxic behavior in online conversations given only the summary of the conversation. Predict whether the conversation is likely to result in a personal attack later on. Provide your answer in the format 'ATTACK: YES/NO'

Conversation:
Summary: user1:
  warmth: low
  competence: high
  explanation: User1's tone is confrontational and critical, indicating low warmth. They challenge user2's actions and express concern over the need to explain the situation, suggesting a lack of patience or empathy. However, their competence is high as they provide specific details and evidence, showing a clear understanding of the situation and the ability to analyze the actions taken.

user2:
  warmth: low
  competence: high
  explanation: User2's response is defensive and somewhat dismissive, indicating low warmth. They justify their actions and question the classification of edits as vandalism, which may come off as lacking openness to user1's concerns. Despite this, their competence is high as they provide a detailed explanation of their actions and reasoning, demonstrating knowledge and involvement in the situation.",1,1,True,0.82958984375
497800265.1270.1270,1,"You are an assistant trained to detect early warning signs of toxic behavior in online conversations given only the summary of the conversation. Predict whether the conversation is likely to result in a personal attack later on. Provide your answer in the format 'ATTACK: YES/NO'

Conversation:
Summary: To provide an assessment using the Stereotype Content Model (SCM), I would need more dialogue from multiple participants to evaluate their perceived warmth and competence. The conversation provided includes only one participant (S_0), which limits the ability to assess multiple participants. If you have additional dialogue from other participants, please share it for a more comprehensive analysis.",1,0,False,0.9423828125
500435599.1836.1836,1,"You are an assistant trained to detect early warning signs of toxic behavior in online conversations given only the summary of the conversation. Predict whether the conversation is likely to result in a personal attack later on. Provide your answer in the format 'ATTACK: YES/NO'

Conversation:
Summary: To accurately assess the conversation using the Stereotype Content Model, I need more dialogue between the participants. The provided text is a single statement from one participant, which does not offer enough context to evaluate warmth and competence for multiple participants. If you can provide more of the conversation, I would be able to give a more thorough analysis.",0,0,True,0.5029296875
503731911.8259.8259,1,"You are an assistant trained to detect early warning signs of toxic behavior in online conversations given only the summary of the conversation. Predict whether the conversation is likely to result in a personal attack later on. Provide your answer in the format 'ATTACK: YES/NO'

Conversation:
Summary: To accurately assess the conversation using the Stereotype Content Model, I need more information about the interaction between the participants. The provided conversation includes only one statement from a single participant (S_0), which is insufficient to evaluate multiple participants or provide a comprehensive analysis of warmth and competence. Please provide additional dialogue or context for a more complete assessment.",1,0,False,0.716796875
508453497.4168.4168,1,"You are an assistant trained to detect early warning signs of toxic behavior in online conversations given only the summary of the conversation. Predict whether the conversation is likely to result in a personal attack later on. Provide your answer in the format 'ATTACK: YES/NO'

Conversation:
Summary: user1:  
  warmth: low  
  competence: high  
  explanation: User1 presents their accomplishments and frustrations assertively, which may come across as defensive and lacking warmth. However, their detailed account of achievements and understanding of the platform's rules suggests high competence.

user2:  
  warmth: low  
  competence: high  
  explanation: User2's response is direct and critical, focusing on rule enforcement and perceived conflicts of interest, which may be perceived as lacking warmth. Their clear understanding of the platform's guidelines and ability to identify specific issues indicates high competence.",0,0,True,0.69677734375
52609372.5998.5998,1,"You are an assistant trained to detect early warning signs of toxic behavior in online conversations given only the summary of the conversation. Predict whether the conversation is likely to result in a personal attack later on. Provide your answer in the format 'ATTACK: YES/NO'

Conversation:
Summary: I'm sorry, but I need more information from the conversation to provide an analysis using the Stereotype Content Model. Could you please provide additional dialogue or context?",0,1,False,0.74560546875
543636460.3423.3423,1,"You are an assistant trained to detect early warning signs of toxic behavior in online conversations given only the summary of the conversation. Predict whether the conversation is likely to result in a personal attack later on. Provide your answer in the format 'ATTACK: YES/NO'

Conversation:
Summary: user1:
  warmth: low
  competence: high
  explanation: User1's communication is direct and corrective, focusing on addressing unconstructive behavior. Their approach lacks warmth, as it is more focused on reprimanding than engaging positively. However, they demonstrate competence by clearly identifying specific issues with the edits and providing guidance on appropriate actions.

user2:
  warmth: low
  competence: low
  explanation: User2's response is defensive and lacks engagement or acknowledgment of the issues raised. They do not provide additional context or justification for their actions, which suggests a lack of competence in addressing the concerns effectively. Their tone does not convey warmth or openness to dialogue.",1,1,True,0.9765625
548578347.7347.7347,1,"You are an assistant trained to detect early warning signs of toxic behavior in online conversations given only the summary of the conversation. Predict whether the conversation is likely to result in a personal attack later on. Provide your answer in the format 'ATTACK: YES/NO'

Conversation:
Summary: user1:  
  warmth: low  
  competence: high  
  explanation: User1 demonstrates high competence by providing specific evidence and a clear directive to support their point. However, the tone is direct and lacks any elements of friendliness or empathy, which suggests low warmth.  

user2:  
  warmth: N/A  
  competence: N/A  
  explanation: User2 does not have any contributions in the provided conversation snippet, so their warmth and competence cannot be assessed.",1,0,False,0.88720703125
558168517.2355.2355,1,"You are an assistant trained to detect early warning signs of toxic behavior in online conversations given only the summary of the conversation. Predict whether the conversation is likely to result in a personal attack later on. Provide your answer in the format 'ATTACK: YES/NO'

Conversation:
Summary: user1:  
  warmth: low  
  competence: high  
  explanation: User1 demonstrates high competence by referencing guidelines and offering to provide sources, indicating a strong understanding of the subject. However, their tone is confrontational and dismissive, suggesting low warmth.

user2:  
  warmth: low  
  competence: high  
  explanation: User2 shows high competence by critiquing the understanding of guidelines and pointing out perceived misinterpretations. Their tone is critical and somewhat condescending, which suggests low warmth.",1,1,True,0.54296875
563871448.5626.5626,1,"You are an assistant trained to detect early warning signs of toxic behavior in online conversations given only the summary of the conversation. Predict whether the conversation is likely to result in a personal attack later on. Provide your answer in the format 'ATTACK: YES/NO'

Conversation:
Summary: user1:  
  warmth: low  
  competence: high  
  explanation: User1 demonstrates competence by addressing a specific issue with precision and clarity, indicating a good understanding of the subject. However, the tone is more corrective and lacks expressions of empathy or friendliness, which suggests lower warmth.

user2:  
  warmth: N/A  
  competence: N/A  
  explanation: User2 does not participate in the provided segment of the conversation, so their warmth and competence cannot be assessed.",0,0,True,0.908203125
57356739.19253.19253,1,"You are an assistant trained to detect early warning signs of toxic behavior in online conversations given only the summary of the conversation. Predict whether the conversation is likely to result in a personal attack later on. Provide your answer in the format 'ATTACK: YES/NO'

Conversation:
Summary: user1:  
  warmth: high  
  competence: high  
  explanation: User1 demonstrates high warmth by inviting a civil discussion and seeking consensus. Their competence is high as they provide a detailed explanation of the issue, reference guidelines, and suggest a methodical approach to resolving the conflict.

user2:  
  warmth: low  
  competence: low  
  explanation: User2 exhibits low warmth by making a sarcastic remark without engaging constructively in the discussion. Their competence appears low as they do not address the main issue or provide a relevant solution, instead offering an unrelated anecdote.",1,1,True,0.6640625
585305964.8297.8297,1,"You are an assistant trained to detect early warning signs of toxic behavior in online conversations given only the summary of the conversation. Predict whether the conversation is likely to result in a personal attack later on. Provide your answer in the format 'ATTACK: YES/NO'

Conversation:
Summary: user1:  
  warmth: high  
  competence: high  
  explanation: User1 demonstrates high warmth by expressing a collaborative and helpful attitude, seeking advice on handling a situation. Their competence is high as they are actively engaging in problem-solving and are aware of the processes involved, even if they are not fully familiar with them yet.",0,0,True,0.97607421875
593252364.30233.30233,1,"You are an assistant trained to detect early warning signs of toxic behavior in online conversations given only the summary of the conversation. Predict whether the conversation is likely to result in a personal attack later on. Provide your answer in the format 'ATTACK: YES/NO'

Conversation:
Summary: user1:  
  warmth: low  
  competence: high  
  explanation: User1 expresses concern and frustration, indicating a protective stance over the content, which suggests low warmth due to the confrontational tone. However, they demonstrate high competence by articulating specific areas of the content that they believe are satisfactory and need protection, showing familiarity and understanding of the subject.

user2:  
  warmth: low  
  competence: high  
  explanation: User2's response is direct and dismissive, indicating low warmth as they challenge user1's approach. They assert the collaborative nature of the platform, reflecting high competence by emphasizing the importance of accepting changes and understanding the platform's purpose as a public encyclopedia.",1,1,True,0.92822265625
596036332.14834.14834,1,"You are an assistant trained to detect early warning signs of toxic behavior in online conversations given only the summary of the conversation. Predict whether the conversation is likely to result in a personal attack later on. Provide your answer in the format 'ATTACK: YES/NO'

Conversation:
Summary: user1:  
  warmth: low  
  competence: high  
  explanation: User1's message is formal and corrective, indicating a focus on maintaining standards and providing guidance. The tone is impersonal and lacks emotional engagement, suggesting low warmth. However, the structured and informative nature of the message reflects high competence.

user2:  
  warmth: high  
  competence: low  
  explanation: User2's response is informal and personal, using a term of endearment that suggests familiarity and friendliness, indicating high warmth. However, the message lacks substantive content or context, which implies low competence in addressing the situation.",1,0,False,0.5859375
599501423.15498.15498,1,"You are an assistant trained to detect early warning signs of toxic behavior in online conversations given only the summary of the conversation. Predict whether the conversation is likely to result in a personal attack later on. Provide your answer in the format 'ATTACK: YES/NO'

Conversation:
Summary: user1:  
  warmth: high  
  competence: high  
  explanation: User1 demonstrates high warmth by politely greeting and thanking the other participant, indicating a friendly and respectful tone. Their competence is also high, as they reference past actions and show an understanding of the process by asking for input and decisions related to setting up a bot.

user2:  
  warmth: N/A  
  competence: N/A  
  explanation: User2 has not yet participated in the conversation, so their warmth and competence cannot be assessed.",0,0,True,0.91943359375
60188809.28844.28844,1,"You are an assistant trained to detect early warning signs of toxic behavior in online conversations given only the summary of the conversation. Predict whether the conversation is likely to result in a personal attack later on. Provide your answer in the format 'ATTACK: YES/NO'

Conversation:
Summary: To provide an accurate assessment using the Stereotype Content Model, I would need more context or content from the conversation. The SCM evaluates perceived warmth and competence based on how participants interact, such as their tone, empathy, respect, knowledge, and effectiveness in communication. If you can share more details or a portion of the conversation, I can help analyze it accordingly.",0,0,True,0.54150390625
607752691.9974.9965,1,"You are an assistant trained to detect early warning signs of toxic behavior in online conversations given only the summary of the conversation. Predict whether the conversation is likely to result in a personal attack later on. Provide your answer in the format 'ATTACK: YES/NO'

Conversation:
Summary: user1:  
  warmth: low  
  competence: high  
  explanation: User1's message is formal and informative, indicating competence in delivering a clear and structured notification. However, the lack of personal engagement or empathy suggests low warmth.

user2:  
  warmth: low  
  competence: moderate  
  explanation: User2 expresses frustration and perceives unfairness, which suggests low warmth due to the confrontational tone. Their ability to articulate concerns shows moderate competence, but the emotional response may undermine perceived rationality.",0,0,True,0.83203125
62993702.1652.1652,1,"You are an assistant trained to detect early warning signs of toxic behavior in online conversations given only the summary of the conversation. Predict whether the conversation is likely to result in a personal attack later on. Provide your answer in the format 'ATTACK: YES/NO'

Conversation:
Summary: user1:  
  warmth: low  
  competence: high  
  explanation: User1 demonstrates high competence by emphasizing the importance of sourcing and adhering to Wikipedia's guidelines on original research. However, their tone is somewhat confrontational and dismissive, indicating low warmth as they criticize the other participant's contributions and insist on reverting changes without showing understanding or empathy.

user2:  
  warmth: low  
  competence: low  
  explanation: User2's response lacks competence due to poor grammar and spelling, which undermines their argument. Their reference to a consensus is vague and unsupported by evidence, further reducing perceived competence. The lack of engagement with user1's points and the dismissive tone contribute to a perception of low warmth.",1,1,True,0.7177734375
64942649.2657.2657,1,"You are an assistant trained to detect early warning signs of toxic behavior in online conversations given only the summary of the conversation. Predict whether the conversation is likely to result in a personal attack later on. Provide your answer in the format 'ATTACK: YES/NO'

Conversation:
Summary: user1:
  warmth: low
  competence: high
  explanation: User1's tone is direct and accusatory, indicating low warmth. However, their ability to identify and address the issue of vandalism suggests a high level of competence in managing their user page.

user2:
  warmth: low
  competence: low
  explanation: User2 is implied to have engaged in vandalism and failed to sign their tags, which reflects low competence. The lack of a response or defense in the provided conversation snippet also suggests low warmth.",1,1,True,0.9521484375
651357807.3677.3679,1,"You are an assistant trained to detect early warning signs of toxic behavior in online conversations given only the summary of the conversation. Predict whether the conversation is likely to result in a personal attack later on. Provide your answer in the format 'ATTACK: YES/NO'

Conversation:
Summary: user1:  
  warmth: high  
  competence: low  
  explanation: User1 demonstrates high warmth by politely asking for assistance and expressing gratitude. However, they indicate low competence by admitting the task is outside their technical expertise and seeking help from someone more knowledgeable.

user2:  
  warmth: high  
  competence: high  
  explanation: User2 is perceived as having high warmth and competence. They are actively involved in the relevant discussion, suggesting they are knowledgeable. Their willingness to assist user1, as implied by the request, indicates a helpful and approachable demeanor.",0,0,True,0.650390625
65468745.2158.2150,1,"You are an assistant trained to detect early warning signs of toxic behavior in online conversations given only the summary of the conversation. Predict whether the conversation is likely to result in a personal attack later on. Provide your answer in the format 'ATTACK: YES/NO'

Conversation:
Summary: user1 (S_0):
  warmth: low
  competence: low
  explanation: The initial question is somewhat unclear and lacks structure, which may suggest lower competence in communication. The tone does not convey friendliness or engagement with others, indicating lower warmth.

user2 (S_1):
  warmth: low
  competence: low
  explanation: The response is vague and lacks clarity, which suggests lower competence. The tone is neutral and does not express friendliness or empathy, indicating lower warmth.

user3 (S_2):
  warmth: low
  competence: high
  explanation: The response is clear and informative, indicating high competence. However, the tone is factual and lacks emotional engagement, suggesting lower warmth.",1,0,False,0.798828125
65755130.0.0,1,"You are an assistant trained to detect early warning signs of toxic behavior in online conversations given only the summary of the conversation. Predict whether the conversation is likely to result in a personal attack later on. Provide your answer in the format 'ATTACK: YES/NO'

Conversation:
Summary: user1:  
  warmth: high  
  competence: high  
  explanation: User1 demonstrates high warmth by expressing gratitude and understanding, indicating a willingness to cooperate and adapt. Their competence is perceived as high due to their proactive approach to addressing the issue and their acknowledgment of the feedback, suggesting they are capable and knowledgeable about the task at hand.",0,0,True,0.986328125
662495276.19868.19868,1,"You are an assistant trained to detect early warning signs of toxic behavior in online conversations given only the summary of the conversation. Predict whether the conversation is likely to result in a personal attack later on. Provide your answer in the format 'ATTACK: YES/NO'

Conversation:
Summary: user1:
  warmth: low
  competence: high
  explanation: User1 presents information in a formal and procedural manner, focusing on the rules and guidelines for deletion, which indicates high competence. However, the tone is authoritative and lacks personal engagement or empathy, suggesting low warmth.

user2:
  warmth: high
  competence: high
  explanation: User2 engages in a collaborative manner, suggesting an alternative approach and asking questions to clarify the situation, which demonstrates high warmth. Their understanding of the deletion process and ability to propose a solution indicates high competence.",0,0,True,0.896484375
667264776.1516.1516,1,"You are an assistant trained to detect early warning signs of toxic behavior in online conversations given only the summary of the conversation. Predict whether the conversation is likely to result in a personal attack later on. Provide your answer in the format 'ATTACK: YES/NO'

Conversation:
Summary: user1:
  warmth: low
  competence: high
  explanation: User1's tone is formal and direct, focusing on correcting an error without expressing empathy or friendliness, indicating low warmth. Their attention to detail and understanding of the need for academic integrity suggest high competence.",0,0,True,0.80908203125
671012701.5176.5176,1,"You are an assistant trained to detect early warning signs of toxic behavior in online conversations given only the summary of the conversation. Predict whether the conversation is likely to result in a personal attack later on. Provide your answer in the format 'ATTACK: YES/NO'

Conversation:
Summary: user1:
  warmth: low
  competence: high
  explanation: User1's message is direct and lacks expressions of friendliness or empathy, suggesting low warmth. However, the structured approach to addressing the issue and offering a channel for further communication indicates high competence.

user2:
  warmth: not applicable
  competence: not applicable
  explanation: User2 does not participate in the conversation, so their warmth and competence cannot be assessed.",0,0,True,0.86962890625
67176679.3555.3555,1,"You are an assistant trained to detect early warning signs of toxic behavior in online conversations given only the summary of the conversation. Predict whether the conversation is likely to result in a personal attack later on. Provide your answer in the format 'ATTACK: YES/NO'

Conversation:
Summary: user1:
  warmth: low
  competence: high
  explanation: User1 demonstrates high competence by efficiently guiding the discussion and setting clear parameters. However, their direct and authoritative approach may be perceived as low warmth, as it lacks personal engagement or encouragement.

user2:
  warmth: low
  competence: low
  explanation: User2 provides a minimal response without elaboration or additional input, which may suggest low competence due to lack of engagement. The brevity and lack of personal touch in their response also convey low warmth.

user3:
  warmth: low
  competence: low
  explanation: User3's response is similarly brief and lacks depth, indicating low competence. The absence of any personal or engaging elements in their reply results in low warmth as well.",0,0,True,0.73046875
688252148.10585.10585,1,"You are an assistant trained to detect early warning signs of toxic behavior in online conversations given only the summary of the conversation. Predict whether the conversation is likely to result in a personal attack later on. Provide your answer in the format 'ATTACK: YES/NO'

Conversation:
Summary: user1:
  warmth: low
  competence: high
  explanation: User1's tone is confrontational and critical, indicating low warmth. They express dissatisfaction and frustration with the other participant's actions. However, they demonstrate high competence by referencing specific policies and guidelines, suggesting familiarity with the subject matter and the platform's rules. They also propose alternative solutions, showing an understanding of the issue and a willingness to engage constructively, despite the overall negative tone.",1,0,False,0.50341796875
688653715.4832.4832,1,"You are an assistant trained to detect early warning signs of toxic behavior in online conversations given only the summary of the conversation. Predict whether the conversation is likely to result in a personal attack later on. Provide your answer in the format 'ATTACK: YES/NO'

Conversation:
Summary: user1:  
  warmth: high  
  competence: high  
  explanation: User1 expresses appreciation and acknowledges the help provided, indicating high warmth. They also demonstrate understanding of the process by explaining their actions, suggesting high competence.

user2:  
  warmth: low  
  competence: high  
  explanation: User2's response is direct and corrective, lacking expressions of appreciation or empathy, which suggests low warmth. However, they reference guidelines and suggest a constructive action (discussing on the talk page), indicating high competence.",1,0,False,0.59033203125
69061967.2671.2671,1,"You are an assistant trained to detect early warning signs of toxic behavior in online conversations given only the summary of the conversation. Predict whether the conversation is likely to result in a personal attack later on. Provide your answer in the format 'ATTACK: YES/NO'

Conversation:
Summary: user1:  
  warmth: high  
  competence: high  
  explanation: User1 demonstrates warmth by politely requesting not to accuse someone of vandalism and thanking the other participant. Their competence is high as they reference specific guidelines, showing understanding of the rules.

user2:  
  warmth: low  
  competence: high  
  explanation: User2's warmth is low due to the accusatory tone and lack of politeness. However, their competence is high as they provide a rationale for their accusation, indicating an understanding of the situation.",0,1,False,0.95166015625
69614928.3028.3028,1,"You are an assistant trained to detect early warning signs of toxic behavior in online conversations given only the summary of the conversation. Predict whether the conversation is likely to result in a personal attack later on. Provide your answer in the format 'ATTACK: YES/NO'

Conversation:
Summary: user1:  
  warmth: low  
  competence: high  
  explanation: User1's response is direct and corrective, focusing on addressing a specific behavior. The tone lacks friendliness or empathy, indicating low warmth. However, the user demonstrates an understanding of the rules, suggesting high competence.

user2:  
  warmth: low  
  competence: high  
  explanation: User2's reply is also direct and focuses on a specific rule violation. The tone is confrontational, indicating low warmth. The user shows knowledge of the situation and rules, reflecting high competence.",1,0,False,0.787109375
69769376.16489.16489,1,"You are an assistant trained to detect early warning signs of toxic behavior in online conversations given only the summary of the conversation. Predict whether the conversation is likely to result in a personal attack later on. Provide your answer in the format 'ATTACK: YES/NO'

Conversation:
Summary: I'm unable to provide an analysis based on the Stereotype Content Model (SCM) with only a single message from one participant. The SCM framework requires interaction between participants to assess perceived warmth and competence. Please provide more of the conversation for a comprehensive analysis.",0,0,True,0.67578125
70045047.3594.3594,1,"You are an assistant trained to detect early warning signs of toxic behavior in online conversations given only the summary of the conversation. Predict whether the conversation is likely to result in a personal attack later on. Provide your answer in the format 'ATTACK: YES/NO'

Conversation:
Summary: user1:  
  warmth: low  
  competence: high  
  explanation: User1 exhibits low warmth by expressing frustration and criticism towards the other participant. However, they demonstrate high competence by articulating their points clearly, focusing on the purpose of polls, and emphasizing the importance of improving the article's informativeness, showing an understanding of the process.

user2:  
  warmth: low  
  competence: low  
  explanation: User2 does not directly participate in the conversation, but based on user1's response, they seem to be perceived as obstructive or uncooperative, which suggests low warmth. Their competence is perceived as low due to user1's implication that they are not contributing effectively to the article's improvement.",0,0,True,0.55224609375
71427319.11007.11007,1,"You are an assistant trained to detect early warning signs of toxic behavior in online conversations given only the summary of the conversation. Predict whether the conversation is likely to result in a personal attack later on. Provide your answer in the format 'ATTACK: YES/NO'

Conversation:
Summary: user1:  
  warmth: high  
  competence: high  
  explanation: User1 communicates their concern politely and constructively, suggesting an alternative solution to a problem. They express appreciation for the initial action and provide a thoughtful recommendation to preserve important content, indicating a high level of competence in problem-solving and communication. The tone is respectful and considerate, reflecting high warmth.",0,0,True,0.68359375
724065997.948.948,1,"You are an assistant trained to detect early warning signs of toxic behavior in online conversations given only the summary of the conversation. Predict whether the conversation is likely to result in a personal attack later on. Provide your answer in the format 'ATTACK: YES/NO'

Conversation:
Summary: user1:
  warmth: low
  competence: high
  explanation: The participant exhibits low warmth due to the authoritative and directive nature of the communication, which lacks empathy or friendliness. The competence is perceived as high because the participant provides clear, structured instructions and outlines consequences, indicating a strong understanding of the situation and control over the process.",0,0,True,0.93359375
73188468.24834.24834,1,"You are an assistant trained to detect early warning signs of toxic behavior in online conversations given only the summary of the conversation. Predict whether the conversation is likely to result in a personal attack later on. Provide your answer in the format 'ATTACK: YES/NO'

Conversation:
Summary: user1:  
  warmth: high  
  competence: high  
  explanation: User1 expresses gratitude and seeks clarification, indicating openness and respect towards the other participant. Their detailed understanding and articulation of the process suggest a high level of competence in the subject matter.

user2:  
  warmth: high  
  competence: high  
  explanation: User2 provides a polite and informative response, addressing the points raised by user1. Their concise explanation and use of specific examples demonstrate a strong grasp of the topic, reflecting high competence.",0,0,True,0.9931640625
73529450.25568.25568,1,"You are an assistant trained to detect early warning signs of toxic behavior in online conversations given only the summary of the conversation. Predict whether the conversation is likely to result in a personal attack later on. Provide your answer in the format 'ATTACK: YES/NO'

Conversation:
Summary: user1:  
  warmth: low  
  competence: high  
  explanation: User1 expresses frustration and distrust towards another participant, indicating low warmth. However, they demonstrate competence by providing specific evidence and references to support their claims, indicating a clear understanding of the situation and the process involved.  

user2:  
  warmth: low  
  competence: low  
  explanation: User2 is not directly represented in the conversation, but based on user1's description, they are perceived as acting in bad faith and deleting comments, which suggests low warmth. The lack of transparency or communication from user2, as described, implies low competence in handling the situation constructively.",1,1,True,0.85107421875
73543963.4142.4142,1,"You are an assistant trained to detect early warning signs of toxic behavior in online conversations given only the summary of the conversation. Predict whether the conversation is likely to result in a personal attack later on. Provide your answer in the format 'ATTACK: YES/NO'

Conversation:
Summary: user1:  
  warmth: low  
  competence: high  
  explanation: User1 maintains a civil tone but is assertive and confident in their correctness, indicating high competence. However, their insistence and lack of empathy towards user2's perspective suggest low warmth.

user2:  
  warmth: low  
  competence: low  
  explanation: User2's response is fragmented and lacks clarity, suggesting low competence. Their abrupt and accusatory tone without providing evidence or justification indicates low warmth.",1,1,True,0.69873046875
743664846.2954.2954,1,"You are an assistant trained to detect early warning signs of toxic behavior in online conversations given only the summary of the conversation. Predict whether the conversation is likely to result in a personal attack later on. Provide your answer in the format 'ATTACK: YES/NO'

Conversation:
Summary: To accurately assess the conversation using the Stereotype Content Model, I would need more context or additional dialogue from the participants. The provided excerpt is too brief and lacks sufficient information to evaluate the participants' warmth and competence. If you can provide more of the conversation, I'd be happy to help with the analysis.",1,1,True,0.666015625
763331394.8705.8705,1,"You are an assistant trained to detect early warning signs of toxic behavior in online conversations given only the summary of the conversation. Predict whether the conversation is likely to result in a personal attack later on. Provide your answer in the format 'ATTACK: YES/NO'

Conversation:
Summary: user1:  
  warmth: low  
  competence: high  
  explanation: User1 demonstrates high competence by providing a detailed explanation of their position, focusing on the importance of accurately quoting the Italian position. However, their tone lacks warmth, as they do not engage with user2's perspective or acknowledge any common ground.

user2:  
  warmth: low  
  competence: high  
  explanation: User2 shows high competence by articulating a well-reasoned argument against literal quotations, emphasizing clarity and accuracy. Their warmth is low due to the dismissive and critical tone towards user1, suggesting a lack of empathy or consideration for user1's viewpoint.",1,1,True,0.76806640625
81794729.4185.4127,1,"You are an assistant trained to detect early warning signs of toxic behavior in online conversations given only the summary of the conversation. Predict whether the conversation is likely to result in a personal attack later on. Provide your answer in the format 'ATTACK: YES/NO'

Conversation:
Summary: user1:  
  warmth: low  
  competence: high  
  explanation: User1 demonstrates high competence by providing a knowledgeable assessment of the situation regarding Mozart's credit. However, their tone lacks warmth, as they focus on correcting the information without expressing empathy or understanding towards others involved in the discussion.",0,0,True,0.7216796875
83202836.3325.3325,1,"You are an assistant trained to detect early warning signs of toxic behavior in online conversations given only the summary of the conversation. Predict whether the conversation is likely to result in a personal attack later on. Provide your answer in the format 'ATTACK: YES/NO'

Conversation:
Summary: user1:  
  warmth: high  
  competence: high  
  explanation: User1 demonstrates high warmth by expressing a collaborative intent and seeking assistance to maintain a respectful tone. Their competence is high, as they reference their contributions and articulate a clear goal for the conversation.

user2:  
  warmth: low  
  competence: high  
  explanation: User2 shows low warmth by expressing skepticism and indirectly questioning the motives of others. However, they exhibit high competence by providing detailed explanations of their actions and understanding of Wikipedia's content policies.",0,0,True,0.6435546875
84002024.9799.9799,1,"You are an assistant trained to detect early warning signs of toxic behavior in online conversations given only the summary of the conversation. Predict whether the conversation is likely to result in a personal attack later on. Provide your answer in the format 'ATTACK: YES/NO'

Conversation:
Summary: user1:  
  warmth: low  
  competence: high  
  explanation: User1 demonstrates low warmth by questioning and challenging the logic of the situation, which can come across as confrontational. However, they exhibit high competence by articulating their reasoning clearly and logically, indicating an understanding of the situation.

user2:  
  warmth: high  
  competence: high  
  explanation: User2 shows high warmth by expressing a preference to avoid conflict and focusing on the broader issue rather than individual personalities. They also display high competence by acknowledging objections, suggesting a solution, and clearly communicating their stance on the matter.",0,0,True,0.7841796875
84265755.41624.41074,1,"You are an assistant trained to detect early warning signs of toxic behavior in online conversations given only the summary of the conversation. Predict whether the conversation is likely to result in a personal attack later on. Provide your answer in the format 'ATTACK: YES/NO'

Conversation:
Summary: user1:  
  warmth: high  
  competence: high  
  explanation: User1 expresses gratitude and offers to share insights, indicating high warmth. They also discuss their analysis of a political program in detail, demonstrating high competence. Their willingness to collaborate and share information further supports this assessment.",0,0,True,0.83154296875
90992752.10026.10026,1,"You are an assistant trained to detect early warning signs of toxic behavior in online conversations given only the summary of the conversation. Predict whether the conversation is likely to result in a personal attack later on. Provide your answer in the format 'ATTACK: YES/NO'

Conversation:
Summary: user1:  
  warmth: high  
  competence: high  
  explanation: User1 expresses gratitude, indicating a friendly and appreciative demeanor, which suggests high warmth. The acknowledgment of the task being completed implies recognition of competence in the other person's actions.

user2:  
  warmth: high  
  competence: high  
  explanation: User2 also expresses gratitude, reinforcing a positive and friendly interaction, indicating high warmth. By acknowledging the task completion, user2 demonstrates an understanding and appreciation of the competence involved in the action.",0,0,True,0.560546875
91219168.8760.8760,1,"You are an assistant trained to detect early warning signs of toxic behavior in online conversations given only the summary of the conversation. Predict whether the conversation is likely to result in a personal attack later on. Provide your answer in the format 'ATTACK: YES/NO'

Conversation:
Summary: user1:  
  warmth: low  
  competence: high  
  explanation: User1's message is direct and authoritative, indicating low warmth as it lacks friendliness or empathy. However, the message demonstrates high competence by referencing specific guidelines and actions taken, showing a clear understanding of the rules and procedures.

user2:  
  warmth: high  
  competence: high  
  explanation: User2's response is collaborative and explanatory, suggesting high warmth by attempting to provide understanding and justification. The message also shows high competence by discussing technical details and potential solutions, indicating a good grasp of the subject matter.",1,0,False,0.751953125
96572304.14805.14805,1,"You are an assistant trained to detect early warning signs of toxic behavior in online conversations given only the summary of the conversation. Predict whether the conversation is likely to result in a personal attack later on. Provide your answer in the format 'ATTACK: YES/NO'

Conversation:
Summary: user1:  
  warmth: high  
  competence: high  
  explanation: User1 expresses gratitude and acknowledges user2's expertise, indicating high warmth. They also demonstrate competence by identifying areas for improvement and suggesting resources, showing awareness and initiative.

user2:  
  warmth: high  
  competence: high  
  explanation: User2 is not directly quoted in the conversation, but user1's positive and respectful tone suggests that user2 is perceived as both warm and competent, given their expertise and willingness to collaborate on the project.",0,0,True,0.60205078125
98071983.10061.9817,1,"You are an assistant trained to detect early warning signs of toxic behavior in online conversations given only the summary of the conversation. Predict whether the conversation is likely to result in a personal attack later on. Provide your answer in the format 'ATTACK: YES/NO'

Conversation:
Summary: user1:  
  warmth: low  
  competence: high  
  explanation: User1 demonstrates high competence by referencing historical figures and concepts to support their argument. However, their tone is confrontational and accusatory, suggesting low warmth as they criticize others and label them negatively.

user2:  
  warmth: low  
  competence: high  
  explanation: User2 shows high competence by articulating their experience and viewpoint clearly, referencing procedural fairness and minority representation. Despite this, their tone is defensive and critical, indicating low warmth as they express frustration and use strong language against perceived opposition.",1,1,True,0.80029296875
100082597.1198.1198,2,"You are an assistant trained to detect early warning signs of toxic behavior in online conversations given only the summary of the conversation. Predict whether the conversation is likely to result in a personal attack later on. Provide your answer in the format 'ATTACK: YES/NO'

Conversation:
Summary: user1:  
  warmth: high  
  competence: high  
  explanation: User1 demonstrates high warmth by expressing understanding and advising against conflict. Their competence is high as they provide guidance on handling the situation calmly.

user2:  
  warmth: low  
  competence: high  
  explanation: User2 shows low warmth by expressing frustration and defensiveness. However, their competence is high as they articulate their actions and reasoning clearly, indicating they are informed and assertive in their stance.",0,1,False,0.796875
103587368.2010.2010,2,"You are an assistant trained to detect early warning signs of toxic behavior in online conversations given only the summary of the conversation. Predict whether the conversation is likely to result in a personal attack later on. Provide your answer in the format 'ATTACK: YES/NO'

Conversation:
Summary: user1:  
  warmth: high  
  competence: high  
  explanation: User1 expresses a clear need for assistance and thanks the other participant, indicating openness and appreciation, which suggests high warmth. Their detailed description of the issue and exploration of alternatives demonstrates a high level of competence.

user2:  
  warmth: low  
  competence: high  
  explanation: User2 provides a direct response with a suggestion for improvement, focusing on technical details without expressing empathy or encouragement, indicating low warmth. Their knowledge of the subject and specific advice on using named references show high competence.",0,0,True,0.56787109375
106097715.8104.8104,2,"You are an assistant trained to detect early warning signs of toxic behavior in online conversations given only the summary of the conversation. Predict whether the conversation is likely to result in a personal attack later on. Provide your answer in the format 'ATTACK: YES/NO'

Conversation:
Summary: I'm sorry, but the conversation provided is incomplete and lacks sufficient context to accurately assess the participants' warmth and competence using the Stereotype Content Model. Could you provide more of the conversation or additional context?",0,0,True,0.74462890625
106700421.14794.14794,2,"You are an assistant trained to detect early warning signs of toxic behavior in online conversations given only the summary of the conversation. Predict whether the conversation is likely to result in a personal attack later on. Provide your answer in the format 'ATTACK: YES/NO'

Conversation:
Summary: user1:  
  warmth: high  
  competence: high  
  explanation: User1 maintains a polite and cooperative tone, offering a solution to the issue at hand. They demonstrate competence by acknowledging the intricacies of the task and suggesting a compromise, indicating an understanding of the situation and willingness to collaborate.

user2:  
  warmth: low  
  competence: high  
  explanation: User2 displays a confrontational tone, which reduces perceived warmth. However, they show competence by referencing Wikipedia's guidelines and emphasizing the importance of proper citation, indicating a strong grasp of the editorial standards and procedures.",0,1,False,0.830078125
107319885.2036.0,2,"You are an assistant trained to detect early warning signs of toxic behavior in online conversations given only the summary of the conversation. Predict whether the conversation is likely to result in a personal attack later on. Provide your answer in the format 'ATTACK: YES/NO'

Conversation:
Summary: user1:  
  warmth: high  
  competence: high  
  explanation: User1 demonstrates warmth by expressing curiosity and engaging respectfully with user2. They show competence by providing insights about sports insurance and injury risks, indicating a thoughtful approach to the topic.

user2:  
  warmth: low  
  competence: low  
  explanation: User2's response is dismissive and lacks constructive engagement, which lowers perceived warmth. The sarcastic tone and lack of substantive contribution to the discussion suggest lower competence in addressing the topic effectively.",1,1,True,0.80419921875
108309135.0.0,2,"You are an assistant trained to detect early warning signs of toxic behavior in online conversations given only the summary of the conversation. Predict whether the conversation is likely to result in a personal attack later on. Provide your answer in the format 'ATTACK: YES/NO'

Conversation:
Summary: user1:  
  warmth: high  
  competence: high  
  explanation: User1 expresses understanding and appreciation for user2's contributions and expertise. They apologize for any misunderstandings and acknowledge the value of user2's work, demonstrating respect and a collaborative spirit. Their communication is polite and supportive, indicating high warmth. Their ability to articulate their intentions and plans for the project reflects high competence.

user2:  
  warmth: high  
  competence: high  
  explanation: User2 communicates openly about their time constraints and past contributions, showing honesty and transparency. They express a positive attitude towards the project's success and the recognition of the subject matter, indicating high warmth. Their experience and involvement in building a related site demonstrate high competence.",1,0,False,0.84228515625
109231098.1164.1164,2,"You are an assistant trained to detect early warning signs of toxic behavior in online conversations given only the summary of the conversation. Predict whether the conversation is likely to result in a personal attack later on. Provide your answer in the format 'ATTACK: YES/NO'

Conversation:
Summary: To accurately assess the conversation using the Stereotype Content Model (SCM), I would need more dialogue from both participants. The SCM evaluates perceived warmth and competence based on the tone, language, and interaction style within the conversation. With only one message provided, it's challenging to make a comprehensive assessment. If you can provide additional dialogue, I would be able to give a more detailed analysis.",0,0,True,0.85791015625
109823148.2068.2068,2,"You are an assistant trained to detect early warning signs of toxic behavior in online conversations given only the summary of the conversation. Predict whether the conversation is likely to result in a personal attack later on. Provide your answer in the format 'ATTACK: YES/NO'

Conversation:
Summary: To provide an accurate assessment, I need more information from the conversation. The single message provided is insufficient to determine the warmth and competence of the participants. Please provide additional dialogue or context for a more comprehensive analysis.",1,0,False,0.66357421875
110757749.4492.4492,2,"You are an assistant trained to detect early warning signs of toxic behavior in online conversations given only the summary of the conversation. Predict whether the conversation is likely to result in a personal attack later on. Provide your answer in the format 'ATTACK: YES/NO'

Conversation:
Summary: user1:  
  warmth: low  
  competence: low  
  explanation: User1's message is emotionally charged and confrontational, indicating low warmth. The misspelling and lack of coherent argument suggest low competence.

user2:  
  warmth: low  
  competence: high  
  explanation: User2's response is factual and direct, lacking empathy or understanding, which suggests low warmth. However, the reference to specific policies and a clear, structured response indicate high competence.",1,1,True,0.77734375
11538354.18483.18483,2,"You are an assistant trained to detect early warning signs of toxic behavior in online conversations given only the summary of the conversation. Predict whether the conversation is likely to result in a personal attack later on. Provide your answer in the format 'ATTACK: YES/NO'

Conversation:
Summary: user1:
  warmth: low
  competence: high
  explanation: User1 demonstrates competence by referencing guidelines and pointing out the lack of a source. However, their tone is somewhat blunt and lacks empathy, which suggests low warmth.

user2:
  warmth: low
  competence: high
  explanation: User2 shows competence by taking decisive action in reverting changes and emphasizing the need for sourcing. Their response is direct and corrective, indicating low warmth due to the lack of conciliatory language.",1,1,True,0.81494140625
116402323.22148.22148,2,"You are an assistant trained to detect early warning signs of toxic behavior in online conversations given only the summary of the conversation. Predict whether the conversation is likely to result in a personal attack later on. Provide your answer in the format 'ATTACK: YES/NO'

Conversation:
Summary: user1:
  warmth: low
  competence: high
  explanation: User1 exhibits low warmth through confrontational language and accusations, suggesting hostility. However, they demonstrate high competence by referencing specific historical details and sources, indicating knowledge and expertise on the subject matter.

user2:
  warmth: high
  competence: high
  explanation: User2 maintains a high level of warmth by avoiding engagement with personal attacks and expressing gratitude. Their competence is high, as they address specific content issues and demonstrate an understanding of the historical context, contributing constructively to the conversation.",1,1,True,0.505859375
117313335.19115.19115,2,"You are an assistant trained to detect early warning signs of toxic behavior in online conversations given only the summary of the conversation. Predict whether the conversation is likely to result in a personal attack later on. Provide your answer in the format 'ATTACK: YES/NO'

Conversation:
Summary: user1:  
  warmth: low  
  competence: high  
  explanation: User1 demonstrates high competence by expressing understanding of Wikipedia's dispute process and commitment to following policy. However, their tone is critical and dismissive of others, suggesting low warmth.

user2:  
  warmth: low  
  competence: low  
  explanation: User2's comment is sarcastic and accusatory, indicating low warmth. There is no evidence of competence in their brief remark, as it lacks constructive input or demonstration of understanding.",1,1,True,0.724609375
119685468.7818.7808,2,"You are an assistant trained to detect early warning signs of toxic behavior in online conversations given only the summary of the conversation. Predict whether the conversation is likely to result in a personal attack later on. Provide your answer in the format 'ATTACK: YES/NO'

Conversation:
Summary: To provide an accurate analysis using the Stereotype Content Model (SCM), I would need more information from the conversation, as the current input only includes a single statement from one participant. The SCM requires assessing both warmth and competence based on the interaction between participants. If you can provide more dialogue, I can then evaluate each participant's perceived warmth and competence.",0,0,True,0.71337890625
120066409.597.597,2,"You are an assistant trained to detect early warning signs of toxic behavior in online conversations given only the summary of the conversation. Predict whether the conversation is likely to result in a personal attack later on. Provide your answer in the format 'ATTACK: YES/NO'

Conversation:
Summary: user1:
  warmth: low
  competence: high
  explanation: User1's responses are direct and assertive, focusing on defending their position and requesting evidence. This approach suggests high competence in handling the situation but lacks warmth due to the confrontational tone and lack of empathy.

user2:
  warmth: low
  competence: high
  explanation: User2 is also direct and focused on clarifying the misquotation, indicating high competence in addressing the issue. However, the tone is accusatory and lacks politeness, which results in a perception of low warmth.",0,1,False,0.79833984375
124180029.7198.7198,2,"You are an assistant trained to detect early warning signs of toxic behavior in online conversations given only the summary of the conversation. Predict whether the conversation is likely to result in a personal attack later on. Provide your answer in the format 'ATTACK: YES/NO'

Conversation:
Summary: user1:
  warmth: high
  competence: low
  explanation: User1 expresses enthusiasm and seeks help, indicating friendliness and openness, which suggests high warmth. However, the message lacks clarity and specificity, which suggests low competence.

user2:
  warmth: low
  competence: high
  explanation: User2 responds with confusion and a reprimand, indicating a lack of friendliness and support, which suggests low warmth. The directness and clarity in pointing out the inappropriate context suggest high competence.",0,1,False,0.68408203125
125039163.640.640,2,"You are an assistant trained to detect early warning signs of toxic behavior in online conversations given only the summary of the conversation. Predict whether the conversation is likely to result in a personal attack later on. Provide your answer in the format 'ATTACK: YES/NO'

Conversation:
Summary: user1:  
  warmth: high  
  competence: low  
  explanation: User1 initiates the conversation with a neutral and open-ended question, indicating a willingness to engage, which suggests high warmth. However, the lack of additional input or detail about their own thoughts suggests low competence in the context of the conversation.

user2:  
  warmth: low  
  competence: low  
  explanation: User2's response is dismissive and lacks elaboration, which can be perceived as low warmth. The use of a non-specific expression like ""ugh"" without further explanation also indicates low competence in contributing meaningfully to the discussion.",0,1,False,0.8046875
126317499.28727.28727,2,"You are an assistant trained to detect early warning signs of toxic behavior in online conversations given only the summary of the conversation. Predict whether the conversation is likely to result in a personal attack later on. Provide your answer in the format 'ATTACK: YES/NO'

Conversation:
Summary: user1:  
  warmth: high  
  competence: high  
  explanation: User1 engages in a polite inquiry, suggesting a willingness to understand and collaborate. Their question reflects an understanding of the content, indicating competence.  

user2:  
  warmth: low  
  competence: high  
  explanation: User2 provides a factual response with an emphasis on rules and procedures, demonstrating competence. However, the lack of personal engagement or acknowledgment of user1's perspective suggests lower warmth.",0,1,False,0.94140625
128593760.5542.5542,2,"You are an assistant trained to detect early warning signs of toxic behavior in online conversations given only the summary of the conversation. Predict whether the conversation is likely to result in a personal attack later on. Provide your answer in the format 'ATTACK: YES/NO'

Conversation:
Summary: user1:
  warmth: low
  competence: low
  explanation: The comment comes across as dismissive and confrontational, indicating low warmth. The abruptness and lack of constructive engagement suggest low competence in communication.

user2:
  warmth: low
  competence: low
  explanation: The response is not present, but the initial question's tone suggests a lack of openness or friendliness, indicating low warmth. The question's phrasing and context imply a lack of effective communication, suggesting low competence.",1,1,True,0.81982421875
131395687.2202.2202,2,"You are an assistant trained to detect early warning signs of toxic behavior in online conversations given only the summary of the conversation. Predict whether the conversation is likely to result in a personal attack later on. Provide your answer in the format 'ATTACK: YES/NO'

Conversation:
Summary: user1:  
  warmth: low  
  competence: high  
  explanation: User1 questions the logic of a change, indicating a critical approach and attention to detail, which suggests high competence. However, the tone appears confrontational and dismissive, implying low warmth.

user2:  
  warmth: low  
  competence: high  
  explanation: User2 justifies the change by addressing a specific issue, demonstrating problem-solving skills and awareness of user experience, indicating high competence. The response is direct and somewhat dismissive, suggesting low warmth.",0,1,False,0.68212890625
132460131.12604.12604,2,"You are an assistant trained to detect early warning signs of toxic behavior in online conversations given only the summary of the conversation. Predict whether the conversation is likely to result in a personal attack later on. Provide your answer in the format 'ATTACK: YES/NO'

Conversation:
Summary: user1:  
  warmth: low  
  competence: high  
  explanation: User1 provides a factual statement and logical reasoning, indicating high competence. However, their tone is neutral and lacks engagement or empathy, suggesting low warmth.

user2:  
  warmth: low  
  competence: high  
  explanation: User2 critiques the article with strong opinions and logical arguments, showing high competence. Their tone is confrontational and dismissive, which suggests low warmth.",1,1,True,0.63427734375
133174486.4739.4739,2,"You are an assistant trained to detect early warning signs of toxic behavior in online conversations given only the summary of the conversation. Predict whether the conversation is likely to result in a personal attack later on. Provide your answer in the format 'ATTACK: YES/NO'

Conversation:
Summary: user1:  
  warmth: high  
  competence: high  
  explanation: User1 expresses their viewpoint respectfully and acknowledges the significance of details, indicating a collaborative attitude. Their argument is well-reasoned and shows an understanding of the topic, suggesting high competence.

user2:  
  warmth: low  
  competence: high  
  explanation: User2 responds with a critical tone, questioning the relevance of user1's points, which may come across as dismissive. However, they provide a detailed explanation and demonstrate a strong grasp of the subject, indicating high competence.",0,1,False,0.84716796875
134339265.217.217,2,"You are an assistant trained to detect early warning signs of toxic behavior in online conversations given only the summary of the conversation. Predict whether the conversation is likely to result in a personal attack later on. Provide your answer in the format 'ATTACK: YES/NO'

Conversation:
Summary: To provide an accurate assessment using the Stereotype Content Model (SCM), I would need more context from the conversation, as a single statement is insufficient to gauge warmth and competence. Please provide additional dialogue or interactions between the participants.",0,0,True,0.8310546875
13768808.75261.75261,2,"You are an assistant trained to detect early warning signs of toxic behavior in online conversations given only the summary of the conversation. Predict whether the conversation is likely to result in a personal attack later on. Provide your answer in the format 'ATTACK: YES/NO'

Conversation:
Summary: user1:  
  warmth: low  
  competence: high  
  explanation: User1's message is direct and dismissive, indicating low warmth. However, the decisiveness and clarity in their request suggest a perception of high competence.

user2:  
  warmth: low  
  competence: high  
  explanation: User2 agrees with user1 and adds a critical assessment, showing low warmth. The ability to articulate a clear opinion and assess the situation suggests high competence.

user3:  
  warmth: low  
  competence: high  
  explanation: User3 responds defensively and challenges the others to verify their claims, indicating low warmth. Their confidence in providing verifiable information suggests high competence.",1,1,True,0.81396484375
138057937.1328.1328,2,"You are an assistant trained to detect early warning signs of toxic behavior in online conversations given only the summary of the conversation. Predict whether the conversation is likely to result in a personal attack later on. Provide your answer in the format 'ATTACK: YES/NO'

Conversation:
Summary: user1:
  warmth: low
  competence: high
  explanation: User1 exhibits high competence by emphasizing adherence to guidelines and maintaining article quality. However, their tone is defensive and somewhat dismissive of others' contributions, which suggests low warmth.

user2:
  warmth: high
  competence: high
  explanation: User2 demonstrates high competence by acknowledging the dynamic nature of Wikipedia and the potential for ongoing improvement. Their tone is collaborative and open to new ideas, indicating high warmth.",0,1,False,0.607421875
141254831.5633.5633,2,"You are an assistant trained to detect early warning signs of toxic behavior in online conversations given only the summary of the conversation. Predict whether the conversation is likely to result in a personal attack later on. Provide your answer in the format 'ATTACK: YES/NO'

Conversation:
Summary: user1:  
  warmth: low  
  competence: high  
  explanation: User1's sarcastic tone in requesting an explanation indicates low warmth, as it suggests frustration or annoyance. However, their engagement in the conversation and request for clarification shows they are competent in addressing the issue.

user2:  
  warmth: high  
  competence: high  
  explanation: User2 apologizes for the mistake and provides a detailed explanation of the error, demonstrating high warmth by acknowledging the misunderstanding and high competence by clarifying the situation and taking responsibility for the oversight.",0,1,False,0.53271484375
145872593.19153.19153,2,"You are an assistant trained to detect early warning signs of toxic behavior in online conversations given only the summary of the conversation. Predict whether the conversation is likely to result in a personal attack later on. Provide your answer in the format 'ATTACK: YES/NO'

Conversation:
Summary: user1:  
  warmth: low  
  competence: high  
  explanation: The participant demonstrates high competence by referencing specific data sources and logical reasoning to support their argument. However, the tone is confrontational and dismissive, indicating low warmth. The use of phrases like ""wishful thinking"" and ""get real, please"" suggests a lack of empathy or consideration for differing viewpoints.",1,1,True,0.58984375
150992371.3983.3983,2,"You are an assistant trained to detect early warning signs of toxic behavior in online conversations given only the summary of the conversation. Predict whether the conversation is likely to result in a personal attack later on. Provide your answer in the format 'ATTACK: YES/NO'

Conversation:
Summary: user1:  
  warmth: low  
  competence: high  
  explanation: User1 appears focused on identifying an issue and pointing out an error, which suggests competence. However, the direct and somewhat accusatory tone may come across as lacking warmth.

user2:  
  warmth: high  
  competence: high  
  explanation: User2 responds with a helpful and clarifying question, demonstrating a willingness to assist (high warmth) and an ability to engage effectively in the conversation (high competence).",0,0,True,0.66064453125
152516074.22705.22705,2,"You are an assistant trained to detect early warning signs of toxic behavior in online conversations given only the summary of the conversation. Predict whether the conversation is likely to result in a personal attack later on. Provide your answer in the format 'ATTACK: YES/NO'

Conversation:
Summary: To provide an accurate assessment, I would need more of the conversation to evaluate each participant's warmth and competence. The provided text is insufficient to determine these attributes for user1 and user2. Please provide additional dialogue or context.",0,0,True,0.68603515625
152544576.5747.5747,2,"You are an assistant trained to detect early warning signs of toxic behavior in online conversations given only the summary of the conversation. Predict whether the conversation is likely to result in a personal attack later on. Provide your answer in the format 'ATTACK: YES/NO'

Conversation:
Summary: user1:
  warmth: low
  competence: high
  explanation: User1 expresses frustration and describes negative interactions with another individual, indicating low warmth due to perceived hostility. However, they demonstrate competence by providing specific examples and seeking advice on appropriate procedures, suggesting they are knowledgeable about the context and rules involved.",0,1,False,0.57373046875
153067091.184.0,2,"You are an assistant trained to detect early warning signs of toxic behavior in online conversations given only the summary of the conversation. Predict whether the conversation is likely to result in a personal attack later on. Provide your answer in the format 'ATTACK: YES/NO'

Conversation:
Summary: user1:  
  warmth: low  
  competence: high  
  explanation: User1's tone comes across as dismissive and somewhat confrontational, particularly when referring to opposing arguments as ""really stupid."" However, they demonstrate high competence by providing evidence and reasoning to support their stance, such as referencing search results and linguistic prevalence.

user2:  
  warmth: low  
  competence: high  
  explanation: User2 maintains a factual and evidence-based approach, supporting their argument with historical and linguistic data. However, their warmth is perceived as low due to the lack of engagement with opposing views and a focus on asserting their perspective without acknowledging other participants' experiences or opinions.",0,1,False,0.7412109375
153067091.453.0,2,"You are an assistant trained to detect early warning signs of toxic behavior in online conversations given only the summary of the conversation. Predict whether the conversation is likely to result in a personal attack later on. Provide your answer in the format 'ATTACK: YES/NO'

Conversation:
Summary: user1:  
  warmth: low  
  competence: low  
  explanation: User1's comment lacks engagement with others and shows a misunderstanding of the topic, suggesting low warmth and competence. The dismissive tone and lack of constructive input contribute to this perception.

user2:  
  warmth: low  
  competence: high  
  explanation: User2 demonstrates high competence by referencing Wikipedia conventions and providing a reasoned argument. However, the tone is somewhat dismissive and lacks empathy towards differing perspectives, resulting in low perceived warmth.",1,1,True,0.8701171875
155205782.15822.15822,2,"You are an assistant trained to detect early warning signs of toxic behavior in online conversations given only the summary of the conversation. Predict whether the conversation is likely to result in a personal attack later on. Provide your answer in the format 'ATTACK: YES/NO'

Conversation:
Summary: user1:
  warmth: low
  competence: low
  explanation: User1 exhibits low warmth by using a confrontational tone and making a sarcastic remark about glasses, which suggests a lack of empathy. Their competence is perceived as low due to their inability to acknowledge the readability issue raised by others.

user2:
  warmth: high
  competence: high
  explanation: User2 demonstrates high warmth by acknowledging user1's intent and suggesting a collaborative approach to resolve the issue. Their competence is high as they provide a clear explanation of the readability problem and propose a solution involving community input.

user3:
  warmth: high
  competence: high
  explanation: User3 shows high warmth by agreeing with user2's assessment without hostility. Their competence is high as they reinforce the readability issue with a clear, concise statement, supporting the need for more visually accessible colors.",1,0,False,0.63134765625
157209420.1635.1635,2,"You are an assistant trained to detect early warning signs of toxic behavior in online conversations given only the summary of the conversation. Predict whether the conversation is likely to result in a personal attack later on. Provide your answer in the format 'ATTACK: YES/NO'

Conversation:
Summary: user1:  
  warmth: high  
  competence: high  
  explanation: User1 expresses appreciation and admiration for the bot, indicating high warmth. Their inquiry about the bot's functionality shows a level of understanding and engagement, suggesting high competence.

user2:  
  warmth: low  
  competence: high  
  explanation: User2 provides a factual and technical response without any personal engagement or pleasantries, indicating low warmth. Their explanation demonstrates a clear understanding of the bot's functionality, reflecting high competence.",0,1,False,0.623046875
157660355.6354.6354,2,"You are an assistant trained to detect early warning signs of toxic behavior in online conversations given only the summary of the conversation. Predict whether the conversation is likely to result in a personal attack later on. Provide your answer in the format 'ATTACK: YES/NO'

Conversation:
Summary: user1:  
  warmth: low  
  competence: high  
  explanation: User1 demonstrates low warmth by using a firm and directive tone, suggesting a lack of empathy or friendliness. However, they exhibit high competence by referencing specific guidelines and providing a clear rationale for their stance, indicating knowledge and authority on the matter.

user2:  
  warmth: low  
  competence: low  
  explanation: User2's response is brief and confrontational, showing low warmth due to the lack of engagement or attempt to understand the other party. Their competence is also perceived as low, as they do not provide any reasoning or evidence to support their position.",1,1,True,0.70751953125
158714043.10458.10458,2,"You are an assistant trained to detect early warning signs of toxic behavior in online conversations given only the summary of the conversation. Predict whether the conversation is likely to result in a personal attack later on. Provide your answer in the format 'ATTACK: YES/NO'

Conversation:
Summary: user1:  
  warmth: low  
  competence: high  
  explanation: User1 demonstrates high competence by providing a specific correction regarding a calculation error. However, the tone is somewhat apologetic yet direct, lacking expressions of empathy or friendliness, which suggests lower warmth in the interaction.",0,0,True,0.5703125
159670819.4392.4392,2,"You are an assistant trained to detect early warning signs of toxic behavior in online conversations given only the summary of the conversation. Predict whether the conversation is likely to result in a personal attack later on. Provide your answer in the format 'ATTACK: YES/NO'

Conversation:
Summary: user1:  
  warmth: low  
  competence: high  
  explanation: User1's message is direct and authoritative, focusing on guidelines and consensus, which suggests high competence. However, the tone is somewhat confrontational, lacking friendliness or empathy, indicating low warmth.

user2:  
  warmth: low  
  competence: low  
  explanation: User2's response is defensive and dismissive, questioning user1's authority and insisting on personal ownership of the article. This approach lacks openness and cooperation, reflecting low warmth, and disregards established guidelines, indicating low competence.",1,1,True,0.64990234375
159883671.18084.18084,2,"You are an assistant trained to detect early warning signs of toxic behavior in online conversations given only the summary of the conversation. Predict whether the conversation is likely to result in a personal attack later on. Provide your answer in the format 'ATTACK: YES/NO'

Conversation:
Summary: To accurately assess the conversation, I need more dialogue between the participants. The provided text appears to be a single statement without interaction between multiple participants. If you can provide additional context or dialogue, I'd be happy to help analyze it using the Stereotype Content Model.",0,1,False,0.576171875
160714876.922.922,2,"You are an assistant trained to detect early warning signs of toxic behavior in online conversations given only the summary of the conversation. Predict whether the conversation is likely to result in a personal attack later on. Provide your answer in the format 'ATTACK: YES/NO'

Conversation:
Summary: user1:  
  warmth: low  
  competence: high  
  explanation: User1 expresses disappointment and frustration, indicating low warmth due to the lack of positive or empathetic language. However, they reference upcoming articles in newspapers, suggesting they are informed and capable, which indicates high competence.",1,1,True,0.68701171875
160715023.3306.3306,2,"You are an assistant trained to detect early warning signs of toxic behavior in online conversations given only the summary of the conversation. Predict whether the conversation is likely to result in a personal attack later on. Provide your answer in the format 'ATTACK: YES/NO'

Conversation:
Summary: user1 (Yendor):
  warmth: low
  competence: high
  explanation: Yendor's tone is confrontational and defensive, indicating low warmth. However, the reference to Wikipedia editing rules suggests an understanding of the platform's guidelines, indicating high competence.

user2:
  warmth: low
  competence: high
  explanation: User2's actions, as described by Yendor, imply a lack of warmth due to perceived unilateral decision-making. The ability to edit Wikipedia entries and the implication of enforcing rules suggest high competence.",1,1,True,0.599609375
165299122.18938.18938,2,"You are an assistant trained to detect early warning signs of toxic behavior in online conversations given only the summary of the conversation. Predict whether the conversation is likely to result in a personal attack later on. Provide your answer in the format 'ATTACK: YES/NO'

Conversation:
Summary: To accurately assess the conversation using the Stereotype Content Model (SCM), we need to evaluate the perceived warmth and competence of each participant based on their contributions.

user1:
  warmth: high
  competence: high
  explanation: User1 invites community input and collaboration, indicating openness and friendliness, which suggests high warmth. Their structured approach to discussing article merges and providing specific links reflects high competence.

user2:
  warmth: low
  competence: low
  explanation: User2's brief statement lacks engagement or contribution to the discussion, suggesting low warmth. The lack of substantive input or context indicates low competence in the context of the conversation.",0,1,False,0.66357421875
166283943.13776.13776,2,"You are an assistant trained to detect early warning signs of toxic behavior in online conversations given only the summary of the conversation. Predict whether the conversation is likely to result in a personal attack later on. Provide your answer in the format 'ATTACK: YES/NO'

Conversation:
Summary: user1:
  warmth: high
  competence: high
  explanation: User1 demonstrates high warmth by expressing willingness to collaborate and find a middle ground, despite initial criticism. They also show high competence by critically evaluating sources and suggesting improvements, indicating a thorough understanding of the topic and a constructive approach to resolving the issue.",1,0,False,0.77392578125
168890548.4040.4040,2,"You are an assistant trained to detect early warning signs of toxic behavior in online conversations given only the summary of the conversation. Predict whether the conversation is likely to result in a personal attack later on. Provide your answer in the format 'ATTACK: YES/NO'

Conversation:
Summary: user1:
  warmth: low
  competence: high
  explanation: User1's message is procedural and cautionary, focusing on rules and guidelines. The tone is formal and lacks personal engagement, indicating low warmth. However, the message demonstrates a clear understanding of the rules, suggesting high competence.

user2:
  warmth: low
  competence: high
  explanation: User2's response is defensive and confrontational, showing frustration and a lack of empathy, which indicates low warmth. The user asserts knowledge of the issue and rules, demonstrating confidence and understanding, which suggests high competence.",1,1,True,0.7431640625
169575026.2743.2743,2,"You are an assistant trained to detect early warning signs of toxic behavior in online conversations given only the summary of the conversation. Predict whether the conversation is likely to result in a personal attack later on. Provide your answer in the format 'ATTACK: YES/NO'

Conversation:
Summary: To accurately assess the conversation using the Stereotype Content Model, I need more context or additional dialogue from each participant. The current conversation snippet is too brief to determine the perceived warmth and competence of the participants. If you can provide more of the conversation, I'd be happy to help with the analysis.",0,0,True,0.5732421875
171002850.8201.8201,2,"You are an assistant trained to detect early warning signs of toxic behavior in online conversations given only the summary of the conversation. Predict whether the conversation is likely to result in a personal attack later on. Provide your answer in the format 'ATTACK: YES/NO'

Conversation:
Summary: user1:  
  warmth: high  
  competence: high  
  explanation: User1 expresses gratitude and engages in a thoughtful discussion, suggesting a positive and open demeanor. Their curiosity about the editing pattern indicates analytical thinking and competence.

user2:  
  warmth: high  
  competence: high  
  explanation: User2 responds with a friendly and speculative tone, indicating openness and engagement. Their reference to existing discussions suggests awareness and familiarity with the context, reflecting competence.",0,0,True,0.51806640625
171453628.1091.1091,2,"You are an assistant trained to detect early warning signs of toxic behavior in online conversations given only the summary of the conversation. Predict whether the conversation is likely to result in a personal attack later on. Provide your answer in the format 'ATTACK: YES/NO'

Conversation:
Summary: user1:  
  warmth: high  
  competence: high  
  explanation: User1 demonstrates high warmth by sharing helpful information and considering user2's interests. Their competence is high as they provide clear instructions and contribute to improving the resource.

user2:  
  warmth: high  
  competence: high  
  explanation: User2 shows high warmth by appreciating user1's contribution and providing positive feedback. Their competence is high as they engage with the content thoughtfully and express an understanding of the changes made.",1,0,False,0.71826171875
172602954.25312.25312,2,"You are an assistant trained to detect early warning signs of toxic behavior in online conversations given only the summary of the conversation. Predict whether the conversation is likely to result in a personal attack later on. Provide your answer in the format 'ATTACK: YES/NO'

Conversation:
Summary: user1:  
  warmth: low  
  competence: high  
  explanation: User1 exhibits low warmth due to their critical and confrontational tone, using phrases like ""run wild"" and ""OBSESSED"" to describe others. Their competence is perceived as high because they provide detailed arguments and references to linguistic and historical evidence, suggesting a well-informed perspective.",0,1,False,0.53662109375
173254537.1759.1759,2,"You are an assistant trained to detect early warning signs of toxic behavior in online conversations given only the summary of the conversation. Predict whether the conversation is likely to result in a personal attack later on. Provide your answer in the format 'ATTACK: YES/NO'

Conversation:
Summary: user1:  
  warmth: low  
  competence: low  
  explanation: User1's language is informal and dismissive, suggesting a lack of warmth. The message's structure and grammar indicate a lack of attention to detail, contributing to a perception of low competence.

user2:  
  warmth: high  
  competence: high  
  explanation: User2 expresses confusion in a polite and constructive manner, indicating high warmth. The reference to past contributions suggests an understanding of the context and an ability to evaluate changes, reflecting high competence.",0,1,False,0.56005859375
176567566.14408.14408,2,"You are an assistant trained to detect early warning signs of toxic behavior in online conversations given only the summary of the conversation. Predict whether the conversation is likely to result in a personal attack later on. Provide your answer in the format 'ATTACK: YES/NO'

Conversation:
Summary: user1:  
  warmth: low  
  competence: high  
  explanation: User1 demonstrates a strong understanding of the issue and provides a detailed argument for their position, indicating high competence. However, their tone is assertive and critical, lacking expressions of empathy or collaboration, which suggests low warmth.

user2:  
  warmth: high  
  competence: high  
  explanation: User2 provides a reasoned explanation for the current state of the graphs and suggests a practical solution, indicating high competence. Their response is informative and non-confrontational, showing a willingness to engage constructively, which reflects high warmth.",1,0,False,0.78173828125
180191077.3470.3470,2,"You are an assistant trained to detect early warning signs of toxic behavior in online conversations given only the summary of the conversation. Predict whether the conversation is likely to result in a personal attack later on. Provide your answer in the format 'ATTACK: YES/NO'

Conversation:
Summary: user1:  
  warmth: low  
  competence: high  
  explanation: User1's tone is critical and accusatory, suggesting low warmth as they imply manipulation. However, they demonstrate high competence by providing a detailed analysis of the situation and understanding the dynamics of the discussion process.

user2:  
  warmth: high  
  competence: high  
  explanation: User2 responds politely and thanks user1, indicating high warmth. They also provide a logical explanation of their actions, showing an understanding of the process and maintaining high competence.",1,1,True,0.7197265625
180902214.9654.9654,2,"You are an assistant trained to detect early warning signs of toxic behavior in online conversations given only the summary of the conversation. Predict whether the conversation is likely to result in a personal attack later on. Provide your answer in the format 'ATTACK: YES/NO'

Conversation:
Summary: user1:  
  warmth: low  
  competence: high  
  explanation: User1 demonstrates high competence by referencing specific actions and decisions regarding the article, showing understanding of the process. However, their tone is direct and critical, indicating low warmth as they focus on procedural correctness rather than interpersonal engagement.

user2:  
  warmth: high  
  competence: high  
  explanation: User2 displays high warmth by expressing encouragement and understanding, acknowledging the challenges of the situation. They also show high competence by discussing the process and the importance of making a good argument, indicating familiarity with the procedures and dynamics involved.",0,0,True,0.7998046875
182195722.17081.17081,2,"You are an assistant trained to detect early warning signs of toxic behavior in online conversations given only the summary of the conversation. Predict whether the conversation is likely to result in a personal attack later on. Provide your answer in the format 'ATTACK: YES/NO'

Conversation:
Summary: To provide an assessment, I need more of the conversation to evaluate the participants' warmth and competence accurately. Please provide additional dialogue or context.",0,0,True,0.7919921875
182681667.10897.10897,2,"You are an assistant trained to detect early warning signs of toxic behavior in online conversations given only the summary of the conversation. Predict whether the conversation is likely to result in a personal attack later on. Provide your answer in the format 'ATTACK: YES/NO'

Conversation:
Summary: user1:  
  warmth: low  
  competence: high  
  explanation: User1 expresses dissatisfaction and reluctance, indicating low warmth. However, they demonstrate competence by acknowledging the need to resolve the issue, providing a relevant link, and understanding the arguments involved. Their structured approach and willingness to address the matter suggest high competence despite the lack of warmth in their tone.",0,1,False,0.52978515625
183625284.22030.22030,2,"You are an assistant trained to detect early warning signs of toxic behavior in online conversations given only the summary of the conversation. Predict whether the conversation is likely to result in a personal attack later on. Provide your answer in the format 'ATTACK: YES/NO'

Conversation:
Summary: To assess the conversation using the Stereotype Content Model (SCM), I need more dialogue from both participants to accurately evaluate their perceived warmth and competence. The SCM framework requires analyzing the tone, language, and interaction style of each participant. Please provide additional exchanges between user1 and user2 to proceed with the assessment.",0,0,True,0.70751953125
183659104.7892.7892,2,"You are an assistant trained to detect early warning signs of toxic behavior in online conversations given only the summary of the conversation. Predict whether the conversation is likely to result in a personal attack later on. Provide your answer in the format 'ATTACK: YES/NO'

Conversation:
Summary: I'm unable to provide an analysis of the conversation as it only includes a single participant. If you have a conversation with multiple participants, please provide that for analysis.",0,1,False,0.52783203125
187051677.3504.3504,2,"You are an assistant trained to detect early warning signs of toxic behavior in online conversations given only the summary of the conversation. Predict whether the conversation is likely to result in a personal attack later on. Provide your answer in the format 'ATTACK: YES/NO'

Conversation:
Summary: user1:
  warmth: low
  competence: high
  explanation: User1's directive to read a link and dismiss the argument suggests low warmth, as it lacks empathy or engagement. However, suggesting a source for resolution indicates high competence, as it shows an ability to find and provide information.

user2:
  warmth: low
  competence: high
  explanation: User2's response of emailing articles implies a dismissive tone, indicating low warmth. However, the action of sending articles demonstrates high competence, as it reflects initiative and resourcefulness in providing information.",0,1,False,0.69091796875
187593891.16260.16260,2,"You are an assistant trained to detect early warning signs of toxic behavior in online conversations given only the summary of the conversation. Predict whether the conversation is likely to result in a personal attack later on. Provide your answer in the format 'ATTACK: YES/NO'

Conversation:
Summary: user1 (S_0):
  warmth: low
  competence: high
  explanation: User1 demonstrates high competence by providing specific information and sources, but their tone is confrontational and dismissive, indicating low warmth. They insist on adding content and challenge others, showing determination but limited empathy or collaboration.

user2 (S_1):
  warmth: high
  competence: high
  explanation: User2 displays high warmth and competence by asking for proper sourcing and showing openness to adding content if verified. They maintain a collaborative and constructive tone, emphasizing the need for credible information.

user3 (S_2):
  warmth: low
  competence: high
  explanation: User3 shows high competence by emphasizing the importance of reliable sources and providing links for guidance. However, their directive tone and threat of deletion suggest low warmth, focusing more on rules than on engaging with others.

user4 (S_3):
  warmth: low
  competence: high
  explanation: User4 exhibits high competence by maintaining a critical stance on the need for substantial content before inclusion. Their dismissive tone and lack of engagement with others' perspectives indicate low warmth.",1,1,True,0.55859375
187896198.904.904,2,"You are an assistant trained to detect early warning signs of toxic behavior in online conversations given only the summary of the conversation. Predict whether the conversation is likely to result in a personal attack later on. Provide your answer in the format 'ATTACK: YES/NO'

Conversation:
Summary: user1:  
  warmth: low  
  competence: high  
  explanation: User1 demonstrates high competence by highlighting their extensive contributions and expertise in creating and editing articles. However, their tone comes across as self-promotional and somewhat dismissive of others' efforts, which may be perceived as low warmth. They express frustration and a sense of entitlement, which can detract from perceived warmth despite their significant contributions.",0,0,True,0.61376953125
188050038.981.981,2,"You are an assistant trained to detect early warning signs of toxic behavior in online conversations given only the summary of the conversation. Predict whether the conversation is likely to result in a personal attack later on. Provide your answer in the format 'ATTACK: YES/NO'

Conversation:
Summary: user1:  
  warmth: low  
  competence: high  
  explanation: User1 exhibits low warmth by being confrontational and critical, focusing on the lack of evidence and citation. Their competence is high as they emphasize the importance of credible sources and verification, demonstrating a clear understanding of the need for reliable information.

user2:  
  warmth: low  
  competence: high  
  explanation: User2 displays low warmth by being defensive and dismissive of user1's concerns. Their competence is high, as they attempt to clarify their point and argue for the validity of their statement, albeit without providing the requested evidence.",1,1,True,0.90576171875
188854330.5411.5411,2,"You are an assistant trained to detect early warning signs of toxic behavior in online conversations given only the summary of the conversation. Predict whether the conversation is likely to result in a personal attack later on. Provide your answer in the format 'ATTACK: YES/NO'

Conversation:
Summary: user1:  
  warmth: high  
  competence: high  
  explanation: User1 expresses gratitude and a willingness to participate constructively in discussions, indicating high warmth. Their intention to be involved in discussions and understanding of the situation suggests high competence. They acknowledge the explanation provided by user2 and show a collaborative attitude, further supporting the perception of both warmth and competence.

user2:  
  warmth: high  
  competence: high  
  explanation: User2 is perceived as high in warmth for providing explanations and engaging in a discussion that user1 appreciates. Their ability to clarify the situation and contribute to the conversation effectively suggests high competence. The interaction indicates a respectful and informative exchange, enhancing the perception of both warmth and competence.",0,0,True,0.62646484375
189432225.0.0,2,"You are an assistant trained to detect early warning signs of toxic behavior in online conversations given only the summary of the conversation. Predict whether the conversation is likely to result in a personal attack later on. Provide your answer in the format 'ATTACK: YES/NO'

Conversation:
Summary: user1:  
  warmth: high  
  competence: high  
  explanation: User1 expresses gratitude and requests patience, indicating a polite and considerate demeanor. Their mention of actively working on finding sources suggests a proactive and capable approach, reflecting high competence.",1,0,False,0.8115234375
190740331.1181.1181,2,"You are an assistant trained to detect early warning signs of toxic behavior in online conversations given only the summary of the conversation. Predict whether the conversation is likely to result in a personal attack later on. Provide your answer in the format 'ATTACK: YES/NO'

Conversation:
Summary: user1:
  warmth: low
  competence: high
  explanation: User1 demonstrates low warmth by issuing a warning and focusing on rule enforcement, which can be perceived as confrontational. However, their competence is high as they clearly understand the rules and articulate the consequences of further violations.

user2:
  warmth: low
  competence: high
  explanation: User2 exhibits low warmth through their critical tone towards the admin's actions. Their competence is high, as they reference appropriate procedures and seek resolution through discussion, indicating an understanding of the process.",1,1,True,0.78076171875
193002106.7341.7341,2,"You are an assistant trained to detect early warning signs of toxic behavior in online conversations given only the summary of the conversation. Predict whether the conversation is likely to result in a personal attack later on. Provide your answer in the format 'ATTACK: YES/NO'

Conversation:
Summary: user1:  
  warmth: low  
  competence: high  
  explanation: User1's language is accusatory and confrontational, indicating low warmth. However, their reference to valid and referenced content suggests a good understanding of the subject, indicating high competence.

user2:  
  warmth: low  
  competence: high  
  explanation: User2 responds defensively and with a correction, showing low warmth. Their mention of Wikipedia policy and the need for familiarity with it suggests they have a good grasp of the rules, indicating high competence.",1,1,True,0.6357421875
193649667.12093.12093,2,"You are an assistant trained to detect early warning signs of toxic behavior in online conversations given only the summary of the conversation. Predict whether the conversation is likely to result in a personal attack later on. Provide your answer in the format 'ATTACK: YES/NO'

Conversation:
Summary: user1:  
  warmth: low  
  competence: high  
  explanation: User1's message is direct and lacks empathetic language, indicating low warmth. However, they demonstrate high competence by providing detailed information about the rules and potential consequences, suggesting a strong understanding of the situation.

user2:  
  warmth: N/A  
  competence: N/A  
  explanation: User2 does not participate in the conversation, so their warmth and competence cannot be assessed.",1,0,False,0.90380859375
194329616.40576.40576,2,"You are an assistant trained to detect early warning signs of toxic behavior in online conversations given only the summary of the conversation. Predict whether the conversation is likely to result in a personal attack later on. Provide your answer in the format 'ATTACK: YES/NO'

Conversation:
Summary: user1:
  warmth: high
  competence: high
  explanation: User1 expresses a desire for balance and fairness, advocating for a comprehensive representation of differing views. Their approach to resolving conflict and encouraging a fresh start indicates high warmth. Their understanding of the need for neutrality and structured debate suggests high competence.

user2:
  warmth: low
  competence: high
  explanation: User2 maintains a calm demeanor but critiques user1's approach, indicating lower warmth. Their commitment to improving the article and mentoring another participant reflects high competence, as they demonstrate dedication and a strategic approach to content stability.",1,1,True,0.79248046875
195620756.479.479,2,"You are an assistant trained to detect early warning signs of toxic behavior in online conversations given only the summary of the conversation. Predict whether the conversation is likely to result in a personal attack later on. Provide your answer in the format 'ATTACK: YES/NO'

Conversation:
Summary: user1:  
  warmth: low  
  competence: high  
  explanation: User1 exhibits low warmth due to a confrontational tone and defensive stance regarding the deletion of links. However, they demonstrate high competence by referencing their experience as a beta tester and community developer, indicating knowledge and involvement in the community.

user2:  
  warmth: N/A  
  competence: N/A  
  explanation: There is no contribution from user2 in the provided conversation, so their warmth and competence cannot be assessed.",0,0,True,0.8671875
195996613.1445.1445,2,"You are an assistant trained to detect early warning signs of toxic behavior in online conversations given only the summary of the conversation. Predict whether the conversation is likely to result in a personal attack later on. Provide your answer in the format 'ATTACK: YES/NO'

Conversation:
Summary: To assess the conversation using the Stereotype Content Model:

user1:
  warmth: low
  competence: high
  explanation: User1's inquiry is direct and lacks any social niceties, indicating low warmth. However, the ability to identify a problem and seek a solution suggests high competence.

user2:
  warmth: low
  competence: high
  explanation: User2's response is playful but includes a self-deprecating remark about ""wikistalking,"" which may come off as intrusive, indicating low warmth. The use of external resources suggests high competence.",0,1,False,0.69921875
200010654.10432.10432,2,"You are an assistant trained to detect early warning signs of toxic behavior in online conversations given only the summary of the conversation. Predict whether the conversation is likely to result in a personal attack later on. Provide your answer in the format 'ATTACK: YES/NO'

Conversation:
Summary: To accurately assess the conversation using the Stereotype Content Model (SCM), I would need more context or additional dialogue to evaluate the participants' warmth and competence. The provided conversation snippet is too limited for a thorough analysis. If you can provide more of the conversation, I would be happy to assist further.",0,0,True,0.68603515625
20104457.739.739,2,"You are an assistant trained to detect early warning signs of toxic behavior in online conversations given only the summary of the conversation. Predict whether the conversation is likely to result in a personal attack later on. Provide your answer in the format 'ATTACK: YES/NO'

Conversation:
Summary: user1:  
  warmth: high  
  competence: high  
  explanation: The participant demonstrates high warmth by emphasizing the importance of patience, humility, and listening to all parties involved, suggesting a considerate and inclusive approach. Their competence is also perceived as high, as they articulate a clear understanding of the deletion process and advocate for a balanced, thoughtful approach, indicating expertise and confidence in handling complex situations.",1,0,False,0.8984375
202566741.4439.4439,2,"You are an assistant trained to detect early warning signs of toxic behavior in online conversations given only the summary of the conversation. Predict whether the conversation is likely to result in a personal attack later on. Provide your answer in the format 'ATTACK: YES/NO'

Conversation:
Summary: user1:
  warmth: high
  competence: high
  explanation: User1 expresses a friendly and considerate tone by sharing personal news and extending best wishes, indicating high warmth. Their competence is high as they demonstrate self-awareness and seek feedback on their work, showing confidence and professionalism.

user2:
  warmth: high
  competence: high
  explanation: User2 responds with enthusiasm and positive reinforcement, indicating high warmth. Their use of creative adjectives suggests an appreciation for originality, reflecting high competence in recognizing and valuing unique contributions.",0,0,True,0.58447265625
202674525.22385.22385,2,"You are an assistant trained to detect early warning signs of toxic behavior in online conversations given only the summary of the conversation. Predict whether the conversation is likely to result in a personal attack later on. Provide your answer in the format 'ATTACK: YES/NO'

Conversation:
Summary: user1:  
  warmth: high  
  competence: low  
  explanation: User1 demonstrates high warmth by politely requesting the removal of the tag and expressing a willingness to understand user2's perspective. However, their competence is perceived as low because they defer to user2's judgment, indicating uncertainty about the situation.

user2:  
  warmth: low  
  competence: high  
  explanation: User2 exhibits low warmth by directly refusing the request without additional explanation or empathy. Their competence is high as they confidently assert the necessity of the tag, indicating a clear understanding of the situation.",1,1,True,0.81982421875
203483248.64123.64123,2,"You are an assistant trained to detect early warning signs of toxic behavior in online conversations given only the summary of the conversation. Predict whether the conversation is likely to result in a personal attack later on. Provide your answer in the format 'ATTACK: YES/NO'

Conversation:
Summary: user1:  
  warmth: low  
  competence: high  
  explanation: User1 expresses frustration and criticism towards the writing quality and perceived bias, indicating low warmth. However, their ability to identify specific issues and suggest improvements reflects high competence.

user2:  
  warmth: low  
  competence: high  
  explanation: User2 criticizes another participant's contributions, focusing on perceived biases and errors, which suggests low warmth. Their detailed critique and understanding of the issues indicate high competence.

user3:  
  warmth: high  
  competence: high  
  explanation: User3 communicates in a friendly and constructive manner, showing high warmth. They describe their methodical approach to revising the article and acknowledge the collaborative process, demonstrating high competence.",1,1,True,0.51904296875
204134114.13536.13536,2,"You are an assistant trained to detect early warning signs of toxic behavior in online conversations given only the summary of the conversation. Predict whether the conversation is likely to result in a personal attack later on. Provide your answer in the format 'ATTACK: YES/NO'

Conversation:
Summary: user1:  
  warmth: low  
  competence: low  
  explanation: User1's brief question lacks any indicators of warmth or competence. The question is direct and does not provide enough context to assess their knowledge or friendliness.

user2:  
  warmth: high  
  competence: high  
  explanation: User2 provides a supportive response, indicating a willingness to engage positively, which suggests high warmth. They also acknowledge potential challenges and demonstrate an understanding of the situation, indicating high competence.",0,0,True,0.669921875
20532629.14610.14610,2,"You are an assistant trained to detect early warning signs of toxic behavior in online conversations given only the summary of the conversation. Predict whether the conversation is likely to result in a personal attack later on. Provide your answer in the format 'ATTACK: YES/NO'

Conversation:
Summary: user1 (S_0):
  warmth: high
  competence: high
  explanation: User1 demonstrates high warmth by expressing gratitude and acknowledgment (""Thanks, and noted""). Their competence is high as they correctly identify a formatting issue and communicate it clearly.

user2 (S_1):
  warmth: high
  competence: high
  explanation: User2 shows high warmth by responding politely and constructively (""OK, I fixed it"") and provides helpful guidance for future actions, indicating high competence in understanding and addressing the issue.

user3 (S_2):
  warmth: high
  competence: low
  explanation: User3 displays high warmth by expressing gratitude (""Thanks, and noted""), but their competence is low as they merely repeat User1's response without adding new information or demonstrating understanding.",0,0,True,0.560546875
20580006.15379.15379,2,"You are an assistant trained to detect early warning signs of toxic behavior in online conversations given only the summary of the conversation. Predict whether the conversation is likely to result in a personal attack later on. Provide your answer in the format 'ATTACK: YES/NO'

Conversation:
Summary: user1:  
  warmth: low  
  competence: high  
  explanation: User1's comment appears dismissive and sarcastic, suggesting low warmth. However, their ability to identify and comment on the phrasing of a political event indicates a high level of competence in understanding the context.

user2:  
  warmth: high  
  competence: high  
  explanation: User2 responds constructively by making a change and asking for feedback, indicating high warmth. Their action of editing the phrasing to address user1's concern demonstrates high competence in handling the situation effectively.",1,1,True,0.54345703125
209313050.10256.10256,2,"You are an assistant trained to detect early warning signs of toxic behavior in online conversations given only the summary of the conversation. Predict whether the conversation is likely to result in a personal attack later on. Provide your answer in the format 'ATTACK: YES/NO'

Conversation:
Summary: user1:  
  warmth: low  
  competence: high  
  explanation: User1 demonstrates high competence by providing detailed explanations and referencing guidelines to support their actions. However, their tone is confrontational and dismissive, which suggests low warmth. They focus on maintaining the status quo and emphasize adherence to existing guidelines.

user2:  
  warmth: low  
  competence: moderate  
  explanation: User2 shows moderate competence by referencing guidelines and defending their position, but their arguments are less detailed. Their tone is defensive and accusatory, indicating low warmth. They focus on their own perspective without acknowledging the other's contributions or concerns.",0,1,False,0.8349609375
209755041.7801.7801,2,"You are an assistant trained to detect early warning signs of toxic behavior in online conversations given only the summary of the conversation. Predict whether the conversation is likely to result in a personal attack later on. Provide your answer in the format 'ATTACK: YES/NO'

Conversation:
Summary: user1:  
  warmth: high  
  competence: high  
  explanation: User1 demonstrates high warmth by expressing a collaborative and trusting attitude, inviting user2 to help and showing optimism about the contributions of others. Their competence is high as they show awareness of the article's needs and a plan for improving it, indicating knowledge and initiative.

user2:  
  warmth: high  
  competence: high  
  explanation: User2 displays high warmth by responding positively and agreeing to help, showing willingness and cooperation. Their competence is high as they manage their time effectively, indicating reliability and capability in handling tasks.",1,0,False,0.81298828125
209905957.8322.8322,2,"You are an assistant trained to detect early warning signs of toxic behavior in online conversations given only the summary of the conversation. Predict whether the conversation is likely to result in a personal attack later on. Provide your answer in the format 'ATTACK: YES/NO'

Conversation:
Summary: user1:
  warmth: low
  competence: high
  explanation: User1's messages are direct and focused on a task, showing competence in managing the situation. However, the tone is somewhat brusque and lacks expressions of friendliness or empathy, which results in a perception of low warmth.

user2:
  warmth: high
  competence: low
  explanation: User2's response is brief but polite, using ""Gracias"" to express gratitude. This indicates high warmth due to the friendly tone. However, the lack of additional input or engagement with the task suggests low competence in this context.",0,1,False,0.82958984375
21203243.49.2,2,"You are an assistant trained to detect early warning signs of toxic behavior in online conversations given only the summary of the conversation. Predict whether the conversation is likely to result in a personal attack later on. Provide your answer in the format 'ATTACK: YES/NO'

Conversation:
Summary: user1:  
  warmth: low  
  competence: low  
  explanation: User1's abrupt departure without engaging in conversation suggests a lack of warmth. The absence of any meaningful contribution or context implies low competence in the discussion.

user2:  
  warmth: low  
  competence: high  
  explanation: User2's comment about vandalism indicates a lack of warmth due to its accusatory nature. However, the ability to identify and address inappropriate behavior demonstrates high competence in managing the conversation.",1,1,True,0.76513671875
21267717.3144.3144,2,"You are an assistant trained to detect early warning signs of toxic behavior in online conversations given only the summary of the conversation. Predict whether the conversation is likely to result in a personal attack later on. Provide your answer in the format 'ATTACK: YES/NO'

Conversation:
Summary: user1:
  warmth: low
  competence: high
  explanation: User1's reaction to the news of a ban with amusement suggests a lack of empathy, indicating low warmth. However, their ability to quickly process and respond to the situation implies high competence.

user2:
  warmth: high
  competence: low
  explanation: User2 is not present in the conversation, so their warmth and competence cannot be directly assessed. However, the absence of additional context or responses from another participant suggests a lack of engagement, which could imply low competence in this interaction.",0,0,True,0.7099609375
212833490.38915.38915,2,"You are an assistant trained to detect early warning signs of toxic behavior in online conversations given only the summary of the conversation. Predict whether the conversation is likely to result in a personal attack later on. Provide your answer in the format 'ATTACK: YES/NO'

Conversation:
Summary: To assess the conversation using the Stereotype Content Model, we need more context or additional dialogue from the participants. The provided excerpt is too brief to accurately determine the perceived warmth and competence of the participants. If you can provide more of the conversation, I would be able to give a more informed analysis.",0,0,True,0.65234375
215648991.2368.2368,2,"You are an assistant trained to detect early warning signs of toxic behavior in online conversations given only the summary of the conversation. Predict whether the conversation is likely to result in a personal attack later on. Provide your answer in the format 'ATTACK: YES/NO'

Conversation:
Summary: user1:  
  warmth: low  
  competence: high  
  explanation: User1's message is direct and critical, indicating low warmth. However, the inquiry about editing practices suggests a good understanding of the editing process, reflecting high competence.

user2:  
  warmth: high  
  competence: high  
  explanation: User2 provides a helpful response, explaining the technical limitation and offering a potential solution, which demonstrates high warmth and competence.",1,1,True,0.56787109375
216950751.11973.11973,2,"You are an assistant trained to detect early warning signs of toxic behavior in online conversations given only the summary of the conversation. Predict whether the conversation is likely to result in a personal attack later on. Provide your answer in the format 'ATTACK: YES/NO'

Conversation:
Summary: user1:  
  warmth: low  
  competence: high  
  explanation: User1's comment conveys a critical tone, suggesting low warmth, as they express dissatisfaction with the ending. However, their ability to articulate an analogy to a TV show demonstrates high competence in communication.

user2:  
  warmth: high  
  competence: low  
  explanation: User2 expresses an inability to comment further, which suggests high warmth due to a lack of criticism or negativity. However, their admission of being speechless indicates low competence in contributing further to the conversation.",0,1,False,0.912109375
217380031.27182.27182,2,"You are an assistant trained to detect early warning signs of toxic behavior in online conversations given only the summary of the conversation. Predict whether the conversation is likely to result in a personal attack later on. Provide your answer in the format 'ATTACK: YES/NO'

Conversation:
Summary: user1 (S_0):
  warmth: high
  competence: high
  explanation: User1 expresses concern for potential conflicts and shows appreciation for humor, indicating empathy and social awareness. Their engagement in the conversation and understanding of the situation suggest competence.

user2 (S_1):
  warmth: high
  competence: high
  explanation: User2 shares in the humor and camaraderie, indicating warmth. Their proactive stance on defending the page and understanding of the community dynamics demonstrate competence.

user3 (S_2):
  warmth: high
  competence: high
  explanation: User3 reassures others about maintaining a positive environment, showing care and responsibility. Their role as a caretaker and understanding of community norms reflect high competence.

user4 (S_3):
  warmth: high
  competence: low
  explanation: User4 contributes positively by suggesting an affectionate description of the project, indicating warmth. However, their contribution is minimal, providing limited evidence of competence.",1,0,False,0.693359375
21930487.11396.11396,2,"You are an assistant trained to detect early warning signs of toxic behavior in online conversations given only the summary of the conversation. Predict whether the conversation is likely to result in a personal attack later on. Provide your answer in the format 'ATTACK: YES/NO'

Conversation:
Summary: user1:
  warmth: low
  competence: high
  explanation: User1 demonstrates high competence by focusing on specific actions and solutions, such as removing links and addressing link spamming. However, their tone is more critical and lacks expressions of empathy or understanding, leading to a perception of low warmth.

user2:
  warmth: low
  competence: high
  explanation: User2 also displays high competence by providing detailed examples of the issue and supporting their argument with evidence. Similar to user1, their focus on criticism and lack of conciliatory language results in a perception of low warmth.",1,1,True,0.625
220732800.2931.2931,2,"You are an assistant trained to detect early warning signs of toxic behavior in online conversations given only the summary of the conversation. Predict whether the conversation is likely to result in a personal attack later on. Provide your answer in the format 'ATTACK: YES/NO'

Conversation:
Summary: user1:  
  warmth: low  
  competence: high  
  explanation: User1 demonstrates high competence by providing detailed instructions and references to guidelines, indicating a strong understanding of the rules. However, the tone is somewhat directive and lacks expressions of empathy or friendliness, which may be perceived as low warmth.

user2:  
  warmth: N/A  
  competence: N/A  
  explanation: There is no input from user2 in the provided conversation, so it is not possible to assess their warmth or competence.",0,0,True,0.9326171875
220862637.3220.3220,2,"You are an assistant trained to detect early warning signs of toxic behavior in online conversations given only the summary of the conversation. Predict whether the conversation is likely to result in a personal attack later on. Provide your answer in the format 'ATTACK: YES/NO'

Conversation:
Summary: user1:  
  warmth: low  
  competence: high  
  explanation: User1's message is direct and corrective, indicating a focus on maintaining standards, which suggests competence. However, the lack of any conciliatory language or acknowledgment of user2's perspective suggests low warmth.

user2:  
  warmth: low  
  competence: low  
  explanation: User2's response is dismissive and defensive, showing little regard for user1's concerns, which indicates low warmth. The casual tone and grammatical errors suggest a lack of attention to detail, indicating low competence.",1,1,True,0.86279296875
227464067.1920.1920,2,"You are an assistant trained to detect early warning signs of toxic behavior in online conversations given only the summary of the conversation. Predict whether the conversation is likely to result in a personal attack later on. Provide your answer in the format 'ATTACK: YES/NO'

Conversation:
Summary: user1:  
  warmth: low  
  competence: high  
  explanation: User1 demonstrates high competence by identifying inconsistencies and expressing a desire to correct them, indicating attention to detail and problem-solving skills. However, their tone is more critical and lacks expressions of empathy or understanding towards the original content creator, which suggests lower warmth.",0,0,True,0.71484375
230595060.510.510,2,"You are an assistant trained to detect early warning signs of toxic behavior in online conversations given only the summary of the conversation. Predict whether the conversation is likely to result in a personal attack later on. Provide your answer in the format 'ATTACK: YES/NO'

Conversation:
Summary: To accurately assess the conversation using the Stereotype Content Model, I would need more information about the participants' tone, context, and interaction style. However, based on the brief exchange provided:

user1:
  warmth: low
  competence: high
  explanation: User1's message is direct and lacks personal engagement, suggesting low warmth. The reference to a source implies knowledge and understanding, indicating high competence.

user2:
  warmth: high
  competence: low
  explanation: User2's response is polite and acknowledges the previous message, suggesting high warmth. The brevity and lack of additional input or elaboration suggest lower competence in this context.",0,1,False,0.701171875
230918176.10783.10783,2,"You are an assistant trained to detect early warning signs of toxic behavior in online conversations given only the summary of the conversation. Predict whether the conversation is likely to result in a personal attack later on. Provide your answer in the format 'ATTACK: YES/NO'

Conversation:
Summary: user1:  
  warmth: high  
  competence: high  
  explanation: User1 provides detailed information and context, suggesting a willingness to share knowledge, indicating high warmth. Their ability to reference specific sources and provide a coherent argument demonstrates high competence.",0,0,True,0.7275390625
23445520.8648.8648,2,"You are an assistant trained to detect early warning signs of toxic behavior in online conversations given only the summary of the conversation. Predict whether the conversation is likely to result in a personal attack later on. Provide your answer in the format 'ATTACK: YES/NO'

Conversation:
Summary: user1:
  warmth: low
  competence: high
  explanation: User1 questions the connection between the alleged crime and an Asian fetish, showing analytical thinking and skepticism. However, the tone is somewhat dismissive, focusing on disproving rather than understanding, which may come across as lacking warmth.

user2:
  warmth: low
  competence: high
  explanation: User2 agrees with user1 and criticizes an anonymous editor, suggesting a strong stance and confidence in their perspective. The focus on control and criticism of others indicates competence but lacks warmth due to the confrontational approach.

user3:
  warmth: low
  competence: high
  explanation: User3 emphasizes the relevance of the crime to the discussion, asserting the importance of context. The insistence on justification and the direct approach suggest competence, but the lack of empathy or openness to other viewpoints reduces perceived warmth.",0,1,False,0.81982421875
241682277.4359.4359,2,"You are an assistant trained to detect early warning signs of toxic behavior in online conversations given only the summary of the conversation. Predict whether the conversation is likely to result in a personal attack later on. Provide your answer in the format 'ATTACK: YES/NO'

Conversation:
Summary: To provide an accurate assessment using the Stereotype Content Model (SCM), I would need more of the conversation to evaluate the participants' warmth and competence. The SCM framework assesses perceived warmth based on friendliness, trustworthiness, and intentions, while competence is judged by perceived capability, skill, and effectiveness. Please provide additional context or more dialogue for a thorough analysis.",0,0,True,0.7919921875
241750239.99787.99787,2,"You are an assistant trained to detect early warning signs of toxic behavior in online conversations given only the summary of the conversation. Predict whether the conversation is likely to result in a personal attack later on. Provide your answer in the format 'ATTACK: YES/NO'

Conversation:
Summary: user1:
  warmth: low
  competence: high
  explanation: User1's tone is dismissive and critical, indicating low warmth. However, they demonstrate competence by referencing previous discussions and providing a clear stance on the issue.

user2:
  warmth: high
  competence: high
  explanation: User2 acknowledges the information and expresses gratitude, indicating high warmth. They also analyze the situation thoughtfully and propose a solution, demonstrating high competence.",0,1,False,0.56494140625
243147704.30501.30501,2,"You are an assistant trained to detect early warning signs of toxic behavior in online conversations given only the summary of the conversation. Predict whether the conversation is likely to result in a personal attack later on. Provide your answer in the format 'ATTACK: YES/NO'

Conversation:
Summary: user1:  
  warmth: low  
  competence: high  
  explanation: The participant exhibits low warmth by using a direct and somewhat dismissive tone, indicating a lack of openness to collaboration. However, they demonstrate high competence by discussing technical aspects of image quality and expressing confidence in their decision to proceed with the collage, suggesting knowledge and capability in handling the situation.",0,0,True,0.609375
247506317.922.922,2,"You are an assistant trained to detect early warning signs of toxic behavior in online conversations given only the summary of the conversation. Predict whether the conversation is likely to result in a personal attack later on. Provide your answer in the format 'ATTACK: YES/NO'

Conversation:
Summary: user1:  
  warmth: high  
  competence: high  
  explanation: User1 demonstrates warmth by offering best wishes and providing advice in a friendly manner. Their competence is high as they identify and address a potential issue with a clear understanding of the situation, suggesting a solution to avoid future problems.

user2:  
  warmth: high  
  competence: high  
  explanation: User2 shows warmth through humor and a friendly tone, acknowledging the situation with an apology. Their competence is high, as they explain their absence and the resulting confusion, indicating awareness and responsibility for their actions.",0,0,True,0.55859375
248407222.747.747,2,"You are an assistant trained to detect early warning signs of toxic behavior in online conversations given only the summary of the conversation. Predict whether the conversation is likely to result in a personal attack later on. Provide your answer in the format 'ATTACK: YES/NO'

Conversation:
Summary: user1:
  warmth: low
  competence: high
  explanation: User1 demonstrates high competence by providing clear guidance on Wikipedia policies and maintaining focus on factual accuracy. However, their tone is dismissive and critical, indicating low warmth, as they do not engage empathetically with other participants' perspectives.

user2:
  warmth: low
  competence: low
  explanation: User2 exhibits low competence by suggesting unsubstantiated claims and personal analysis, which contradicts Wikipedia's guidelines. Their warmth is also low, as they express dismissive and judgmental views towards a group of people, showing a lack of empathy and understanding.",0,1,False,0.8310546875
248408598.853.853,2,"You are an assistant trained to detect early warning signs of toxic behavior in online conversations given only the summary of the conversation. Predict whether the conversation is likely to result in a personal attack later on. Provide your answer in the format 'ATTACK: YES/NO'

Conversation:
Summary: user1:  
  warmth: low  
  competence: high  
  explanation: User1's message is dismissive and sarcastic, indicating low warmth. However, their intention to find a better version of the section suggests they are engaged and knowledgeable about the content, indicating high competence.

user2:  
  warmth: low  
  competence: high  
  explanation: User2's response is blunt and critical, showing low warmth. The use of terms like ""unacceptable quality"" and ""indistinguishable from content vandalism"" suggests a strong understanding of the standards, indicating high competence.",1,1,True,0.79833984375
251263251.32055.32055,2,"You are an assistant trained to detect early warning signs of toxic behavior in online conversations given only the summary of the conversation. Predict whether the conversation is likely to result in a personal attack later on. Provide your answer in the format 'ATTACK: YES/NO'

Conversation:
Summary: user1:  
  warmth: high  
  competence: high  
  explanation: The participant demonstrates high warmth by expressing respect and appreciation for the Wikipedia community and showing a willingness to collaborate and seek guidance. Their competence is high, as they articulate a clear understanding of the policies and guidelines, recognize potential issues, and propose thoughtful questions to ensure proper and transparent participation. They also display a proactive approach to developing best practices, indicating a well-considered and informed perspective.",0,0,True,0.9599609375
257898162.8832.8832,2,"You are an assistant trained to detect early warning signs of toxic behavior in online conversations given only the summary of the conversation. Predict whether the conversation is likely to result in a personal attack later on. Provide your answer in the format 'ATTACK: YES/NO'

Conversation:
Summary: user1:
  warmth: low
  competence: high
  explanation: User1's tone is confrontational and defensive, indicating low warmth. However, they demonstrate knowledge and confidence in their statement about language, suggesting high competence.",1,1,True,0.54736328125
258428447.3707.3707,2,"You are an assistant trained to detect early warning signs of toxic behavior in online conversations given only the summary of the conversation. Predict whether the conversation is likely to result in a personal attack later on. Provide your answer in the format 'ATTACK: YES/NO'

Conversation:
Summary: user1:  
  warmth: high  
  competence: high  
  explanation: The participant expresses a warm and inclusive holiday greeting, suggesting goodwill toward others, including those with whom they may have had disagreements. This indicates high warmth. The structured and clear communication, along with the encouragement to spread positivity, reflects high competence.",0,0,True,0.751953125
259380404.3182.3182,2,"You are an assistant trained to detect early warning signs of toxic behavior in online conversations given only the summary of the conversation. Predict whether the conversation is likely to result in a personal attack later on. Provide your answer in the format 'ATTACK: YES/NO'

Conversation:
Summary: user1:
  warmth: low
  competence: high
  explanation: User1 demonstrates a firm understanding of Wikipedia guidelines, indicating high competence. However, their tone is accusatory and dismissive, suggesting low warmth as they criticize user2's actions and intentions.

user2:
  warmth: low
  competence: high
  explanation: User2 asserts their experience and knowledge of Wikipedia guidelines, indicating high competence. Their tone is defensive and confrontational, reflecting low warmth as they justify their actions and challenge user1's accusations.",1,1,True,0.927734375
265209661.21286.21286,2,"You are an assistant trained to detect early warning signs of toxic behavior in online conversations given only the summary of the conversation. Predict whether the conversation is likely to result in a personal attack later on. Provide your answer in the format 'ATTACK: YES/NO'

Conversation:
Summary: user1:  
  warmth: low  
  competence: high  
  explanation: User1's tone is confrontational and dismissive, indicating low warmth. However, they demonstrate a clear understanding of the process and rules regarding redirections, suggesting high competence. They reference the need for consensus and administrative support, showing knowledge of proper procedures.",0,0,True,0.67041015625
266833866.5363.5363,2,"You are an assistant trained to detect early warning signs of toxic behavior in online conversations given only the summary of the conversation. Predict whether the conversation is likely to result in a personal attack later on. Provide your answer in the format 'ATTACK: YES/NO'

Conversation:
Summary: user1:  
  warmth: high  
  competence: high  
  explanation: User1 provides informative details about an event, inviting participation, which suggests a welcoming attitude and a good understanding of the event logistics.

user2:  
  warmth: high  
  competence: high  
  explanation: User2 expresses enthusiasm and a willingness to participate, suggesting a friendly demeanor and proactive engagement, indicating both warmth and competence in planning and collaboration.

user3:  
  warmth: high  
  competence: high  
  explanation: User3 shows interest in joining the event, indicating a friendly and cooperative attitude, and demonstrates competence by planning to attend within the given timeframe.",0,0,True,0.70849609375
267728614.56519.56519,2,"You are an assistant trained to detect early warning signs of toxic behavior in online conversations given only the summary of the conversation. Predict whether the conversation is likely to result in a personal attack later on. Provide your answer in the format 'ATTACK: YES/NO'

Conversation:
Summary: user1:  
  warmth: high  
  competence: low  
  explanation: User1 appears warm due to their willingness to share personal family information and engage in the conversation. However, their competence is perceived as low because they seem unsure about the reliability and appropriateness of the sources they are considering for inclusion.

user2:  
  warmth: low  
  competence: high  
  explanation: User2 demonstrates low warmth by providing curt responses and focusing on procedural correctness. Their competence is perceived as high due to their emphasis on the importance of proper sourcing and adherence to guidelines.",0,1,False,0.52294921875
268780293.3361.3361,2,"You are an assistant trained to detect early warning signs of toxic behavior in online conversations given only the summary of the conversation. Predict whether the conversation is likely to result in a personal attack later on. Provide your answer in the format 'ATTACK: YES/NO'

Conversation:
Summary: user1:  
  warmth: low  
  competence: high  
  explanation: User1's tone is direct and somewhat demanding, indicating low warmth. However, their request for specific feedback and their action of reverting an edit demonstrate a clear understanding of the situation and assertiveness, suggesting high competence.

user2:  
  warmth: N/A  
  competence: N/A  
  explanation: User2 does not participate in the provided conversation, so their warmth and competence cannot be assessed.",0,0,True,0.94384765625
26894863.52416.1542,2,"You are an assistant trained to detect early warning signs of toxic behavior in online conversations given only the summary of the conversation. Predict whether the conversation is likely to result in a personal attack later on. Provide your answer in the format 'ATTACK: YES/NO'

Conversation:
Summary: user1:  
  warmth: high  
  competence: high  
  explanation: User1 demonstrates warmth by politely requesting a summary and expressing a desire to understand the situation better. Their competence is high as they articulate a clear purpose for the request and acknowledge the potential need for further action, indicating thoughtful engagement.

user2:  
  warmth: low  
  competence: high  
  explanation: User2's response lacks warmth due to its brevity and dismissive tone, directing user1 to read existing responses. However, their competence is high as they reference specific responses and endorsements, suggesting familiarity and understanding of the context.",1,1,True,0.7470703125
270177839.28034.28034,2,"You are an assistant trained to detect early warning signs of toxic behavior in online conversations given only the summary of the conversation. Predict whether the conversation is likely to result in a personal attack later on. Provide your answer in the format 'ATTACK: YES/NO'

Conversation:
Summary: user1:  
  warmth: low  
  competence: high  
  explanation: User1 expresses frustration and sarcasm, indicating low warmth. However, they demonstrate an understanding of the situation and articulate their perspective clearly, suggesting high competence.

user2:  
  warmth: low  
  competence: high  
  explanation: User2 provides a factual response without empathy or emotional engagement, indicating low warmth. Their clear explanation of the situation reflects high competence.",0,1,False,0.5498046875
270629203.4318.4318,2,"You are an assistant trained to detect early warning signs of toxic behavior in online conversations given only the summary of the conversation. Predict whether the conversation is likely to result in a personal attack later on. Provide your answer in the format 'ATTACK: YES/NO'

Conversation:
Summary: user1:
  warmth: low
  competence: high
  explanation: User1's tone is critical and confrontational, questioning user2's logic and expressing disagreement. This suggests low warmth. However, their argument is well-articulated and demonstrates a clear understanding of the concepts discussed, indicating high competence.

user2:
  warmth: high
  competence: high
  explanation: User2 maintains a polite and respectful tone, acknowledges user1's points, and concedes where necessary, indicating high warmth. Their response is detailed and demonstrates a strong grasp of the subject matter, reflecting high competence.",0,1,False,0.60546875
272953472.1207.1207,2,"You are an assistant trained to detect early warning signs of toxic behavior in online conversations given only the summary of the conversation. Predict whether the conversation is likely to result in a personal attack later on. Provide your answer in the format 'ATTACK: YES/NO'

Conversation:
Summary: user1:
  warmth: low
  competence: high
  explanation: User1 demonstrates high competence by referencing guidelines and taking corrective actions. However, their tone suggests low warmth as they focus on accusations and warnings, indicating a confrontational approach.

user2:
  warmth: low
  competence: high
  explanation: User2 shows high competence by critiquing the article's references and expressing concern over editorial practices. Their warmth is low due to the use of strong language and accusations, reflecting frustration and defensiveness.",1,1,True,0.8037109375
273320587.1690.1690,2,"You are an assistant trained to detect early warning signs of toxic behavior in online conversations given only the summary of the conversation. Predict whether the conversation is likely to result in a personal attack later on. Provide your answer in the format 'ATTACK: YES/NO'

Conversation:
Summary: To assess the conversation using the Stereotype Content Model, I would need more dialogue between the participants to evaluate their warmth and competence. The initial question alone does not provide enough context to accurately determine these attributes for each participant. Please provide additional exchanges from the conversation.",0,0,True,0.763671875
275525233.1898.1898,2,"You are an assistant trained to detect early warning signs of toxic behavior in online conversations given only the summary of the conversation. Predict whether the conversation is likely to result in a personal attack later on. Provide your answer in the format 'ATTACK: YES/NO'

Conversation:
Summary: user1:  
  warmth: low  
  competence: high  
  explanation: User1 expresses frustration and hostility towards another individual, indicating low warmth. However, they articulate their concerns clearly and provide specific examples of the behavior they find problematic, demonstrating high competence.

user2:  
  warmth: high  
  competence: high  
  explanation: User2 responds with understanding and provides a balanced perspective on the issue, showing high warmth. They offer a thoughtful explanation of the process and potential solutions, indicating high competence.",1,1,True,0.546875
27661568.15078.15078,2,"You are an assistant trained to detect early warning signs of toxic behavior in online conversations given only the summary of the conversation. Predict whether the conversation is likely to result in a personal attack later on. Provide your answer in the format 'ATTACK: YES/NO'

Conversation:
Summary: user1:  
  warmth: low  
  competence: high  
  explanation: User1 expresses frustration and criticism, focusing on resolving the issue fairly and collaboratively. Their approach suggests they are knowledgeable about the situation and seek a balanced outcome, indicating high competence. However, the tone is critical and lacks empathy, reflecting low warmth.

user2:  
  warmth: low  
  competence: low  
  explanation: User2 dismisses the conversation and accuses the other participant of trolling without engaging constructively. This response lacks both empathy and a constructive approach to problem-solving, indicating low warmth and low competence.",1,1,True,0.87548828125
278765498.27104.27104,2,"You are an assistant trained to detect early warning signs of toxic behavior in online conversations given only the summary of the conversation. Predict whether the conversation is likely to result in a personal attack later on. Provide your answer in the format 'ATTACK: YES/NO'

Conversation:
Summary: user1:  
  warmth: low  
  competence: high  
  explanation: User1 asserts their actions are legitimate, indicating confidence and a belief in their competence. However, they do not engage with user2 in a friendly or conciliatory manner, suggesting low warmth.

user2:  
  warmth: low  
  competence: high  
  explanation: User2 provides a detailed critique of user1's actions, demonstrating competence in understanding the guidelines. The tone is authoritative and corrective, lacking friendliness or empathy, which indicates low warmth.",1,1,True,0.82080078125
284801036.8001.8001,2,"You are an assistant trained to detect early warning signs of toxic behavior in online conversations given only the summary of the conversation. Predict whether the conversation is likely to result in a personal attack later on. Provide your answer in the format 'ATTACK: YES/NO'

Conversation:
Summary: user1:
  warmth: low
  competence: high
  explanation: User1 demonstrates competence by taking decisive action to protect the talk page, indicating an understanding of the situation. However, the message lacks warmth as it is purely procedural and does not express empathy or personal engagement.

user2:
  warmth: low
  competence: high
  explanation: User2 shows competence by identifying the specific source of disruption, suggesting awareness and insight into the situation. The tone is neutral and factual, lacking expressions of warmth or friendliness, which results in a low warmth perception.",0,1,False,0.60302734375
286761180.8636.8636,2,"You are an assistant trained to detect early warning signs of toxic behavior in online conversations given only the summary of the conversation. Predict whether the conversation is likely to result in a personal attack later on. Provide your answer in the format 'ATTACK: YES/NO'

Conversation:
Summary: user1:
  warmth: low
  competence: high
  explanation: User1 demonstrates low warmth by using dismissive language and failing to respect user2's requests. However, they exhibit high competence by referencing specific comments and engaging in a detailed discussion, indicating knowledge and understanding of the subject matter.

user2:
  warmth: low
  competence: high
  explanation: User2 shows low warmth by addressing user1's behavior with a formal and somewhat confrontational tone, threatening administrative action. They display high competence by articulating their position clearly and maintaining focus on the procedural aspects of the conversation.",1,1,True,0.828125
286788087.9958.9958,2,"You are an assistant trained to detect early warning signs of toxic behavior in online conversations given only the summary of the conversation. Predict whether the conversation is likely to result in a personal attack later on. Provide your answer in the format 'ATTACK: YES/NO'

Conversation:
Summary: user1:  
  warmth: low  
  competence: high  
  explanation: User1 demonstrates low warmth through confrontational language and accusations. However, their competence is perceived as high due to their confident articulation of the situation and willingness to involve an administrator, indicating an understanding of procedural steps.

user2:  
  warmth: low  
  competence: high  
  explanation: User2's warmth is low, as they respond with a terse acknowledgment of user1's stance without showing empathy or understanding. Their competence is high, as they succinctly summarize the issue, indicating clarity and awareness of the ongoing conflict.",0,1,False,0.8544921875
287030104.15570.15570,2,"You are an assistant trained to detect early warning signs of toxic behavior in online conversations given only the summary of the conversation. Predict whether the conversation is likely to result in a personal attack later on. Provide your answer in the format 'ATTACK: YES/NO'

Conversation:
Summary: user1 (S_0):
  warmth: low
  competence: high
  explanation: User1 presents information in a factual and straightforward manner, focusing on the details of the article. Their tone is direct, which may come across as lacking warmth, but they demonstrate competence by referencing specific sources and clarifying the context.

user2 (S_1):
  warmth: low
  competence: low
  explanation: User2's comments are dismissive and somewhat sarcastic, as seen in the use of ""Try to be polite"" and the wink emoticon. This reduces perceived warmth. The lack of substantive information or argumentation suggests lower competence in the context of the discussion.

user3 (S_2):
  warmth: low
  competence: high
  explanation: User3 provides a counterpoint by mentioning South Korea, which adds depth to the discussion. However, the ellipsis and abrupt tone may reduce perceived warmth. Their contribution indicates competence by suggesting a broader perspective on the meetings.",0,0,True,0.53076171875
28936311.177.179,2,"You are an assistant trained to detect early warning signs of toxic behavior in online conversations given only the summary of the conversation. Predict whether the conversation is likely to result in a personal attack later on. Provide your answer in the format 'ATTACK: YES/NO'

Conversation:
Summary: user1:
  warmth: high
  competence: high
  explanation: User1 demonstrates high warmth by using polite language and inviting discussion. Their competence is high as they provide a rationale for their actions and seek consensus on the matter.

user2:
  warmth: high
  competence: high
  explanation: User2 shows high warmth by agreeing with user1 and contributing constructively to the discussion. Their competence is high as they take initiative to create a new page for further discussion, indicating proactive problem-solving skills.",1,0,False,0.8095703125
289911799.5115.5115,2,"You are an assistant trained to detect early warning signs of toxic behavior in online conversations given only the summary of the conversation. Predict whether the conversation is likely to result in a personal attack later on. Provide your answer in the format 'ATTACK: YES/NO'

Conversation:
Summary: user1:
  warmth: low
  competence: low
  explanation: User1 expresses frustration and confusion without providing constructive feedback or solutions, which may come across as lacking warmth. Their competence is perceived as low due to their misunderstanding of the page creation process and the criteria for notability.

user2:
  warmth: low
  competence: high
  explanation: User2 provides a direct and clear explanation of the issue, demonstrating high competence in understanding the platform's guidelines. However, the response is somewhat blunt and lacks empathy, which can be perceived as low warmth.",1,1,True,0.88427734375
291906834.15472.15472,2,"You are an assistant trained to detect early warning signs of toxic behavior in online conversations given only the summary of the conversation. Predict whether the conversation is likely to result in a personal attack later on. Provide your answer in the format 'ATTACK: YES/NO'

Conversation:
Summary: I'm sorry, but I can't assess the conversation based on just one statement. Could you provide more of the conversation for a more accurate analysis?",0,1,False,0.76611328125
297725189.64722.64722,2,"You are an assistant trained to detect early warning signs of toxic behavior in online conversations given only the summary of the conversation. Predict whether the conversation is likely to result in a personal attack later on. Provide your answer in the format 'ATTACK: YES/NO'

Conversation:
Summary: user1 (S_0):
  warmth: high
  competence: high
  explanation: User1 engages constructively, providing detailed information and sources to support their point. They maintain a respectful tone and seek to clarify their position, suggesting a willingness to collaborate and discuss further.

user2 (S_1):
  warmth: low
  competence: high
  explanation: User2 is assertive and somewhat dismissive, focusing on maintaining consensus and discouraging further discussion without new evidence. Their competence is high due to their clear understanding of the previous agreement, but their warmth is low due to their confrontational tone.

user3 (S_2):
  warmth: high
  competence: high
  explanation: User3 provides a balanced perspective, emphasizing the need for reliable sources. They acknowledge the limitations of the current sources and communicate their points clearly, demonstrating both competence and a collaborative approach.

user4 (S_3):
  warmth: high
  competence: high
  explanation: User4 contributes constructively by analyzing the reliability of sources and providing a reasoned argument. Their tone is neutral and informative, showing both competence in the subject matter and a respectful engagement with the discussion.",1,1,True,0.56884765625
298146594.1688.1688,2,"You are an assistant trained to detect early warning signs of toxic behavior in online conversations given only the summary of the conversation. Predict whether the conversation is likely to result in a personal attack later on. Provide your answer in the format 'ATTACK: YES/NO'

Conversation:
Summary: user1:  
  warmth: low  
  competence: high  
  explanation: User1 demonstrates high competence by emphasizing their analytical skills and ability to consider multiple perspectives. However, their self-praise and lack of acknowledgment of others' contributions may come across as low warmth, as they focus more on their own abilities than on collaboration or empathy.

user2:  
  warmth: high  
  competence: high  
  explanation: User2 displays high warmth by using humor and positive reinforcement, acknowledging user1's efforts with a light-hearted tone. Their competence is also high, as they recognize the resolution of multiple issues and provide constructive feedback, indicating a good understanding of the situation.",1,0,False,0.7568359375
298654006.10288.10288,2,"You are an assistant trained to detect early warning signs of toxic behavior in online conversations given only the summary of the conversation. Predict whether the conversation is likely to result in a personal attack later on. Provide your answer in the format 'ATTACK: YES/NO'

Conversation:
Summary: user1:
  warmth: high
  competence: low
  explanation: User1 expresses appreciation and seeks assistance, indicating a friendly and collaborative demeanor, which suggests high warmth. However, they admit to not being the best judge of the situation, indicating lower competence in the specific task at hand.

user2:
  warmth: high
  competence: high
  explanation: User2 responds positively and collaboratively, showing willingness to help, which indicates high warmth. They also demonstrate problem-solving skills by addressing the tag issue, suggesting high competence, although they acknowledge a limitation with coordinates.",0,1,False,0.7607421875
300874517.2367.2367,2,"You are an assistant trained to detect early warning signs of toxic behavior in online conversations given only the summary of the conversation. Predict whether the conversation is likely to result in a personal attack later on. Provide your answer in the format 'ATTACK: YES/NO'

Conversation:
Summary: user1:  
  warmth: high  
  competence: high  
  explanation: User1 demonstrates high warmth by politely asking for help and showing appreciation with ""Cheers."" Their competence is high as they have been actively working on the article and seek to improve it further, indicating initiative and knowledge.  

user2:  
  warmth: N/A  
  competence: N/A  
  explanation: User2 has not yet participated in the conversation, so their warmth and competence cannot be assessed.",0,0,True,0.583984375
301551564.18170.18170,2,"You are an assistant trained to detect early warning signs of toxic behavior in online conversations given only the summary of the conversation. Predict whether the conversation is likely to result in a personal attack later on. Provide your answer in the format 'ATTACK: YES/NO'

Conversation:
Summary: To provide an accurate assessment using the Stereotype Content Model (SCM), I would need more of the conversation to evaluate both participants. The SCM requires analyzing warmth and competence based on expressed intentions, tone, and perceived ability or effectiveness. If you can provide more dialogue or context, I can give a more comprehensive analysis.",0,0,True,0.728515625
304520226.4242.4242,2,"You are an assistant trained to detect early warning signs of toxic behavior in online conversations given only the summary of the conversation. Predict whether the conversation is likely to result in a personal attack later on. Provide your answer in the format 'ATTACK: YES/NO'

Conversation:
Summary: To accurately assess the conversation using the Stereotype Content Model, I would need more context or additional dialogue from the participants. The provided excerpt is too limited to effectively evaluate the perceived warmth and competence of each participant. If you can provide more of the conversation, I would be glad to assist further.",1,0,False,0.54638671875
304918542.0.0,2,"You are an assistant trained to detect early warning signs of toxic behavior in online conversations given only the summary of the conversation. Predict whether the conversation is likely to result in a personal attack later on. Provide your answer in the format 'ATTACK: YES/NO'

Conversation:
Summary: user1:  
  warmth: high  
  competence: high  
  explanation: User1 expresses excitement and enthusiasm about their achievement, indicating high warmth. Their ability to perform a non-admin closure suggests they possess the necessary skills and knowledge, reflecting high competence.

user2:  
  warmth: high  
  competence: high  
  explanation: User2 responds with humor and shares a personal anecdote, fostering a friendly and supportive atmosphere, which indicates high warmth. Their experience with closures and familiarity with the process demonstrate high competence.",0,0,True,0.763671875
306833188.16520.16520,2,"You are an assistant trained to detect early warning signs of toxic behavior in online conversations given only the summary of the conversation. Predict whether the conversation is likely to result in a personal attack later on. Provide your answer in the format 'ATTACK: YES/NO'

Conversation:
Summary: user1:  
  warmth: high  
  competence: high  
  explanation: User1 demonstrates high warmth by politely introducing themselves and expressing appreciation for the other participant's work. Their request for information is courteous and shows a willingness to collaborate. Their competence is high as they clearly articulate their need for a specific source, indicating a focused and knowledgeable approach to improving the article they are working on.",0,0,True,0.91162109375
310191677.7373.7373,2,"You are an assistant trained to detect early warning signs of toxic behavior in online conversations given only the summary of the conversation. Predict whether the conversation is likely to result in a personal attack later on. Provide your answer in the format 'ATTACK: YES/NO'

Conversation:
Summary: To accurately assess the conversation using the Stereotype Content Model (SCM), I need input from at least two participants. The provided conversation only includes input from one participant. If you have additional dialogue or another participant's input, please provide it for a complete analysis.",0,0,True,0.7666015625
31052958.3908.3908,2,"You are an assistant trained to detect early warning signs of toxic behavior in online conversations given only the summary of the conversation. Predict whether the conversation is likely to result in a personal attack later on. Provide your answer in the format 'ATTACK: YES/NO'

Conversation:
Summary: user1:
  warmth: high
  competence: high
  explanation: User1 expresses gratitude and acknowledges the helpful actions of another participant, indicating high warmth. They also provide a coherent account of the situation, demonstrating an understanding of the context and the behavior of the individual in question, which suggests high competence.",0,0,True,0.75732421875
314955178.1235.1028,2,"You are an assistant trained to detect early warning signs of toxic behavior in online conversations given only the summary of the conversation. Predict whether the conversation is likely to result in a personal attack later on. Provide your answer in the format 'ATTACK: YES/NO'

Conversation:
Summary: user1:  
  warmth: high  
  competence: high  
  explanation: User1 engages politely and provides a clear rationale for their proposal, showing respect for the process and other participants. They demonstrate competence by referencing historical naming conventions and previous discussions, indicating a well-informed position.

user2:  
  warmth: high  
  competence: low  
  explanation: User2 responds agreeably and acknowledges the proposal without resistance, indicating a cooperative and friendly demeanor. However, their response lacks depth and detailed reasoning, suggesting a lower level of engagement or expertise on the topic.",1,1,True,0.81640625
315025554.6590.6590,2,"You are an assistant trained to detect early warning signs of toxic behavior in online conversations given only the summary of the conversation. Predict whether the conversation is likely to result in a personal attack later on. Provide your answer in the format 'ATTACK: YES/NO'

Conversation:
Summary: user1:  
  warmth: high  
  competence: high  
  explanation: User1 demonstrates high warmth by inviting collaboration and expressing a willingness to work together. Their competence is high as they propose a constructive approach to resolving issues and improving the article collaboratively, indicating a methodical and solution-oriented mindset.

user2:  
  warmth: low  
  competence: low  
  explanation: User2 exhibits low warmth by using sarcasm and making accusations, which can be perceived as confrontational. Their competence appears low due to the emotional tone and lack of constructive suggestions, focusing instead on criticism and complaint without offering a clear path forward.",1,1,True,0.75
31730626.5117.5117,2,"You are an assistant trained to detect early warning signs of toxic behavior in online conversations given only the summary of the conversation. Predict whether the conversation is likely to result in a personal attack later on. Provide your answer in the format 'ATTACK: YES/NO'

Conversation:
Summary: user1:  
  warmth: low  
  competence: high  
  explanation: User1 demonstrates competence by referencing Wikipedia style guidelines and requesting a source to support the inclusion of titles. However, their tone is somewhat confrontational, which may be perceived as low warmth.

user2:  
  warmth: low  
  competence: high  
  explanation: User2 shows competence by asserting knowledge of Wikipedia articles and their treatment of titles. However, their response is dismissive and lacks engagement, which could be interpreted as low warmth.",0,1,False,0.60107421875
318141830.5953.5953,2,"You are an assistant trained to detect early warning signs of toxic behavior in online conversations given only the summary of the conversation. Predict whether the conversation is likely to result in a personal attack later on. Provide your answer in the format 'ATTACK: YES/NO'

Conversation:
Summary: user1:  
  warmth: low  
  competence: high  
  explanation: User1 communicates in a formal and authoritative manner, focusing on procedural guidance and resolution strategies. Their competence is high due to their structured approach to conflict resolution, but their warmth is low as the tone is impersonal and lacks empathy.

user2:  
  warmth: low  
  competence: low  
  explanation: User2 acknowledges their wrongdoing, indicating some self-awareness, but their tone is defensive and accusatory, suggesting low warmth. Their competence is low as they do not propose a constructive way forward or demonstrate understanding of the resolution process.",0,1,False,0.724609375
318884405.42022.42022,2,"You are an assistant trained to detect early warning signs of toxic behavior in online conversations given only the summary of the conversation. Predict whether the conversation is likely to result in a personal attack later on. Provide your answer in the format 'ATTACK: YES/NO'

Conversation:
Summary: user1:  
  warmth: low  
  competence: high  
  explanation: User1 demonstrates competence by addressing the situation with a clear understanding of the review process and the issues at hand. However, their tone is somewhat detached and focused on procedural aspects, which may come across as low in warmth, as they express frustration and a desire to avoid conflict.

user2:  
  warmth: low  
  competence: high  
  explanation: User2 provides knowledgeable advice and insights into the process, indicating high competence. However, their recommendation to ""drop everything and run away"" and reference to dealing with a ""nutjob tendency"" suggests a dismissive attitude, reflecting low warmth in their approach to the situation.",1,1,True,0.73681640625
320039966.3549.3549,2,"You are an assistant trained to detect early warning signs of toxic behavior in online conversations given only the summary of the conversation. Predict whether the conversation is likely to result in a personal attack later on. Provide your answer in the format 'ATTACK: YES/NO'

Conversation:
Summary: user1:  
  warmth: low  
  competence: high  
  explanation: User1 demonstrates competence by providing specific information and reasoning about the content structure. However, the direct and corrective tone suggests low warmth, as it lacks a collaborative or empathetic approach.

user2:  
  warmth: low  
  competence: high  
  explanation: User2 shows competence by questioning the necessity of a criticism section and referencing Wikipedia guidelines. The sarcastic tone about a ""Praise section"" indicates low warmth, as it may come off as dismissive rather than open to discussion.",0,1,False,0.7568359375
320094336.4883.4883,2,"You are an assistant trained to detect early warning signs of toxic behavior in online conversations given only the summary of the conversation. Predict whether the conversation is likely to result in a personal attack later on. Provide your answer in the format 'ATTACK: YES/NO'

Conversation:
Summary: user1:  
  warmth: low  
  competence: high  
  explanation: User1 demonstrates high competence by providing detailed information about the guidelines and consequences of edit warring. However, their tone is formal and lacks empathy, which may come across as low in warmth.

user2:  
  warmth: high  
  competence: moderate  
  explanation: User2 shows high warmth by acknowledging the issue and expressing a willingness to comply with the rules. Their competence is moderate as they admit to struggling with the situation but demonstrate an understanding of the need to follow guidelines.",1,1,True,0.60693359375
320251126.19814.19814,2,"You are an assistant trained to detect early warning signs of toxic behavior in online conversations given only the summary of the conversation. Predict whether the conversation is likely to result in a personal attack later on. Provide your answer in the format 'ATTACK: YES/NO'

Conversation:
Summary: user1:
  warmth: high
  competence: high
  explanation: User1 demonstrates high warmth by expressing respect and understanding towards the other participant's expertise and contributions. They also show high competence by discussing botanical classifications knowledgeably and providing a reasoned argument for their position on the classification system.

user2:
  warmth: high
  competence: high
  explanation: User2 exhibits high warmth by apologizing for a mistake and expressing a willingness to correct it. They also show high competence by acknowledging their limitations in botanical knowledge while facilitating the discussion and ensuring clarity in communication.",0,0,True,0.71435546875
321010577.39082.39082,2,"You are an assistant trained to detect early warning signs of toxic behavior in online conversations given only the summary of the conversation. Predict whether the conversation is likely to result in a personal attack later on. Provide your answer in the format 'ATTACK: YES/NO'

Conversation:
Summary: user1:  
  warmth: high  
  competence: high  
  explanation: User1 demonstrates high warmth by apologizing for their mistake and expressing willingness to correct it. Their competence is high as they engage in a detailed inquiry and acknowledge the difficulty in finding specific information, indicating a thoughtful and informed approach.

user2:  
  warmth: high  
  competence: high  
  explanation: User2 shows high warmth by responding calmly and forgivingly to the mistake, suggesting a collaborative attitude. Their competence is high as they question the attribution accurately and suggest a potential tool for tracking text changes, reflecting awareness and problem-solving skills.",0,0,True,0.728515625
321816439.38850.38850,2,"You are an assistant trained to detect early warning signs of toxic behavior in online conversations given only the summary of the conversation. Predict whether the conversation is likely to result in a personal attack later on. Provide your answer in the format 'ATTACK: YES/NO'

Conversation:
Summary: user1:
  warmth: low
  competence: high
  explanation: User1 expresses frustration and issues a warning, indicating low warmth. However, they reference specific actions and policies, suggesting a high level of competence in the context of the discussion.

user2:
  warmth: low
  competence: high
  explanation: User2 is direct and dismissive, showing low warmth. They assert their actions with confidence, indicating a high level of competence in their understanding of the discussion norms.",1,1,True,0.83935546875
32302663.8843.8843,2,"You are an assistant trained to detect early warning signs of toxic behavior in online conversations given only the summary of the conversation. Predict whether the conversation is likely to result in a personal attack later on. Provide your answer in the format 'ATTACK: YES/NO'

Conversation:
Summary: user1:  
  warmth: low  
  competence: high  
  explanation: User1 expresses frustration and accuses user2 of bullying, indicating low warmth. However, they articulate their grievances clearly and politely request a change in behavior, suggesting high competence.

user2:  
  warmth: low  
  competence: high  
  explanation: User2 responds with a direct critique of user1's behavior, showing low warmth. They provide a clear rationale for their actions and offer a solution for resolving the issue, indicating high competence.",1,1,True,0.931640625
323279527.11312.11312,2,"You are an assistant trained to detect early warning signs of toxic behavior in online conversations given only the summary of the conversation. Predict whether the conversation is likely to result in a personal attack later on. Provide your answer in the format 'ATTACK: YES/NO'

Conversation:
Summary: user1:  
  warmth: low  
  competence: high  
  explanation: User1 provides a structured and informative response, indicating high competence. However, the impersonal and directive nature of the message, along with the lack of personal engagement, suggests low warmth.

user2:  
  warmth: low  
  competence: low  
  explanation: User2's response is dismissive and sarcastic, indicating low warmth. The lack of constructive input or relevant information suggests low competence in contributing positively to the conversation.",1,1,True,0.7998046875
325131722.25402.25402,2,"You are an assistant trained to detect early warning signs of toxic behavior in online conversations given only the summary of the conversation. Predict whether the conversation is likely to result in a personal attack later on. Provide your answer in the format 'ATTACK: YES/NO'

Conversation:
Summary: user1:  
  warmth: low  
  competence: high  
  explanation: User1's request is direct and lacks any expression of empathy or politeness, which suggests low warmth. However, the user identifies a specific issue and requests a solution, indicating an awareness of the problem and a clear communication of needs, which suggests high competence.",0,0,True,0.66259765625
326717186.115.115,2,"You are an assistant trained to detect early warning signs of toxic behavior in online conversations given only the summary of the conversation. Predict whether the conversation is likely to result in a personal attack later on. Provide your answer in the format 'ATTACK: YES/NO'

Conversation:
Summary: user1:  
  warmth: high  
  competence: high  
  explanation: User1 demonstrates high warmth by wishing user2 good luck and acknowledging their dual role as a mentor and rival. Their competence is high as they show awareness of potential conflicts of interest and take appropriate action by recusing themselves.

user2:  
  warmth: high  
  competence: high  
  explanation: User2 exhibits high warmth by accepting user1's decision and reciprocating the good luck wishes. Their competence is high as they acknowledge the situation with humility and a touch of humor, indicating self-awareness and understanding of the context.",0,1,False,0.6845703125
327255584.24.24,2,"You are an assistant trained to detect early warning signs of toxic behavior in online conversations given only the summary of the conversation. Predict whether the conversation is likely to result in a personal attack later on. Provide your answer in the format 'ATTACK: YES/NO'

Conversation:
Summary: user1:  
  warmth: high  
  competence: high  
  explanation: User1 demonstrates high warmth by thanking user2 and offering guidance on proper procedures. Their competence is high as they correctly identify and address the issue with the article, providing a solution and showing an understanding of the process.

user2:  
  warmth: moderate  
  competence: moderate  
  explanation: User2 shows moderate warmth by apologizing for their actions, indicating a willingness to learn. Their competence is moderate as they acknowledge their mistake and understand the outcome, but their initial approach was overly aggressive.",1,1,True,0.65673828125
329982461.421.421,2,"You are an assistant trained to detect early warning signs of toxic behavior in online conversations given only the summary of the conversation. Predict whether the conversation is likely to result in a personal attack later on. Provide your answer in the format 'ATTACK: YES/NO'

Conversation:
Summary: To assess the conversation using the Stereotype Content Model (SCM), we need to evaluate the perceived warmth and competence of each participant based on their communication style and tone.

user1:
  warmth: low
  competence: high
  explanation: User1's tone is direct and somewhat confrontational, indicating low warmth. However, their request for discussion on the talk page and reference to genre changes suggests they are knowledgeable and focused on maintaining accuracy, indicating high competence.

user2:
  warmth: N/A
  competence: N/A
  explanation: User2 does not have any contributions in the provided conversation, so their warmth and competence cannot be assessed.",0,0,True,0.89013671875
331383074.15202.15202,2,"You are an assistant trained to detect early warning signs of toxic behavior in online conversations given only the summary of the conversation. Predict whether the conversation is likely to result in a personal attack later on. Provide your answer in the format 'ATTACK: YES/NO'

Conversation:
Summary: user1:  
  warmth: low  
  competence: high  
  explanation: User1 demonstrates high competence by referencing specific guidelines and suggesting improvements. However, their tone is analytical and lacks personal engagement, which may be perceived as low warmth.

user2:  
  warmth: low  
  competence: high  
  explanation: User2 shows high competence by discussing the interpretation of rules and the social dynamics involved. Their tone is critical and somewhat dismissive, suggesting low warmth due to a lack of empathy or personal connection.

user3:  
  warmth: high  
  competence: low  
  explanation: User3 uses humor and informal language, which conveys high warmth and friendliness. However, their message lacks clarity and focus on the main discussion, suggesting lower competence in the context of the conversation.",0,0,True,0.53466796875
331688351.9969.9969,2,"You are an assistant trained to detect early warning signs of toxic behavior in online conversations given only the summary of the conversation. Predict whether the conversation is likely to result in a personal attack later on. Provide your answer in the format 'ATTACK: YES/NO'

Conversation:
Summary: user1 (S_0):
  warmth: high
  competence: high
  explanation: User1 engages in self-deprecating humor and acknowledges others' input positively, indicating high warmth. They also discuss strategic considerations and reflect on their effectiveness, suggesting high competence.

user2 (S_1):
  warmth: high
  competence: high
  explanation: User2 uses humor and playful banter, indicating high warmth. Their engagement in the odds discussion and understanding of the voting process demonstrate high competence.

user3 (S_2):
  warmth: high
  competence: high
  explanation: User3 participates in the conversation with a friendly tone and offers a thoughtful estimate, indicating high warmth. Their ability to contribute meaningfully to the discussion on odds shows high competence.

user4 (S_3):
  warmth: high
  competence: high
  explanation: User4 provides honest feedback and encouragement, showing high warmth. Their analysis of the situation and understanding of social dynamics reflect high competence.",1,0,False,0.63037109375
334352973.10403.10403,2,"You are an assistant trained to detect early warning signs of toxic behavior in online conversations given only the summary of the conversation. Predict whether the conversation is likely to result in a personal attack later on. Provide your answer in the format 'ATTACK: YES/NO'

Conversation:
Summary: user1:  
  warmth: low  
  competence: high  
  explanation: User1 demonstrates competence by explaining their rationale for making changes, indicating a thoughtful approach. However, their tone lacks warmth, as they directly question the other participant's actions without expressing understanding or empathy.

user2:  
  warmth: low  
  competence: low  
  explanation: User2 provides a subjective opinion without elaboration, which suggests a lack of competence in addressing the issue constructively. The brief and dismissive nature of their response also conveys low warmth, as it does not engage with user1's concerns.",1,1,True,0.8046875
33441878.11516.11516,2,"You are an assistant trained to detect early warning signs of toxic behavior in online conversations given only the summary of the conversation. Predict whether the conversation is likely to result in a personal attack later on. Provide your answer in the format 'ATTACK: YES/NO'

Conversation:
Summary: Based on the provided conversation, here's the assessment:

user1:
  warmth: low
  competence: high
  explanation: User1 demonstrates high competence by providing detailed explanations and references to historical events and scientific concepts. However, their tone is somewhat confrontational and dismissive, indicating low warmth. They emphasize clarity and understanding but do so in a way that may come across as critical or impatient, which can affect the perception of warmth negatively.",1,0,False,0.849609375
334586852.16024.16024,2,"You are an assistant trained to detect early warning signs of toxic behavior in online conversations given only the summary of the conversation. Predict whether the conversation is likely to result in a personal attack later on. Provide your answer in the format 'ATTACK: YES/NO'

Conversation:
Summary: To accurately assess the conversation using the Stereotype Content Model (SCM), I need more context or dialogue from the participants. The provided text is incomplete, and I cannot determine the warmth and competence of the participants based on the current input. Please provide more of the conversation for analysis.",1,0,False,0.68896484375
335630795.5362.5362,2,"You are an assistant trained to detect early warning signs of toxic behavior in online conversations given only the summary of the conversation. Predict whether the conversation is likely to result in a personal attack later on. Provide your answer in the format 'ATTACK: YES/NO'

Conversation:
Summary: user1:
  warmth: low
  competence: high
  explanation: User1's responses are direct and factual, indicating competence in handling the content. However, the lack of engagement or empathy towards others' viewpoints suggests low warmth.

user2:
  warmth: low
  competence: high
  explanation: User2's response is assertive and dismissive, showing confidence in their stance, which reflects high competence. The dismissive tone and lack of acknowledgment of others' perspectives indicate low warmth.

user3:
  warmth: low
  competence: high
  explanation: User3's response is critical and dismissive, suggesting they are knowledgeable about the topic, indicating high competence. The dismissive and slightly sarcastic tone towards user1's point suggests low warmth.",1,1,True,0.8330078125
336323359.6050.6050,2,"You are an assistant trained to detect early warning signs of toxic behavior in online conversations given only the summary of the conversation. Predict whether the conversation is likely to result in a personal attack later on. Provide your answer in the format 'ATTACK: YES/NO'

Conversation:
Summary: user1:  
  warmth: low  
  competence: high  
  explanation: User1 presents a critical analysis of the organization's actions, questioning their stated purpose and suggesting a reevaluation. Their argument is structured and detailed, indicating high competence. However, the tone is accusatory and lacks empathy, leading to a perception of low warmth.

user2:  
  warmth: low  
  competence: high  
  explanation: User2 challenges user1's argument by drawing an analogy, suggesting that user1's reasoning is flawed. This indicates high competence in constructing a counterargument. However, the dismissive tone and lack of engagement with user1's concerns contribute to a perception of low warmth.",0,1,False,0.77587890625
338290689.2590.2590,2,"You are an assistant trained to detect early warning signs of toxic behavior in online conversations given only the summary of the conversation. Predict whether the conversation is likely to result in a personal attack later on. Provide your answer in the format 'ATTACK: YES/NO'

Conversation:
Summary: user1:  
  warmth: low  
  competence: high  
  explanation: User1 demonstrates low warmth by asserting ownership and demanding action without considering others' contributions. Their competence appears high as they reference their right to remove content, indicating awareness of their perceived role and contributions.

user2:  
  warmth: low  
  competence: high  
  explanation: User2 exhibits low warmth by directly challenging user1's claim and questioning their authority. Their competence is high as they reference guidelines and policies, showing an understanding of the broader context and rules governing the situation.",0,1,False,0.77490234375
339700149.26824.26824,2,"You are an assistant trained to detect early warning signs of toxic behavior in online conversations given only the summary of the conversation. Predict whether the conversation is likely to result in a personal attack later on. Provide your answer in the format 'ATTACK: YES/NO'

Conversation:
Summary: user1:
  warmth: low
  competence: low
  explanation: User1's message is brief and lacks any social niceties or context, which may be perceived as low warmth. The message is also unclear and lacks detail, suggesting low competence.

user2:
  warmth: low
  competence: high
  explanation: User2's response is concise and efficient, indicating high competence in completing a task. However, the lack of any additional context or engagement may be perceived as low warmth.",1,1,True,0.62890625
342127193.2653.2653,2,"You are an assistant trained to detect early warning signs of toxic behavior in online conversations given only the summary of the conversation. Predict whether the conversation is likely to result in a personal attack later on. Provide your answer in the format 'ATTACK: YES/NO'

Conversation:
Summary: user1:  
  warmth: low  
  competence: low  
  explanation: User1 expresses frustration and accuses another of false accusations, which suggests low warmth. The lack of constructive communication and the confrontational tone indicate low competence in handling the situation effectively.

user2:  
  warmth: high  
  competence: high  
  explanation: User2 acknowledges the issue diplomatically and provides a constructive suggestion, indicating high warmth. They also demonstrate competence by offering a clear course of action and willingness to stay informed, showing effective conflict resolution skills.",1,1,True,0.75634765625
343780972.17985.17985,2,"You are an assistant trained to detect early warning signs of toxic behavior in online conversations given only the summary of the conversation. Predict whether the conversation is likely to result in a personal attack later on. Provide your answer in the format 'ATTACK: YES/NO'

Conversation:
Summary: user1:  
  warmth: low  
  competence: high  
  explanation: User1 demonstrates low warmth through a dismissive and confrontational tone, suggesting a lack of openness to dialogue. However, their competence appears high as they confidently assert their understanding of the situation and the improbability of being blocked.

user2:  
  warmth: low  
  competence: high  
  explanation: User2 exhibits low warmth by adopting a stern and corrective tone, indicating a focus on rules over relationship-building. Their competence is high, as they articulate a clear understanding of procedural actions and the ability to escalate the issue if necessary.",1,1,True,0.6875
34475659.60604.60604,2,"You are an assistant trained to detect early warning signs of toxic behavior in online conversations given only the summary of the conversation. Predict whether the conversation is likely to result in a personal attack later on. Provide your answer in the format 'ATTACK: YES/NO'

Conversation:
Summary: user1:  
  warmth: low  
  competence: high  
  explanation: User1 exhibits low warmth by dismissing user2's concerns and suggesting they are vandalizing articles. However, they demonstrate high competence by referencing specific reports and suggesting research for further information.

user2:  
  warmth: high  
  competence: high  
  explanation: User2 shows high warmth by expressing a desire for inclusivity and understanding across different groups. They also display high competence by acknowledging the complexity of the issues and referring to multiple groups affected by similar problems.",1,1,True,0.701171875
348174780.2482.2482,2,"You are an assistant trained to detect early warning signs of toxic behavior in online conversations given only the summary of the conversation. Predict whether the conversation is likely to result in a personal attack later on. Provide your answer in the format 'ATTACK: YES/NO'

Conversation:
Summary: user1:  
  warmth: low  
  competence: high  
  explanation: User1 provides factual information without engaging in personal interaction, indicating low warmth. The detailed reference to a specific work suggests a high level of competence.

user2:  
  warmth: high  
  competence: high  
  explanation: User2 expresses gratitude and appreciation, indicating high warmth. Their recognition of the artist's name and insightful commentary on the work demonstrate high competence.",0,0,True,0.72509765625
353915416.4547.4547,2,"You are an assistant trained to detect early warning signs of toxic behavior in online conversations given only the summary of the conversation. Predict whether the conversation is likely to result in a personal attack later on. Provide your answer in the format 'ATTACK: YES/NO'

Conversation:
Summary: user1:
  warmth: high
  competence: high
  explanation: User1 presents their argument in a structured and respectful manner, indicating high warmth. Their detailed explanation of the issue and suggested solution reflects high competence.

user2:
  warmth: high
  competence: high
  explanation: User2 expresses agreement and support for user1's perspective, demonstrating high warmth. Their actions and understanding of the appropriate use of templates show high competence.",0,0,True,0.740234375
354516519.5971.5971,2,"You are an assistant trained to detect early warning signs of toxic behavior in online conversations given only the summary of the conversation. Predict whether the conversation is likely to result in a personal attack later on. Provide your answer in the format 'ATTACK: YES/NO'

Conversation:
Summary: user1:  
  warmth: low  
  competence: high  
  explanation: User1's message is direct and corrective, indicating low warmth as it lacks politeness or empathy. However, the reference to specific guidelines suggests a high level of competence, as they are knowledgeable about the appropriate use of rollback and provide resources for further understanding.",0,0,True,0.75927734375
354819466.3462.3462,2,"You are an assistant trained to detect early warning signs of toxic behavior in online conversations given only the summary of the conversation. Predict whether the conversation is likely to result in a personal attack later on. Provide your answer in the format 'ATTACK: YES/NO'

Conversation:
Summary: user1:  
  warmth: low  
  competence: high  
  explanation: User1's tone is confrontational and defensive, indicating low warmth. However, they demonstrate familiarity with procedures and terminology, suggesting high competence.

user2:  
  warmth: high  
  competence: high  
  explanation: User2 maintains a calm and constructive tone, suggesting high warmth. They provide clear guidance and demonstrate understanding of the situation, indicating high competence.",1,0,False,0.626953125
36100874.3751.3751,2,"You are an assistant trained to detect early warning signs of toxic behavior in online conversations given only the summary of the conversation. Predict whether the conversation is likely to result in a personal attack later on. Provide your answer in the format 'ATTACK: YES/NO'

Conversation:
Summary: user1:
  warmth: low
  competence: high
  explanation: User1's tone is confrontational and dismissive, indicating low warmth. However, they provide specific details about rules and distinctions, suggesting a high level of competence in the subject matter.

user2:
  warmth: low
  competence: high
  explanation: User2 criticizes others and uses derogatory language, reflecting low warmth. They express strong opinions and acknowledge recent corrections, indicating they are informed and competent in the discussion.",1,1,True,0.76025390625
36453327.8448.8448,2,"You are an assistant trained to detect early warning signs of toxic behavior in online conversations given only the summary of the conversation. Predict whether the conversation is likely to result in a personal attack later on. Provide your answer in the format 'ATTACK: YES/NO'

Conversation:
Summary: user1:  
  warmth: low  
  competence: high  
  explanation: User1's statement is factual and direct, focusing on correcting information without expressing empathy or friendliness, indicating low warmth. The correction of wording and clarification of the situation demonstrate a strong grasp of the topic, indicating high competence.

user2:  
  warmth: low  
  competence: low  
  explanation: User2 does not contribute additional information or context to the conversation, making it difficult to assess competence. The lack of engagement or response to user1's correction suggests low warmth.",0,1,False,0.67724609375
365677498.902.902,2,"You are an assistant trained to detect early warning signs of toxic behavior in online conversations given only the summary of the conversation. Predict whether the conversation is likely to result in a personal attack later on. Provide your answer in the format 'ATTACK: YES/NO'

Conversation:
Summary: user1:  
  warmth: high  
  competence: low  
  explanation: User1 expresses gratitude and relief, indicating high warmth. However, the question about being a bureaucrat seems more playful or rhetorical, suggesting a lack of focus on competence.

user2:  
  warmth: high  
  competence: high  
  explanation: User2 responds positively and acknowledges the gratitude, showing high warmth. They provide a concise update on their status, indicating high competence in addressing the query.",1,1,True,0.57275390625
370823035.9442.9442,2,"You are an assistant trained to detect early warning signs of toxic behavior in online conversations given only the summary of the conversation. Predict whether the conversation is likely to result in a personal attack later on. Provide your answer in the format 'ATTACK: YES/NO'

Conversation:
Summary: user1:
  warmth: high
  competence: high
  explanation: User1 politely requests assistance, indicating a collaborative and approachable demeanor, which suggests high warmth. The ability to articulate the request clearly and appropriately implies high competence.

user2:
  warmth: high
  competence: high
  explanation: User2 responds promptly and succinctly with a completed action, demonstrating helpfulness and efficiency, which indicates high warmth. The ability to fulfill the request quickly and effectively suggests high competence.",0,0,True,0.8505859375
373143411.24663.24663,2,"You are an assistant trained to detect early warning signs of toxic behavior in online conversations given only the summary of the conversation. Predict whether the conversation is likely to result in a personal attack later on. Provide your answer in the format 'ATTACK: YES/NO'

Conversation:
Summary: To provide an analysis using the Stereotype Content Model (SCM), I would need to review the content of the conversation between user1 and user2. Please provide the conversation text so I can assess each participant's warmth and competence.",0,0,True,0.77978515625
380375178.1794.1770,2,"You are an assistant trained to detect early warning signs of toxic behavior in online conversations given only the summary of the conversation. Predict whether the conversation is likely to result in a personal attack later on. Provide your answer in the format 'ATTACK: YES/NO'

Conversation:
Summary: user1:  
  warmth: low  
  competence: high  
  explanation: User1 demonstrates high competence through their detailed explanation of mathematical calculations, indicating a strong understanding of the subject. However, their tone is somewhat dismissive and lacks empathy, suggesting low warmth in their communication style.

user2:  
  warmth: low  
  competence: high  
  explanation: User2 exhibits high competence by confidently correcting user1's calculations and referencing prior discussions for support. Their use of informal language and a confrontational tone, however, suggests low warmth, as it may come across as dismissive or impatient.",1,1,True,0.66259765625
380385099.14557.14557,2,"You are an assistant trained to detect early warning signs of toxic behavior in online conversations given only the summary of the conversation. Predict whether the conversation is likely to result in a personal attack later on. Provide your answer in the format 'ATTACK: YES/NO'

Conversation:
Summary: Certainly! Here's the analysis of the conversation using the Stereotype Content Model:

**user1 (S_0):**
- **warmth:** high
- **competence:** high
- **explanation:** User1 proposes a fair solution to clarify voting instructions, indicating a collaborative and thoughtful approach. Their suggestion aims to improve understanding and fairness, reflecting both warmth and competence.

**user2 (S_1):**
- **warmth:** low
- **competence:** high
- **explanation:** User2 disagrees with the proposal, expressing concern about disenfranchisement. The response is direct and critical, showing competence in identifying potential issues but lacking warmth in engagement.

**user3 (S_2):**
- **warmth:** low
- **competence:** high
- **explanation:** User3 critiques the current voting system as overly complex and potentially misleading, demonstrating analytical skills. However, the tone is critical and dismissive, suggesting lower warmth.

**user4 (S_3):**
- **warmth:** high
- **competence:** high
- **explanation:** User4 seeks to clarify consensus and invites further discussion, showing openness and inclusivity. Their responses are constructive and data-driven, indicating both warmth and competence.

**user5 (S_4):**
- **warmth:** high
- **competence:** high
- **explanation:** User5 questions the effectiveness of starting over, providing data to support their point. The response is polite and informative, demonstrating both warmth and competence in addressing the issue.",0,0,True,0.82470703125
380436157.75736.75736,2,"You are an assistant trained to detect early warning signs of toxic behavior in online conversations given only the summary of the conversation. Predict whether the conversation is likely to result in a personal attack later on. Provide your answer in the format 'ATTACK: YES/NO'

Conversation:
Summary: user1:  
  warmth: high  
  competence: low  
  explanation: User1 expresses interest, which suggests openness and friendliness, indicating high warmth. However, the statement is vague and lacks substantive content, suggesting low competence.

user2:  
  warmth: low  
  competence: high  
  explanation: User2 provides a formal and structured response, indicating high competence. However, the tone is impersonal and procedural, suggesting low warmth.",1,1,True,0.6923828125
385094460.21968.21968,2,"You are an assistant trained to detect early warning signs of toxic behavior in online conversations given only the summary of the conversation. Predict whether the conversation is likely to result in a personal attack later on. Provide your answer in the format 'ATTACK: YES/NO'

Conversation:
Summary: user1:  
  warmth: low  
  competence: high  
  explanation: User1 expresses frustration and criticism towards others, indicating low warmth. However, they articulate their points clearly and demonstrate an understanding of the situation, suggesting high competence.

user2:  
  warmth: low  
  competence: high  
  explanation: User2 responds with a firm stance against radical changes and emphasizes the importance of contributing meaningful content. Their directness and critical tone suggest low warmth, while their argument and understanding of the issue indicate high competence.",1,1,True,0.6591796875
386464525.11029.11029,2,"You are an assistant trained to detect early warning signs of toxic behavior in online conversations given only the summary of the conversation. Predict whether the conversation is likely to result in a personal attack later on. Provide your answer in the format 'ATTACK: YES/NO'

Conversation:
Summary: user1:  
  warmth: low  
  competence: high  
  explanation: User1 demonstrates low warmth by issuing a stern warning and using authoritative language, which can be perceived as confrontational. Their competence is high as they reference specific guidelines and demonstrate a thorough understanding of the situation by reviewing past edits.

user2:  
  warmth: low  
  competence: high  
  explanation: User2 shows low warmth by directly challenging user1's statements and accusing them of misrepresentation. Their competence is high as they confidently assert their position and request corrections, indicating self-assuredness in their understanding of the situation.",1,1,True,0.806640625
387033433.19939.19939,2,"You are an assistant trained to detect early warning signs of toxic behavior in online conversations given only the summary of the conversation. Predict whether the conversation is likely to result in a personal attack later on. Provide your answer in the format 'ATTACK: YES/NO'

Conversation:
Summary: user1:  
  warmth: low  
  competence: high  
  explanation: User1 demonstrates high competence through their detailed understanding of the tasks and requirements needed to achieve the desired status for the articles. However, their warmth is perceived as low due to the straightforward and task-focused nature of their responses, which lack expressions of empathy or encouragement.

user2:  
  warmth: high  
  competence: high  
  explanation: User2 shows high competence by actively engaging in problem-solving and outlining a clear plan for achieving the goals. Their warmth is high as they respond positively to user1's suggestions and collaborate effectively, indicating a cooperative and supportive attitude.",0,0,True,0.6474609375
388451619.9829.9829,2,"You are an assistant trained to detect early warning signs of toxic behavior in online conversations given only the summary of the conversation. Predict whether the conversation is likely to result in a personal attack later on. Provide your answer in the format 'ATTACK: YES/NO'

Conversation:
Summary: user1:  
  warmth: low  
  competence: low  
  explanation: User1 expresses frustration and accuses another user of harassment, indicating low warmth. Their understanding of the editing rules appears limited, as they question which rule they broke, suggesting low competence in navigating the platform's guidelines.

user2:  
  warmth: low  
  competence: high  
  explanation: User2 responds with a warning about potential consequences, showing low warmth due to the lack of empathy or support. However, they demonstrate high competence by clearly referencing the platform's rules and procedures regarding consensus and edit-warring.",1,1,True,0.9111328125
389818784.1675.1675,2,"You are an assistant trained to detect early warning signs of toxic behavior in online conversations given only the summary of the conversation. Predict whether the conversation is likely to result in a personal attack later on. Provide your answer in the format 'ATTACK: YES/NO'

Conversation:
Summary: user1:  
  warmth: low  
  competence: high  
  explanation: User1's responses are direct and somewhat critical, indicating low warmth. They offer constructive advice and demonstrate understanding of the context, suggesting high competence.

user2:  
  warmth: low  
  competence: low  
  explanation: User2's messages are defensive and unclear, showing low warmth. They also exhibit confusion and lack clarity in their explanations, indicating low competence.",0,1,False,0.63720703125
390604951.276.276,2,"You are an assistant trained to detect early warning signs of toxic behavior in online conversations given only the summary of the conversation. Predict whether the conversation is likely to result in a personal attack later on. Provide your answer in the format 'ATTACK: YES/NO'

Conversation:
Summary: user1:  
  warmth: low  
  competence: low  
  explanation: User1 presents controversial opinions and comparisons, which may be perceived as insensitive or provocative, potentially reducing perceived warmth. The arguments lack clear evidence or logical coherence, which may lead to a perception of low competence.

user2:  
  warmth: low  
  competence: high  
  explanation: User2's response is direct and dismissive, suggesting low warmth. However, they provide practical advice on how to proceed with the discussion, indicating a level of competence in managing conversations and understanding social dynamics.",1,1,True,0.8544921875
39263417.193.193,2,"You are an assistant trained to detect early warning signs of toxic behavior in online conversations given only the summary of the conversation. Predict whether the conversation is likely to result in a personal attack later on. Provide your answer in the format 'ATTACK: YES/NO'

Conversation:
Summary: user1:  
  warmth: low  
  competence: high  
  explanation: User1's message is direct and lacks any expressions of friendliness or empathy, suggesting low warmth. However, the proposal to remove redundant information indicates a clear understanding of the topic and a focus on efficiency, suggesting high competence.",0,0,True,0.59375
392929872.1644.1644,2,"You are an assistant trained to detect early warning signs of toxic behavior in online conversations given only the summary of the conversation. Predict whether the conversation is likely to result in a personal attack later on. Provide your answer in the format 'ATTACK: YES/NO'

Conversation:
Summary: Based on the provided conversation, here's the assessment using the Stereotype Content Model:

user1 (S_0):
  warmth: high
  competence: high
  explanation: User1 exhibits high warmth by expressing appreciation and celebrating another's contributions, indicating friendliness and positivity. Their competence is also perceived as high, as they acknowledge the recipient's achievements and contributions, suggesting they are knowledgeable and recognize value in others' work.",0,0,True,0.962890625
397534423.3736.3736,2,"You are an assistant trained to detect early warning signs of toxic behavior in online conversations given only the summary of the conversation. Predict whether the conversation is likely to result in a personal attack later on. Provide your answer in the format 'ATTACK: YES/NO'

Conversation:
Summary: user1:  
  warmth: high  
  competence: high  
  explanation: User1 demonstrates high warmth by expressing gratitude and using a friendly greeting. Their competence is high as they acknowledge the correctness of the actions and seek clarification on the observed behavior, indicating understanding and engagement with the situation.  

user2:  
  warmth: N/A  
  competence: N/A  
  explanation: User2 has not participated in the conversation yet, so their warmth and competence cannot be assessed at this time.",0,1,False,0.64892578125
398530287.4835.4835,2,"You are an assistant trained to detect early warning signs of toxic behavior in online conversations given only the summary of the conversation. Predict whether the conversation is likely to result in a personal attack later on. Provide your answer in the format 'ATTACK: YES/NO'

Conversation:
Summary: user1:
  warmth: low
  competence: high
  explanation: User1 displays low warmth by using a defensive and confrontational tone, emphasizing the effort they put into their work and criticizing user2's actions. Their competence is high as they provide detailed reasoning and comparisons to other city pages, showing knowledge of the topic.

user2:
  warmth: low
  competence: high
  explanation: User2 also exhibits low warmth, as they critique user1's contribution directly and suggest alternatives in a blunt manner. Their competence is high, demonstrated by their understanding of the article's purpose and their suggestion to use the talk page for further discussion.",0,1,False,0.8388671875
399023872.13288.13288,2,"You are an assistant trained to detect early warning signs of toxic behavior in online conversations given only the summary of the conversation. Predict whether the conversation is likely to result in a personal attack later on. Provide your answer in the format 'ATTACK: YES/NO'

Conversation:
Summary: user1:  
  warmth: high  
  competence: high  
  explanation: User1 demonstrates high warmth by inviting feedback and considering others' opinions. Their competence is high as they articulate a clear plan and show understanding of the task at hand.

user2:  
  warmth: high  
  competence: high  
  explanation: User2 shows high warmth by expressing agreement and contributing constructively to the discussion. Their competence is high as they provide a thoughtful suggestion that aligns with the ongoing conversation.",0,0,True,0.73583984375
402880641.5613.5613,2,"You are an assistant trained to detect early warning signs of toxic behavior in online conversations given only the summary of the conversation. Predict whether the conversation is likely to result in a personal attack later on. Provide your answer in the format 'ATTACK: YES/NO'

Conversation:
Summary: user1:  
  warmth: low  
  competence: high  
  explanation: User1's reminder about the rules is direct and lacks any attempt to soften the message, indicating low warmth. However, their awareness of the rules and the situation suggests high competence.

user2:  
  warmth: low  
  competence: high  
  explanation: User2's response is confrontational and lacks friendliness, indicating low warmth. Their understanding of the procedural steps to address the issue shows high competence.",1,1,True,0.6591796875
405203967.177.177,2,"You are an assistant trained to detect early warning signs of toxic behavior in online conversations given only the summary of the conversation. Predict whether the conversation is likely to result in a personal attack later on. Provide your answer in the format 'ATTACK: YES/NO'

Conversation:
Summary: To accurately assess the conversation using the Stereotype Content Model, I would need more context or additional dialogue to evaluate the perceived warmth and competence of each participant. The provided conversation snippet is too limited to make a meaningful assessment. If you can provide more of the conversation, I would be happy to help with the analysis.",0,0,True,0.57568359375
412002771.233.233,2,"You are an assistant trained to detect early warning signs of toxic behavior in online conversations given only the summary of the conversation. Predict whether the conversation is likely to result in a personal attack later on. Provide your answer in the format 'ATTACK: YES/NO'

Conversation:
Summary: user1:  
  warmth: high  
  competence: high  
  explanation: User1 demonstrates high warmth by suggesting a gentle approach and understanding towards OM's mistake, indicating empathy and consideration. Their competence is high as they acknowledge the misinterpretation and provide a rational perspective, suggesting that it is an isolated incident rather than a pattern of behavior.",0,0,True,0.8642578125
414361617.39409.39409,2,"You are an assistant trained to detect early warning signs of toxic behavior in online conversations given only the summary of the conversation. Predict whether the conversation is likely to result in a personal attack later on. Provide your answer in the format 'ATTACK: YES/NO'

Conversation:
Summary: user1:  
  warmth: high  
  competence: high  
  explanation: User1 demonstrates high warmth by politely asking for permission and expressing a willingness to collaborate. Their competence is high as they reference a specific source and show an understanding of the editing process.

user2:  
  warmth: high  
  competence: high  
  explanation: User2 displays high warmth by encouraging user1 to proceed and offering a suggestion if more time is needed. Their competence is high as they reference guidelines and provide practical advice, indicating familiarity with the editing process.",0,0,True,0.73828125
415904575.5856.5856,2,"You are an assistant trained to detect early warning signs of toxic behavior in online conversations given only the summary of the conversation. Predict whether the conversation is likely to result in a personal attack later on. Provide your answer in the format 'ATTACK: YES/NO'

Conversation:
Summary: user1:  
  warmth: low  
  competence: high  
  explanation: User1 demonstrates high competence by citing examples and providing evidence to support their position. However, their tone is assertive and somewhat dismissive, which may be perceived as low warmth, as they focus on defending their actions rather than engaging collaboratively.

user2:  
  warmth: low  
  competence: high  
  explanation: User2 also exhibits high competence by articulating a clear rationale for their actions and emphasizing the importance of discussion clarity. Their direct and corrective tone, however, suggests low warmth, as they prioritize their perspective over accommodating user1's preferences.",1,1,True,0.67333984375
417942032.1855.1855,2,"You are an assistant trained to detect early warning signs of toxic behavior in online conversations given only the summary of the conversation. Predict whether the conversation is likely to result in a personal attack later on. Provide your answer in the format 'ATTACK: YES/NO'

Conversation:
Summary: user1:  
  warmth: high  
  competence: high  
  explanation: User1 demonstrates high warmth by expressing respect and appreciation for User2's work, despite disagreeing on the article's quality. Their competence is high as they articulate their reasoning clearly and engage in a constructive dialogue about the article's status.

user2:  
  warmth: low  
  competence: high  
  explanation: User2 exhibits low warmth by responding in a somewhat dismissive manner, suggesting procedural action without engaging in a collaborative discussion. Their competence is high, as they provide a comparative analysis and reference past experiences to support their stance.",0,1,False,0.80224609375
418301485.10.0,2,"You are an assistant trained to detect early warning signs of toxic behavior in online conversations given only the summary of the conversation. Predict whether the conversation is likely to result in a personal attack later on. Provide your answer in the format 'ATTACK: YES/NO'

Conversation:
Summary: user1:  
  warmth: low  
  competence: high  
  explanation: User1 provides a direct and informative message, indicating competence through the provision of specific instructions and references. However, the tone is formal and lacks personal engagement, which may be perceived as low warmth.

user2:  
  warmth: low  
  competence: low  
  explanation: User2's response is sarcastic and dismissive, which suggests low warmth due to the lack of constructive engagement. The lack of substantive content or contribution to the conversation indicates low competence.",1,1,True,0.68505859375
421718962.55161.55161,2,"You are an assistant trained to detect early warning signs of toxic behavior in online conversations given only the summary of the conversation. Predict whether the conversation is likely to result in a personal attack later on. Provide your answer in the format 'ATTACK: YES/NO'

Conversation:
Summary: user1:  
  warmth: low  
  competence: high  
  explanation: User1 demonstrates high competence by providing specific names and referencing an agreement, indicating knowledge of the subject. However, the tone is factual and lacks any warmth or friendliness, focusing purely on information.

user2:  
  warmth: low  
  competence: low  
  explanation: User2 provides a minimal response with a simple affirmation. This brevity suggests low competence, as it doesn't add information or context. The lack of elaboration or engagement also conveys low warmth.",0,1,False,0.62109375
424701107.5106.5106,2,"You are an assistant trained to detect early warning signs of toxic behavior in online conversations given only the summary of the conversation. Predict whether the conversation is likely to result in a personal attack later on. Provide your answer in the format 'ATTACK: YES/NO'

Conversation:
Summary: I'm sorry, but I need more information from the conversation to accurately assess the participants' warmth and competence using the Stereotype Content Model. Could you provide additional dialogue or context?",0,0,True,0.6552734375
425858175.334.334,2,"You are an assistant trained to detect early warning signs of toxic behavior in online conversations given only the summary of the conversation. Predict whether the conversation is likely to result in a personal attack later on. Provide your answer in the format 'ATTACK: YES/NO'

Conversation:
Summary: user1:  
  warmth: low  
  competence: high  
  explanation: User1 expresses a strong opinion and accuses others of bias, indicating low warmth due to perceived hostility. However, their understanding of the situation and strategic advice on navigating the issue suggests high competence.

user2:  
  warmth: low  
  competence: high  
  explanation: User2's response is terse and dismissive, indicating low warmth. However, their ability to succinctly critique and reference a guideline suggests a high level of competence in addressing the issue.",1,1,True,0.8251953125
427144172.5631.5631,2,"You are an assistant trained to detect early warning signs of toxic behavior in online conversations given only the summary of the conversation. Predict whether the conversation is likely to result in a personal attack later on. Provide your answer in the format 'ATTACK: YES/NO'

Conversation:
Summary: user1:
  warmth: low
  competence: high
  explanation: User1 maintains a defensive tone, emphasizing careful consideration and adherence to guidelines. Their insistence on politeness suggests awareness of procedural norms, indicating high competence. However, the defensive and somewhat admonishing language reduces perceived warmth.

user2:
  warmth: low
  competence: low
  explanation: User2 uses a confrontational tone, questioning user1's understanding and decision-making. This approach lacks warmth and fails to demonstrate competence effectively, as it does not provide constructive feedback or evidence of understanding procedural criteria.",1,1,True,0.79443359375
43253452.24.24,2,"You are an assistant trained to detect early warning signs of toxic behavior in online conversations given only the summary of the conversation. Predict whether the conversation is likely to result in a personal attack later on. Provide your answer in the format 'ATTACK: YES/NO'

Conversation:
Summary: user1:  
  warmth: low  
  competence: high  
  explanation: User1's message is formal and focuses on enforcing rules, which suggests high competence. However, the tone is impersonal and lacks empathy, indicating low warmth.

user2:  
  warmth: low  
  competence: high  
  explanation: User2 provides detailed reasoning and context for their actions, demonstrating high competence. However, the accusatory and defensive tone, along with personal attacks, reflects low warmth.",0,1,False,0.802734375
433130034.562.562,2,"You are an assistant trained to detect early warning signs of toxic behavior in online conversations given only the summary of the conversation. Predict whether the conversation is likely to result in a personal attack later on. Provide your answer in the format 'ATTACK: YES/NO'

Conversation:
Summary: user1:
  warmth: low
  competence: high
  explanation: User1 provides a detailed explanation of their actions and reasoning, indicating high competence. However, their tone is defensive and somewhat confrontational, which suggests low warmth as they challenge user2's assertions and defend their own actions.

user2:
  warmth: low
  competence: high
  explanation: User2 responds with a detailed counterargument and references additional information, demonstrating high competence. However, their tone is dismissive and critical of user1's actions and reasoning, indicating low warmth in their interaction.",0,1,False,0.87255859375
43745232.30298.30298,2,"You are an assistant trained to detect early warning signs of toxic behavior in online conversations given only the summary of the conversation. Predict whether the conversation is likely to result in a personal attack later on. Provide your answer in the format 'ATTACK: YES/NO'

Conversation:
Summary: user1:
  warmth: high
  competence: high
  explanation: User1 demonstrates high warmth by expressing understanding and agreement with the decision, indicating a cooperative and agreeable demeanor. Their competence is high as they articulate a clear inquiry about the tribunal's reasoning, showing a thoughtful and analytical approach to the situation.",0,0,True,0.9404296875
43997024.4507.4507,2,"You are an assistant trained to detect early warning signs of toxic behavior in online conversations given only the summary of the conversation. Predict whether the conversation is likely to result in a personal attack later on. Provide your answer in the format 'ATTACK: YES/NO'

Conversation:
Summary: user1:  
  warmth: high  
  competence: high  
  explanation: User1 demonstrates high warmth by encouraging a peaceful resolution and advising to let go of conflict. Their approach suggests emotional intelligence and a desire to maintain harmony, indicating high competence in managing interpersonal dynamics.

user2:  
  warmth: low  
  competence: high  
  explanation: User2 exhibits low warmth by making disparaging remarks about another person, implying a lack of empathy. However, their response is articulate and uses metaphor effectively, indicating high competence in communication and expression.",1,1,True,0.904296875
447006430.3642.3642,2,"You are an assistant trained to detect early warning signs of toxic behavior in online conversations given only the summary of the conversation. Predict whether the conversation is likely to result in a personal attack later on. Provide your answer in the format 'ATTACK: YES/NO'

Conversation:
Summary: user1:  
  warmth: high  
  competence: high  
  explanation: User1's comment reflects a positive and humorous tone, indicating high warmth. The ability to engage in a ""civilized edit war"" suggests a level of skill and understanding, indicating high competence.

user2:  
  warmth: high  
  competence: high  
  explanation: User2 expresses enjoyment and relief, showing a friendly and agreeable demeanor, which indicates high warmth. Acknowledging the situation as a ""draw"" suggests a balanced and fair perspective, indicating high competence.",1,0,False,0.63427734375
454574584.2270.2270,2,"You are an assistant trained to detect early warning signs of toxic behavior in online conversations given only the summary of the conversation. Predict whether the conversation is likely to result in a personal attack later on. Provide your answer in the format 'ATTACK: YES/NO'

Conversation:
Summary: user1:  
  warmth: low  
  competence: high  
  explanation: User1 demonstrates low warmth by being critical and dismissive, emphasizing rule violations and a lack of understanding. Their competence is high as they clearly articulate the issues and the expected behavior, showing a strong grasp of the procedural norms.

user2:  
  warmth: low  
  competence: high  
  explanation: User2 shows low warmth by focusing on defending their actions and pointing out perceived unfairness, which may come across as confrontational. Their competence is high as they provide detailed explanations and reasoning for their actions, indicating an understanding of the rules and context.",0,1,False,0.67041015625
45637553.11402.11402,2,"You are an assistant trained to detect early warning signs of toxic behavior in online conversations given only the summary of the conversation. Predict whether the conversation is likely to result in a personal attack later on. Provide your answer in the format 'ATTACK: YES/NO'

Conversation:
Summary: user1:  
  warmth: high  
  competence: low  
  explanation: User1 expresses a friendly and positive sentiment by offering a barnstar, which indicates high warmth. However, their admission of not knowing how to give a barnstar suggests lower competence in this specific context.

user2:  
  warmth: low  
  competence: high  
  explanation: User2 provides a direct and efficient response by suggesting a link, which indicates high competence. However, the lack of additional friendly language or engagement suggests lower warmth.",1,1,True,0.77099609375
456447215.3006.3006,2,"You are an assistant trained to detect early warning signs of toxic behavior in online conversations given only the summary of the conversation. Predict whether the conversation is likely to result in a personal attack later on. Provide your answer in the format 'ATTACK: YES/NO'

Conversation:
Summary: user1:  
  warmth: low  
  competence: high  
  explanation: User1 demonstrates high competence by clearly articulating guidelines and the importance of reliable sources. However, their tone is somewhat authoritative and dismissive, which may come across as low in warmth.

user2:  
  warmth: high  
  competence: low  
  explanation: User2 displays high warmth by engaging openly and asking for clarification. However, their lack of understanding of the issue and reliance on user1 for examples suggests lower competence in the specific context.",0,1,False,0.6845703125
45840287.7863.7863,2,"You are an assistant trained to detect early warning signs of toxic behavior in online conversations given only the summary of the conversation. Predict whether the conversation is likely to result in a personal attack later on. Provide your answer in the format 'ATTACK: YES/NO'

Conversation:
Summary: user1:
  warmth: low
  competence: high
  explanation: User1's message is procedural and authoritative, indicating a high level of competence in enforcing rules. However, the tone is formal and lacks empathy, suggesting low warmth.

user2:
  warmth: low
  competence: high
  explanation: User2's message is direct and stern, emphasizing rule enforcement and consequences. The focus on warnings and potential blocking indicates high competence, but the lack of supportive language reflects low warmth.",0,1,False,0.65234375
47138769.27099.27099,2,"You are an assistant trained to detect early warning signs of toxic behavior in online conversations given only the summary of the conversation. Predict whether the conversation is likely to result in a personal attack later on. Provide your answer in the format 'ATTACK: YES/NO'

Conversation:
Summary: user1:
  warmth: high
  competence: high
  explanation: User1 greets politely and expresses gratitude, indicating high warmth. They also provide useful resources and suggestions for improvement, demonstrating high competence.",0,0,True,0.79248046875
471417618.10851.10851,2,"You are an assistant trained to detect early warning signs of toxic behavior in online conversations given only the summary of the conversation. Predict whether the conversation is likely to result in a personal attack later on. Provide your answer in the format 'ATTACK: YES/NO'

Conversation:
Summary: user1:
  warmth: high
  competence: high
  explanation: User1 demonstrates high warmth by using polite language and expressing understanding, even when disagreeing. Their competence is high as they provide a rationale for their actions, focusing on content quality and procedural correctness.

user2:
  warmth: low
  competence: low
  explanation: User2 exhibits low warmth, using dismissive and blunt language. Their competence is low as they focus solely on aesthetics rather than addressing the content quality or procedural norms, showing a lack of understanding of the tagging purpose.",1,1,True,0.7724609375
471462827.1311.1311,2,"You are an assistant trained to detect early warning signs of toxic behavior in online conversations given only the summary of the conversation. Predict whether the conversation is likely to result in a personal attack later on. Provide your answer in the format 'ATTACK: YES/NO'

Conversation:
Summary: user1:
  warmth: high
  competence: high
  explanation: User1 expresses a respectful and considerate tone by apologizing and showing appreciation for music and facts, indicating high warmth. Their ability to engage with the topic and reference specific actions, such as playing music in memory, demonstrates high competence.",0,0,True,0.86767578125
48096378.1094.1094,2,"You are an assistant trained to detect early warning signs of toxic behavior in online conversations given only the summary of the conversation. Predict whether the conversation is likely to result in a personal attack later on. Provide your answer in the format 'ATTACK: YES/NO'

Conversation:
Summary: user1:  
  warmth: high  
  competence: high  
  explanation: User1 demonstrates high warmth by greeting the other participant and expressing gratitude. Their competence is high as they provide specific information about the article's content and their contributions, indicating knowledge and involvement in the task.  

user2:  
  warmth: N/A  
  competence: N/A  
  explanation: User2 has not participated in the conversation, so their warmth and competence cannot be assessed.",0,0,True,0.55078125
48879345.5917.5917,2,"You are an assistant trained to detect early warning signs of toxic behavior in online conversations given only the summary of the conversation. Predict whether the conversation is likely to result in a personal attack later on. Provide your answer in the format 'ATTACK: YES/NO'

Conversation:
Summary: user1:  
  warmth: low  
  competence: high  
  explanation: User1 demonstrates high competence by providing specific geographical details and correcting a potential error. However, their tone lacks warmth as they focus on factual accuracy without acknowledging user2's perspective or offering a collaborative approach.

user2:  
  warmth: high  
  competence: low  
  explanation: User2 shows high warmth by referencing a personal account from a book and expressing uncertainty about city limits, which indicates openness and a willingness to engage. However, their competence is lower as they rely on a secondary source without verifying the geographical accuracy.",1,1,True,0.69287109375
489884812.1917.1917,2,"You are an assistant trained to detect early warning signs of toxic behavior in online conversations given only the summary of the conversation. Predict whether the conversation is likely to result in a personal attack later on. Provide your answer in the format 'ATTACK: YES/NO'

Conversation:
Summary: To provide an accurate assessment, I would need more context or additional dialogue from the participants involved in the conversation. The current snippet only includes a proposal from one participant (presumably user1). If you can provide more dialogue or specify the roles of user1 and user2, I can offer a more comprehensive analysis.",1,0,False,0.6474609375
492499584.46311.46311,2,"You are an assistant trained to detect early warning signs of toxic behavior in online conversations given only the summary of the conversation. Predict whether the conversation is likely to result in a personal attack later on. Provide your answer in the format 'ATTACK: YES/NO'

Conversation:
Summary: user1:  
  warmth: low  
  competence: high  
  explanation: User1's message is direct and somewhat confrontational, indicating low warmth. They express confidence in their understanding of Wikipedia's guidelines, suggesting high competence.

user2:  
  warmth: not applicable  
  competence: not applicable  
  explanation: User2 has not participated in the conversation, so their warmth and competence cannot be assessed.",0,0,True,0.837890625
497502325.286.286,2,"You are an assistant trained to detect early warning signs of toxic behavior in online conversations given only the summary of the conversation. Predict whether the conversation is likely to result in a personal attack later on. Provide your answer in the format 'ATTACK: YES/NO'

Conversation:
Summary: user1:  
  warmth: high  
  competence: high  
  explanation: User1 presents information in a factual and detailed manner, referencing specific sources and acknowledging the possibility of new research. Their tone is neutral and informative, indicating high warmth and competence.

user2:  
  warmth: low  
  competence: high  
  explanation: User2 uses sarcasm and dismissive language, which suggests low warmth. However, they demonstrate knowledge of the subject and critique the sources, indicating high competence.",0,1,False,0.81982421875
502802647.260.260,2,"You are an assistant trained to detect early warning signs of toxic behavior in online conversations given only the summary of the conversation. Predict whether the conversation is likely to result in a personal attack later on. Provide your answer in the format 'ATTACK: YES/NO'

Conversation:
Summary: To assess the conversation using the Stereotype Content Model (SCM), we need to evaluate the perceived warmth and competence of each participant based on their communication style and content.

user1:
  warmth: high
  competence: high
  explanation: User1 opens the conversation with gratitude and a collaborative tone, indicating a friendly and approachable demeanor. The inquiry about candidates for a team project suggests they are proactive and capable, reflecting high competence.

user2:
  warmth: N/A
  competence: N/A
  explanation: User2 has not participated in the conversation yet, so their warmth and competence cannot be assessed based on the provided text.",0,0,True,0.9453125
509954386.3192.3192,2,"You are an assistant trained to detect early warning signs of toxic behavior in online conversations given only the summary of the conversation. Predict whether the conversation is likely to result in a personal attack later on. Provide your answer in the format 'ATTACK: YES/NO'

Conversation:
Summary: user1:  
  warmth: low  
  competence: high  
  explanation: User1's tone is confrontational, questioning the actions of the other participant, which suggests low warmth. However, they demonstrate an understanding of the issue by pointing out specific consequences of the changes, indicating high competence.

user2:  
  warmth: N/A  
  competence: N/A  
  explanation: User2 has not participated in the conversation, so their warmth and competence cannot be assessed.",1,0,False,0.880859375
516580448.327.327,2,"You are an assistant trained to detect early warning signs of toxic behavior in online conversations given only the summary of the conversation. Predict whether the conversation is likely to result in a personal attack later on. Provide your answer in the format 'ATTACK: YES/NO'

Conversation:
Summary: user1:  
  warmth: low  
  competence: high  
  explanation: User1's tone suggests frustration and defensiveness, indicating low warmth. However, their reference to specific processes like ""main page redesign"" and ""standards"" implies a good understanding of the context, suggesting high competence.

user2:  
  warmth: low  
  competence: high  
  explanation: User2 is not directly quoted, but the accusation of harassment implies a contentious interaction, suggesting low warmth. The discussion of standards and requirements indicates that both participants are knowledgeable, suggesting high competence.",0,0,True,0.51904296875
53009475.3394.3394,2,"You are an assistant trained to detect early warning signs of toxic behavior in online conversations given only the summary of the conversation. Predict whether the conversation is likely to result in a personal attack later on. Provide your answer in the format 'ATTACK: YES/NO'

Conversation:
Summary: user1:  
  warmth: low  
  competence: high  
  explanation: User1 presents their argument in a straightforward manner, focusing on the technical and organizational aspects of the category. Their tone is critical and lacks expressions of empathy or understanding towards other perspectives, which suggests lower warmth. However, their detailed reasoning and understanding of the category's purpose and implications indicate high competence.

user2:  
  warmth: high  
  competence: high  
  explanation: User2 acknowledges the concerns raised by user1 but provides a counterargument with a focus on practical benefits and technical solutions. Their response is constructive and seeks to address potential issues, demonstrating high competence. The willingness to engage and consider alternatives reflects higher warmth, as they show an understanding of different viewpoints and the importance of the category.",0,0,True,0.54150390625
534422364.1222.1222,2,"You are an assistant trained to detect early warning signs of toxic behavior in online conversations given only the summary of the conversation. Predict whether the conversation is likely to result in a personal attack later on. Provide your answer in the format 'ATTACK: YES/NO'

Conversation:
Summary: user1:
  warmth: high
  competence: high
  explanation: User1 expresses gratitude and acknowledges the helpfulness of contributions, indicating high warmth. They also provide a clear and structured explanation of their actions and reflections, suggesting high competence.

user2:
  warmth: high
  competence: high
  explanation: User2 engages in a respectful dialogue, inviting further input and acknowledging differing opinions, which demonstrates high warmth. Their ability to summarize the discussion and seek consensus reflects high competence.",0,0,True,0.70458984375
55327610.736.736,2,"You are an assistant trained to detect early warning signs of toxic behavior in online conversations given only the summary of the conversation. Predict whether the conversation is likely to result in a personal attack later on. Provide your answer in the format 'ATTACK: YES/NO'

Conversation:
Summary: user1:  
  warmth: high  
  competence: low  
  explanation: User1 expresses gratitude and apologizes for the inconvenience, indicating high warmth. However, their lack of understanding about the situation suggests low competence in this context.

user2:  
  warmth: high  
  competence: high  
  explanation: User2 acknowledges the request and explains their process, showing understanding and cooperation, which indicates high warmth. Their explanation of managing the workload and ensuring no duplication of effort demonstrates high competence.",1,0,False,0.673828125
555386626.4434.4434,2,"You are an assistant trained to detect early warning signs of toxic behavior in online conversations given only the summary of the conversation. Predict whether the conversation is likely to result in a personal attack later on. Provide your answer in the format 'ATTACK: YES/NO'

Conversation:
Summary: user1:
  warmth: low
  competence: high
  explanation: User1 demonstrates high competence by providing detailed and specific feedback on the inaccuracies and nuances related to the belligerents section. However, their tone is critical and lacks empathy or encouragement, which can be perceived as low warmth.

user2:
  warmth: high
  competence: high
  explanation: User2 responds directly and clearly to user1's concerns, showing competence in understanding and addressing the specific issue with the map. Their straightforward and non-defensive response indicates a willingness to engage constructively, reflecting high warmth.",0,1,False,0.61083984375
562919791.938.938,2,"You are an assistant trained to detect early warning signs of toxic behavior in online conversations given only the summary of the conversation. Predict whether the conversation is likely to result in a personal attack later on. Provide your answer in the format 'ATTACK: YES/NO'

Conversation:
Summary: user1:
  warmth: low
  competence: high
  explanation: User1's statement is direct and carries a tone of warning, indicating low warmth. However, the mention of specific procedural knowledge (BLP violations and ANI) suggests a high level of competence in the context of the conversation.",1,1,True,0.5029296875
567687735.949.949,2,"You are an assistant trained to detect early warning signs of toxic behavior in online conversations given only the summary of the conversation. Predict whether the conversation is likely to result in a personal attack later on. Provide your answer in the format 'ATTACK: YES/NO'

Conversation:
Summary: user1:
  warmth: high
  competence: low
  explanation: User1's request for clarification is polite and sincere, indicating high warmth. However, the need for further explanation suggests a lack of understanding or competence regarding the topic discussed.

user2:
  warmth: high
  competence: high
  explanation: User2 responds helpfully and politely, indicating high warmth. They provide a detailed explanation and suggest further reading, demonstrating high competence in the subject matter.",0,1,False,0.5810546875
582297704.267.267,2,"You are an assistant trained to detect early warning signs of toxic behavior in online conversations given only the summary of the conversation. Predict whether the conversation is likely to result in a personal attack later on. Provide your answer in the format 'ATTACK: YES/NO'

Conversation:
Summary: user1 (Fluffernutter):
  warmth: high
  competence: high
  explanation: User1 demonstrates high warmth by expressing empathy and offering assistance, indicating a considerate approach. Their competence is high as they provide clear guidance on how to handle the situation appropriately, showing understanding of the process and rules involved.

user2 (Blackberry):
  warmth: high
  competence: low
  explanation: User2 shows high warmth by expressing understanding and gratitude, indicating a willingness to cooperate. However, their competence is low as they express uncertainty about the appropriate actions to take, revealing a lack of familiarity with the process mentioned.",0,0,True,0.76806640625
58635054.4163.4145,2,"You are an assistant trained to detect early warning signs of toxic behavior in online conversations given only the summary of the conversation. Predict whether the conversation is likely to result in a personal attack later on. Provide your answer in the format 'ATTACK: YES/NO'

Conversation:
Summary: user1:  
  warmth: low  
  competence: high  
  explanation: User1's message is authoritative and corrective, indicating low warmth as it lacks empathy or friendliness. However, the user demonstrates high competence by clearly communicating the consequences and providing specific instructions for future behavior, showing an understanding of the situation and the rules involved.",0,0,True,0.595703125
589217545.0.0,2,"You are an assistant trained to detect early warning signs of toxic behavior in online conversations given only the summary of the conversation. Predict whether the conversation is likely to result in a personal attack later on. Provide your answer in the format 'ATTACK: YES/NO'

Conversation:
Summary: user1:
  warmth: low
  competence: high
  explanation: User1's message is direct and authoritative, indicating a strong understanding of Wikipedia's policies, which suggests high competence. However, the tone is reprimanding and lacks friendliness or empathy, resulting in low warmth.

user2:
  warmth: low
  competence: low
  explanation: User2 begins with a polite tone, suggesting initial warmth, but quickly shifts to sarcasm and aggression, undermining perceived warmth. The contradictory and emotional response, along with the lack of coherent argumentation, suggests low competence.",1,1,True,0.87255859375
603068273.12038.12038,2,"You are an assistant trained to detect early warning signs of toxic behavior in online conversations given only the summary of the conversation. Predict whether the conversation is likely to result in a personal attack later on. Provide your answer in the format 'ATTACK: YES/NO'

Conversation:
Summary: user1:  
  warmth: low  
  competence: high  
  explanation: User1's tone is authoritative and threatening, indicating low warmth. However, their clear communication and understanding of procedural actions suggest high competence.

user2:  
  warmth: low  
  competence: high  
  explanation: User2's response is defensive and dismissive, reflecting low warmth. Their reference to specific actions and understanding of the situation indicates high competence.",1,1,True,0.578125
620817957.918.918,2,"You are an assistant trained to detect early warning signs of toxic behavior in online conversations given only the summary of the conversation. Predict whether the conversation is likely to result in a personal attack later on. Provide your answer in the format 'ATTACK: YES/NO'

Conversation:
Summary: user1:  
  warmth: low  
  competence: high  
  explanation: User1's tone is confrontational and dismissive, indicating low warmth. However, their confidence in categorizing the genre and challenging the other participant suggests a high level of competence in the subject matter.

user2:  
  warmth: high  
  competence: high  
  explanation: User2 maintains a neutral and informative tone, showing high warmth by engaging constructively. Their reference to a reliable source and adherence to guidelines indicates high competence in the discussion.",1,1,True,0.501953125
625706549.318.318,2,"You are an assistant trained to detect early warning signs of toxic behavior in online conversations given only the summary of the conversation. Predict whether the conversation is likely to result in a personal attack later on. Provide your answer in the format 'ATTACK: YES/NO'

Conversation:
Summary: user1:  
  warmth: high  
  competence: high  
  explanation: User1 greets the other participant warmly and provides helpful information about a submission, indicating a willingness to assist. This reflects high warmth. Their ability to direct the conversation to a specific resource suggests competence.

user2:  
  warmth: low  
  competence: high  
  explanation: User2's tone is defensive and accusatory, which can be perceived as low warmth. However, they provide detailed information about their credentials and the situation, demonstrating high competence.",1,1,True,0.611328125
627259669.22950.22950,2,"You are an assistant trained to detect early warning signs of toxic behavior in online conversations given only the summary of the conversation. Predict whether the conversation is likely to result in a personal attack later on. Provide your answer in the format 'ATTACK: YES/NO'

Conversation:
Summary: user1:  
  warmth: low  
  competence: high  
  explanation: User1 demonstrates high competence by referencing specific details and questioning the appropriateness of the representation, indicating analytical skills. However, the tone appears critical and dismissive, suggesting low warmth as there is no attempt to engage positively or empathetically with others.  

user2:  
  warmth: N/A  
  competence: N/A  
  explanation: User2 has not participated in the conversation yet, so it is not possible to assess their warmth or competence.",0,1,False,0.52880859375
62813926.61582.61582,2,"You are an assistant trained to detect early warning signs of toxic behavior in online conversations given only the summary of the conversation. Predict whether the conversation is likely to result in a personal attack later on. Provide your answer in the format 'ATTACK: YES/NO'

Conversation:
Summary: user1:  
  warmth: low  
  competence: high  
  explanation: User1's tone is skeptical and somewhat confrontational, indicating low warmth. However, their inquiry about evidence and specific actions shows a logical and analytical approach, suggesting high competence.",1,0,False,0.642578125
629107144.10890.10890,2,"You are an assistant trained to detect early warning signs of toxic behavior in online conversations given only the summary of the conversation. Predict whether the conversation is likely to result in a personal attack later on. Provide your answer in the format 'ATTACK: YES/NO'

Conversation:
Summary: user1:  
  warmth: low  
  competence: high  
  explanation: User1's message is direct and lacks friendliness, indicating low warmth. However, they demonstrate knowledge of the situation and provide strategic advice, suggesting high competence.

user2:  
  warmth: high  
  competence: high  
  explanation: User2 expresses gratitude, which conveys high warmth. They also show awareness of the situation by mentioning the previous block, indicating high competence.",1,0,False,0.51611328125
63549647.6296.6296,2,"You are an assistant trained to detect early warning signs of toxic behavior in online conversations given only the summary of the conversation. Predict whether the conversation is likely to result in a personal attack later on. Provide your answer in the format 'ATTACK: YES/NO'

Conversation:
Summary: user1:  
  warmth: low  
  competence: high  
  explanation: User1 expresses concern over the deletion of an entry and questions the inconsistency in the treatment of similar entries. Their tone is somewhat confrontational, indicating low warmth, but their detailed knowledge of guidelines and specific examples shows high competence.

user2:  
  warmth: high  
  competence: high  
  explanation: User2 explains the deletion process clearly and offers a solution to address user1's concerns, demonstrating high competence. Their willingness to undelete the entry and move it to a discussion shows openness and understanding, indicating high warmth.",0,1,False,0.658203125
64326829.2148.2148,2,"You are an assistant trained to detect early warning signs of toxic behavior in online conversations given only the summary of the conversation. Predict whether the conversation is likely to result in a personal attack later on. Provide your answer in the format 'ATTACK: YES/NO'

Conversation:
Summary: Certainly! Here's the assessment based on the Stereotype Content Model:

user1:
  warmth: low
  competence: low
  explanation: User1's single-word response lacks engagement and does not contribute meaningfully to the conversation, suggesting low warmth. The absence of elaboration or context indicates low competence in the discussion.

user2:
  warmth: low
  competence: high
  explanation: User2 provides a detailed and reasoned explanation, demonstrating high competence. However, the tone is somewhat impersonal and focused on rules and guidelines, which may come across as low in warmth due to the lack of personal connection or empathy.",1,1,True,0.70263671875
65165121.6372.6372,2,"You are an assistant trained to detect early warning signs of toxic behavior in online conversations given only the summary of the conversation. Predict whether the conversation is likely to result in a personal attack later on. Provide your answer in the format 'ATTACK: YES/NO'

Conversation:
Summary: user1:  
  warmth: high  
  competence: low  
  explanation: User1's question is straightforward and seeks assistance, indicating openness and a friendly approach. However, the question suggests a lack of knowledge or expertise about the technical process involved, reflecting lower competence.

user2:  
  warmth: high  
  competence: high  
  explanation: User2 provides a helpful and direct response, showing willingness to assist, which indicates high warmth. The response includes a clear solution and reference to an example, demonstrating a good understanding of the topic, reflecting high competence.",0,0,True,0.69384765625
654854573.12533.12533,2,"You are an assistant trained to detect early warning signs of toxic behavior in online conversations given only the summary of the conversation. Predict whether the conversation is likely to result in a personal attack later on. Provide your answer in the format 'ATTACK: YES/NO'

Conversation:
Summary: user1:  
  warmth: low  
  competence: high  
  explanation: User1 communicates in a direct and authoritative manner, emphasizing rules and potential consequences, which suggests low warmth. However, their clear understanding of the guidelines and the issue at hand indicates high competence.

user2:  
  warmth: low  
  competence: high  
  explanation: User2 responds assertively, defending their actions and dismissing the need for additional tags, which reflects low warmth. Their confidence in the notability of their work and decision to remove tags suggests high competence.",0,1,False,0.64697265625
66813686.23567.23567,2,"You are an assistant trained to detect early warning signs of toxic behavior in online conversations given only the summary of the conversation. Predict whether the conversation is likely to result in a personal attack later on. Provide your answer in the format 'ATTACK: YES/NO'

Conversation:
Summary: user1:  
  warmth: low  
  competence: high  
  explanation: User1 demonstrates low warmth by using a directive and critical tone, focusing on enforcing rules without showing understanding or empathy. Their competence is high as they reference specific Wikipedia policies, indicating knowledge and adherence to guidelines.

user2:  
  warmth: low  
  competence: high  
  explanation: User2 exhibits low warmth by being confrontational and defensive, emphasizing their disagreement without acknowledging the other participant's perspective. Their competence is high, as they provide detailed justifications for their actions and reference reputable sources, demonstrating a strong understanding of the subject matter.",0,1,False,0.6318359375
669252726.3918.3918,2,"You are an assistant trained to detect early warning signs of toxic behavior in online conversations given only the summary of the conversation. Predict whether the conversation is likely to result in a personal attack later on. Provide your answer in the format 'ATTACK: YES/NO'

Conversation:
Summary: user1:  
  warmth: low  
  competence: high  
  explanation: User1's message is formal and direct, lacking personal engagement or empathy, which suggests low warmth. However, the clarity and structure of the message indicate high competence in communication.

user2:  
  warmth: high  
  competence: low  
  explanation: User2's response is polite and expresses gratitude, indicating high warmth. However, the explanation provided seems to lack credibility or responsibility, suggesting lower competence in addressing the issue.",1,1,True,0.640625
68121124.7309.7309,2,"You are an assistant trained to detect early warning signs of toxic behavior in online conversations given only the summary of the conversation. Predict whether the conversation is likely to result in a personal attack later on. Provide your answer in the format 'ATTACK: YES/NO'

Conversation:
Summary: user1:  
  warmth: high  
  competence: high  
  explanation: User1 initiates the conversation with a collaborative tone, inviting feedback and demonstrating openness to others' opinions, which indicates high warmth. They also show competence by referencing specific episodes and providing a reasoned assessment of the situation, suggesting they are informed and thoughtful.",0,0,True,0.7509765625
685863120.2161.2161,2,"You are an assistant trained to detect early warning signs of toxic behavior in online conversations given only the summary of the conversation. Predict whether the conversation is likely to result in a personal attack later on. Provide your answer in the format 'ATTACK: YES/NO'

Conversation:
Summary: user1 (S_0):
  warmth: low
  competence: high
  explanation: User1 demonstrates competence by explaining the situation clearly and offering a solution. However, their warmth is perceived as low due to the formal and transactional nature of their communication, lacking expressions of gratitude or empathy.

user2 (S_1):
  warmth: high
  competence: high
  explanation: User2 displays high competence by providing detailed guidance and options for resolution. Their warmth is high as they offer help, express willingness to assist further, and address potential issues with the account in a considerate manner.",0,0,True,0.72216796875
69195836.51934.51934,2,"You are an assistant trained to detect early warning signs of toxic behavior in online conversations given only the summary of the conversation. Predict whether the conversation is likely to result in a personal attack later on. Provide your answer in the format 'ATTACK: YES/NO'

Conversation:
Summary: user1:
  warmth: low
  competence: high
  explanation: User1 demonstrates high competence by referencing their extensive study of Milosevic and Yugoslavia, indicating a strong understanding of the subject. However, the tone is more focused on factual correction and lacks expressions of empathy or friendliness, leading to a perception of low warmth.",1,0,False,0.60546875
69614928.3050.3050,2,"You are an assistant trained to detect early warning signs of toxic behavior in online conversations given only the summary of the conversation. Predict whether the conversation is likely to result in a personal attack later on. Provide your answer in the format 'ATTACK: YES/NO'

Conversation:
Summary: user1:  
  warmth: low  
  competence: high  
  explanation: User1's tone is confrontational and critical, indicating low warmth. However, they demonstrate competence by addressing specific actions and errors, suggesting they understand the situation and rules.

user2:  
  warmth: low  
  competence: high  
  explanation: User2 responds with a defensive and accusatory tone, reflecting low warmth. They show high competence by referencing specific actions (reverting the page title) and understanding the implications of those actions.",1,1,True,0.89013671875
704215190.0.0,2,"You are an assistant trained to detect early warning signs of toxic behavior in online conversations given only the summary of the conversation. Predict whether the conversation is likely to result in a personal attack later on. Provide your answer in the format 'ATTACK: YES/NO'

Conversation:
Summary: user1:  
  warmth: low  
  competence: high  
  explanation: User1's tone is confrontational, suggesting low warmth. However, they demonstrate competence by referencing specific sections and challenging the other participant to provide proof, indicating familiarity with the content.

user2:  
  warmth: N/A  
  competence: N/A  
  explanation: User2 has not participated in the conversation, so their warmth and competence cannot be assessed.",1,0,False,0.92236328125
728257358.628.628,2,"You are an assistant trained to detect early warning signs of toxic behavior in online conversations given only the summary of the conversation. Predict whether the conversation is likely to result in a personal attack later on. Provide your answer in the format 'ATTACK: YES/NO'

Conversation:
Summary: user1:
  warmth: high
  competence: high
  explanation: User1 maintains a respectful tone, acknowledges the other participant's contribution, and suggests a reconsideration of changes without enforcing it. This demonstrates high warmth. Their reference to consistency and the broader context of article standards indicates high competence.

user2:
  warmth: high
  competence: high
  explanation: User2 responds with a friendly tone and provides a rationale for their actions, showing consideration for clarity and reader understanding. This reflects high warmth. Their explanation of the necessity for the change and understanding of the project guidelines indicates high competence.",0,0,True,0.66162109375
730552237.426.426,2,"You are an assistant trained to detect early warning signs of toxic behavior in online conversations given only the summary of the conversation. Predict whether the conversation is likely to result in a personal attack later on. Provide your answer in the format 'ATTACK: YES/NO'

Conversation:
Summary: user1 (S_0):
  warmth: low
  competence: high
  explanation: User1 demonstrates low warmth through confrontational and dismissive language, indicating hostility towards the other participant. However, they exhibit high competence by referencing specific actions and outcomes, suggesting familiarity with the situation and the other participant's history.",1,1,True,0.5087890625
731567718.1439.1439,2,"You are an assistant trained to detect early warning signs of toxic behavior in online conversations given only the summary of the conversation. Predict whether the conversation is likely to result in a personal attack later on. Provide your answer in the format 'ATTACK: YES/NO'

Conversation:
Summary: user1:  
  warmth: high  
  competence: high  
  explanation: User1 demonstrates high warmth by using a friendly and personal tone, referencing shared acquaintances and past experiences. This approach suggests a desire to connect on a personal level. Their competence is also perceived as high, as they provide relevant information about Wikipedia editing practices, indicating knowledge and understanding of the subject matter.

user2:  
  warmth: N/A  
  competence: N/A  
  explanation: There is no direct input from user2 in the provided conversation, so their warmth and competence cannot be assessed.",0,0,True,0.97314453125
737560967.10605.10605,2,"You are an assistant trained to detect early warning signs of toxic behavior in online conversations given only the summary of the conversation. Predict whether the conversation is likely to result in a personal attack later on. Provide your answer in the format 'ATTACK: YES/NO'

Conversation:
Summary: user1:  
  warmth: high  
  competence: high  
  explanation: User1 engages in a polite and collaborative manner, expressing gratitude and willingness to cooperate. They demonstrate competence by referencing specific sources and expressing a clear understanding of the verification process.

user2:  
  warmth: high  
  competence: high  
  explanation: User2 maintains a respectful tone and provides detailed reasoning for their initial skepticism, showing openness to user1's perspective. They display competence by citing multiple sources and acknowledging the reliability of the information, ultimately agreeing with user1's assessment.",0,0,True,0.5322265625
74476816.21756.21756,2,"You are an assistant trained to detect early warning signs of toxic behavior in online conversations given only the summary of the conversation. Predict whether the conversation is likely to result in a personal attack later on. Provide your answer in the format 'ATTACK: YES/NO'

Conversation:
Summary: I'm unable to provide an analysis based on the Stereotype Content Model (SCM) with just a single statement from one participant. To assess warmth and competence for each participant, I would need more context and contributions from both user1 and user2. Please provide additional dialogue for a comprehensive analysis.",0,0,True,0.81005859375
75361839.12816.12816,2,"You are an assistant trained to detect early warning signs of toxic behavior in online conversations given only the summary of the conversation. Predict whether the conversation is likely to result in a personal attack later on. Provide your answer in the format 'ATTACK: YES/NO'

Conversation:
Summary: user1:
  warmth: low
  competence: low
  explanation: User1 expresses frustration and accuses another user of misconduct and harassment, which may come across as confrontational and biased. Their argument lacks specific evidence or acknowledgment of Wikipedia's guidelines, suggesting lower competence in addressing the issue effectively.

user2:
  warmth: low
  competence: high
  explanation: User2 provides a factual rebuttal to user1's claims, indicating a higher level of competence in understanding the situation. However, their response is direct and lacks empathetic engagement, which may be perceived as low warmth.",1,1,True,0.88916015625
75692435.4172.4172,2,"You are an assistant trained to detect early warning signs of toxic behavior in online conversations given only the summary of the conversation. Predict whether the conversation is likely to result in a personal attack later on. Provide your answer in the format 'ATTACK: YES/NO'

Conversation:
Summary: user1:  
  warmth: high  
  competence: high  
  explanation: User1 expresses gratitude and acknowledges the significance of user2's support, indicating appreciation and understanding of social dynamics. This reflects high warmth and competence.

user2:  
  warmth: high  
  competence: high  
  explanation: User2 responds positively, expressing gladness and congratulating user1, which demonstrates friendliness and social awareness. This indicates high warmth and competence.",1,0,False,0.658203125
758111250.3444.3444,2,"You are an assistant trained to detect early warning signs of toxic behavior in online conversations given only the summary of the conversation. Predict whether the conversation is likely to result in a personal attack later on. Provide your answer in the format 'ATTACK: YES/NO'

Conversation:
Summary: user1:  
  warmth: high  
  competence: high  
  explanation: The participant expresses gratitude and politeness, indicating high warmth. They acknowledge the situation and make a clear, reasonable request, suggesting high competence.",0,0,True,0.7109375
76725431.24316.24316,2,"You are an assistant trained to detect early warning signs of toxic behavior in online conversations given only the summary of the conversation. Predict whether the conversation is likely to result in a personal attack later on. Provide your answer in the format 'ATTACK: YES/NO'

Conversation:
Summary: user1:
  warmth: low
  competence: low
  explanation: User1's tone is confrontational and lacks politeness, indicating low warmth. The message also lacks any indication of problem-solving or understanding, suggesting low competence.

user2:
  warmth: low
  competence: high
  explanation: User2's response is direct and lacks empathy, indicating low warmth. However, they provide a clear suggestion for resolving the issue, demonstrating high competence.",1,1,True,0.74462890625
79134833.6825.6825,2,"You are an assistant trained to detect early warning signs of toxic behavior in online conversations given only the summary of the conversation. Predict whether the conversation is likely to result in a personal attack later on. Provide your answer in the format 'ATTACK: YES/NO'

Conversation:
Summary: To accurately assess the conversation using the Stereotype Content Model (SCM), I would need more context and dialogue from both participants. The provided conversation snippet is insufficient to evaluate the perceived warmth and competence of the participants. If you can provide additional dialogue or context, I would be happy to assist further.",0,0,True,0.701171875
87250979.7479.7479,2,"You are an assistant trained to detect early warning signs of toxic behavior in online conversations given only the summary of the conversation. Predict whether the conversation is likely to result in a personal attack later on. Provide your answer in the format 'ATTACK: YES/NO'

Conversation:
Summary: user1:
  warmth: low
  competence: high
  explanation: User1 expresses a critical perspective on the templates, highlighting their limitations and difficulties. This suggests a low level of warmth, as the tone is more confrontational. However, the critique indicates a good understanding of the templates' functionality, suggesting high competence.

user2:
  warmth: high
  competence: high
  explanation: User2 responds with a calm and informative explanation, aiming to clarify the benefits of the templates. The tone is constructive and supportive, indicating high warmth. The detailed explanation of how the templates work and their intended benefits demonstrates high competence.",0,0,True,0.6328125
93597779.29878.29878,2,"You are an assistant trained to detect early warning signs of toxic behavior in online conversations given only the summary of the conversation. Predict whether the conversation is likely to result in a personal attack later on. Provide your answer in the format 'ATTACK: YES/NO'

Conversation:
Summary: user1:  
  warmth: high  
  competence: high  
  explanation: User1 demonstrates high warmth by suggesting a collaborative solution to a recurring issue and shows high competence by recognizing the problem and proposing a proactive approach to address it.

user2:  
  warmth: low  
  competence: low  
  explanation: User2 exhibits low warmth by responding with a confrontational tone, and low competence by not offering a constructive solution or engaging in a productive dialogue about the issue.",1,1,True,0.87158203125
94646773.4252.4251,2,"You are an assistant trained to detect early warning signs of toxic behavior in online conversations given only the summary of the conversation. Predict whether the conversation is likely to result in a personal attack later on. Provide your answer in the format 'ATTACK: YES/NO'

Conversation:
Summary: user1:
  warmth: low
  competence: high
  explanation: User1's repeated welcome message lacks personalization, indicating low warmth. However, the ability to initiate a structured greeting suggests high competence.

user2:
  warmth: low
  competence: high
  explanation: User2's comment about spellchecking, delivered with a winking emoticon, implies a critical tone, suggesting low warmth. The focus on accuracy and attention to detail indicates high competence.",1,1,True,0.63916015625
94748777.9565.9565,2,"You are an assistant trained to detect early warning signs of toxic behavior in online conversations given only the summary of the conversation. Predict whether the conversation is likely to result in a personal attack later on. Provide your answer in the format 'ATTACK: YES/NO'

Conversation:
Summary: user1:
  warmth: low
  competence: high
  explanation: User1 demonstrates low warmth by expressing frustration and a sense of unfairness, which can come across as confrontational. However, they show high competence by discussing specific aspects of their company and comparing it to another, indicating knowledge about the subject.

user2:
  warmth: low
  competence: high
  explanation: User2 exhibits low warmth through a direct and somewhat dismissive response, indicating a lack of empathy or willingness to engage. Their competence is high as they reference specific guidelines and demonstrate an understanding of the criteria for notability.",1,1,True,0.6181640625
96242200.33794.33794,2,"You are an assistant trained to detect early warning signs of toxic behavior in online conversations given only the summary of the conversation. Predict whether the conversation is likely to result in a personal attack later on. Provide your answer in the format 'ATTACK: YES/NO'

Conversation:
Summary: user1:  
  warmth: high  
  competence: high  
  explanation: User1 displays high warmth through humor and explicit statements of no ill intent, indicating a friendly and non-confrontational approach. Their competence is high, as they engage with the content thoughtfully, referencing specific examples and expressing understanding of complex topics, even if humorously.

user2:  
  warmth: high  
  competence: low  
  explanation: User2 exhibits high warmth by expressing hope and engaging playfully with user1's message, suggesting a friendly interaction. However, their competence appears low as they contribute minimally to the substantive content of the conversation, focusing instead on a light-hearted comment.",0,1,False,0.6416015625
97711081.15939.15939,2,"You are an assistant trained to detect early warning signs of toxic behavior in online conversations given only the summary of the conversation. Predict whether the conversation is likely to result in a personal attack later on. Provide your answer in the format 'ATTACK: YES/NO'

Conversation:
Summary: user1 (S_3):
  warmth: high
  competence: high
  explanation: S_3 demonstrates high warmth by encouraging a positive assumption about another's intentions, suggesting a cooperative and understanding approach. Their competence is high as they provide a reasoned perspective aimed at resolving potential misunderstandings.

user2 (S_1):
  warmth: low
  competence: low
  explanation: S_1 exhibits low warmth through a confrontational and accusatory tone, suggesting hostility rather than cooperation. Their competence appears low as the response lacks constructive engagement and focuses on personal grievances instead of addressing the issue productively.

user3 (S_0):
  warmth: high
  competence: high
  explanation: S_0 shows high warmth by politely explaining the issue and offering guidance on policy compliance. Their competence is high as they clearly articulate the rules and provide a solution, demonstrating knowledge and helpfulness.",0,0,True,0.79736328125
99357960.32952.32952,2,"You are an assistant trained to detect early warning signs of toxic behavior in online conversations given only the summary of the conversation. Predict whether the conversation is likely to result in a personal attack later on. Provide your answer in the format 'ATTACK: YES/NO'

Conversation:
Summary: user1:  
  warmth: low  
  competence: low  
  explanation: User1's message is unclear and lacks context, making it difficult to assess their competence. The abruptness and lack of engagement with user2's response suggest low warmth.

user2:  
  warmth: low  
  competence: high  
  explanation: User2's response is direct and somewhat dismissive, indicating low warmth. However, their ability to identify the lack of clarity and provide a solution (linking the word) suggests high competence.",0,1,False,0.7138671875
103682985.3190.3190,3,"You are an assistant trained to detect early warning signs of toxic behavior in online conversations given only the summary of the conversation. Predict whether the conversation is likely to result in a personal attack later on. Provide your answer in the format 'ATTACK: YES/NO'

Conversation:
Summary: user1:  
  warmth: low  
  competence: low  
  explanation: User1's response is brief and dismissive, lacking engagement or empathy, which suggests low warmth. The lack of elaboration or reasoning indicates low competence in contributing to the discussion.

user2:  
  warmth: low  
  competence: high  
  explanation: User2's response is critical and somewhat confrontational, indicating low warmth. However, they demonstrate an understanding of the situation and the process involved, suggesting high competence.",0,1,False,1.0
105983711.6035.6035,3,"You are an assistant trained to detect early warning signs of toxic behavior in online conversations given only the summary of the conversation. Predict whether the conversation is likely to result in a personal attack later on. Provide your answer in the format 'ATTACK: YES/NO'

Conversation:
Summary: user1:  
  warmth: low  
  competence: low  
  explanation: User1 appears defensive and somewhat conspiratorial, suggesting a lack of openness and trust, which lowers perceived warmth. Their approach to adding links without understanding Wikipedia's guidelines suggests a lack of competence in this context.

user2:  
  warmth: low  
  competence: high  
  explanation: User2's response is direct and corrective, which can be perceived as low in warmth due to its critical nature. However, their clear understanding of Wikipedia's guidelines and ability to articulate them indicates high competence.",1,1,True,0.70263671875
106086467.6813.6813,3,"You are an assistant trained to detect early warning signs of toxic behavior in online conversations given only the summary of the conversation. Predict whether the conversation is likely to result in a personal attack later on. Provide your answer in the format 'ATTACK: YES/NO'

Conversation:
Summary: To accurately assess the conversation using the Stereotype Content Model, I would need more interaction between the participants. The provided text is a single statement from one user, which does not offer enough context or interaction to evaluate warmth and competence for multiple participants. Please provide additional dialogue or context for a comprehensive analysis.",1,1,True,0.8984375
107319885.27209.0,3,"You are an assistant trained to detect early warning signs of toxic behavior in online conversations given only the summary of the conversation. Predict whether the conversation is likely to result in a personal attack later on. Provide your answer in the format 'ATTACK: YES/NO'

Conversation:
Summary: user1:  
  warmth: high  
  competence: high  
  explanation: User1 expresses a desire for objectivity and inclusivity, indicating high warmth. They acknowledge regional biases and suggest improvements, showing an understanding of the topic, which reflects high competence.

user2:  
  warmth: low  
  competence: high  
  explanation: User2's tone is more confrontational, disagreeing strongly with user1, which suggests lower warmth. However, they provide specific data and articulate their argument clearly, demonstrating high competence.",0,1,False,1.0
108254711.66560.66560,3,"You are an assistant trained to detect early warning signs of toxic behavior in online conversations given only the summary of the conversation. Predict whether the conversation is likely to result in a personal attack later on. Provide your answer in the format 'ATTACK: YES/NO'

Conversation:
Summary: user1:
  warmth: low
  competence: high
  explanation: User1 presents a detailed and structured proposal, indicating high competence through their ability to articulate a complex idea. However, the tone is impersonal and lacks engagement with others, suggesting low warmth.

user2:
  warmth: low
  competence: low
  explanation: User2 provides a minimal response with references to external links without elaboration or engagement, indicating low competence in contributing to the conversation. The lack of interaction or acknowledgment of user1's ideas suggests low warmth.",1,0,False,1.0
109195877.11310.11310,3,"You are an assistant trained to detect early warning signs of toxic behavior in online conversations given only the summary of the conversation. Predict whether the conversation is likely to result in a personal attack later on. Provide your answer in the format 'ATTACK: YES/NO'

Conversation:
Summary: user1:  
  warmth: low  
  competence: high  
  explanation: User1's request for a reference suggests a focus on accuracy and thoroughness, indicating high competence. However, the lack of any social niceties or engagement with others' perspectives suggests low warmth.

user2:  
  warmth: low  
  competence: high  
  explanation: User2's suggestion to give the claim more prominence indicates confidence and a proactive approach, reflecting high competence. The lack of acknowledgment of others' views or collaborative language implies low warmth.

user3:  
  warmth: low  
  competence: low  
  explanation: User3's abrupt suggestion to delete the material without rationale or engagement with others' ideas suggests low competence. The dismissive tone and lack of collaborative language indicate low warmth.",0,1,False,0.93408203125
109203891.11364.11364,3,"You are an assistant trained to detect early warning signs of toxic behavior in online conversations given only the summary of the conversation. Predict whether the conversation is likely to result in a personal attack later on. Provide your answer in the format 'ATTACK: YES/NO'

Conversation:
Summary: user1:
  warmth: high
  competence: low
  explanation: User1 expresses uncertainty about adding an image, indicating a willingness to contribute but a lack of knowledge or skill in this area. Their tone is polite and open, suggesting high warmth but low competence in this specific task.

user2:
  warmth: high
  competence: high
  explanation: User2 shows initiative and a positive attitude by expressing a desire to enhance the viewer's experience and volunteering to address the issue. Their proactive approach and confidence in handling the task suggest both high warmth and high competence.",1,0,False,1.0
111452484.5860.5860,3,"You are an assistant trained to detect early warning signs of toxic behavior in online conversations given only the summary of the conversation. Predict whether the conversation is likely to result in a personal attack later on. Provide your answer in the format 'ATTACK: YES/NO'

Conversation:
Summary: user1:  
  warmth: low  
  competence: high  
  explanation: User1's message lacks warmth due to its direct and corrective nature, which may come across as accusatory. However, they demonstrate high competence by identifying a potential issue and suggesting a constructive course of action, indicating they understand the situation and how to address it effectively.  

user2:  
  warmth: not applicable  
  competence: not applicable  
  explanation: User2 does not participate in the conversation, so their warmth and competence cannot be assessed.",0,0,True,0.99951171875
111603073.8923.8923,3,"You are an assistant trained to detect early warning signs of toxic behavior in online conversations given only the summary of the conversation. Predict whether the conversation is likely to result in a personal attack later on. Provide your answer in the format 'ATTACK: YES/NO'

Conversation:
Summary: user1:  
  warmth: high  
  competence: high  
  explanation: User1 demonstrates high warmth by proposing a compromise and expressing hope for mutual agreement, indicating a collaborative and considerate approach. Their competence is high as they provide a detailed solution with specific actions and rationale, showing understanding and problem-solving skills.",0,0,True,1.0
114940119.5559.5559,3,"You are an assistant trained to detect early warning signs of toxic behavior in online conversations given only the summary of the conversation. Predict whether the conversation is likely to result in a personal attack later on. Provide your answer in the format 'ATTACK: YES/NO'

Conversation:
Summary: user1:  
  warmth: high  
  competence: high  
  explanation: User1 demonstrates warmth by politely requesting a reversion and showing understanding of the situation. Their competence is high as they provide specific reasons and evidence for their request, indicating familiarity with the process and content.

user2:  
  warmth: low  
  competence: high  
  explanation: User2 displays low warmth through their critical and dismissive tone. However, their competence is high as they articulate a clear argument about the focus and priorities of the community, suggesting a strong understanding of the issues discussed.",1,1,True,0.65576171875
116605439.14001.14001,3,"You are an assistant trained to detect early warning signs of toxic behavior in online conversations given only the summary of the conversation. Predict whether the conversation is likely to result in a personal attack later on. Provide your answer in the format 'ATTACK: YES/NO'

Conversation:
Summary: user1:  
  warmth: low  
  competence: high  
  explanation: User1 expresses dissatisfaction and asserts their rights, which may come across as confrontational, indicating low warmth. However, they demonstrate a sense of ownership and involvement in the project, suggesting high competence.

user2:  
  warmth: low  
  competence: low  
  explanation: User2's response is minimal and lacks engagement or explanation, which can be perceived as dismissive, indicating low warmth. The reliance solely on links without further elaboration suggests low competence in effectively communicating their point.",1,1,True,1.0
121446938.31933.31933,3,"You are an assistant trained to detect early warning signs of toxic behavior in online conversations given only the summary of the conversation. Predict whether the conversation is likely to result in a personal attack later on. Provide your answer in the format 'ATTACK: YES/NO'

Conversation:
Summary: user1:
  warmth: low
  competence: high
  explanation: User1 demonstrates competence by providing factual information about city rankings. However, their tone is critical and dismissive, which suggests low warmth in their communication style.

user2:
  warmth: low
  competence: high
  explanation: User2 shows competence by referencing specific data sources and correcting the other participant. Their sarcastic and confrontational tone indicates low warmth, as they dismiss the other participant's input rather than engaging constructively.",1,1,True,0.95703125
123248299.5408.5408,3,"You are an assistant trained to detect early warning signs of toxic behavior in online conversations given only the summary of the conversation. Predict whether the conversation is likely to result in a personal attack later on. Provide your answer in the format 'ATTACK: YES/NO'

Conversation:
Summary: user1:  
  warmth: high  
  competence: low  
  explanation: User1 makes a neutral statement about an anniversary, showing a friendly engagement without any negative tone, indicating high warmth. However, the statement lacks depth or relevance to the conversation's context, suggesting low competence.

user2:  
  warmth: low  
  competence: high  
  explanation: User2 responds with a dismissive tone, indicating low warmth. The response is direct and provides a clear rationale for why the information is unnecessary, demonstrating high competence.",1,1,True,0.61669921875
135048926.41980.41980,3,"You are an assistant trained to detect early warning signs of toxic behavior in online conversations given only the summary of the conversation. Predict whether the conversation is likely to result in a personal attack later on. Provide your answer in the format 'ATTACK: YES/NO'

Conversation:
Summary: user1:  
  warmth: low  
  competence: high  
  explanation: User1's tone is critical and dismissive, indicating low warmth as they challenge the other person's claims and sources. However, they demonstrate high competence by referencing official figures and questioning the validity of alternative data sources, showing an understanding of the importance of reliable data in discussions.",0,0,True,1.0
135696672.6100.6100,3,"You are an assistant trained to detect early warning signs of toxic behavior in online conversations given only the summary of the conversation. Predict whether the conversation is likely to result in a personal attack later on. Provide your answer in the format 'ATTACK: YES/NO'

Conversation:
Summary: user1:
  warmth: low
  competence: high
  explanation: User1's tone is confrontational and dismissive, indicating low warmth. However, they demonstrate a clear understanding of the situation and the ability to articulate their position, suggesting high competence.

user2:
  warmth: low
  competence: high
  explanation: User2 is not directly quoted, but the context implies they are involved in a disagreement. The mention of ""incessant reframing"" and potential escalation suggests low warmth. Their engagement in the discussion implies a level of competence.",1,1,True,0.86767578125
136660409.4608.4608,3,"You are an assistant trained to detect early warning signs of toxic behavior in online conversations given only the summary of the conversation. Predict whether the conversation is likely to result in a personal attack later on. Provide your answer in the format 'ATTACK: YES/NO'

Conversation:
Summary: user1:  
  warmth: low  
  competence: low  
  explanation: User1's contribution is brief and lacks detail, which may come across as less engaged or considerate. The suggestion is not well-supported, indicating lower competence in the discussion context.

user2:  
  warmth: high  
  competence: high  
  explanation: User2 provides a detailed and reasoned argument, showing understanding and engagement. The tone is supportive and constructive, suggesting high warmth. The clear explanation and technical knowledge indicate high competence.

user3:  
  warmth: high  
  competence: high  
  explanation: User3 agrees with the proposed change and provides additional context, showing understanding and collaboration. The supportive tone suggests high warmth, while the additional information and reasoning reflect high competence.",1,0,False,0.9990234375
13760425.74698.74698,3,"You are an assistant trained to detect early warning signs of toxic behavior in online conversations given only the summary of the conversation. Predict whether the conversation is likely to result in a personal attack later on. Provide your answer in the format 'ATTACK: YES/NO'

Conversation:
Summary: user1:  
  warmth: high  
  competence: high  
  explanation: User1 demonstrates high warmth by inviting others to share their opinions and showing openness to discussion. Their competence is high as they provide specific details about the situation and seek consensus, indicating a thoughtful and informed approach.",0,0,True,0.99365234375
138654598.3324.3324,3,"You are an assistant trained to detect early warning signs of toxic behavior in online conversations given only the summary of the conversation. Predict whether the conversation is likely to result in a personal attack later on. Provide your answer in the format 'ATTACK: YES/NO'

Conversation:
Summary: To accurately assess the conversation using the Stereotype Content Model, I would need more interaction between the participants. The provided conversation snippet only includes one statement from a single participant (S_0). Please provide additional dialogue or interactions between multiple participants for a comprehensive analysis.",0,1,False,0.60791015625
140457684.31130.31130,3,"You are an assistant trained to detect early warning signs of toxic behavior in online conversations given only the summary of the conversation. Predict whether the conversation is likely to result in a personal attack later on. Provide your answer in the format 'ATTACK: YES/NO'

Conversation:
Summary: user1:  
  warmth: low  
  competence: high  
  explanation: User1 demonstrates high competence by acknowledging the complexity of the situation and proposing a structured approach to resolve the conflict. However, their tone and language suggest a low level of warmth, as they describe the situation as a ""nasty pissing contest"" and express distrust toward the other party.

user2:  
  warmth: high  
  competence: high  
  explanation: User2 shows high warmth by expressing a willingness to help and suggesting a collaborative approach. They also demonstrate high competence by offering practical advice on forming consensus and suggesting informal mediation as a potential next step. Their tone is supportive and constructive.",1,0,False,0.97119140625
142496231.3363.3363,3,"You are an assistant trained to detect early warning signs of toxic behavior in online conversations given only the summary of the conversation. Predict whether the conversation is likely to result in a personal attack later on. Provide your answer in the format 'ATTACK: YES/NO'

Conversation:
Summary: user1:  
  warmth: low  
  competence: low  
  explanation: User1's defensive tone and lack of acknowledgment towards user2's evidence suggest low warmth. Their inability to provide a convincing counterargument or evidence of their own indicates low competence.

user2:  
  warmth: low  
  competence: high  
  explanation: User2's response is direct and factual, providing evidence to support their claim, which demonstrates high competence. However, the lack of empathy or understanding in their tone suggests low warmth.",1,1,True,0.99951171875
146397004.6583.6583,3,"You are an assistant trained to detect early warning signs of toxic behavior in online conversations given only the summary of the conversation. Predict whether the conversation is likely to result in a personal attack later on. Provide your answer in the format 'ATTACK: YES/NO'

Conversation:
Summary: user1:  
  warmth: low  
  competence: high  
  explanation: User1 expresses skepticism and criticism towards another individual, indicating low warmth. Their comments suggest an understanding of the situation and confidence in their judgment, indicating high competence.

user2:  
  warmth: low  
  competence: high  
  explanation: User2 shows a dismissive attitude towards another individual, suggesting low warmth. They demonstrate awareness of the situation and strategic thinking, indicating high competence.",0,1,False,0.97802734375
152508378.4331.4331,3,"You are an assistant trained to detect early warning signs of toxic behavior in online conversations given only the summary of the conversation. Predict whether the conversation is likely to result in a personal attack later on. Provide your answer in the format 'ATTACK: YES/NO'

Conversation:
Summary: user1 (S_0):
  warmth: low
  competence: high
  explanation: User1 expresses frustration and dissatisfaction with another participant's behavior, using a critical and confrontational tone. This indicates low warmth. However, the detailed recounting of events and specific references to actions suggest a high level of competence in understanding and navigating the situation.

user2 (S_1):
  warmth: low
  competence: low
  explanation: User2 questions the fairness of the situation and expresses discontent with perceived inconsistencies in treatment. The tone is accusatory and lacks constructive engagement, indicating low warmth. The lack of specific examples or a clear understanding of the process suggests low competence.",1,1,True,1.0
153373392.15186.15186,3,"You are an assistant trained to detect early warning signs of toxic behavior in online conversations given only the summary of the conversation. Predict whether the conversation is likely to result in a personal attack later on. Provide your answer in the format 'ATTACK: YES/NO'

Conversation:
Summary: user1:
  warmth: low
  competence: high
  explanation: User1 demonstrates high competence by addressing the issue of removing discussions and referencing specific actions and policies. However, their tone is critical and somewhat accusatory, indicating low warmth.

user2:
  warmth: high
  competence: low
  explanation: User2 shows high warmth by agreeing and expressing openness to collaboration, suggesting a willingness to reconcile. However, their response lacks specific details or arguments, indicating low competence in addressing the issue at hand.",1,1,True,0.99755859375
154155753.7319.7319,3,"You are an assistant trained to detect early warning signs of toxic behavior in online conversations given only the summary of the conversation. Predict whether the conversation is likely to result in a personal attack later on. Provide your answer in the format 'ATTACK: YES/NO'

Conversation:
Summary: user1:  
  warmth: low  
  competence: high  
  explanation: User1 demonstrates high competence by articulating their understanding of consensus and the implications of image placement. However, their tone is somewhat assertive and lacks collaborative language, suggesting lower warmth.

user2:  
  warmth: low  
  competence: low  
  explanation: User2's response is vague and lacks clarity, indicating lower competence. The absence of engagement or acknowledgment of user1's points suggests a lack of warmth in the interaction.",1,0,False,0.9990234375
15454148.108.108,3,"You are an assistant trained to detect early warning signs of toxic behavior in online conversations given only the summary of the conversation. Predict whether the conversation is likely to result in a personal attack later on. Provide your answer in the format 'ATTACK: YES/NO'

Conversation:
Summary: user1:
  warmth: low
  competence: high
  explanation: User1's tone is confrontational and accusatory, suggesting low warmth. However, their use of specific terminology and clear assertion about the articles being stubs indicates a high level of competence in the subject matter.

user2:
  warmth: N/A
  competence: N/A
  explanation: There is no input from user2 in the provided conversation, so their warmth and competence cannot be assessed.",0,0,True,1.0
155350692.6026.6026,3,"You are an assistant trained to detect early warning signs of toxic behavior in online conversations given only the summary of the conversation. Predict whether the conversation is likely to result in a personal attack later on. Provide your answer in the format 'ATTACK: YES/NO'

Conversation:
Summary: user1:  
  warmth: low  
  competence: high  
  explanation: User1 expresses frustration and accuses another of vandalism, indicating low warmth. However, they demonstrate knowledge of past incidents and Wikipedia policies, suggesting high competence.

user2:  
  warmth: high  
  competence: high  
  explanation: User2 responds calmly and provides a reasoned explanation about the terms and Wikipedia policy, indicating high warmth. Their understanding of the distinction between terms and original research reflects high competence.",0,0,True,1.0
155594817.14064.14064,3,"You are an assistant trained to detect early warning signs of toxic behavior in online conversations given only the summary of the conversation. Predict whether the conversation is likely to result in a personal attack later on. Provide your answer in the format 'ATTACK: YES/NO'

Conversation:
Summary: user1:  
  warmth: low  
  competence: high  
  explanation: User1 demonstrates competence by referencing specific guidelines and procedures, indicating a good understanding of the rules. However, their tone is formal and lacks empathy, which may be perceived as low warmth.

user2:  
  warmth: low  
  competence: low  
  explanation: User2's response is dismissive and confrontational, using terms like ""hystrionics"" and accusing user1 of breaking rules without providing evidence. This approach suggests low warmth and low competence in effectively addressing the issue.",1,1,True,1.0
157076032.4386.4386,3,"You are an assistant trained to detect early warning signs of toxic behavior in online conversations given only the summary of the conversation. Predict whether the conversation is likely to result in a personal attack later on. Provide your answer in the format 'ATTACK: YES/NO'

Conversation:
Summary: user1:  
  warmth: low  
  competence: high  
  explanation: User1 demonstrates low warmth by dismissing user2's concerns and using a confrontational tone. However, they show high competence by focusing on the purpose of the talk page and the need to prevent vandalism, indicating an understanding of the platform's guidelines.

user2:  
  warmth: low  
  competence: high  
  explanation: User2 exhibits low warmth by accusing user1 of frivolous behavior and poor etiquette, which can be perceived as confrontational. They display high competence by referencing specific actions and etiquette, indicating an understanding of proper conduct on the platform.",1,1,True,0.7919921875
15835089.3408.3408,3,"You are an assistant trained to detect early warning signs of toxic behavior in online conversations given only the summary of the conversation. Predict whether the conversation is likely to result in a personal attack later on. Provide your answer in the format 'ATTACK: YES/NO'

Conversation:
Summary: user1:
  warmth: high
  competence: high
  explanation: User1 demonstrates high warmth by expressing willingness to cooperate and resolve the situation amicably. Their competence is high as they take a proactive approach by asking for support to make an informed decision.

user2:
  warmth: high
  competence: high
  explanation: User2 shows high warmth by expressing gratitude for the protection action, indicating appreciation and collaboration. Their competence is high as they provide specific information about the issue and actions taken, showing understanding and involvement in the process.",0,0,True,1.0
160996442.18793.18793,3,"You are an assistant trained to detect early warning signs of toxic behavior in online conversations given only the summary of the conversation. Predict whether the conversation is likely to result in a personal attack later on. Provide your answer in the format 'ATTACK: YES/NO'

Conversation:
Summary: I'm unable to assess the warmth and competence of the participants based on a single message. Could you provide more of the conversation?",0,0,True,0.921875
161024819.5349.5349,3,"You are an assistant trained to detect early warning signs of toxic behavior in online conversations given only the summary of the conversation. Predict whether the conversation is likely to result in a personal attack later on. Provide your answer in the format 'ATTACK: YES/NO'

Conversation:
Summary: user1:  
  warmth: low  
  competence: high  
  explanation: User1 maintains a formal tone and focuses on policy adherence, demonstrating competence in understanding guidelines. However, their approach lacks empathy, as they do not acknowledge user2's efforts or concerns, resulting in low perceived warmth.

user2:  
  warmth: low  
  competence: low  
  explanation: User2 expresses frustration and defensiveness, which may be perceived as low warmth. Their argument lacks adherence to the guidelines and does not provide a viable solution, indicating low competence in addressing the issue within the framework provided by user1.",1,1,True,0.998046875
161712789.406.406,3,"You are an assistant trained to detect early warning signs of toxic behavior in online conversations given only the summary of the conversation. Predict whether the conversation is likely to result in a personal attack later on. Provide your answer in the format 'ATTACK: YES/NO'

Conversation:
Summary: I'm sorry, but the conversation provided is too brief and lacks sufficient context to accurately assess the warmth and competence of the participants using the Stereotype Content Model. To provide a meaningful analysis, more dialogue and interaction between the participants would be necessary.",0,0,True,0.9970703125
161945107.12765.12765,3,"You are an assistant trained to detect early warning signs of toxic behavior in online conversations given only the summary of the conversation. Predict whether the conversation is likely to result in a personal attack later on. Provide your answer in the format 'ATTACK: YES/NO'

Conversation:
Summary: user1:  
  warmth: low  
  competence: high  
  explanation: User1 demonstrates high competence by providing a detailed analysis of the situation and questioning the neutrality of the statement. However, their tone is critical and dismissive, indicating low warmth, as they express frustration and skepticism toward the subject and the perceived bias.

user2:  
  warmth: low  
  competence: moderate  
  explanation: User2's response is direct and accusatory, suggesting low warmth as they imply bias in user1's perspective. Their competence is moderate, as they suggest looking up the definition of ""fast,"" but they do not engage deeply with the argument or provide substantial evidence.",1,0,False,0.8125
162766001.2409.2409,3,"You are an assistant trained to detect early warning signs of toxic behavior in online conversations given only the summary of the conversation. Predict whether the conversation is likely to result in a personal attack later on. Provide your answer in the format 'ATTACK: YES/NO'

Conversation:
Summary: user1 (S_0):
  warmth: high
  competence: low
  explanation: User1 expresses confusion and concern over the situation, indicating a willingness to engage and learn, which suggests high warmth. However, their lack of understanding about the technical aspects of the edits, such as the byte count, suggests low competence in this specific context.

user2 (S_1):
  warmth: high
  competence: high
  explanation: User2 provides a detailed explanation of the situation, demonstrating technical understanding and competence. Their response is informative and supportive, aiming to clarify the confusion for user1, which indicates high warmth.",1,0,False,0.97998046875
166279366.14794.14794,3,"You are an assistant trained to detect early warning signs of toxic behavior in online conversations given only the summary of the conversation. Predict whether the conversation is likely to result in a personal attack later on. Provide your answer in the format 'ATTACK: YES/NO'

Conversation:
Summary: user1:  
  warmth: low  
  competence: high  
  explanation: The participant's tone is formal and lacks personal engagement, indicating low warmth. However, they demonstrate a clear understanding of the procedural aspects and technical details involved in resolving the issue, suggesting high competence. They provide specific instructions and references to guidelines, which further supports their competence in handling the situation.",0,0,True,1.0
167464902.367.367,3,"You are an assistant trained to detect early warning signs of toxic behavior in online conversations given only the summary of the conversation. Predict whether the conversation is likely to result in a personal attack later on. Provide your answer in the format 'ATTACK: YES/NO'

Conversation:
Summary: user1:  
  warmth: high  
  competence: high  
  explanation: User1's greeting and polite request indicate a friendly and considerate demeanor, suggesting high warmth. Their ability to identify specific needs and articulate them clearly demonstrates high competence.",0,0,True,1.0
175543533.9096.9096,3,"You are an assistant trained to detect early warning signs of toxic behavior in online conversations given only the summary of the conversation. Predict whether the conversation is likely to result in a personal attack later on. Provide your answer in the format 'ATTACK: YES/NO'

Conversation:
Summary: user1:  
  warmth: low  
  competence: high  
  explanation: User1 maintains a formal tone and attempts to clarify their position, indicating competence in communication. However, their response includes a defensive remark and a critique of user2's approach, suggesting low warmth.

user2:  
  warmth: low  
  competence: low  
  explanation: User2 dismisses user1's clarification and accuses them of malicious intent, demonstrating low warmth. Their sarcastic suggestion and lack of constructive engagement indicate low competence in handling the conversation effectively.",1,1,True,1.0
178757145.56554.56554,3,"You are an assistant trained to detect early warning signs of toxic behavior in online conversations given only the summary of the conversation. Predict whether the conversation is likely to result in a personal attack later on. Provide your answer in the format 'ATTACK: YES/NO'

Conversation:
Summary: user1 (S_0):
  warmth: low
  competence: high
  explanation: User1 demonstrates low warmth by using a formal and confrontational tone, focusing on defending themselves against accusations. Their competence is high, as they reference specific guidelines and processes, indicating a strong understanding of the context and rules.

user2 (S_1):
  warmth: low
  competence: low
  explanation: User2 exhibits low warmth by using accusatory and hostile language, suggesting a lack of cooperative intent. Their competence appears low as well, as they focus on past grievances rather than constructive solutions or adherence to guidelines.

user3 (S_2):
  warmth: high
  competence: high
  explanation: User3 shows high warmth by offering support and assistance, indicating a willingness to help resolve issues. Their competence is high, as they reference guidelines and provide constructive advice, demonstrating an understanding of the situation and how to address it.",0,0,True,1.0
179494988.2076.2076,3,"You are an assistant trained to detect early warning signs of toxic behavior in online conversations given only the summary of the conversation. Predict whether the conversation is likely to result in a personal attack later on. Provide your answer in the format 'ATTACK: YES/NO'

Conversation:
Summary: user1:  
  warmth: low  
  competence: high  
  explanation: User1 demonstrates high competence by addressing specific issues with the article and referencing guidelines, indicating knowledge of Wikipedia's editing standards. However, their tone is defensive and somewhat dismissive, which may come across as low warmth, as they focus on correcting errors and justifying their actions rather than engaging collaboratively.  

user2:  
  warmth: N/A  
  competence: N/A  
  explanation: The conversation only includes input from user1, so user2 cannot be assessed for warmth or competence.",1,0,False,1.0
185229633.7636.7636,3,"You are an assistant trained to detect early warning signs of toxic behavior in online conversations given only the summary of the conversation. Predict whether the conversation is likely to result in a personal attack later on. Provide your answer in the format 'ATTACK: YES/NO'

Conversation:
Summary: user1:  
  warmth: low  
  competence: low  
  explanation: User1's comment lacks warmth as it is accusatory and dismissive without providing any constructive input. The competence is perceived as low due to the incorrect assumption about the film, indicating a lack of knowledge or understanding.

user2:  
  warmth: low  
  competence: high  
  explanation: User2's response is direct and corrective, showing high competence by providing accurate information. However, the warmth is low as the response is blunt and lacks any empathetic or friendly tone.",1,1,True,0.97509765625
186915493.0.0,3,"You are an assistant trained to detect early warning signs of toxic behavior in online conversations given only the summary of the conversation. Predict whether the conversation is likely to result in a personal attack later on. Provide your answer in the format 'ATTACK: YES/NO'

Conversation:
Summary: user1:  
  warmth: high  
  competence: high  
  explanation: User1 demonstrates high warmth by expressing willingness to collaborate and improve the article, showing appreciation for user2's potential contributions. Their competence is high as they provide detailed feedback and suggestions for improvements, indicating a good understanding of the task and content.

user2:  
  warmth: low  
  competence: low  
  explanation: User2's warmth is low due to their abrupt questioning and lack of constructive feedback. Their competence appears low as they focus on a narrow aspect without contributing to the article's improvement or demonstrating understanding of the broader context.",0,0,True,0.72802734375
187228168.1496.1496,3,"You are an assistant trained to detect early warning signs of toxic behavior in online conversations given only the summary of the conversation. Predict whether the conversation is likely to result in a personal attack later on. Provide your answer in the format 'ATTACK: YES/NO'

Conversation:
Summary: user1:
  warmth: low
  competence: high
  explanation: User1's tone is authoritative and directive, focusing on adherence to guidelines and proper conduct. The emphasis on rules and procedures suggests high competence. However, the lack of empathetic language or attempts to understand others' perspectives indicates low warmth. The communication is more about enforcing rules than fostering a supportive environment.",0,0,True,0.9892578125
188355409.14175.14175,3,"You are an assistant trained to detect early warning signs of toxic behavior in online conversations given only the summary of the conversation. Predict whether the conversation is likely to result in a personal attack later on. Provide your answer in the format 'ATTACK: YES/NO'

Conversation:
Summary: user1:  
  warmth: high  
  competence: low  
  explanation: User1 suggests an idea in a friendly and inclusive manner, indicating high warmth. However, the suggestion shows a misunderstanding of the platform's purpose, indicating low competence.

user2:  
  warmth: low  
  competence: high  
  explanation: User2 responds directly and dismissively, indicating low warmth. Their response reflects an understanding of the platform's guidelines, indicating high competence.",1,1,True,0.9970703125
189618204.3603.3606,3,"You are an assistant trained to detect early warning signs of toxic behavior in online conversations given only the summary of the conversation. Predict whether the conversation is likely to result in a personal attack later on. Provide your answer in the format 'ATTACK: YES/NO'

Conversation:
Summary: user1:
  warmth: low
  competence: high
  explanation: User1 demonstrates high competence by providing specific instructions on sourcing and copyright concerns, indicating a good understanding of Wikipedia's guidelines. However, their tone is somewhat directive and critical, which may be perceived as low warmth.

user2:
  warmth: low
  competence: high
  explanation: User2 also shows high competence by discussing the appropriateness of content and referencing Wikipedia's standards. Their assertive stance and dismissive language about the content's relevance suggest low warmth in their communication style.",0,0,True,0.99951171875
192343221.9977.9977,3,"You are an assistant trained to detect early warning signs of toxic behavior in online conversations given only the summary of the conversation. Predict whether the conversation is likely to result in a personal attack later on. Provide your answer in the format 'ATTACK: YES/NO'

Conversation:
Summary: user1:  
  warmth: low  
  competence: high  
  explanation: User1's message is direct and corrective, indicating low warmth as it lacks friendliness or empathy. However, the message is clear and instructive, suggesting high competence in addressing the issue.

user2:  
  warmth: low  
  competence: low  
  explanation: User2's response is brief and defensive, showing low warmth due to a lack of engagement or understanding. The lack of elaboration or constructive dialogue also suggests low competence in effectively addressing the concern raised.",0,1,False,0.9990234375
192975599.2242.2242,3,"You are an assistant trained to detect early warning signs of toxic behavior in online conversations given only the summary of the conversation. Predict whether the conversation is likely to result in a personal attack later on. Provide your answer in the format 'ATTACK: YES/NO'

Conversation:
Summary: Based on the provided conversation, here is the assessment using the Stereotype Content Model:

user1:
  warmth: low
  competence: high
  explanation: User1's tone is authoritative and focused on enforcing rules, which suggests low warmth. However, the detailed explanation and structured reasoning indicate high competence in identifying and addressing problematic behavior.

user2:
  warmth: low
  competence: low
  explanation: User2's actions, as described by user1, suggest a pattern of disruptive behavior, which implies low warmth. The lack of constructive contributions and engagement in trolling activities indicate low competence in contributing positively to the community.",1,1,True,1.0
193565323.8199.8199,3,"You are an assistant trained to detect early warning signs of toxic behavior in online conversations given only the summary of the conversation. Predict whether the conversation is likely to result in a personal attack later on. Provide your answer in the format 'ATTACK: YES/NO'

Conversation:
Summary: user1:  
  warmth: low  
  competence: high  
  explanation: User1's comment lacks warmth due to its critical tone and suggestion of scrutiny towards another individual. However, the mention of specific processes indicates a level of familiarity and understanding, suggesting high competence.

user2:  
  warmth: N/A  
  competence: N/A  
  explanation: User2 did not participate in the conversation, so their warmth and competence cannot be assessed.",0,0,True,0.888671875
194231477.9130.9130,3,"You are an assistant trained to detect early warning signs of toxic behavior in online conversations given only the summary of the conversation. Predict whether the conversation is likely to result in a personal attack later on. Provide your answer in the format 'ATTACK: YES/NO'

Conversation:
Summary: user1:  
  warmth: high  
  competence: low  
  explanation: User1 demonstrates high warmth by being polite and open to feedback, expressing willingness to have their work corrected. However, they show low competence by admitting difficulty with ""legal English"" and needing assistance with the fair-use rules.

user2:  
  warmth: high  
  competence: high  
  explanation: User2 displays high warmth by offering to help and improve the situation for user1. They also show high competence by confidently stating they will provide a better rationale, indicating understanding and ability to assist with the issue.",1,1,True,0.99951171875
19427256.487.487,3,"You are an assistant trained to detect early warning signs of toxic behavior in online conversations given only the summary of the conversation. Predict whether the conversation is likely to result in a personal attack later on. Provide your answer in the format 'ATTACK: YES/NO'

Conversation:
Summary: user1:  
  warmth: low  
  competence: high  
  explanation: User1's message conveys a confrontational tone, indicating low warmth. However, the structured demand for a response and reference to procedural norms suggest a high level of competence in navigating the situation.

user2:  
  warmth: N/A  
  competence: N/A  
  explanation: User2 has not participated in the conversation, so their warmth and competence cannot be assessed based on the provided information.",1,1,True,0.5625
198960121.10524.10524,3,"You are an assistant trained to detect early warning signs of toxic behavior in online conversations given only the summary of the conversation. Predict whether the conversation is likely to result in a personal attack later on. Provide your answer in the format 'ATTACK: YES/NO'

Conversation:
Summary: user1:  
  warmth: low  
  competence: high  
  explanation: User1 demonstrates high competence by providing a detailed critique of the article's lack of authoritative sources and original synthesis issues. However, their tone is analytical and critical, lacking expressions of empathy or friendliness, which suggests low warmth.

user2:  
  warmth: high  
  competence: high  
  explanation: User2 responds with high competence by addressing the concerns with specific improvements and references, indicating a thorough understanding of the topic. Their acknowledgment of user1's concerns and the positive note about the increased citations reflect high warmth.",0,0,True,1.0
199347779.28791.28791,3,"You are an assistant trained to detect early warning signs of toxic behavior in online conversations given only the summary of the conversation. Predict whether the conversation is likely to result in a personal attack later on. Provide your answer in the format 'ATTACK: YES/NO'

Conversation:
Summary: user1:
  warmth: low
  competence: high
  explanation: User1 demonstrates high competence by providing detailed explanations and comparisons to clarify their point. However, their tone comes across as assertive and dismissive, suggesting low warmth in the interaction.

user2:
  warmth: low
  competence: high
  explanation: User2 shows high competence by questioning and critically analyzing the information presented. Their responses are direct and challenge the assertions made by user1, which may be perceived as confrontational, indicating low warmth.",1,0,False,0.9853515625
20086777.0.0,3,"You are an assistant trained to detect early warning signs of toxic behavior in online conversations given only the summary of the conversation. Predict whether the conversation is likely to result in a personal attack later on. Provide your answer in the format 'ATTACK: YES/NO'

Conversation:
Summary: To provide an accurate assessment using the Stereotype Content Model, I would need more information from the conversation, such as additional statements from both participants. The SCM evaluates perceived warmth and competence based on how individuals express friendliness, trustworthiness, and capability. If you can provide more dialogue, I can give a more precise analysis.",0,0,True,0.98876953125
202186098.20684.20684,3,"You are an assistant trained to detect early warning signs of toxic behavior in online conversations given only the summary of the conversation. Predict whether the conversation is likely to result in a personal attack later on. Provide your answer in the format 'ATTACK: YES/NO'

Conversation:
Summary: Certainly! Here's the assessment based on the Stereotype Content Model:

user1:
  warmth: low
  competence: low
  explanation: User1's comment is direct and critical without offering constructive feedback, suggesting low warmth. The lack of detailed critique or alternative suggestions implies low competence in communication.

user2:
  warmth: low
  competence: high
  explanation: User2's response is curt and dismissive, indicating low warmth. However, their statement suggests an understanding of the audience and purpose, reflecting high competence in their field or task.",0,1,False,1.0
205710474.27731.27731,3,"You are an assistant trained to detect early warning signs of toxic behavior in online conversations given only the summary of the conversation. Predict whether the conversation is likely to result in a personal attack later on. Provide your answer in the format 'ATTACK: YES/NO'

Conversation:
Summary: user1:
  warmth: low
  competence: high
  explanation: User1 provides a detailed and knowledgeable analysis of philosophical perspectives, demonstrating high competence. However, the tone is more analytical and lacks personal engagement or empathy, suggesting low warmth.

user2:
  warmth: low
  competence: low
  explanation: User2's response is dismissive and lacks engagement with the content, indicating low warmth. The brevity and dismissive nature of the comment also suggest a lack of depth or understanding, reflecting low competence.",1,1,True,0.9990234375
20617264.0.0,3,"You are an assistant trained to detect early warning signs of toxic behavior in online conversations given only the summary of the conversation. Predict whether the conversation is likely to result in a personal attack later on. Provide your answer in the format 'ATTACK: YES/NO'

Conversation:
Summary: user1:  
  warmth: low  
  competence: high  
  explanation: User1 demonstrates high competence by providing detailed information and context about the topic, showing knowledge and understanding. However, their tone comes across as somewhat dismissive or defensive, particularly with the comment about Queen fans, which may reduce perceived warmth.

user2:  
  warmth: low  
  competence: high  
  explanation: User2 also displays high competence by referencing specific sources and interviews to support their point, indicating a good grasp of the subject. The direct contradiction of user1's statement without any conciliatory language contributes to a lower perception of warmth.",0,0,True,0.99853515625
211538523.5868.5868,3,"You are an assistant trained to detect early warning signs of toxic behavior in online conversations given only the summary of the conversation. Predict whether the conversation is likely to result in a personal attack later on. Provide your answer in the format 'ATTACK: YES/NO'

Conversation:
Summary: user1 (Saimaroimaru_2008):
  warmth: low
  competence: high
  explanation: The participant demonstrates high competence by providing detailed information and specific data about chart positions and music success. However, the tone is more factual and corrective, lacking expressions of empathy or friendliness, which suggests low warmth. The focus is on correcting and adding information rather than engaging in a collaborative or supportive manner.",0,0,True,0.98583984375
212557426.38365.38365,3,"You are an assistant trained to detect early warning signs of toxic behavior in online conversations given only the summary of the conversation. Predict whether the conversation is likely to result in a personal attack later on. Provide your answer in the format 'ATTACK: YES/NO'

Conversation:
Summary: user1:  
  warmth: high  
  competence: high  
  explanation: User1 expresses a friendly and open invitation for a conversation, indicating warmth. The mention of specific topics and seeking advice suggests competence, as they are prepared and value the other person's input.

user2:  
  warmth: low  
  competence: high  
  explanation: User2 declines the invitation politely but without much warmth, citing personal preferences and time constraints. Their preference for email and mention of a wikibreak indicate they are organized and competent in managing their commitments.",1,0,False,0.99951171875
217613994.14175.14175,3,"You are an assistant trained to detect early warning signs of toxic behavior in online conversations given only the summary of the conversation. Predict whether the conversation is likely to result in a personal attack later on. Provide your answer in the format 'ATTACK: YES/NO'

Conversation:
Summary: user1:  
  warmth: low  
  competence: high  
  explanation: User1 provides factual information confidently, indicating high competence. However, their direct and corrective tone may come across as lacking warmth.

user2:  
  warmth: low  
  competence: low  
  explanation: User2's response is defensive and blames user1 for their confusion, which may suggest low competence. The sarcastic tone and blame-shifting indicate low warmth.",1,1,True,1.0
220862637.3179.3179,3,"You are an assistant trained to detect early warning signs of toxic behavior in online conversations given only the summary of the conversation. Predict whether the conversation is likely to result in a personal attack later on. Provide your answer in the format 'ATTACK: YES/NO'

Conversation:
Summary: user1:  
  warmth: low  
  competence: high  
  explanation: User1's message is direct and corrective, indicating a low level of warmth due to the lack of politeness or empathy. However, the competence is high as they clearly identify and address the issue of inappropriate links.

user2:  
  warmth: low  
  competence: low  
  explanation: User2's response is dismissive and defensive, showing low warmth by not acknowledging the concern raised. The competence is also perceived as low due to the informal language and lack of a constructive response to the issue.",1,1,True,1.0
223916485.29331.29331,3,"You are an assistant trained to detect early warning signs of toxic behavior in online conversations given only the summary of the conversation. Predict whether the conversation is likely to result in a personal attack later on. Provide your answer in the format 'ATTACK: YES/NO'

Conversation:
Summary: To provide an accurate assessment, I would need more of the conversation to evaluate the participants' warmth and competence. The single statement provided is insufficient to determine the overall tone or the perceived abilities of the participants. If you can provide additional dialogue, I would be able to offer a more comprehensive analysis.",0,0,True,0.71142578125
224019277.8125.8125,3,"You are an assistant trained to detect early warning signs of toxic behavior in online conversations given only the summary of the conversation. Predict whether the conversation is likely to result in a personal attack later on. Provide your answer in the format 'ATTACK: YES/NO'

Conversation:
Summary: user1:
  warmth: high
  competence: low
  explanation: User1 expresses gratitude and enthusiasm, indicating high warmth. However, they ask a question about future events, suggesting they lack information or authority on the matter, which indicates low competence.

user2:
  warmth: high
  competence: high
  explanation: User2 is friendly and transparent about their role, showing high warmth. They demonstrate competence by explaining their involvement and offering specific incentives for contributions, indicating a proactive and knowledgeable approach.",0,1,False,0.9423828125
226934135.3374.3374,3,"You are an assistant trained to detect early warning signs of toxic behavior in online conversations given only the summary of the conversation. Predict whether the conversation is likely to result in a personal attack later on. Provide your answer in the format 'ATTACK: YES/NO'

Conversation:
Summary: user1:  
  warmth: low  
  competence: high  
  explanation: User1 demonstrates low warmth by taking a firm and punitive stance without showing empathy or understanding. However, they exhibit high competence by clearly stating the conditions for resolving the issue, indicating a structured and rule-based approach.

user2:  
  warmth: low  
  competence: low  
  explanation: User2 displays low warmth by expressing frustration and defensiveness without acknowledging user1's concerns. Their competence appears low due to a lack of accountability and a resigned attitude towards the consequences, which suggests a lack of problem-solving initiative.",0,1,False,1.0
227510084.11609.11609,3,"You are an assistant trained to detect early warning signs of toxic behavior in online conversations given only the summary of the conversation. Predict whether the conversation is likely to result in a personal attack later on. Provide your answer in the format 'ATTACK: YES/NO'

Conversation:
Summary: user1:  
  warmth: low  
  competence: high  
  explanation: User1's tone is confrontational and dismissive, indicating low warmth. They express frustration and criticize the other participant's actions and understanding. However, they demonstrate high competence by referencing specific knowledge about editing practices and legal references, suggesting expertise in the subject matter.",1,0,False,0.77880859375
231752626.3512.3512,3,"You are an assistant trained to detect early warning signs of toxic behavior in online conversations given only the summary of the conversation. Predict whether the conversation is likely to result in a personal attack later on. Provide your answer in the format 'ATTACK: YES/NO'

Conversation:
Summary: user1:  
  warmth: low  
  competence: high  
  explanation: User1's tone is direct and dismissive, indicating low warmth. However, their ability to identify irrelevant information and provide a reasoned explanation suggests high competence.",1,0,False,0.98779296875
235787010.1602.1602,3,"You are an assistant trained to detect early warning signs of toxic behavior in online conversations given only the summary of the conversation. Predict whether the conversation is likely to result in a personal attack later on. Provide your answer in the format 'ATTACK: YES/NO'

Conversation:
Summary: user1:  
  warmth: low  
  competence: high  
  explanation: User1 demonstrates high competence by referencing multiple external sources to clarify a point, indicating thorough research. However, the tone is more factual and lacks expressions of empathy or friendliness, suggesting low warmth.

user2:  
  warmth: low  
  competence: high  
  explanation: User2 provides additional information to differentiate between the parks, showing a good understanding of the topic, which indicates high competence. The response is straightforward and factual, without elements of friendliness or empathy, suggesting low warmth.",0,0,True,1.0
236497373.17427.17427,3,"You are an assistant trained to detect early warning signs of toxic behavior in online conversations given only the summary of the conversation. Predict whether the conversation is likely to result in a personal attack later on. Provide your answer in the format 'ATTACK: YES/NO'

Conversation:
Summary: To provide an assessment using the Stereotype Content Model (SCM), I need more context from the conversation. The SCM evaluates perceptions of warmth and competence, typically based on the tone, language, and interaction style of the participants. If you can provide more dialogue or details, I can offer a more accurate analysis.",0,0,True,0.94482421875
236755381.13326.13326,3,"You are an assistant trained to detect early warning signs of toxic behavior in online conversations given only the summary of the conversation. Predict whether the conversation is likely to result in a personal attack later on. Provide your answer in the format 'ATTACK: YES/NO'

Conversation:
Summary: user1:  
  warmth: low  
  competence: high  
  explanation: User1's tone is defensive and somewhat confrontational, indicating low warmth. However, they demonstrate competence by expressing a willingness to find references and engage with the content critically.

user2:  
  warmth: low  
  competence: high  
  explanation: User2 maintains a critical and authoritative stance, suggesting low warmth. Their focus on the need for sources and adherence to standards reflects high competence in maintaining quality and accuracy.",1,0,False,1.0
241131342.18768.18523,3,"You are an assistant trained to detect early warning signs of toxic behavior in online conversations given only the summary of the conversation. Predict whether the conversation is likely to result in a personal attack later on. Provide your answer in the format 'ATTACK: YES/NO'

Conversation:
Summary: user1:  
  warmth: low  
  competence: low  
  explanation: User1's statement is confrontational and aggressive, indicating low warmth. The lack of a constructive approach or rationale for their suggestion suggests low competence in handling the situation effectively.  

user2:  
  warmth: N/A  
  competence: N/A  
  explanation: User2 has not participated in the conversation, so their warmth and competence cannot be assessed.",1,1,True,1.0
241764483.101294.101294,3,"You are an assistant trained to detect early warning signs of toxic behavior in online conversations given only the summary of the conversation. Predict whether the conversation is likely to result in a personal attack later on. Provide your answer in the format 'ATTACK: YES/NO'

Conversation:
Summary: To accurately assess the conversation using the Stereotype Content Model (SCM), more context and dialogue are needed. The provided excerpt is insufficient to evaluate the participants' perceived warmth and competence. If you can provide additional dialogue or context, I would be happy to assist with the analysis.",1,0,False,0.9990234375
243535346.22792.22792,3,"You are an assistant trained to detect early warning signs of toxic behavior in online conversations given only the summary of the conversation. Predict whether the conversation is likely to result in a personal attack later on. Provide your answer in the format 'ATTACK: YES/NO'

Conversation:
Summary: user1:  
  warmth: high  
  competence: high  
  explanation: User1 demonstrates high warmth by engaging collaboratively and considering the needs of the group by suggesting improvements to accessibility. Their competence is high, as they show familiarity with the resources and processes, and they plan to use past examples effectively.

user2:  
  warmth: low  
  competence: low  
  explanation: User2's response lacks warmth, as it is minimal and does not engage with user1's suggestions or concerns. Their competence appears low because the response is uninformative and does not contribute to the conversation's progress or clarity.",0,1,False,1.0
249816928.4402.4402,3,"You are an assistant trained to detect early warning signs of toxic behavior in online conversations given only the summary of the conversation. Predict whether the conversation is likely to result in a personal attack later on. Provide your answer in the format 'ATTACK: YES/NO'

Conversation:
Summary: user1:  
  warmth: high  
  competence: high  
  explanation: User1 expresses gratitude and appreciation, indicating high warmth. They also demonstrate competence by discussing article assessments and nomination processes, showing knowledge and understanding of the subject matter. Their request for advice and acknowledgment of time constraints further reflects a collaborative and realistic approach.",0,0,True,1.0
256933358.0.0,3,"You are an assistant trained to detect early warning signs of toxic behavior in online conversations given only the summary of the conversation. Predict whether the conversation is likely to result in a personal attack later on. Provide your answer in the format 'ATTACK: YES/NO'

Conversation:
Summary: user1:  
  warmth: high  
  competence: high  
  explanation: User1 demonstrates high warmth by agreeing with others and offering to help by researching further. Their competence is high as they show initiative in seeking evidence to support their claims.

user2:  
  warmth: high  
  competence: low  
  explanation: User2 maintains high warmth by agreeing with user1 and contributing to the conversation. However, their competence is low as they present an uncertain claim without strong evidence, indicating a lack of confidence in their information.

user3:  
  warmth: high  
  competence: high  
  explanation: User3 displays high warmth by politely disagreeing and providing reasons for their stance. Their competence is high as they offer specific, factual information to support their argument, enhancing the discussion with credible insights.",0,0,True,0.59423828125
258343447.8293.8293,3,"You are an assistant trained to detect early warning signs of toxic behavior in online conversations given only the summary of the conversation. Predict whether the conversation is likely to result in a personal attack later on. Provide your answer in the format 'ATTACK: YES/NO'

Conversation:
Summary: user1:  
  warmth: low  
  competence: high  
  explanation: User1's tone is confrontational and threatening, indicating low warmth. However, they clearly articulate their stance and potential actions, suggesting a high level of competence in addressing the issue.

user2:  
  warmth: low  
  competence: high  
  explanation: User2's response is factual and references a specific guideline, demonstrating high competence. However, the lack of empathy or acknowledgment of user1's concerns indicates low warmth in their communication.",1,1,True,1.0
260500116.16426.16426,3,"You are an assistant trained to detect early warning signs of toxic behavior in online conversations given only the summary of the conversation. Predict whether the conversation is likely to result in a personal attack later on. Provide your answer in the format 'ATTACK: YES/NO'

Conversation:
Summary: user1:  
  warmth: low  
  competence: high  
  explanation: User1 demonstrates high competence by providing a detailed explanation of the nature of court filings and their relevance to the discussion. However, the tone is formal and lacks personal engagement, suggesting low warmth.

user2:  
  warmth: low  
  competence: high  
  explanation: User2 shows high competence by addressing the history of content contributions and their rationale. The tone is accusatory and confrontational, indicating low warmth in the interaction.",1,1,True,0.7998046875
261549717.6141.6141,3,"You are an assistant trained to detect early warning signs of toxic behavior in online conversations given only the summary of the conversation. Predict whether the conversation is likely to result in a personal attack later on. Provide your answer in the format 'ATTACK: YES/NO'

Conversation:
Summary: user1:  
  warmth: low  
  competence: low  
  explanation: User1 exhibits low warmth by using sarcasm and making accusations, which suggests hostility. Their competence is perceived as low due to the lack of clear evidence or reasoning in their argument, relying instead on insinuations and threats.

user2:  
  warmth: low  
  competence: high  
  explanation: User2 demonstrates low warmth through defensive and confrontational language, showing little empathy or openness. However, their competence is high, as they provide detailed reasoning and evidence to support their stance, indicating a strong understanding of the situation and the platform's norms.",1,1,True,0.99658203125
266672416.14406.14406,3,"You are an assistant trained to detect early warning signs of toxic behavior in online conversations given only the summary of the conversation. Predict whether the conversation is likely to result in a personal attack later on. Provide your answer in the format 'ATTACK: YES/NO'

Conversation:
Summary: user1:  
  warmth: low  
  competence: high  
  explanation: User1 demonstrates high competence by referencing policy and suggesting the use of a talk page for resolution, indicating an understanding of procedural norms. However, the tone is somewhat dismissive, which may be perceived as low warmth.

user2:  
  warmth: low  
  competence: high  
  explanation: User2 shows high competence by pointing out specific actions and providing a link to support their argument, indicating familiarity with the issue. The direct accusation of disruption, however, suggests low warmth in their communication style.",1,1,True,0.9111328125
266938227.4116.4116,3,"You are an assistant trained to detect early warning signs of toxic behavior in online conversations given only the summary of the conversation. Predict whether the conversation is likely to result in a personal attack later on. Provide your answer in the format 'ATTACK: YES/NO'

Conversation:
Summary: user1:  
  warmth: low  
  competence: high  
  explanation: User1's tone is confrontational and lacks friendliness, indicating low warmth. However, their insistence on a specific action and repeated effort to upload an image suggests a level of knowledge and engagement, indicating high competence.

user2:  
  warmth: low  
  competence: high  
  explanation: User2's response is direct and lacks empathy, suggesting low warmth. Their reference to a template and a link demonstrates familiarity with procedures and guidelines, indicating high competence.",1,0,False,1.0
267643437.10093.10093,3,"You are an assistant trained to detect early warning signs of toxic behavior in online conversations given only the summary of the conversation. Predict whether the conversation is likely to result in a personal attack later on. Provide your answer in the format 'ATTACK: YES/NO'

Conversation:
Summary: user1:  
  warmth: high  
  competence: high  
  explanation: User1 expresses gratitude and appreciation for the other participant's contributions, indicating high warmth. They also provide a detailed and well-reasoned argument regarding their perspective, demonstrating high competence.

user2:  
  warmth: low  
  competence: low  
  explanation: User2 disagrees with user1 without providing a detailed explanation or reasoning, which may come across as dismissive, indicating low warmth. The brief response lacks depth and clarity, suggesting low competence.",0,1,False,0.61767578125
271241618.17641.18017,3,"You are an assistant trained to detect early warning signs of toxic behavior in online conversations given only the summary of the conversation. Predict whether the conversation is likely to result in a personal attack later on. Provide your answer in the format 'ATTACK: YES/NO'

Conversation:
Summary: user1:  
  warmth: low  
  competence: high  
  explanation: User1 presents a structured and reasoned argument, indicating high competence. However, their tone lacks empathy and consideration for other perspectives, suggesting low warmth.

user2:  
  warmth: low  
  competence: high  
  explanation: User2 demonstrates competence by addressing the issue directly and suggesting a solution. However, their use of phrases like ""not to be rude"" and questioning the other person's responsibility indicates a confrontational tone, reflecting low warmth.",0,0,True,0.9873046875
271340377.69106.69106,3,"You are an assistant trained to detect early warning signs of toxic behavior in online conversations given only the summary of the conversation. Predict whether the conversation is likely to result in a personal attack later on. Provide your answer in the format 'ATTACK: YES/NO'

Conversation:
Summary: user1:  
  warmth: high  
  competence: high  
  explanation: User1 demonstrates high warmth by politely asking for input and considering others' opinions. Their competence is high as they suggest a specific, constructive change to improve the article.

user2:  
  warmth: high  
  competence: high  
  explanation: User2's response is concise and agreeable, indicating high warmth by supporting user1's suggestion without conflict. Their competence is high as they quickly assess and approve a reasonable proposal.",0,0,True,1.0
273276496.704.704,3,"You are an assistant trained to detect early warning signs of toxic behavior in online conversations given only the summary of the conversation. Predict whether the conversation is likely to result in a personal attack later on. Provide your answer in the format 'ATTACK: YES/NO'

Conversation:
Summary: user1:  
  warmth: low  
  competence: high  
  explanation: User1 emphasizes policy adherence and community well-being, indicating competence in understanding community guidelines. However, the tone is formal and disciplinary, suggesting low warmth.

user2:  
  warmth: low  
  competence: high  
  explanation: User2 confidently disputes the accusation and references policy, demonstrating competence. The rejection and accusation of disruption suggest a defensive and confrontational tone, indicating low warmth.",1,1,True,0.98388671875
274481213.24594.24594,3,"You are an assistant trained to detect early warning signs of toxic behavior in online conversations given only the summary of the conversation. Predict whether the conversation is likely to result in a personal attack later on. Provide your answer in the format 'ATTACK: YES/NO'

Conversation:
Summary: user1 (S_0):
  warmth: low
  competence: high
  explanation: User1 presents a detailed argument with specific examples and acknowledges counterpoints, indicating high competence. However, the tone is assertive and critical, suggesting low warmth as they emphasize the controversial nature of the subject.

user2 (S_1):
  warmth: low
  competence: high
  explanation: User2 provides a counterargument with references to legal rights and notable figures, demonstrating high competence. The dismissive tone and focus on refuting the previous point indicate low warmth, as they do not engage empathetically with the other participant's perspective.

user3 (S_2):
  warmth: low
  competence: low
  explanation: User3 agrees with user1 but uses strong language like ""radical"" and ""controversial,"" which suggests low warmth. The lack of detailed reasoning or evidence to support their agreement indicates low competence in the discussion.",1,1,True,0.99658203125
277132168.5865.5865,3,"You are an assistant trained to detect early warning signs of toxic behavior in online conversations given only the summary of the conversation. Predict whether the conversation is likely to result in a personal attack later on. Provide your answer in the format 'ATTACK: YES/NO'

Conversation:
Summary: user1:  
  warmth: low  
  competence: high  
  explanation: User1 provides a critical analysis of the content, pointing out bias and suggesting improvements. Their focus on fairness and accuracy indicates competence. However, their tone is direct and critical, which may come across as low in warmth.

user2:  
  warmth: high  
  competence: high  
  explanation: User2 acknowledges the critique and shows openness to collaboration by asking for feedback and suggesting sourcing improvements. Their willingness to engage constructively and seek consensus reflects high warmth and competence.",0,1,False,0.572265625
277904646.63907.63907,3,"You are an assistant trained to detect early warning signs of toxic behavior in online conversations given only the summary of the conversation. Predict whether the conversation is likely to result in a personal attack later on. Provide your answer in the format 'ATTACK: YES/NO'

Conversation:
Summary: user1 (S_0):
  warmth: low
  competence: high
  explanation: User1 displays low warmth through confrontational language and dismissive remarks, such as ""nonsense"" and ""that's a joke."" However, they exhibit high competence by engaging with the content of the discussion and referencing specific processes like RFCs and consensus.

user2 (S_2):
  warmth: low
  competence: high
  explanation: User2 shows low warmth by using a critical tone and addressing user1's language as unhelpful. They demonstrate high competence by aligning with other editors, referencing group consensus, and advocating for a process-driven approach to the discussion.",1,1,True,1.0
284167801.16543.16543,3,"You are an assistant trained to detect early warning signs of toxic behavior in online conversations given only the summary of the conversation. Predict whether the conversation is likely to result in a personal attack later on. Provide your answer in the format 'ATTACK: YES/NO'

Conversation:
Summary: user1:
  warmth: low
  competence: high
  explanation: User1 expresses dissatisfaction and criticism, which suggests low warmth. However, their ability to identify bias and invite discussion indicates high competence.

user2:
  warmth: high
  competence: high
  explanation: User2 acknowledges issues and suggests solutions, showing a collaborative and constructive approach, indicating high warmth. Their detailed analysis and focus on resolving concerns demonstrate high competence.",1,0,False,1.0
28835125.4162.4162,3,"You are an assistant trained to detect early warning signs of toxic behavior in online conversations given only the summary of the conversation. Predict whether the conversation is likely to result in a personal attack later on. Provide your answer in the format 'ATTACK: YES/NO'

Conversation:
Summary: user1:  
  warmth: low  
  competence: high  
  explanation: User1's request for a detailed explanation and reference to official approval suggests a focus on factual accuracy and logical reasoning, indicating high competence. However, the direct and demanding tone, without any expression of understanding or empathy, suggests low warmth.

user2:  
  warmth: low  
  competence: high  
  explanation: User2 provides a logical argument based on specific evidence, demonstrating high competence. The preemptive refusal to engage further and the mention of avoiding a ""multipage rant"" indicate a lack of willingness to engage empathetically, suggesting low warmth.",1,0,False,0.9912109375
289437727.9566.9566,3,"You are an assistant trained to detect early warning signs of toxic behavior in online conversations given only the summary of the conversation. Predict whether the conversation is likely to result in a personal attack later on. Provide your answer in the format 'ATTACK: YES/NO'

Conversation:
Summary: user1:  
  warmth: low  
  competence: high  
  explanation: User1 demonstrates high competence by sharing a specific, effective method for identifying issues. However, the tone is more factual and lacks expressions of empathy or friendliness, leading to a perception of low warmth.",0,0,True,1.0
294034026.26110.26110,3,"You are an assistant trained to detect early warning signs of toxic behavior in online conversations given only the summary of the conversation. Predict whether the conversation is likely to result in a personal attack later on. Provide your answer in the format 'ATTACK: YES/NO'

Conversation:
Summary: user1:
  warmth: low
  competence: high
  explanation: User1's tone is apologetic but also critical and corrective, indicating a focus on factual accuracy and logical reasoning. Their competence is high due to their detailed analysis and understanding of the references, but their warmth is low as they prioritize correctness over maintaining a positive tone.

user2:
  warmth: high
  competence: high
  explanation: User2 invites collaboration and values input, demonstrating high warmth. Their competence is also high, as they present a well-structured argument with examples and references, showing a clear understanding of the topic and a willingness to engage constructively.",1,0,False,1.0
295324539.37677.37677,3,"You are an assistant trained to detect early warning signs of toxic behavior in online conversations given only the summary of the conversation. Predict whether the conversation is likely to result in a personal attack later on. Provide your answer in the format 'ATTACK: YES/NO'

Conversation:
Summary: To accurately assess the conversation using the Stereotype Content Model (SCM), I would need additional context or responses from the participants. The provided conversation snippet is insufficient to evaluate the participants' warmth and competence. If you can provide more dialogue or context, I would be able to offer a more comprehensive analysis.",0,0,True,0.9970703125
300925463.5937.5937,3,"You are an assistant trained to detect early warning signs of toxic behavior in online conversations given only the summary of the conversation. Predict whether the conversation is likely to result in a personal attack later on. Provide your answer in the format 'ATTACK: YES/NO'

Conversation:
Summary: user1:  
  warmth: high  
  competence: high  
  explanation: User1 demonstrates high warmth by engaging humorously and openly, acknowledging their limitations in language while showing interest in the conversation. Their competence is high, as they effectively communicate in a second language and provide thoughtful suggestions.

user2:  
  warmth: low  
  competence: low  
  explanation: User2 exhibits low warmth by making a potentially accusatory statement without context. Their competence appears low due to the unclear and fragmented nature of their message, which lacks coherence and clarity.",0,1,False,1.0
302451722.17861.17861,3,"You are an assistant trained to detect early warning signs of toxic behavior in online conversations given only the summary of the conversation. Predict whether the conversation is likely to result in a personal attack later on. Provide your answer in the format 'ATTACK: YES/NO'

Conversation:
Summary: user1:  
  warmth: high  
  competence: high  
  explanation: User1 expresses respect for user2's opinion and uses polite language, indicating high warmth. They also demonstrate competence by identifying potential issues and asking for user2's input, suggesting they value user2's expertise.

user2:  
  warmth: high  
  competence: high  
  explanation: User2 responds with a detailed follow-up, showing engagement and respect for the discussion. They provide evidence of their actions and reasoning, indicating high competence. Their tone is collaborative and respectful, reflecting high warmth.",0,0,True,0.99951171875
302500608.22638.22638,3,"You are an assistant trained to detect early warning signs of toxic behavior in online conversations given only the summary of the conversation. Predict whether the conversation is likely to result in a personal attack later on. Provide your answer in the format 'ATTACK: YES/NO'

Conversation:
Summary: user1 (S_0):
  warmth: high
  competence: low
  explanation: User1 expresses regret and a desire to resolve conflicts, indicating high warmth through their conciliatory tone and concern for others' feelings. However, their acknowledgment of failed attempts to resolve the situation and the resulting escalation suggests low competence in handling the conflict effectively.

user2 (S_1):
  warmth: high
  competence: high
  explanation: User2 demonstrates high warmth by offering reassurance, understanding, and encouragement to user1. They also exhibit high competence by articulating a balanced perspective, emphasizing respect for others' decisions, and suggesting constructive actions consistent with policies and good sense.",1,1,True,0.998046875
303373601.29884.29884,3,"You are an assistant trained to detect early warning signs of toxic behavior in online conversations given only the summary of the conversation. Predict whether the conversation is likely to result in a personal attack later on. Provide your answer in the format 'ATTACK: YES/NO'

Conversation:
Summary: user1:
  warmth: low
  competence: high
  explanation: User1 demonstrates high competence by providing detailed arguments and referencing specific examples to support their stance. However, their tone is somewhat dismissive and confrontational, particularly when they outright reject user2's suggestions, which indicates low warmth.

user2:
  warmth: high
  competence: high
  explanation: User2 maintains a collaborative and open tone, inviting feedback and acknowledging user1's points, which reflects high warmth. They also show high competence by providing logical reasoning and examples to support their viewpoint, demonstrating a clear understanding of the topic.",1,0,False,0.986328125
306471894.3660.3660,3,"You are an assistant trained to detect early warning signs of toxic behavior in online conversations given only the summary of the conversation. Predict whether the conversation is likely to result in a personal attack later on. Provide your answer in the format 'ATTACK: YES/NO'

Conversation:
Summary: user1:  
  warmth: low  
  competence: low  
  explanation: User1's message comes across as confrontational and dismissive, indicating low warmth. The use of a term like ""wikilawyering"" without further context or explanation suggests a lack of clarity or depth in communication, indicating low competence.

user2:  
  warmth: not applicable  
  competence: not applicable  
  explanation: There is no input from user2 in the conversation provided, so their warmth and competence cannot be assessed.",1,0,False,1.0
308951641.17539.17539,3,"You are an assistant trained to detect early warning signs of toxic behavior in online conversations given only the summary of the conversation. Predict whether the conversation is likely to result in a personal attack later on. Provide your answer in the format 'ATTACK: YES/NO'

Conversation:
Summary: user1:  
  warmth: low  
  competence: high  
  explanation: User1 demonstrates high competence by articulating a clear and reasoned decision regarding the situation. However, their warmth is perceived as low due to the formal and somewhat detached tone, as well as the emphasis on restraint and the potential complications caused by the other party's actions.",1,0,False,1.0
310586657.7320.7320,3,"You are an assistant trained to detect early warning signs of toxic behavior in online conversations given only the summary of the conversation. Predict whether the conversation is likely to result in a personal attack later on. Provide your answer in the format 'ATTACK: YES/NO'

Conversation:
Summary: user1:  
  warmth: low  
  competence: high  
  explanation: User1's inquiry about user2's editing history is direct and lacks warmth, as it may imply suspicion or scrutiny. However, the ability to research and identify user2's editing timeline suggests a high level of competence.

user2:  
  warmth: low  
  competence: high  
  explanation: User2 responds with sarcasm, indicating low warmth, as the tone is defensive and potentially confrontational. The response, however, shows competence through the ability to craft a clever retort and address the inquiry with confidence.",1,1,True,1.0
314540585.6679.6679,3,"You are an assistant trained to detect early warning signs of toxic behavior in online conversations given only the summary of the conversation. Predict whether the conversation is likely to result in a personal attack later on. Provide your answer in the format 'ATTACK: YES/NO'

Conversation:
Summary: Based on the provided conversation snippet, here is the assessment:

user1:
  warmth: low
  competence: high
  explanation: User1 demonstrates high competence by providing detailed information about government websites and licensing issues, indicating a strong understanding of the subject. However, the tone is factual and lacks any elements of warmth, such as empathy or friendliness, focusing purely on the technical aspects.",0,0,True,1.0
314695951.26436.26436,3,"You are an assistant trained to detect early warning signs of toxic behavior in online conversations given only the summary of the conversation. Predict whether the conversation is likely to result in a personal attack later on. Provide your answer in the format 'ATTACK: YES/NO'

Conversation:
Summary: user1:  
  warmth: low  
  competence: high  
  explanation: User1 expresses frustration and uses multiple exclamation points, indicating a lack of warmth. However, they demonstrate competence by discussing specific actions they took to improve the article and their understanding of the content's balance.

user2:  
  warmth: N/A  
  competence: N/A  
  explanation: User2 does not participate in the conversation, so their warmth and competence cannot be assessed.",0,0,True,0.642578125
31521591.794.794,3,"You are an assistant trained to detect early warning signs of toxic behavior in online conversations given only the summary of the conversation. Predict whether the conversation is likely to result in a personal attack later on. Provide your answer in the format 'ATTACK: YES/NO'

Conversation:
Summary: user1:  
  warmth: low  
  competence: high  
  explanation: User1 demonstrates high competence by providing specific guidelines and reasoning for organizing the list. However, their warmth is perceived as low due to the authoritative tone and lack of collaborative language, which may come across as directive rather than engaging.

user2:  
  warmth: low  
  competence: low  
  explanation: User2 does not contribute to the conversation, so their warmth and competence cannot be assessed based on the provided text. Without any input, it is impossible to gauge their engagement or understanding of the topic.",0,0,True,1.0
31727640.41326.41326,3,"You are an assistant trained to detect early warning signs of toxic behavior in online conversations given only the summary of the conversation. Predict whether the conversation is likely to result in a personal attack later on. Provide your answer in the format 'ATTACK: YES/NO'

Conversation:
Summary: user1 (S_0):
  warmth: low
  competence: high
  explanation: User1 expresses strong negative emotions and judgment, indicating low warmth. They articulate their concerns clearly and assertively, suggesting high competence in communication.",1,1,True,1.0
324569832.859.859,3,"You are an assistant trained to detect early warning signs of toxic behavior in online conversations given only the summary of the conversation. Predict whether the conversation is likely to result in a personal attack later on. Provide your answer in the format 'ATTACK: YES/NO'

Conversation:
Summary: user1:
  warmth: low
  competence: high
  explanation: User1 demonstrates high competence by providing a clear and knowledgeable distinction between the two groups being compared. However, the tone lacks warmth, as the response is direct and corrective without showing empathy or understanding towards the other participant's perspective.

user2:
  warmth: not applicable
  competence: not applicable
  explanation: User2 does not have any statements in the provided conversation, so their warmth and competence cannot be assessed.",0,0,True,1.0
324625042.21933.21933,3,"You are an assistant trained to detect early warning signs of toxic behavior in online conversations given only the summary of the conversation. Predict whether the conversation is likely to result in a personal attack later on. Provide your answer in the format 'ATTACK: YES/NO'

Conversation:
Summary: I'm unable to assess the conversation based on the provided input, as it contains only an external link without any dialogue or interaction between participants. Please provide more context or excerpts from the conversation for a proper analysis using the Stereotype Content Model.",1,0,False,0.99560546875
325209973.9766.9766,3,"You are an assistant trained to detect early warning signs of toxic behavior in online conversations given only the summary of the conversation. Predict whether the conversation is likely to result in a personal attack later on. Provide your answer in the format 'ATTACK: YES/NO'

Conversation:
Summary: user1:  
  warmth: low  
  competence: high  
  explanation: User1 demonstrates high competence by referencing specific guidelines and providing detailed information to support their point. However, the tone is more factual and lacks expressions of empathy or friendliness, which may be perceived as low warmth.

user2:  
  warmth: N/A  
  competence: N/A  
  explanation: User2 has not participated in the conversation, so their warmth and competence cannot be assessed.",1,0,False,0.81103515625
325725436.7007.7007,3,"You are an assistant trained to detect early warning signs of toxic behavior in online conversations given only the summary of the conversation. Predict whether the conversation is likely to result in a personal attack later on. Provide your answer in the format 'ATTACK: YES/NO'

Conversation:
Summary: To provide an accurate assessment using the Stereotype Content Model, I would need more information from the conversation. The SCM evaluates perceptions of warmth and competence based on how individuals communicate and interact. If you can provide additional dialogue or context, I can offer a more detailed analysis.",0,0,True,0.99658203125
327377531.3612.3612,3,"You are an assistant trained to detect early warning signs of toxic behavior in online conversations given only the summary of the conversation. Predict whether the conversation is likely to result in a personal attack later on. Provide your answer in the format 'ATTACK: YES/NO'

Conversation:
Summary: user1:  
  warmth: low  
  competence: low  
  explanation: User1 expresses frustration and seeks assistance but does so in a way that suggests a lack of understanding of the processes involved. The tone is somewhat accusatory and desperate, which may reduce perceived warmth. The repeated requests for help without clear direction imply lower competence.

user2:  
  warmth: low  
  competence: high  
  explanation: User2 provides a brief response with specific suggestions, indicating competence in understanding the processes. However, the lack of engagement or empathy in the response suggests low warmth, as it does not address user1's concerns or emotions.",0,0,True,0.88232421875
327747674.10.16,3,"You are an assistant trained to detect early warning signs of toxic behavior in online conversations given only the summary of the conversation. Predict whether the conversation is likely to result in a personal attack later on. Provide your answer in the format 'ATTACK: YES/NO'

Conversation:
Summary: user1:  
  warmth: high  
  competence: low  
  explanation: User1 expresses a friendly and polite request for assistance, indicating high warmth. However, they admit uncertainty about where to find the information, suggesting lower competence in this specific area.

user2:  
  warmth: N/A  
  competence: N/A  
  explanation: User2 has not participated in the conversation, so their warmth and competence cannot be assessed.",0,0,True,1.0
328100374.7624.7624,3,"You are an assistant trained to detect early warning signs of toxic behavior in online conversations given only the summary of the conversation. Predict whether the conversation is likely to result in a personal attack later on. Provide your answer in the format 'ATTACK: YES/NO'

Conversation:
Summary: user1:  
  warmth: low  
  competence: low  
  explanation: User1's request is straightforward, but lacks any expression of understanding or acknowledgment of the situation, which may be perceived as low warmth. The need to request restoration of privileges suggests a perceived lack of competence in maintaining them.

user2:  
  warmth: low  
  competence: high  
  explanation: User2's response is direct and firm, indicating low warmth due to the lack of empathy or encouragement. However, the explanation provided is clear and justified, reflecting high competence in handling the situation and setting expectations.",1,1,True,0.9892578125
329379543.16.16,3,"You are an assistant trained to detect early warning signs of toxic behavior in online conversations given only the summary of the conversation. Predict whether the conversation is likely to result in a personal attack later on. Provide your answer in the format 'ATTACK: YES/NO'

Conversation:
Summary: user1 (S_0):
  warmth: low
  competence: high
  explanation: User1 demonstrates high competence by providing clear guidance and setting expectations. However, their tone is somewhat stern and conditional, indicating low warmth as they focus on rules and consequences rather than encouragement.

user2 (S_2):
  warmth: high
  competence: low
  explanation: User2 expresses gratitude and enthusiasm, indicating high warmth. However, their casual tone and focus on personal activities suggest lower competence in the context of the conversation's objectives, as they do not engage deeply with the guidance provided.",0,0,True,0.87451171875
330510349.3683.3683,3,"You are an assistant trained to detect early warning signs of toxic behavior in online conversations given only the summary of the conversation. Predict whether the conversation is likely to result in a personal attack later on. Provide your answer in the format 'ATTACK: YES/NO'

Conversation:
Summary: user1:  
  warmth: low  
  competence: high  
  explanation: User1 expresses frustration and accuses the other participant of being ""delete-happy,"" which suggests low warmth. However, they demonstrate knowledge about the subject by referencing Joel Whitburn and the significance of the record, indicating high competence.

user2:  
  warmth: low  
  competence: high  
  explanation: User2 responds directly and factually, explaining the decision based on specific criteria, which shows high competence. However, their tone is defensive and dismissive, particularly with phrases like ""I'm easy,"" which implies low warmth.",1,1,True,0.9990234375
330612945.15042.15042,3,"You are an assistant trained to detect early warning signs of toxic behavior in online conversations given only the summary of the conversation. Predict whether the conversation is likely to result in a personal attack later on. Provide your answer in the format 'ATTACK: YES/NO'

Conversation:
Summary: To accurately assess the conversation using the Stereotype Content Model (SCM), I would need more interaction between the participants. The provided conversation only includes one message from user1, and there is no response from user2. If you can provide more dialogue, I can offer a more comprehensive analysis.",0,0,True,0.89990234375
334577218.13132.13132,3,"You are an assistant trained to detect early warning signs of toxic behavior in online conversations given only the summary of the conversation. Predict whether the conversation is likely to result in a personal attack later on. Provide your answer in the format 'ATTACK: YES/NO'

Conversation:
Summary: user1 (S_0):
  warmth: high
  competence: high
  explanation: User1 expresses concern and seeks input, showing openness and appreciation for feedback, which indicates high warmth. Their awareness of the situation and decision to hold off on further action demonstrates competence.

user2 (S_1):
  warmth: low
  competence: high
  explanation: User2 provides a direct and somewhat dismissive response, indicating low warmth. However, they display competence by acknowledging the visibility of the article and addressing the concern logically.

user3 (S_2):
  warmth: high
  competence: high
  explanation: User3 acknowledges the concerns and provides a balanced perspective, showing understanding and empathy, which indicates high warmth. Their analysis of the situation and suggestion of a course of action demonstrate competence.",0,0,True,0.9560546875
334586945.13521.13521,3,"You are an assistant trained to detect early warning signs of toxic behavior in online conversations given only the summary of the conversation. Predict whether the conversation is likely to result in a personal attack later on. Provide your answer in the format 'ATTACK: YES/NO'

Conversation:
Summary: To accurately assess the conversation using the Stereotype Content Model, we need to evaluate the perceived warmth and competence of each participant based on their communication style, tone, and content.

user1:
  warmth: low
  competence: high
  explanation: User1 provides factual information and references sources, indicating a focus on accuracy and detail, which suggests high competence. However, the lack of personal engagement or empathetic language results in a perception of low warmth.

user2:
  warmth: low
  competence: low
  explanation: User2's response is cryptic and lacks clarity, which may lead to perceptions of low competence. The abrupt and unclear nature of the comment does not convey warmth or friendliness, resulting in low warmth.",1,0,False,0.99853515625
336604908.8548.8548,3,"You are an assistant trained to detect early warning signs of toxic behavior in online conversations given only the summary of the conversation. Predict whether the conversation is likely to result in a personal attack later on. Provide your answer in the format 'ATTACK: YES/NO'

Conversation:
Summary: user1:  
  warmth: low  
  competence: high  
  explanation: User1's message is direct and lacks any expression of friendliness or empathy, indicating low warmth. However, the request for a response suggests a level of engagement and capability, indicating high competence.

user2:  
  warmth: low  
  competence: high  
  explanation: User2's message is dismissive and indicates a lack of interest in further dialogue, reflecting low warmth. The statement about reinforcing a belief suggests confidence in their judgment, indicating high competence.",1,1,True,0.9970703125
337813018.13563.13563,3,"You are an assistant trained to detect early warning signs of toxic behavior in online conversations given only the summary of the conversation. Predict whether the conversation is likely to result in a personal attack later on. Provide your answer in the format 'ATTACK: YES/NO'

Conversation:
Summary: user1:  
  warmth: high  
  competence: high  
  explanation: User1 demonstrates high warmth by acknowledging the other person's perspective and expressing interest in their ideas. Their competence is high as they articulate a clear, reasoned argument about the scope and purpose of Wikipedia, suggesting an understanding of the topic.

user2:  
  warmth: low  
  competence: low  
  explanation: User2's response indicates low warmth, as it lacks engagement with user1's points and seems dismissive. Their competence appears low as they express confusion and do not contribute substantively to the conversation, indicating a lack of understanding or focus.",0,1,False,0.67578125
340707269.3750.3750,3,"You are an assistant trained to detect early warning signs of toxic behavior in online conversations given only the summary of the conversation. Predict whether the conversation is likely to result in a personal attack later on. Provide your answer in the format 'ATTACK: YES/NO'

Conversation:
Summary: user1:
  warmth: high
  competence: high
  explanation: User1 expresses agreement and suggests collaboration, indicating openness and a willingness to work together, which reflects high warmth. They also reference specific examples and propose a structured plan, demonstrating high competence.",1,0,False,1.0
342462912.7085.7085,3,"You are an assistant trained to detect early warning signs of toxic behavior in online conversations given only the summary of the conversation. Predict whether the conversation is likely to result in a personal attack later on. Provide your answer in the format 'ATTACK: YES/NO'

Conversation:
Summary: user1:  
  warmth: low  
  competence: high  
  explanation: User1's message is direct and confrontational, indicating low warmth. However, they demonstrate competence by engaging in a discussion about the accuracy of information and using specific references to support their point.

user2:  
  warmth: high  
  competence: low  
  explanation: User2 responds politely and acknowledges the notification, showing high warmth. However, their brief and non-specific response does not demonstrate competence in addressing the issue raised.",1,1,True,0.99951171875
344661920.28747.28747,3,"You are an assistant trained to detect early warning signs of toxic behavior in online conversations given only the summary of the conversation. Predict whether the conversation is likely to result in a personal attack later on. Provide your answer in the format 'ATTACK: YES/NO'

Conversation:
Summary: user1:  
  warmth: low  
  competence: high  
  explanation: User1 suggests a practical change and provides a rationale, indicating competence. However, their response is straightforward and lacks empathetic language, suggesting low warmth.

user2:  
  warmth: low  
  competence: high  
  explanation: User2 provides a counterargument and explains the rationale behind the current practice, showing competence. Their response is direct and somewhat dismissive, indicating low warmth.",0,1,False,0.6318359375
346797919.9686.9686,3,"You are an assistant trained to detect early warning signs of toxic behavior in online conversations given only the summary of the conversation. Predict whether the conversation is likely to result in a personal attack later on. Provide your answer in the format 'ATTACK: YES/NO'

Conversation:
Summary: user1:  
  warmth: low  
  competence: high  
  explanation: User1 communicates in a formal and authoritative manner, focusing on rules and procedures, which suggests high competence. However, the tone is admonishing and lacks empathy or understanding, indicating low warmth.

user2:  
  warmth: low  
  competence: high  
  explanation: User2 questions user1's perspective and defends their actions with a logical explanation, indicating high competence. The response is terse and defensive, showing little attempt to build rapport or express understanding, suggesting low warmth.",0,1,False,0.8916015625
348050489.13623.13623,3,"You are an assistant trained to detect early warning signs of toxic behavior in online conversations given only the summary of the conversation. Predict whether the conversation is likely to result in a personal attack later on. Provide your answer in the format 'ATTACK: YES/NO'

Conversation:
Summary: user1:  
  warmth: high  
  competence: high  
  explanation: User1 demonstrates high warmth by addressing concerns politely and offering to discuss issues openly. Their competence is high as they articulate their points clearly and show a willingness to collaborate on improving articles.

user2:  
  warmth: low  
  competence: low  
  explanation: User2 exhibits low warmth by dismissing User1's concerns and using a confrontational tone. Their competence appears low due to the lack of constructive engagement and errors in spelling, which undermine their argument's clarity.",1,1,True,1.0
361493561.6998.6998,3,"You are an assistant trained to detect early warning signs of toxic behavior in online conversations given only the summary of the conversation. Predict whether the conversation is likely to result in a personal attack later on. Provide your answer in the format 'ATTACK: YES/NO'

Conversation:
Summary: user1:
  warmth: high
  competence: high
  explanation: User1 engages in a conversational tone, acknowledges the other person's point, and provides additional information, indicating both warmth and competence. Their use of humor (""off to see the queen"") and agreement with user2's point shows friendliness and understanding.

user2:
  warmth: high
  competence: high
  explanation: User2 maintains a friendly and informative tone, sharing their own observations and agreeing with user1's perspective. They demonstrate competence by referencing a news source and expressing a clear understanding of the situation. Their use of inclusive language (""as do you, I'm sure"") enhances perceived warmth.",1,0,False,0.99755859375
362664762.6573.6573,3,"You are an assistant trained to detect early warning signs of toxic behavior in online conversations given only the summary of the conversation. Predict whether the conversation is likely to result in a personal attack later on. Provide your answer in the format 'ATTACK: YES/NO'

Conversation:
Summary: user1 (S_0):
  warmth: low
  competence: high
  explanation: User1 demonstrates low warmth through dismissive language and a focus on correction rather than collaboration. Their competence is high, as they provide a detailed critique and emphasize the importance of accurate reporting, showing a strong understanding of the standards required.

user2 (S_1):
  warmth: low
  competence: high
  explanation: User2 exhibits low warmth by engaging in a defensive and argumentative tone. Their competence is high, as they provide specific evidence and sources to support their claims, indicating a thorough understanding of the topic and a commitment to substantiating their position.",0,0,True,0.99951171875
362921039.7623.7623,3,"You are an assistant trained to detect early warning signs of toxic behavior in online conversations given only the summary of the conversation. Predict whether the conversation is likely to result in a personal attack later on. Provide your answer in the format 'ATTACK: YES/NO'

Conversation:
Summary: user1 (S_0):
  warmth: high
  competence: high
  explanation: User1 demonstrates warmth by considering another user's opinion and seeking a collaborative solution. Their competence is high as they actively engage in problem-solving and seek guidance on how to appropriately categorize content.

user2 (S_1):
  warmth: low
  competence: high
  explanation: User2's response is direct and lacks warmth, as it does not acknowledge user1's concerns or offer support. However, their competence is high as they are focused on clarifying the task at hand, indicating an understanding of the situation.",1,0,False,1.0
362959948.8243.8243,3,"You are an assistant trained to detect early warning signs of toxic behavior in online conversations given only the summary of the conversation. Predict whether the conversation is likely to result in a personal attack later on. Provide your answer in the format 'ATTACK: YES/NO'

Conversation:
Summary: To assess the conversation using the Stereotype Content Model (SCM), I need more dialogue from the participants to evaluate their warmth and competence accurately. The provided conversation snippet is insufficient for a comprehensive analysis. Please provide additional exchanges between the participants.",0,0,True,1.0
36583212.9303.9303,3,"You are an assistant trained to detect early warning signs of toxic behavior in online conversations given only the summary of the conversation. Predict whether the conversation is likely to result in a personal attack later on. Provide your answer in the format 'ATTACK: YES/NO'

Conversation:
Summary: user1:
  warmth: high
  competence: low
  explanation: User1 demonstrates high warmth by politely asking for help and acknowledging their uncertainty. However, their competence is perceived as low due to their lack of knowledge about the geographical location in question.

user2:
  warmth: high
  competence: high
  explanation: User2 exhibits high warmth by providing a helpful and informative response without dismissing user1's confusion. Their competence is high as they confidently clarify the geographical location with specific details, indicating a strong understanding of the topic.",1,0,False,1.0
366194245.3378.3378,3,"You are an assistant trained to detect early warning signs of toxic behavior in online conversations given only the summary of the conversation. Predict whether the conversation is likely to result in a personal attack later on. Provide your answer in the format 'ATTACK: YES/NO'

Conversation:
Summary: I'm sorry, but I can't assess the conversation based on the provided input. Could you please provide more details or the actual conversation text?",0,0,True,0.54248046875
367507017.17295.17295,3,"You are an assistant trained to detect early warning signs of toxic behavior in online conversations given only the summary of the conversation. Predict whether the conversation is likely to result in a personal attack later on. Provide your answer in the format 'ATTACK: YES/NO'

Conversation:
Summary: user1:  
  warmth: high  
  competence: high  
  explanation: User1 expresses a need for assistance and acknowledges another participant's expertise, indicating respect and openness. This suggests high warmth and competence, as they recognize their own limitations and value others' abilities.

user2:  
  warmth: low  
  competence: high  
  explanation: User2's response is somewhat sarcastic, implying criticism of user1's communication. While this indicates low warmth, their understanding of the situation and ability to critique effectively suggest high competence.",1,1,True,0.9970703125
367935035.5156.5156,3,"You are an assistant trained to detect early warning signs of toxic behavior in online conversations given only the summary of the conversation. Predict whether the conversation is likely to result in a personal attack later on. Provide your answer in the format 'ATTACK: YES/NO'

Conversation:
Summary: user1 (S_0):
  warmth: high
  competence: high
  explanation: The participant demonstrates high warmth by politely seeking assistance and expressing gratitude. Their competence is also high, as they provide detailed information about their actions, understanding of permissions, and specific issues faced, indicating familiarity with the process and a proactive approach to problem-solving.",0,0,True,0.99951171875
368040175.20376.20376,3,"You are an assistant trained to detect early warning signs of toxic behavior in online conversations given only the summary of the conversation. Predict whether the conversation is likely to result in a personal attack later on. Provide your answer in the format 'ATTACK: YES/NO'

Conversation:
Summary: To accurately assess the conversation using the Stereotype Content Model (SCM), I would need more context or dialogue between the participants. The provided text is a single statement without interaction between multiple participants. If you can provide more of the conversation or specify the roles of user1 and user2, I can then evaluate their warmth and competence based on the SCM framework.",0,0,True,0.966796875
370454238.40262.40262,3,"You are an assistant trained to detect early warning signs of toxic behavior in online conversations given only the summary of the conversation. Predict whether the conversation is likely to result in a personal attack later on. Provide your answer in the format 'ATTACK: YES/NO'

Conversation:
Summary: user1:
  warmth: low
  competence: high
  explanation: User1's tone is confrontational, questioning Rick Block's actions, which suggests low warmth. However, their focus on accurate sourcing and interpretation indicates a high level of competence, as they emphasize the importance of precision and reliability in information.",1,0,False,0.8486328125
37072676.5395.5149,3,"You are an assistant trained to detect early warning signs of toxic behavior in online conversations given only the summary of the conversation. Predict whether the conversation is likely to result in a personal attack later on. Provide your answer in the format 'ATTACK: YES/NO'

Conversation:
Summary: user1:  
  warmth: high  
  competence: high  
  explanation: User1 demonstrates high warmth by engaging constructively and seeking collaboration with others. Their competence is high as they focus on improving the article's quality and ensuring factual accuracy through citation requests.

user2:  
  warmth: low  
  competence: low  
  explanation: User2 exhibits low warmth by providing a disjointed response lacking clarity and coherence. Their competence is also low, as they fail to provide a reliable citation or structured argument, instead relying on anecdotal evidence and informal language.",0,1,False,0.99951171875
370760170.48343.48343,3,"You are an assistant trained to detect early warning signs of toxic behavior in online conversations given only the summary of the conversation. Predict whether the conversation is likely to result in a personal attack later on. Provide your answer in the format 'ATTACK: YES/NO'

Conversation:
Summary: user1:
  warmth: high
  competence: high
  explanation: User1 demonstrates high warmth by acknowledging the contributions of others and suggesting a collaborative approach to resolving issues. Their competence is high as they clearly identify and categorize the problems and non-issues, providing a structured plan for addressing the concerns. This approach indicates a strong understanding of the situation and an ability to guide the discussion constructively.",0,0,True,1.0
370823379.9506.9506,3,"You are an assistant trained to detect early warning signs of toxic behavior in online conversations given only the summary of the conversation. Predict whether the conversation is likely to result in a personal attack later on. Provide your answer in the format 'ATTACK: YES/NO'

Conversation:
Summary: user1:  
  warmth: high  
  competence: high  
  explanation: User1 demonstrates warmth by being accommodating and flexible, allowing for early closure if needed. They also show competence by providing specific details about the closing times across different time zones, indicating a good grasp of the logistical aspects involved.

user2:  
  warmth: high  
  competence: low  
  explanation: User2 expresses warmth through humor and self-disclosure about feeling nervous, which fosters a sense of relatability and friendliness. However, they do not provide additional information or details, which suggests a lower level of competence in this context.",1,1,True,0.9404296875
37558543.33545.33545,3,"You are an assistant trained to detect early warning signs of toxic behavior in online conversations given only the summary of the conversation. Predict whether the conversation is likely to result in a personal attack later on. Provide your answer in the format 'ATTACK: YES/NO'

Conversation:
Summary: I'm unable to assess the conversation using the Stereotype Content Model (SCM) as there is only one participant (S_0) in the provided text. The SCM requires interactions between multiple participants to evaluate perceived warmth and competence. If you provide a conversation with at least two participants, I can assist you with the analysis.",0,0,True,0.96142578125
376023066.13824.13824,3,"You are an assistant trained to detect early warning signs of toxic behavior in online conversations given only the summary of the conversation. Predict whether the conversation is likely to result in a personal attack later on. Provide your answer in the format 'ATTACK: YES/NO'

Conversation:
Summary: user1:  
  warmth: low  
  competence: high  
  explanation: User1 expresses frustration and sets boundaries regarding email communication. Their directness and decision to restrict email access indicate a protective stance, suggesting low warmth. However, their ability to manage the situation and communicate clearly reflects high competence.

user2:  
  warmth: high  
  competence: high  
  explanation: User2 responds with a supportive suggestion, indicating concern for user1's situation. This demonstrates high warmth. Additionally, their recommendation to involve an arbiter reflects an understanding of appropriate procedures, indicating high competence.",1,0,False,0.99267578125
376289226.2495.2495,3,"You are an assistant trained to detect early warning signs of toxic behavior in online conversations given only the summary of the conversation. Predict whether the conversation is likely to result in a personal attack later on. Provide your answer in the format 'ATTACK: YES/NO'

Conversation:
Summary: user1:  
  warmth: low  
  competence: high  
  explanation: User1 demonstrates high competence by articulating their points clearly and addressing specific issues. However, their tone is confrontational and accusatory, which reduces perceived warmth. They attempt to clarify their intentions and offer an apology, but the overall interaction remains tense.

user2:  
  warmth: low  
  competence: high  
  explanation: User2 displays high competence by engaging with the subject matter and challenging user1's assertions. However, their response is defensive and slightly sarcastic, which diminishes perceived warmth. The interaction suggests a focus on argumentation rather than fostering a positive dialogue.",1,0,False,0.837890625
379707179.5251.5251,3,"You are an assistant trained to detect early warning signs of toxic behavior in online conversations given only the summary of the conversation. Predict whether the conversation is likely to result in a personal attack later on. Provide your answer in the format 'ATTACK: YES/NO'

Conversation:
Summary: user1:
  warmth: low
  competence: high
  explanation: User1 demonstrates low warmth by being direct and critical, focusing on the errors and assumptions made by the other participant. Their competence is high as they emphasize the importance of evidence and adherence to guidelines, showing an understanding of the necessary standards.

user2:
  warmth: low
  competence: high
  explanation: User2 also exhibits low warmth, as they are critical and corrective, pointing out repeated mistakes and a lack of understanding. Their competence is high, as they clearly articulate the issues with the categorization process and emphasize the need for adherence to guidelines.",1,0,False,0.9990234375
381679341.97636.97636,3,"You are an assistant trained to detect early warning signs of toxic behavior in online conversations given only the summary of the conversation. Predict whether the conversation is likely to result in a personal attack later on. Provide your answer in the format 'ATTACK: YES/NO'

Conversation:
Summary: user1:  
  warmth: low  
  competence: high  
  explanation: User1 demonstrates high competence by providing a detailed analysis of the situation, using technical terms and evidence to support their claims. However, their tone is accusatory and critical, indicating low warmth, as they focus on the perceived injustices without showing empathy or understanding towards opposing views.

user2:  
  warmth: high  
  competence: high  
  explanation: User2 expresses gratitude and acknowledges the support received, indicating high warmth. They also articulate their distress over the situation and the work lost, demonstrating high competence in communicating their feelings and understanding the situation's impact on them.",0,1,False,1.0
384087023.20059.20059,3,"You are an assistant trained to detect early warning signs of toxic behavior in online conversations given only the summary of the conversation. Predict whether the conversation is likely to result in a personal attack later on. Provide your answer in the format 'ATTACK: YES/NO'

Conversation:
Summary: user1:  
  warmth: high  
  competence: low  
  explanation: User1 initiates the conversation politely and expresses gratitude, indicating high warmth. However, their uncertainty about the copyright issue suggests lower competence in this specific context.

user2:  
  warmth: high  
  competence: high  
  explanation: User2 responds warmly, reassuring user1 that their inquiry is not a bother. They provide a clear and confident assessment of the situation, demonstrating high competence in addressing the issue.",1,0,False,0.99853515625
386911838.7004.7004,3,"You are an assistant trained to detect early warning signs of toxic behavior in online conversations given only the summary of the conversation. Predict whether the conversation is likely to result in a personal attack later on. Provide your answer in the format 'ATTACK: YES/NO'

Conversation:
Summary: user1:  
  warmth: low  
  competence: high  
  explanation: User1 provides a factual quote from a guideline, demonstrating competence in the subject matter. However, the lack of personal engagement or acknowledgment of user2's perspective suggests lower warmth.

user2:  
  warmth: low  
  competence: high  
  explanation: User2 confidently presents an alternative method, indicating competence. However, the dismissive tone (""That's weird"") and lack of engagement with user1's perspective suggest lower warmth.",0,0,True,0.60205078125
389929630.28779.28779,3,"You are an assistant trained to detect early warning signs of toxic behavior in online conversations given only the summary of the conversation. Predict whether the conversation is likely to result in a personal attack later on. Provide your answer in the format 'ATTACK: YES/NO'

Conversation:
Summary: user1:  
  warmth: low  
  competence: high  
  explanation: User1 expresses surprise and confusion about the removal of their contribution, indicating a lack of understanding of the guidelines. Their detailed explanation of the particle accelerator's significance shows competence in the subject matter but lacks warmth due to the direct and somewhat confrontational tone.

user2:  
  warmth: high  
  competence: high  
  explanation: User2 responds politely and constructively, addressing the concerns raised by user1. They provide a clear explanation of the issues with the contribution, referencing specific guidelines and reasons for the edit. This demonstrates both high competence in the subject and warmth through their courteous and informative response.",1,0,False,1.0
391512293.6785.6785,3,"You are an assistant trained to detect early warning signs of toxic behavior in online conversations given only the summary of the conversation. Predict whether the conversation is likely to result in a personal attack later on. Provide your answer in the format 'ATTACK: YES/NO'

Conversation:
Summary: user1:  
  warmth: low  
  competence: high  
  explanation: The participant demonstrates low warmth by using accusatory and dismissive language, such as ""you people"" and ""none of you appear to be capable."" However, they exhibit high competence by articulating their argument clearly and referencing evidence to support their claims.",1,0,False,0.7861328125
393323783.18611.18614,3,"You are an assistant trained to detect early warning signs of toxic behavior in online conversations given only the summary of the conversation. Predict whether the conversation is likely to result in a personal attack later on. Provide your answer in the format 'ATTACK: YES/NO'

Conversation:
Summary: user1:
  warmth: low
  competence: high
  explanation: User1 expresses frustration and sarcasm, indicating low warmth due to the confrontational and accusatory tone. However, they demonstrate high competence by articulating their grievances clearly and referencing specific events and dynamics, suggesting a strong understanding of the situation.

user2:
  warmth: low
  competence: high
  explanation: User2 is not present in the conversation, but the context suggests they are perceived as competent by user1, who acknowledges their influence and decision-making. However, user1's tone implies a lack of warmth towards user2, reflecting a perception of indifference or inaction.",1,1,True,1.0
393515086.4868.4868,3,"You are an assistant trained to detect early warning signs of toxic behavior in online conversations given only the summary of the conversation. Predict whether the conversation is likely to result in a personal attack later on. Provide your answer in the format 'ATTACK: YES/NO'

Conversation:
Summary: user1:  
  warmth: low  
  competence: high  
  explanation: User1's tone appears direct and somewhat dismissive, indicating low warmth. However, they efficiently communicate the request, suggesting high competence.

user2:  
  warmth: high  
  competence: high  
  explanation: User2 responds affirmatively and politely, indicating high warmth. They also clearly confirm their acceptance and request further communication, demonstrating high competence.",0,0,True,1.0
395158492.16343.16343,3,"You are an assistant trained to detect early warning signs of toxic behavior in online conversations given only the summary of the conversation. Predict whether the conversation is likely to result in a personal attack later on. Provide your answer in the format 'ATTACK: YES/NO'

Conversation:
Summary: user1:
  warmth: low
  competence: high
  explanation: User1 exhibits low warmth by using a confrontational tone and instructing the other participant to read more, which can be perceived as dismissive. However, they demonstrate high competence by providing specific historical details and references to Soviet documents, indicating knowledge of the subject.

user2:
  warmth: moderate
  competence: high
  explanation: User2 maintains a moderate level of warmth by indicating a willingness to continue the discussion on a different platform, which suggests openness to dialogue. They display high competence by confidently correcting the historical claim and providing specific information about Soviet documents and positions.",0,0,True,0.8369140625
39600681.6553.6553,3,"You are an assistant trained to detect early warning signs of toxic behavior in online conversations given only the summary of the conversation. Predict whether the conversation is likely to result in a personal attack later on. Provide your answer in the format 'ATTACK: YES/NO'

Conversation:
Summary: user1:  
  warmth: low  
  competence: low  
  explanation: User1's message is dismissive and derogatory, indicating low warmth. The use of informal and mocking language, along with the boastful claim about editing the school's website, suggests a lack of competence in effectively communicating or understanding the situation.

user2:  
  warmth: N/A  
  competence: N/A  
  explanation: User2 did not participate in the conversation, so their warmth and competence cannot be assessed.",1,1,True,0.91845703125
396624212.2629.2629,3,"You are an assistant trained to detect early warning signs of toxic behavior in online conversations given only the summary of the conversation. Predict whether the conversation is likely to result in a personal attack later on. Provide your answer in the format 'ATTACK: YES/NO'

Conversation:
Summary: user1:
  warmth: high
  competence: high
  explanation: User1 expresses gratitude and a proactive approach to resolving an issue, indicating high warmth. Their intention to clarify terms with Motorola and confidence in their understanding of the terms and conditions suggest high competence.

user2:
  warmth: low
  competence: high
  explanation: User2's response is direct and somewhat dismissive, indicating low warmth. However, their knowledge about the acceptance of image licenses and suggestion to read further demonstrates high competence.",0,0,True,1.0
397411874.3005.3005,3,"You are an assistant trained to detect early warning signs of toxic behavior in online conversations given only the summary of the conversation. Predict whether the conversation is likely to result in a personal attack later on. Provide your answer in the format 'ATTACK: YES/NO'

Conversation:
Summary: user1:  
  warmth: low  
  competence: high  
  explanation: User1 demonstrates high competence by clearly explaining the situation and providing guidance on acceptable behavior. However, their tone is authoritative and somewhat threatening, indicating low warmth as they focus on reprimanding rather than empathizing.

user2:  
  warmth: low  
  competence: low  
  explanation: User2 shows low warmth by being defensive and dismissive, lacking any conciliatory or cooperative language. Their competence is also low as they do not address the specific concerns raised or engage constructively, instead insisting on continuing their behavior without consideration of the feedback.",1,1,True,0.9990234375
398875243.3219.3219,3,"You are an assistant trained to detect early warning signs of toxic behavior in online conversations given only the summary of the conversation. Predict whether the conversation is likely to result in a personal attack later on. Provide your answer in the format 'ATTACK: YES/NO'

Conversation:
Summary: user1:  
  warmth: low  
  competence: low  
  explanation: User1's message lacks warmth due to the dismissive tone towards the issue raised. The competence is perceived as low because they express confusion about a situation that has been clearly addressed by an authority figure, suggesting a lack of understanding or awareness.

user2:  
  warmth: low  
  competence: high  
  explanation: User2's response is low in warmth due to the impersonal and factual nature of the message. However, it demonstrates high competence by providing a clear and authoritative explanation of the situation, indicating an understanding of the rules and actions taken.",1,0,False,1.0
399172725.4008.4008,3,"You are an assistant trained to detect early warning signs of toxic behavior in online conversations given only the summary of the conversation. Predict whether the conversation is likely to result in a personal attack later on. Provide your answer in the format 'ATTACK: YES/NO'

Conversation:
Summary: user1:
  warmth: low
  competence: high
  explanation: User1 demonstrates low warmth by using confrontational language (""misleading, and frankly 'bogus'"") and questioning the other participant's actions. However, their competence appears high as they engage directly with the content and structure of the conversation, indicating an understanding of the topic.

user2:
  warmth: high
  competence: high
  explanation: User2 maintains high warmth by clarifying their intentions and actions without resorting to hostility. They express confusion about being attacked, which suggests a desire for resolution. Their competence is high as they provide a detailed explanation of their actions and decisions, showing familiarity with the process.",0,0,True,0.935546875
403900194.15494.15494,3,"You are an assistant trained to detect early warning signs of toxic behavior in online conversations given only the summary of the conversation. Predict whether the conversation is likely to result in a personal attack later on. Provide your answer in the format 'ATTACK: YES/NO'

Conversation:
Summary: user1:  
  warmth: high  
  competence: high  
  explanation: User1 expresses gratitude and appreciation, indicating high warmth. Their ability to articulate thanks suggests competence in communication.

user2:  
  warmth: low  
  competence: low  
  explanation: User2's request is abrupt and lacks politeness, indicating low warmth. The message is unclear and contains errors, suggesting low competence.

user3:  
  warmth: high  
  competence: high  
  explanation: User3 offers a helpful solution and clear instructions, indicating high warmth and competence in addressing the situation effectively.",1,0,False,0.87451171875
404421004.8001.8001,3,"You are an assistant trained to detect early warning signs of toxic behavior in online conversations given only the summary of the conversation. Predict whether the conversation is likely to result in a personal attack later on. Provide your answer in the format 'ATTACK: YES/NO'

Conversation:
Summary: user1:  
  warmth: low  
  competence: high  
  explanation: User1's directive tone and use of capital letters suggest a lack of warmth, as it comes across as commanding and dismissive. However, the clarity and specificity of the instruction indicate a high level of competence, as they seem knowledgeable about the appropriate content structure.  

user2:  
  warmth: N/A  
  competence: N/A  
  explanation: User2 has not participated in the conversation, so there is no basis to assess their warmth or competence.",0,0,True,0.59814453125
405894242.24558.24558,3,"You are an assistant trained to detect early warning signs of toxic behavior in online conversations given only the summary of the conversation. Predict whether the conversation is likely to result in a personal attack later on. Provide your answer in the format 'ATTACK: YES/NO'

Conversation:
Summary: user1:  
  warmth: low  
  competence: high  
  explanation: User1's message conveys a formal warning, indicating authority and adherence to rules, suggesting high competence. However, the tone is stern and lacks friendliness, indicating low warmth.

user2:  
  warmth: low  
  competence: low  
  explanation: User2's response is dismissive and confrontational, showing low warmth. The lack of constructive engagement or acknowledgment of the issue suggests low competence in handling the situation effectively.",1,1,True,1.0
406154473.3081.3081,3,"You are an assistant trained to detect early warning signs of toxic behavior in online conversations given only the summary of the conversation. Predict whether the conversation is likely to result in a personal attack later on. Provide your answer in the format 'ATTACK: YES/NO'

Conversation:
Summary: user1:  
  warmth: low  
  competence: high  
  explanation: user1 demonstrates high competence by providing detailed arguments and referencing specific rules and policies. However, their tone is somewhat confrontational, as seen in their insistence and use of phrases like ""please stop edit-warring,"" which reduces perceived warmth.

user2:  
  warmth: high  
  competence: high  
  explanation: user2 maintains a polite and respectful tone, using phrases like ""I'm sorry"" and ""thank you,"" which conveys high warmth. They also show high competence by clearly explaining the policy and supporting their argument with relevant information, demonstrating a good understanding of the topic.",1,0,False,1.0
408188084.17839.17839,3,"You are an assistant trained to detect early warning signs of toxic behavior in online conversations given only the summary of the conversation. Predict whether the conversation is likely to result in a personal attack later on. Provide your answer in the format 'ATTACK: YES/NO'

Conversation:
Summary: user1:  
  warmth: high  
  competence: high  
  explanation: User1 expresses agreement and provides constructive feedback, suggesting a partial revert. This indicates a collaborative and respectful approach, reflecting high warmth. Their ability to identify specific companies and suggest a solution demonstrates high competence.

user2:  
  warmth: low  
  competence: high  
  explanation: User2 questions the notability of the companies and suggests creating articles first. The response is straightforward and lacks warmth, as it challenges user1's suggestion without showing empathy. However, user2's logical reasoning and focus on article creation reflect high competence.",1,1,True,0.9931640625
410592194.54460.54460,3,"You are an assistant trained to detect early warning signs of toxic behavior in online conversations given only the summary of the conversation. Predict whether the conversation is likely to result in a personal attack later on. Provide your answer in the format 'ATTACK: YES/NO'

Conversation:
Summary: user1:  
  warmth: low  
  competence: low  
  explanation: User1's responses are minimal and lack engagement, suggesting low warmth. Their contributions do not add clarity or depth to the conversation, indicating low competence.

user2:  
  warmth: low  
  competence: high  
  explanation: User2's tone is dismissive, reflecting low warmth. However, their detailed critique and rationale for their stance demonstrate a high level of competence in assessing the situation.

user3:  
  warmth: high  
  competence: high  
  explanation: User3 shows understanding and openness to considering different perspectives, indicating high warmth. Their acknowledgment of the source's credibility and the need for further evidence reflects high competence.",1,1,True,0.63720703125
410756102.61051.61051,3,"You are an assistant trained to detect early warning signs of toxic behavior in online conversations given only the summary of the conversation. Predict whether the conversation is likely to result in a personal attack later on. Provide your answer in the format 'ATTACK: YES/NO'

Conversation:
Summary: user1:  
  warmth: low  
  competence: high  
  explanation: User1 demonstrates competence by suggesting a solution to improve the article's clarity and citation issues. However, their tone lacks warmth due to the direct and somewhat critical nature of their statement, which focuses on correcting the article without showing empathy or consideration for others' perspectives.",0,1,False,0.845703125
413716801.39159.39159,3,"You are an assistant trained to detect early warning signs of toxic behavior in online conversations given only the summary of the conversation. Predict whether the conversation is likely to result in a personal attack later on. Provide your answer in the format 'ATTACK: YES/NO'

Conversation:
Summary: user1:  
  warmth: low  
  competence: high  
  explanation: User1's message is direct and corrective, lacking in empathy or friendliness, which suggests low warmth. However, their ability to identify and address the issue indicates high competence.

user2:  
  warmth: low  
  competence: high  
  explanation: User2's response is also corrective and highlights a behavioral issue, showing low warmth due to its confrontational tone. The advice given reflects an understanding of social dynamics, indicating high competence.",1,0,False,0.95263671875
414369732.8146.8146,3,"You are an assistant trained to detect early warning signs of toxic behavior in online conversations given only the summary of the conversation. Predict whether the conversation is likely to result in a personal attack later on. Provide your answer in the format 'ATTACK: YES/NO'

Conversation:
Summary: user1:  
  warmth: low  
  competence: high  
  explanation: User1's message is direct and lacks expressions of friendliness, indicating low warmth. However, they demonstrate competence by referencing specific actions and seeking feedback on policy understanding.

user2:  
  warmth: low  
  competence: high  
  explanation: User2 provides a clear and logical analogy to address user1's query, indicating high competence. The response is straightforward and lacks any personal or empathetic tone, suggesting low warmth.",0,0,True,0.935546875
416087741.8647.8647,3,"You are an assistant trained to detect early warning signs of toxic behavior in online conversations given only the summary of the conversation. Predict whether the conversation is likely to result in a personal attack later on. Provide your answer in the format 'ATTACK: YES/NO'

Conversation:
Summary: user1:  
  warmth: high  
  competence: high  
  explanation: User1 demonstrates high warmth by politely seeking input and acknowledging the limitations of their information. Their competence is high as they provide detailed background information and consider possible solutions for the naming issue.

user2:  
  warmth: high  
  competence: high  
  explanation: User2 shows high warmth by constructively building on user1's query and offering a clear suggestion. Their competence is high as they provide historical context and a logical solution for the article's naming.

user3:  
  warmth: high  
  competence: high  
  explanation: User3 exhibits high warmth by agreeing with user2 and taking action to resolve the issue. Their competence is high as they provide additional context about the spelling change and effectively implement the suggested solution.",1,0,False,1.0
416906713.13040.13040,3,"You are an assistant trained to detect early warning signs of toxic behavior in online conversations given only the summary of the conversation. Predict whether the conversation is likely to result in a personal attack later on. Provide your answer in the format 'ATTACK: YES/NO'

Conversation:
Summary: user1:  
  warmth: low  
  competence: high  
  explanation: User1's tone is corrective and somewhat defensive, indicating low warmth. However, they provide detailed information and reference specific sources, suggesting high competence in their understanding of the topic.

user2:  
  warmth: low  
  competence: high  
  explanation: User2's response is dismissive and somewhat curt, reflecting low warmth. They demonstrate high competence by referencing previous coverage of the issue and focusing on the relevance of the information to the topic at hand.",1,0,False,1.0
418695946.3449.3449,3,"You are an assistant trained to detect early warning signs of toxic behavior in online conversations given only the summary of the conversation. Predict whether the conversation is likely to result in a personal attack later on. Provide your answer in the format 'ATTACK: YES/NO'

Conversation:
Summary: user1:  
  warmth: low  
  competence: high  
  explanation: User1 displays a humorous and sarcastic tone, suggesting a lack of warmth due to the potential for perceived insincerity. However, their confidence in discussing the process of getting a word recognized and citing major sources indicates a high level of competence.",1,0,False,0.99853515625
423264134.16010.16010,3,"You are an assistant trained to detect early warning signs of toxic behavior in online conversations given only the summary of the conversation. Predict whether the conversation is likely to result in a personal attack later on. Provide your answer in the format 'ATTACK: YES/NO'

Conversation:
Summary: user1 (S_0):
  warmth: low
  competence: high
  explanation: User1 demonstrates high competence by providing a source to support their statement, indicating a well-researched position. However, their tone is more factual and lacks engagement with user2's perspective, suggesting low warmth.

user2 (S_1):
  warmth: low
  competence: high
  explanation: User2 shows high competence by offering a counterargument and referencing a specific style, indicating knowledge of the subject. Their response is direct and lacks acknowledgment of user1's point, which suggests low warmth.",0,1,False,0.6982421875
427695564.32647.32647,3,"You are an assistant trained to detect early warning signs of toxic behavior in online conversations given only the summary of the conversation. Predict whether the conversation is likely to result in a personal attack later on. Provide your answer in the format 'ATTACK: YES/NO'

Conversation:
Summary: user1:  
  warmth: high  
  competence: high  
  explanation: User1 demonstrates high warmth by expressing interest in user2's personal plans and wishing them well. Their competence is high as they refer to specific discussions and resources, indicating awareness and engagement with relevant topics.

user2:  
  warmth: high  
  competence: high  
  explanation: User2 shows high warmth by responding with humor and personal anecdotes, suggesting activities, and engaging in friendly conversation. Their competence is high as they discuss their professional commitments and provide a thoughtful travel suggestion, indicating knowledge and experience.",0,0,True,0.98388671875
431501575.597.597,3,"You are an assistant trained to detect early warning signs of toxic behavior in online conversations given only the summary of the conversation. Predict whether the conversation is likely to result in a personal attack later on. Provide your answer in the format 'ATTACK: YES/NO'

Conversation:
Summary: user1:
  warmth: low
  competence: high
  explanation: User1 communicates in a direct and critical manner, focusing on rules and past behavior, which suggests low warmth. Their detailed explanation of the situation and reference to community standards indicate high competence.

user2:
  warmth: low
  competence: low
  explanation: User2 responds defensively and dismissively, which reflects low warmth. Their argument lacks detailed reasoning or evidence, suggesting low competence in addressing the issue effectively.",0,1,False,1.0
433999391.9236.9236,3,"You are an assistant trained to detect early warning signs of toxic behavior in online conversations given only the summary of the conversation. Predict whether the conversation is likely to result in a personal attack later on. Provide your answer in the format 'ATTACK: YES/NO'

Conversation:
Summary: user1:
  warmth: low
  competence: low
  explanation: User1 expresses a desire to contribute but does so with apparent frustration and misunderstanding of the platform's norms, leading to a perception of low warmth. Their repeated requests for help and misinterpretation of responses suggest low competence in navigating the platform's guidelines.

user2:
  warmth: high
  competence: high
  explanation: User2 responds politely and encourages participation, indicating high warmth. They provide guidance on platform policies and suggest alternatives, demonstrating high competence in understanding and communicating the platform's expectations.",1,0,False,0.9873046875
43421251.29013.29013,3,"You are an assistant trained to detect early warning signs of toxic behavior in online conversations given only the summary of the conversation. Predict whether the conversation is likely to result in a personal attack later on. Provide your answer in the format 'ATTACK: YES/NO'

Conversation:
Summary: To accurately assess the conversation using the Stereotype Content Model, I would need more context or additional dialogue from the participants. The provided text is a single statement from one participant, making it challenging to evaluate warmth and competence for multiple participants. If you can provide more of the conversation, I would be happy to assist with the analysis.",0,1,False,0.73974609375
435898684.8.8,3,"You are an assistant trained to detect early warning signs of toxic behavior in online conversations given only the summary of the conversation. Predict whether the conversation is likely to result in a personal attack later on. Provide your answer in the format 'ATTACK: YES/NO'

Conversation:
Summary: user1:  
  warmth: low  
  competence: high  
  explanation: User1's message is brief and lacks personal engagement, which may come across as low in warmth. However, the request for notification about template nominations indicates an understanding of the process, suggesting high competence.

user2:  
  warmth: low  
  competence: high  
  explanation: User2's response is direct and somewhat confrontational, indicating low warmth. The detailed explanation of the situation and the reference to specific aspects of the process demonstrate a high level of competence.",1,1,True,1.0
43716131.5240.5240,3,"You are an assistant trained to detect early warning signs of toxic behavior in online conversations given only the summary of the conversation. Predict whether the conversation is likely to result in a personal attack later on. Provide your answer in the format 'ATTACK: YES/NO'

Conversation:
Summary: user1:
  warmth: low
  competence: high
  explanation: User1 demonstrates competence by discussing policies and the implications of shared IP addresses, showing understanding of the situation. However, their tone is somewhat critical and lacks empathy towards the needs of the students, indicating low warmth.

user2:
  warmth: low
  competence: low
  explanation: User2's contributions are minimal and do not offer substantial information or solutions. They express uncertainty and do not provide constructive input, indicating low competence. Their lack of engagement and supportiveness suggests low warmth.",1,0,False,0.9951171875
43757112.2609.2609,3,"You are an assistant trained to detect early warning signs of toxic behavior in online conversations given only the summary of the conversation. Predict whether the conversation is likely to result in a personal attack later on. Provide your answer in the format 'ATTACK: YES/NO'

Conversation:
Summary: user1 (S_0):
  warmth: low
  competence: high
  explanation: User1 demonstrates low warmth through dismissive language and sarcasm, indicating a lack of friendliness. However, they show high competence by clearly articulating their position and understanding of the consensus dynamics.

user2 (S_1):
  warmth: low
  competence: high
  explanation: User2 exhibits low warmth by using accusatory and confrontational language. They display high competence by providing a detailed account of the situation and their understanding of the consensus, indicating a strong grasp of the context.",0,0,True,0.72021484375
43880543.2151.2151,3,"You are an assistant trained to detect early warning signs of toxic behavior in online conversations given only the summary of the conversation. Predict whether the conversation is likely to result in a personal attack later on. Provide your answer in the format 'ATTACK: YES/NO'

Conversation:
Summary: user1:  
  warmth: low  
  competence: high  
  explanation: User1's message is direct and corrective, focusing on addressing inappropriate behavior. The tone is more critical than friendly, indicating low warmth. However, the message provides clear guidance and suggests a better approach, demonstrating high competence in handling the situation.",0,0,True,0.99755859375
441682075.31853.31853,3,"You are an assistant trained to detect early warning signs of toxic behavior in online conversations given only the summary of the conversation. Predict whether the conversation is likely to result in a personal attack later on. Provide your answer in the format 'ATTACK: YES/NO'

Conversation:
Summary: user1:  
  warmth: high  
  competence: high  
  explanation: User1 expresses willingness to cooperate and seeks feedback, indicating openness and a collaborative attitude, which suggests high warmth. Their request for specific feedback on edits shows an understanding of the editing process, indicating high competence.

user2:  
  warmth: low  
  competence: high  
  explanation: User2's response is direct and corrective, focusing on procedural correctness rather than collaboration, which suggests low warmth. Their emphasis on the responsibility to justify edits demonstrates a clear understanding of the process, indicating high competence.",1,0,False,0.99365234375
44473697.13334.13334,3,"You are an assistant trained to detect early warning signs of toxic behavior in online conversations given only the summary of the conversation. Predict whether the conversation is likely to result in a personal attack later on. Provide your answer in the format 'ATTACK: YES/NO'

Conversation:
Summary: user1:  
  warmth: low  
  competence: high  
  explanation: User1 communicates a decision firmly and authoritatively, indicating high competence in enforcing rules. However, the tone is impersonal and lacks empathy, suggesting low warmth.

user2:  
  warmth: low  
  competence: low  
  explanation: User2's response is brief and lacks clarity or engagement, indicating low competence in addressing the situation. The use of informal language and lack of constructive dialogue suggest low warmth.",1,1,True,0.908203125
446537979.4003.4003,3,"You are an assistant trained to detect early warning signs of toxic behavior in online conversations given only the summary of the conversation. Predict whether the conversation is likely to result in a personal attack later on. Provide your answer in the format 'ATTACK: YES/NO'

Conversation:
Summary: user1:  
  warmth: low  
  competence: high  
  explanation: User1's message is focused on critiquing the actions of another participant, emphasizing potential copyright violations and stylistic issues. The tone is critical and lacks expressions of understanding or empathy, indicating low warmth. However, the detailed analysis and reference to specific issues suggest a high level of competence in the subject matter.

user2:  
  warmth: high  
  competence: low  
  explanation: User2 is not explicitly present in the conversation, but the mention of disagreement with John Hill implies a respectful acknowledgment of differing opinions, suggesting high warmth. However, due to the lack of direct input or detailed argumentation from user2, their competence cannot be accurately assessed and is therefore considered low in this context.",0,1,False,0.97216796875
448449304.24597.24597,3,"You are an assistant trained to detect early warning signs of toxic behavior in online conversations given only the summary of the conversation. Predict whether the conversation is likely to result in a personal attack later on. Provide your answer in the format 'ATTACK: YES/NO'

Conversation:
Summary: user1:
  warmth: low
  competence: high
  explanation: User1's response is critical and dismissive, indicating low warmth. However, they provide a detailed rationale and demonstrate understanding of the guidelines, suggesting high competence.

user2:
  warmth: N/A
  competence: N/A
  explanation: User2 does not participate in the conversation, so their warmth and competence cannot be assessed.",1,0,False,0.998046875
454407975.1232.1232,3,"You are an assistant trained to detect early warning signs of toxic behavior in online conversations given only the summary of the conversation. Predict whether the conversation is likely to result in a personal attack later on. Provide your answer in the format 'ATTACK: YES/NO'

Conversation:
Summary: To provide an accurate assessment using the Stereotype Content Model (SCM), I would need more information from the conversation. The SCM evaluates perceived warmth and competence based on how participants interact, including their tone, empathy, helpfulness, expertise, and effectiveness in communication. 

In this case, with only one statement provided, it's challenging to assess the full conversation or the attributes of each participant. Please provide more dialogue for a comprehensive analysis.",0,0,True,1.0
454816971.89765.89765,3,"You are an assistant trained to detect early warning signs of toxic behavior in online conversations given only the summary of the conversation. Predict whether the conversation is likely to result in a personal attack later on. Provide your answer in the format 'ATTACK: YES/NO'

Conversation:
Summary: user1:
  warmth: high
  competence: high
  explanation: User1 demonstrates high warmth by engaging politely and expressing willingness to contribute further. Their competence is high, as they reference specific guidelines and show understanding of the procedures involved.

user2:
  warmth: high
  competence: high
  explanation: User2 exhibits high warmth by acknowledging the input of specialists and maintaining a cordial tone. Their competence is high, as they refer to expert opinions and guidelines, indicating a good grasp of the subject matter.",0,0,True,1.0
460585040.749.749,3,"You are an assistant trained to detect early warning signs of toxic behavior in online conversations given only the summary of the conversation. Predict whether the conversation is likely to result in a personal attack later on. Provide your answer in the format 'ATTACK: YES/NO'

Conversation:
Summary: user1:
  warmth: low
  competence: high
  explanation: User1 presents a detailed argument, citing specific sources and providing context, indicating high competence. However, the tone is more factual and corrective, lacking elements of friendliness or empathy, which suggests low warmth.

user2:
  warmth: low
  competence: low
  explanation: User2's response is brief and dismissive, lacking detailed support or evidence, which suggests low competence. The directive tone ""Listen to the video"" implies a lack of engagement or empathy, indicating low warmth.",1,0,False,1.0
464558481.7192.7192,3,"You are an assistant trained to detect early warning signs of toxic behavior in online conversations given only the summary of the conversation. Predict whether the conversation is likely to result in a personal attack later on. Provide your answer in the format 'ATTACK: YES/NO'

Conversation:
Summary: user1:  
  warmth: low  
  competence: high  
  explanation: User1's comments display a lack of empathy and a somewhat dismissive tone, indicating low warmth. However, their reference to planning future work and awareness of the situation suggests a high level of competence.

user2:  
  warmth: low  
  competence: high  
  explanation: User2's reminder and critique indicate a confrontational and critical stance, reflecting low warmth. Their ability to reference guidelines and articulate a specific critique suggests high competence.",0,0,True,1.0
46490327.5727.5727,3,"You are an assistant trained to detect early warning signs of toxic behavior in online conversations given only the summary of the conversation. Predict whether the conversation is likely to result in a personal attack later on. Provide your answer in the format 'ATTACK: YES/NO'

Conversation:
Summary: user1:
  warmth: high
  competence: high
  explanation: User1 demonstrates high warmth by politely requesting information and offering an alternative communication method. Their competence is high as they reference specific details and express a clear understanding of the situation.

user2:
  warmth: high
  competence: high
  explanation: User2 shows high warmth by engaging in the conversation and seeking clarification. Their competence is high as they provide information from a credible source and ask insightful questions to further understand the topic.",0,0,True,1.0
46858832.26892.26892,3,"You are an assistant trained to detect early warning signs of toxic behavior in online conversations given only the summary of the conversation. Predict whether the conversation is likely to result in a personal attack later on. Provide your answer in the format 'ATTACK: YES/NO'

Conversation:
Summary: user1:  
  warmth: low  
  competence: low  
  explanation: User1's message comes across as sarcastic and potentially mocking, which suggests low warmth. The use of unclear language and an inside joke (""take off every zig"") without explanation indicates low competence in communication.

user2:  
  warmth: high  
  competence: high  
  explanation: User2 responds politely and seeks clarification, demonstrating high warmth. By asking for more information and referencing a resource (""wiki_link""), user2 shows a willingness to understand and engage, indicating high competence.",1,0,False,0.794921875
477048015.11971.11971,3,"You are an assistant trained to detect early warning signs of toxic behavior in online conversations given only the summary of the conversation. Predict whether the conversation is likely to result in a personal attack later on. Provide your answer in the format 'ATTACK: YES/NO'

Conversation:
Summary: user1 (S_0):
  warmth: low
  competence: high
  explanation: User1 demonstrates low warmth by using a confrontational tone and expressing frustration. However, they exhibit high competence by providing detailed arguments and evidence to support their position, indicating a strong understanding of the discussion dynamics and relevant policies.

user2 (S_1):
  warmth: low
  competence: high
  explanation: User2 maintains a firm stance and dismisses user1's arguments, showing low warmth. They exhibit high competence by confidently asserting their understanding of the situation and suggesting appropriate next steps, indicating familiarity with the process and policies involved.",1,1,True,1.0
47804485.2076.2076,3,"You are an assistant trained to detect early warning signs of toxic behavior in online conversations given only the summary of the conversation. Predict whether the conversation is likely to result in a personal attack later on. Provide your answer in the format 'ATTACK: YES/NO'

Conversation:
Summary: user1:  
  warmth: high  
  competence: high  
  explanation: User1 expresses gratitude and shares personal opinions, indicating openness and friendliness. They also demonstrate competence by discussing specific works and processes, suggesting familiarity with the subject matter.

user2:  
  warmth: high  
  competence: high  
  explanation: User2 uses friendly language and humor, showing warmth. They acknowledge user1's work positively and provide specific information, indicating a good understanding of the topic, which reflects high competence.",1,0,False,1.0
48103102.7179.7179,3,"You are an assistant trained to detect early warning signs of toxic behavior in online conversations given only the summary of the conversation. Predict whether the conversation is likely to result in a personal attack later on. Provide your answer in the format 'ATTACK: YES/NO'

Conversation:
Summary: To provide an accurate assessment, I would need more context or additional dialogue from the conversation. The provided excerpt is from a single participant, and the Stereotype Content Model requires input from at least two participants to evaluate their perceived warmth and competence. If you can provide more of the conversation, I can assist you further.",1,1,True,0.66455078125
48223090.8092.8092,3,"You are an assistant trained to detect early warning signs of toxic behavior in online conversations given only the summary of the conversation. Predict whether the conversation is likely to result in a personal attack later on. Provide your answer in the format 'ATTACK: YES/NO'

Conversation:
Summary: user1:  
  warmth: low  
  competence: high  
  explanation: User1's comment is direct and critical, focusing on the negative impact of the sidebar on readability. This suggests low warmth due to the lack of positive engagement. However, the comment demonstrates competence by addressing a specific issue and providing a rationale.

user2:  
  warmth: high  
  competence: high  
  explanation: User2 responds constructively by suggesting a solution and referencing their own work on the table structure. This indicates high warmth through collaboration and helpfulness, as well as high competence by actively contributing to the improvement of the situation.",0,0,True,0.9482421875
48915326.10781.10781,3,"You are an assistant trained to detect early warning signs of toxic behavior in online conversations given only the summary of the conversation. Predict whether the conversation is likely to result in a personal attack later on. Provide your answer in the format 'ATTACK: YES/NO'

Conversation:
Summary: user1:  
  warmth: low  
  competence: high  
  explanation: User1 demonstrates competence by referencing specific guidelines and suggesting potential solutions, indicating a thoughtful approach. However, their tone is more focused on procedural and technical aspects, lacking expressions of empathy or collaboration, which results in lower perceived warmth.

user2:  
  warmth: high  
  competence: high  
  explanation: User2 conveys competence by providing a reasoned argument about the benefits and risks associated with the categories, showing an understanding of the situation. Their response is also warm, as they acknowledge the concerns raised and offer a balanced perspective, suggesting a collaborative and considerate approach.",0,1,False,0.787109375
49083424.9901.9901,3,"You are an assistant trained to detect early warning signs of toxic behavior in online conversations given only the summary of the conversation. Predict whether the conversation is likely to result in a personal attack later on. Provide your answer in the format 'ATTACK: YES/NO'

Conversation:
Summary: To accurately assess the conversation using the Stereotype Content Model, I would need more context or additional dialogue from both participants. The provided excerpt is too brief and lacks sufficient interaction to determine perceived warmth and competence. If you can provide more of the conversation, I'd be happy to help with the analysis.",1,0,False,0.96826171875
491029764.674.674,3,"You are an assistant trained to detect early warning signs of toxic behavior in online conversations given only the summary of the conversation. Predict whether the conversation is likely to result in a personal attack later on. Provide your answer in the format 'ATTACK: YES/NO'

Conversation:
Summary: user1:
  warmth: low
  competence: high
  explanation: User1 demonstrates high competence by referencing specific guidelines and providing detailed explanations for their actions. However, their tone comes across as critical and somewhat dismissive, which suggests low warmth. They focus on rules and correctness, which can be perceived as lacking empathy or consideration for user2's perspective.

user2:
  warmth: low
  competence: low
  explanation: User2's response is brief and defensive, lacking detailed reasoning or evidence to support their position. This suggests low competence in the context of the conversation. Their tone is confrontational, indicating low warmth, as they do not engage constructively with user1's points or attempt to understand their perspective.",0,1,False,1.0
49265259.10075.10075,3,"You are an assistant trained to detect early warning signs of toxic behavior in online conversations given only the summary of the conversation. Predict whether the conversation is likely to result in a personal attack later on. Provide your answer in the format 'ATTACK: YES/NO'

Conversation:
Summary: user1:  
  warmth: low  
  competence: high  
  explanation: User1's tone is directive and lacks a friendly or empathetic approach, indicating low warmth. However, their instruction to start a discussion and provide reasons for actions shows an understanding of procedural norms, suggesting high competence.",0,0,True,0.99951171875
493315982.2826.2826,3,"You are an assistant trained to detect early warning signs of toxic behavior in online conversations given only the summary of the conversation. Predict whether the conversation is likely to result in a personal attack later on. Provide your answer in the format 'ATTACK: YES/NO'

Conversation:
Summary: user1:  
  warmth: low  
  competence: high  
  explanation: User1 demonstrates high competence by referencing specific guidelines and requesting evidence for exceptions. However, their tone appears dismissive and confrontational, indicating low warmth.

user2:  
  warmth: low  
  competence: high  
  explanation: User2 shows high competence by citing guidelines and explaining the rationale behind linking practices. However, their response includes a sarcastic remark questioning user1's understanding, which suggests low warmth.",1,1,True,0.7177734375
497117785.20861.20861,3,"You are an assistant trained to detect early warning signs of toxic behavior in online conversations given only the summary of the conversation. Predict whether the conversation is likely to result in a personal attack later on. Provide your answer in the format 'ATTACK: YES/NO'

Conversation:
Summary: user1:  
  warmth: low  
  competence: high  
  explanation: User1's direct questioning and expression of confusion suggest a focus on factual correctness, indicating high competence. However, the lack of empathetic language or acknowledgment of user2's perspective suggests low warmth.

user2:  
  warmth: low  
  competence: high  
  explanation: User2 provides a straightforward factual response, indicating high competence. The absence of any conciliatory or empathetic language in their reply suggests low warmth.",1,0,False,0.9921875
499169754.3116.3116,3,"You are an assistant trained to detect early warning signs of toxic behavior in online conversations given only the summary of the conversation. Predict whether the conversation is likely to result in a personal attack later on. Provide your answer in the format 'ATTACK: YES/NO'

Conversation:
Summary: user1:  
  warmth: low  
  competence: high  
  explanation: User1 exhibits low warmth by questioning user2's actions in a confrontational manner. However, they demonstrate high competence by emphasizing the accuracy and reliability of the sources they provided.

user2:  
  warmth: high  
  competence: high  
  explanation: User2 shows high warmth by apologizing for their previous action and providing constructive feedback. They also demonstrate high competence by acknowledging the accuracy of the citation and suggesting a specific edit to improve the content.",1,0,False,0.998046875
500740708.19926.19926,3,"You are an assistant trained to detect early warning signs of toxic behavior in online conversations given only the summary of the conversation. Predict whether the conversation is likely to result in a personal attack later on. Provide your answer in the format 'ATTACK: YES/NO'

Conversation:
Summary: user1 (Phil Konstantin):
  warmth: high
  competence: high
  explanation: Phil Konstantin demonstrates high warmth by sharing personal experiences and expressing empathy towards others facing similar challenges. His competence is high as he provides detailed information about the process of proving ancestry and the historical context, indicating a deep understanding of the subject matter. He suggests constructive solutions for resolving disputes, which further reflects his competence and willingness to engage positively with others.",0,0,True,0.998046875
507530248.4158.4158,3,"You are an assistant trained to detect early warning signs of toxic behavior in online conversations given only the summary of the conversation. Predict whether the conversation is likely to result in a personal attack later on. Provide your answer in the format 'ATTACK: YES/NO'

Conversation:
Summary: user1:  
  warmth: high  
  competence: low  
  explanation: User1 demonstrates high warmth by apologizing and expressing uncertainty, indicating a polite and considerate approach. However, their competence is perceived as low due to the incorrect assumption about the date without verifying against available sources.

user2:  
  warmth: low  
  competence: high  
  explanation: User2 exhibits low warmth by dismissing user1's concern without acknowledging their effort. Their competence is high as they provide a detailed explanation, reference sources, and demonstrate problem-solving by fixing the article link.",0,1,False,0.99658203125
514917940.2099.2099,3,"You are an assistant trained to detect early warning signs of toxic behavior in online conversations given only the summary of the conversation. Predict whether the conversation is likely to result in a personal attack later on. Provide your answer in the format 'ATTACK: YES/NO'

Conversation:
Summary: user1:  
  warmth: low  
  competence: high  
  explanation: User1 provides detailed information and evidence to support their claim, demonstrating high competence. However, their tone is factual and lacks expressions of empathy or friendliness, suggesting low warmth.

user2:  
  warmth: high  
  competence: high  
  explanation: User2 acknowledges user1's contribution positively and expresses appreciation, indicating high warmth. They also demonstrate competence by suggesting further actions to ensure accuracy, showing understanding and initiative.",0,0,True,0.533203125
51579341.1224.1224,3,"You are an assistant trained to detect early warning signs of toxic behavior in online conversations given only the summary of the conversation. Predict whether the conversation is likely to result in a personal attack later on. Provide your answer in the format 'ATTACK: YES/NO'

Conversation:
Summary: user1:  
  warmth: low  
  competence: low  
  explanation: User1's repeated demand without any pleasantries or acknowledgment of others suggests low warmth. The lack of constructive or informative contribution indicates low competence in the context of the conversation.

user2:  
  warmth: low  
  competence: low  
  explanation: User2 mirrors User1's approach with identical phrasing, showing no additional warmth or competence. The repetition without adding value or context reflects low engagement and understanding.",1,1,True,1.0
518544477.8603.8603,3,"You are an assistant trained to detect early warning signs of toxic behavior in online conversations given only the summary of the conversation. Predict whether the conversation is likely to result in a personal attack later on. Provide your answer in the format 'ATTACK: YES/NO'

Conversation:
Summary: user1:  
  warmth: low  
  competence: high  
  explanation: User1's inquiry is direct and lacks any expressions of politeness or empathy, suggesting low warmth. However, their reference to a specific edit and request for a press release indicates a high level of competence and familiarity with the subject matter.

user2:  
  warmth: high  
  competence: low  
  explanation: User2's response is apologetic and informal, which conveys a sense of friendliness and approachability, indicating high warmth. However, their inability to provide a concrete source or additional information suggests lower competence in this context.",1,1,True,0.9921875
53875133.80110.80110,3,"You are an assistant trained to detect early warning signs of toxic behavior in online conversations given only the summary of the conversation. Predict whether the conversation is likely to result in a personal attack later on. Provide your answer in the format 'ATTACK: YES/NO'

Conversation:
Summary: user1:
  warmth: high
  competence: high
  explanation: User1 demonstrates high warmth by politely asking for clarification and expressing gratitude. Their competence is high as they provide specific details and references, indicating a thorough understanding of the subject matter.

user2:
  warmth: low
  competence: high
  explanation: User2 exhibits low warmth through a more direct and assertive communication style, lacking expressions of politeness or empathy. However, their competence is high, as they provide a logical explanation and clarification of the situation, showing a strong grasp of the topic.",1,0,False,1.0
56155015.1535.1534,3,"You are an assistant trained to detect early warning signs of toxic behavior in online conversations given only the summary of the conversation. Predict whether the conversation is likely to result in a personal attack later on. Provide your answer in the format 'ATTACK: YES/NO'

Conversation:
Summary: user1 (S_4):
  warmth: low
  competence: high
  explanation: User1's response is factual and lacks any personal engagement or emotional tone, suggesting low warmth. The use of specialized knowledge about orthography indicates high competence.

user2 (S_0):
  warmth: low
  competence: high
  explanation: User2's question is direct and focused on a technical detail, showing low warmth. The inquiry into spelling reflects an understanding of the topic, indicating high competence.",0,0,True,1.0
573862427.1693.1693,3,"You are an assistant trained to detect early warning signs of toxic behavior in online conversations given only the summary of the conversation. Predict whether the conversation is likely to result in a personal attack later on. Provide your answer in the format 'ATTACK: YES/NO'

Conversation:
Summary: user1:  
  warmth: high  
  competence: high  
  explanation: User1 demonstrates warmth by politely addressing the issue and offering assistance for future actions. Their competence is shown through their understanding of Wikipedia's editing process and their constructive feedback.

user2:  
  warmth: low  
  competence: high  
  explanation: User2's warmth is low due to their direct and somewhat dismissive tone. However, their competence is high as they provide a reasoned explanation for their actions, indicating knowledge about the subject matter and the importance of accurate information.",1,0,False,1.0
575697309.2726.2726,3,"You are an assistant trained to detect early warning signs of toxic behavior in online conversations given only the summary of the conversation. Predict whether the conversation is likely to result in a personal attack later on. Provide your answer in the format 'ATTACK: YES/NO'

Conversation:
Summary: user1:  
  warmth: low  
  competence: high  
  explanation: User1's message is procedural and informative, focusing on guidelines and processes, which suggests competence. However, the lack of personal engagement or empathy indicates low warmth.

user2:  
  warmth: low  
  competence: low  
  explanation: User2's message is accusatory and lacks context or constructive input, which suggests low warmth. The abruptness and lack of detail also imply low competence in contributing to the discussion constructively.",1,1,True,1.0
581671384.487.487,3,"You are an assistant trained to detect early warning signs of toxic behavior in online conversations given only the summary of the conversation. Predict whether the conversation is likely to result in a personal attack later on. Provide your answer in the format 'ATTACK: YES/NO'

Conversation:
Summary: user1 (S_0):
  warmth: low
  competence: high
  explanation: User1's message is direct and corrective, indicating a focus on accuracy and detail, which suggests high competence. However, the tone lacks friendliness or empathy, resulting in a perception of low warmth.

user2 (S_1):
  warmth: high
  competence: low
  explanation: User2's response is brief and includes a friendly closing, ""Cheers,"" which suggests high warmth. However, the lack of detailed argumentation or evidence in their disagreement suggests low competence in this context.",1,1,True,1.0
58329033.1681.1681,3,"You are an assistant trained to detect early warning signs of toxic behavior in online conversations given only the summary of the conversation. Predict whether the conversation is likely to result in a personal attack later on. Provide your answer in the format 'ATTACK: YES/NO'

Conversation:
Summary: To provide an accurate assessment using the Stereotype Content Model, I would need more context or additional dialogue from the conversation. The SCM evaluates perceived warmth and competence based on interactions, so a single statement is insufficient for a comprehensive analysis. If you can provide more of the conversation, I can offer a more detailed evaluation.",1,0,False,0.83349609375
59573834.9091.9091,3,"You are an assistant trained to detect early warning signs of toxic behavior in online conversations given only the summary of the conversation. Predict whether the conversation is likely to result in a personal attack later on. Provide your answer in the format 'ATTACK: YES/NO'

Conversation:
Summary: user1:  
  warmth: low  
  competence: high  
  explanation: User1 expresses a strong opinion, labeling another's behavior negatively, which suggests low warmth due to the confrontational tone. However, their ability to articulate a clear stance indicates high competence.

user2:  
  warmth: low  
  competence: high  
  explanation: User2 responds succinctly and formally, acknowledging the opinion without engaging further. This brevity and neutrality suggest low warmth but demonstrate high competence in maintaining composure and focus.",1,1,True,0.9990234375
59830999.31824.31824,3,"You are an assistant trained to detect early warning signs of toxic behavior in online conversations given only the summary of the conversation. Predict whether the conversation is likely to result in a personal attack later on. Provide your answer in the format 'ATTACK: YES/NO'

Conversation:
Summary: user1:  
  warmth: low  
  competence: low  
  explanation: User1's comment contains a threat and derogatory language, indicating low warmth. The use of a broad stereotype and aggressive tone suggests low competence in engaging constructively or respectfully.",1,1,True,1.0
606912838.4142.4142,3,"You are an assistant trained to detect early warning signs of toxic behavior in online conversations given only the summary of the conversation. Predict whether the conversation is likely to result in a personal attack later on. Provide your answer in the format 'ATTACK: YES/NO'

Conversation:
Summary: user1:  
  warmth: low  
  competence: high  
  explanation: User1 demonstrates high competence by providing detailed information and references to guidelines, indicating a strong understanding of the subject. However, their tone is somewhat accusatory and directive, which may come across as lacking warmth.

user2:  
  warmth: low  
  competence: high  
  explanation: User2 displays high competence by presenting a reasoned argument and addressing specific points about naming conventions. However, their dismissive language and personal criticism towards user1 reduce the perceived warmth in their communication.",1,1,True,0.99658203125
608311612.0.0,3,"You are an assistant trained to detect early warning signs of toxic behavior in online conversations given only the summary of the conversation. Predict whether the conversation is likely to result in a personal attack later on. Provide your answer in the format 'ATTACK: YES/NO'

Conversation:
Summary: user1:  
  warmth: high  
  competence: high  
  explanation: User1 expresses enthusiasm and friendliness, indicating high warmth. Their acknowledgment of the other participant's presence and involvement suggests they value the interaction. They also show awareness of the ongoing project, indicating high competence.

user2:  
  warmth: low  
  competence: high  
  explanation: User2 provides a straightforward response without expressing emotions or personal connection, suggesting low warmth. However, their mention of editing under an IP and strategic use of their regular account for discussions reflects a good understanding of the platform, indicating high competence.",0,0,True,1.0
621681020.604.604,3,"You are an assistant trained to detect early warning signs of toxic behavior in online conversations given only the summary of the conversation. Predict whether the conversation is likely to result in a personal attack later on. Provide your answer in the format 'ATTACK: YES/NO'

Conversation:
Summary: user1:  
  warmth: high  
  competence: low  
  explanation: User1 demonstrates high warmth by expressing sincere curiosity and a willingness to learn, which indicates openness and respect. However, their competence is perceived as low due to their admission of minimal knowledge about the subject, which suggests a lack of expertise or understanding.

user2:  
  warmth: low  
  competence: high  
  explanation: User2 exhibits low warmth by providing a factual, straightforward response without engaging in a more personable or empathetic manner. Their competence is high, as they provide detailed information about the reliability of sources and demonstrate a clear understanding of the subject matter and related guidelines.",0,0,True,0.99951171875
623226349.1092.1092,3,"You are an assistant trained to detect early warning signs of toxic behavior in online conversations given only the summary of the conversation. Predict whether the conversation is likely to result in a personal attack later on. Provide your answer in the format 'ATTACK: YES/NO'

Conversation:
Summary: user1:
  warmth: low
  competence: high
  explanation: User1 exhibits low warmth by using confrontational language and expressing frustration. However, they demonstrate high competence by referencing their actions and providing a rationale for their decisions, indicating a level of understanding and engagement with the topic.

user2:
  warmth: low
  competence: high
  explanation: User2 also shows low warmth, as they use dismissive language and challenge user1's approach. Their competence is high, as they reference specific policies and suggest procedural actions, indicating a strong grasp of the rules and processes involved.",1,1,True,1.0
627652477.4357.4357,3,"You are an assistant trained to detect early warning signs of toxic behavior in online conversations given only the summary of the conversation. Predict whether the conversation is likely to result in a personal attack later on. Provide your answer in the format 'ATTACK: YES/NO'

Conversation:
Summary: user1:  
  warmth: low  
  competence: high  
  explanation: User1 expresses skepticism and criticism about the page, indicating low warmth. However, their inquiry and acknowledgment of the explanation suggest a good understanding and engagement with the content, indicating high competence.

user2:  
  warmth: high  
  competence: high  
  explanation: User2 provides a helpful and informative response, showing high warmth through encouragement and appreciation. Their ability to clarify the situation and provide context demonstrates high competence.",1,0,False,1.0
62806273.61325.61325,3,"You are an assistant trained to detect early warning signs of toxic behavior in online conversations given only the summary of the conversation. Predict whether the conversation is likely to result in a personal attack later on. Provide your answer in the format 'ATTACK: YES/NO'

Conversation:
Summary: Certainly! Here's an analysis of the conversation using the Stereotype Content Model:

user1 (S_0):
  warmth: low
  competence: high
  explanation: User1's tone is direct and somewhat confrontational, suggesting low warmth. They demonstrate competence by referencing specific sections and showing familiarity with the content, indicating they understand the importance of verification and citation.

user2 (Benburch):
  warmth: low
  competence: high
  explanation: Although user2 does not directly speak in this excerpt, user1's reference to them implies they are knowledgeable and capable of verifying information, suggesting high competence. The lack of direct engagement from user2 in this snippet results in low perceived warmth.",0,0,True,0.99169921875
643903210.49996.49803,3,"You are an assistant trained to detect early warning signs of toxic behavior in online conversations given only the summary of the conversation. Predict whether the conversation is likely to result in a personal attack later on. Provide your answer in the format 'ATTACK: YES/NO'

Conversation:
Summary: user1:  
  warmth: low  
  competence: high  
  explanation: User1 demonstrates high competence by providing specific guidelines and references to support their statements. However, their tone is authoritative and dismissive, particularly when addressing user2's behavior and comments, which suggests low warmth.

user2:  
  warmth: low  
  competence: low  
  explanation: User2 questions user1's claim without offering any substantial evidence or reasoning, indicating low competence. Their request for a ""valid"" link comes off as confrontational rather than collaborative, contributing to a perception of low warmth.",1,1,True,0.65478515625
644657443.238.238,3,"You are an assistant trained to detect early warning signs of toxic behavior in online conversations given only the summary of the conversation. Predict whether the conversation is likely to result in a personal attack later on. Provide your answer in the format 'ATTACK: YES/NO'

Conversation:
Summary: user1:  
  warmth: low  
  competence: high  
  explanation: User1's response is direct and critical, indicating low warmth as it lacks empathy or friendliness. However, the structured nature of the comment and the reference to specific actions suggest a high level of competence.

user2:  
  warmth: low  
  competence: high  
  explanation: User2's reply is defensive and dismissive, showing low warmth due to the lack of engagement or understanding. The confident denial and assertive tone imply high competence in defending their position.",1,1,True,1.0
6529205.38036.38036,3,"You are an assistant trained to detect early warning signs of toxic behavior in online conversations given only the summary of the conversation. Predict whether the conversation is likely to result in a personal attack later on. Provide your answer in the format 'ATTACK: YES/NO'

Conversation:
Summary: user1:
  warmth: low
  competence: high
  explanation: User1 presents information in a factual, authoritative manner, emphasizing documented evidence and legal precedents. This approach demonstrates high competence. However, the tone is direct and lacks empathy or engagement with others, suggesting low warmth. The focus is on correcting perceived misinformation rather than fostering a collaborative discussion.",1,0,False,0.99755859375
653622611.47.47,3,"You are an assistant trained to detect early warning signs of toxic behavior in online conversations given only the summary of the conversation. Predict whether the conversation is likely to result in a personal attack later on. Provide your answer in the format 'ATTACK: YES/NO'

Conversation:
Summary: user1:
  warmth: low
  competence: high
  explanation: User1's message is direct and lacks any expressions of friendliness or empathy, indicating low warmth. However, the message is clear, informative, and provides resources for further understanding, suggesting high competence.",0,0,True,0.98583984375
65876759.7334.7334,3,"You are an assistant trained to detect early warning signs of toxic behavior in online conversations given only the summary of the conversation. Predict whether the conversation is likely to result in a personal attack later on. Provide your answer in the format 'ATTACK: YES/NO'

Conversation:
Summary: user1:  
  warmth: low  
  competence: high  
  explanation: User1's tone is confrontational and critical, indicating low warmth. However, their reference to specific guidelines and understanding of the situation suggests a high level of competence.

user2:  
  warmth: low  
  competence: low  
  explanation: User2 is not directly present in the conversation, but the context implies they have acted inappropriately or provocatively, leading to a perception of low warmth and competence based on user1's critique.",0,1,False,0.9619140625
658888258.158.158,3,"You are an assistant trained to detect early warning signs of toxic behavior in online conversations given only the summary of the conversation. Predict whether the conversation is likely to result in a personal attack later on. Provide your answer in the format 'ATTACK: YES/NO'

Conversation:
Summary: user1:
  warmth: low
  competence: high
  explanation: User1 expresses frustration and criticism towards administrators, questioning their literacy and open-mindedness. Their tone is confrontational and accusatory, indicating low warmth. However, they demonstrate competence by articulating specific issues with the editing process and providing detailed reasoning for their actions.

user2:
  warmth: low
  competence: high
  explanation: User2 responds tersely, dismissing user1's concerns and suggesting they take their complaints to a noticeboard. The lack of empathy and brevity suggest low warmth. However, they show competence by directing user1 to an appropriate avenue for resolution, indicating an understanding of procedural processes.",1,0,False,0.86328125
659047971.2222.2222,3,"You are an assistant trained to detect early warning signs of toxic behavior in online conversations given only the summary of the conversation. Predict whether the conversation is likely to result in a personal attack later on. Provide your answer in the format 'ATTACK: YES/NO'

Conversation:
Summary: user1:
  warmth: high
  competence: high
  explanation: User1 demonstrates high warmth by expressing interest in a shared project and inviting collaboration. Their competence is high as they articulate a clear research goal and suggest a specific method (accessing archives) to achieve it, indicating knowledge and initiative.

user2:
  warmth: N/A
  competence: N/A
  explanation: There is no user2 in the conversation provided. Therefore, no assessment of warmth or competence can be made for a second participant.",0,0,True,1.0
664942534.663.663,3,"You are an assistant trained to detect early warning signs of toxic behavior in online conversations given only the summary of the conversation. Predict whether the conversation is likely to result in a personal attack later on. Provide your answer in the format 'ATTACK: YES/NO'

Conversation:
Summary: user1:  
  warmth: low  
  competence: high  
  explanation: User1 demonstrates high competence by referencing specific policies and procedures, indicating knowledge of the rules. However, their tone is more directive and lacks expressions of empathy or understanding, suggesting low warmth.

user2:  
  warmth: low  
  competence: high  
  explanation: User2 shows high competence by identifying specific issues and defending their actions with policy-based reasoning. Their responses are factual and assertive, which may come across as lacking warmth due to the absence of conciliatory or empathetic language.",0,1,False,0.9990234375
669236620.4482.4482,3,"You are an assistant trained to detect early warning signs of toxic behavior in online conversations given only the summary of the conversation. Predict whether the conversation is likely to result in a personal attack later on. Provide your answer in the format 'ATTACK: YES/NO'

Conversation:
Summary: user1:  
  warmth: low  
  competence: high  
  explanation: User1 exhibits low warmth by dismissing the significance of the claim and focusing on policy adherence, which may come across as dismissive. However, their competence is high as they provide a structured argument and reference Wikipedia policy, showing understanding and knowledge of the topic.

user2:  
  warmth: moderate  
  competence: high  
  explanation: User2 shows moderate warmth by suggesting a discussion on the talk page and acknowledging the complexity of the issue, which indicates a willingness to engage. Their competence is high, as they provide additional context and references to other discussions, demonstrating a well-rounded understanding of the subject.",1,0,False,1.0
67060948.159093.159093,3,"You are an assistant trained to detect early warning signs of toxic behavior in online conversations given only the summary of the conversation. Predict whether the conversation is likely to result in a personal attack later on. Provide your answer in the format 'ATTACK: YES/NO'

Conversation:
Summary: user1 (S_0):
  warmth: high
  competence: high
  explanation: User1 demonstrates high warmth by offering to help and seeking a solution that satisfies everyone. Their competence is high as they actively engage in reviewing content and understanding the mediation process.

user2 (S_1):
  warmth: high
  competence: high
  explanation: User2 shows high warmth by expressing willingness to involve others and gratitude for assistance. Their competence is high, as they confidently discuss the issues and provide resources for further understanding.

user3 (S_2):
  warmth: low
  competence: high
  explanation: User3 exhibits low warmth by using confrontational language and focusing on disagreements. However, their competence is high as they articulate specific concerns and demonstrate knowledge of content standards.",0,0,True,0.8720703125
671100541.4401.4401,3,"You are an assistant trained to detect early warning signs of toxic behavior in online conversations given only the summary of the conversation. Predict whether the conversation is likely to result in a personal attack later on. Provide your answer in the format 'ATTACK: YES/NO'

Conversation:
Summary: user1 (SummerPhD):
  warmth: high
  competence: high
  explanation: User1 provides a polite and informative reminder about the importance of logging in, showing concern for the other participant's privacy. This demonstrates both warmth in their approach and competence in their understanding of Wikipedia's guidelines.

user2:
  warmth: high
  competence: high
  explanation: User2 responds with an apology and gratitude, indicating a positive and receptive attitude. Their acknowledgment of the reminder suggests an understanding of the situation, reflecting both warmth in their response and competence in recognizing the importance of the advice given.",0,0,True,1.0
68000691.25417.25417,3,"You are an assistant trained to detect early warning signs of toxic behavior in online conversations given only the summary of the conversation. Predict whether the conversation is likely to result in a personal attack later on. Provide your answer in the format 'ATTACK: YES/NO'

Conversation:
Summary: user1:  
  warmth: low  
  competence: high  
  explanation: User1 presents information assertively and critically, focusing on the validity of sources and the implications of the story. Their tone suggests a lack of warmth, as they accuse others of incompetence or deceit, but they demonstrate competence through their detailed analysis.

user2:  
  warmth: low  
  competence: high  
  explanation: User2 responds with a sarcastic remark, indicating low warmth due to the dismissive tone. However, they show competence by pointing out a critical geographical distinction, suggesting an understanding of the context and correcting the oversight.",1,0,False,1.0
684116791.1847.1847,3,"You are an assistant trained to detect early warning signs of toxic behavior in online conversations given only the summary of the conversation. Predict whether the conversation is likely to result in a personal attack later on. Provide your answer in the format 'ATTACK: YES/NO'

Conversation:
Summary: user1:  
  warmth: low  
  competence: high  
  explanation: User1 demonstrates high competence by referencing specific guidelines and procedures, indicating a strong understanding of the rules. However, their tone is authoritative and lacks empathy, suggesting low warmth as they focus on enforcing rules rather than fostering collaboration.

user2:  
  warmth: low  
  competence: high  
  explanation: User2 displays high competence by critically analyzing the situation, referencing guidelines, and providing a detailed counterargument. Their tone is confrontational and dismissive, indicating low warmth as they prioritize correcting user1 over maintaining a cooperative dialogue.

user3:  
  warmth: low  
  competence: high  
  explanation: User3 shows high competence by elaborating on procedural norms and offering a nuanced perspective on the issue. However, their tone is somewhat detached and procedural, which conveys low warmth as they focus on rule adherence over interpersonal engagement.",0,1,False,0.69970703125
6885402.45492.45492,3,"You are an assistant trained to detect early warning signs of toxic behavior in online conversations given only the summary of the conversation. Predict whether the conversation is likely to result in a personal attack later on. Provide your answer in the format 'ATTACK: YES/NO'

Conversation:
Summary: user1:
  warmth: low
  competence: high
  explanation: The participant demonstrates high competence by identifying the need for disambiguation and clarity in the content, suggesting a well-thought-out approach to organizing information. However, the tone appears critical and dismissive, particularly with the use of phrases like ""sane POV"" and questioning neutrality about ""insanity,"" which suggests low warmth in their communication style.",0,0,True,0.818359375
691025080.21334.21334,3,"You are an assistant trained to detect early warning signs of toxic behavior in online conversations given only the summary of the conversation. Predict whether the conversation is likely to result in a personal attack later on. Provide your answer in the format 'ATTACK: YES/NO'

Conversation:
Summary: user1:  
  warmth: low  
  competence: high  
  explanation: User1 demonstrates competence by providing a reasoned argument about the reliability of sources, indicating a thoughtful approach to content evaluation. However, their tone lacks warmth, as they focus on critiquing the source without acknowledging user2's perspective or engaging in collaborative dialogue.

user2:  
  warmth: low  
  competence: low  
  explanation: User2's response lacks warmth due to the confrontational tone and personal criticism, which does not foster a constructive discussion. Their competence is perceived as low because they do not provide a detailed counterargument or evidence to support their claim, weakening their position in the conversation.",1,1,True,1.0
703457879.1243.1243,3,"You are an assistant trained to detect early warning signs of toxic behavior in online conversations given only the summary of the conversation. Predict whether the conversation is likely to result in a personal attack later on. Provide your answer in the format 'ATTACK: YES/NO'

Conversation:
Summary: user1:  
  warmth: low  
  competence: high  
  explanation: User1's tone is critical and demanding, indicating low warmth. However, they demonstrate knowledge about Lynda Thomas's contributions and achievements, suggesting high competence.",1,0,False,0.99658203125
704683777.524.524,3,"You are an assistant trained to detect early warning signs of toxic behavior in online conversations given only the summary of the conversation. Predict whether the conversation is likely to result in a personal attack later on. Provide your answer in the format 'ATTACK: YES/NO'

Conversation:
Summary: user1:  
  warmth: low  
  competence: high  
  explanation: User1's message is authoritative and directive, indicating high competence in enforcing guidelines. However, the tone is impersonal and lacks empathy, suggesting low warmth.

user2:  
  warmth: low  
  competence: low  
  explanation: User2's response is defensive and dismissive, questioning the process and authority without constructive feedback. This implies low warmth due to the confrontational tone and low competence as it does not address the issue effectively.",0,1,False,1.0
704702218.3343.3343,3,"You are an assistant trained to detect early warning signs of toxic behavior in online conversations given only the summary of the conversation. Predict whether the conversation is likely to result in a personal attack later on. Provide your answer in the format 'ATTACK: YES/NO'

Conversation:
Summary: user1:
  warmth: high
  competence: high
  explanation: User1 provides a polite and informative message, guiding the other participant on how to properly add comments to a discussion page. The tone is helpful and constructive, indicating high warmth. The clear instructions and reference to additional resources demonstrate high competence.

user2:
  warmth: low
  competence: low
  explanation: User2's response is confrontational and lacks constructive engagement, indicating low warmth. The demand for a retraction without context or clarity suggests a lack of effective communication skills, reflecting low competence.",1,1,True,1.0
704887626.1835.1835,3,"You are an assistant trained to detect early warning signs of toxic behavior in online conversations given only the summary of the conversation. Predict whether the conversation is likely to result in a personal attack later on. Provide your answer in the format 'ATTACK: YES/NO'

Conversation:
Summary: user1:  
  warmth: low  
  competence: high  
  explanation: User1's message is critical and somewhat sarcastic, indicating low warmth. However, they demonstrate competence by providing specific actions and references to support their claims, suggesting they are knowledgeable about the situation.",0,1,False,0.71875
70595250.11763.11763,3,"You are an assistant trained to detect early warning signs of toxic behavior in online conversations given only the summary of the conversation. Predict whether the conversation is likely to result in a personal attack later on. Provide your answer in the format 'ATTACK: YES/NO'

Conversation:
Summary: user1:
  warmth: high
  competence: high
  explanation: User1 demonstrates high warmth by using friendly language and emoticons, indicating a collaborative and approachable demeanor. Their competence is high as they suggest a practical solution (disambiguation at the bottom) and engage in the conversation with a clear understanding of the formatting concerns.

user2:
  warmth: high
  competence: high
  explanation: User2 exhibits high warmth by aligning with the collaborative ""Wiki spirit"" and acknowledging differing opinions, showing openness and respect. Their competence is high as they propose a thoughtful alternative (adding to the bottom of the page) and consider the impact on formatting, indicating a good grasp of the context.",0,0,True,1.0
71868842.5417.5417,3,"You are an assistant trained to detect early warning signs of toxic behavior in online conversations given only the summary of the conversation. Predict whether the conversation is likely to result in a personal attack later on. Provide your answer in the format 'ATTACK: YES/NO'

Conversation:
Summary: Certainly! Here's the assessment of the conversation using the Stereotype Content Model:

user1 (S_4):
  warmth: high
  competence: high
  explanation: S_4 demonstrates high warmth by advocating for equal rights and accessibility, showing concern for inclusivity. Their competence is high as they provide a detailed explanation of citizens' rights regarding language use in European institutions, indicating a strong understanding of the topic.

user2 (S_0):
  warmth: low
  competence: low
  explanation: S_0's warmth is low due to their demanding tone and lack of empathy in addressing others. Their competence is also low, as they express uncertainty about the topic and rely on others for explanations, indicating a lack of knowledge or understanding.",0,1,False,0.99365234375
72201153.22144.22144,3,"You are an assistant trained to detect early warning signs of toxic behavior in online conversations given only the summary of the conversation. Predict whether the conversation is likely to result in a personal attack later on. Provide your answer in the format 'ATTACK: YES/NO'

Conversation:
Summary: user1:  
  warmth: low  
  competence: high  
  explanation: User1 demonstrates high competence by providing feedback and correcting errors. However, their warmth is low due to the aggressive and dismissive tone, especially when addressing user2's comments and suggesting incivility.

user2:  
  warmth: high  
  competence: high  
  explanation: User2 shows high warmth by politely pointing out an error and expressing gratitude. Their competence is also high, as they identify specific issues and engage constructively in the conversation.",1,0,False,0.71044921875
73120665.16783.16783,3,"You are an assistant trained to detect early warning signs of toxic behavior in online conversations given only the summary of the conversation. Predict whether the conversation is likely to result in a personal attack later on. Provide your answer in the format 'ATTACK: YES/NO'

Conversation:
Summary: user1:  
  warmth: low  
  competence: high  
  explanation: User1 expresses skepticism and maintains a critical stance, suggesting low warmth. However, they demonstrate competence by acknowledging the existence of a controversy and showing willingness to adapt language, indicating awareness and adaptability.

user2:  
  warmth: low  
  competence: high  
  explanation: User2 provides specific observations and critiques misinformation, indicating high competence. Their dismissive tone towards ""fans"" and firm stance on content appropriateness suggest low warmth, as they prioritize factual accuracy over interpersonal harmony.",1,1,True,0.90771484375
74513180.7599.7599,3,"You are an assistant trained to detect early warning signs of toxic behavior in online conversations given only the summary of the conversation. Predict whether the conversation is likely to result in a personal attack later on. Provide your answer in the format 'ATTACK: YES/NO'

Conversation:
Summary: user1:  
  warmth: low  
  competence: high  
  explanation: User1's tone is defensive and confrontational, indicating low warmth. However, their request for specific evidence suggests a logical and organized approach, indicating high competence.",0,1,False,0.982421875
74859962.21308.21308,3,"You are an assistant trained to detect early warning signs of toxic behavior in online conversations given only the summary of the conversation. Predict whether the conversation is likely to result in a personal attack later on. Provide your answer in the format 'ATTACK: YES/NO'

Conversation:
Summary: user1:  
  warmth: high  
  competence: high  
  explanation: User1 demonstrates high warmth by politely requesting assistance and expressing gratitude. Their competence is high as they identify a specific problem and suggest a reasonable solution, indicating awareness of the situation and appropriate channels for resolution.",0,0,True,1.0
749653703.18707.18707,3,"You are an assistant trained to detect early warning signs of toxic behavior in online conversations given only the summary of the conversation. Predict whether the conversation is likely to result in a personal attack later on. Provide your answer in the format 'ATTACK: YES/NO'

Conversation:
Summary: user1:
  warmth: low
  competence: low
  explanation: User1 expresses frustration and accuses others of targeting them without providing evidence or engaging constructively. This approach suggests low warmth due to the confrontational tone and low competence due to the lack of understanding of the deletion process.

user2:
  warmth: low
  competence: high
  explanation: User2 provides a detailed explanation of the decision-making process, indicating high competence. However, the response is direct and lacks empathy, which may be perceived as low warmth, as it does not address user1's emotional concerns.",1,1,True,0.99951171875
75940002.5524.5524,3,"You are an assistant trained to detect early warning signs of toxic behavior in online conversations given only the summary of the conversation. Predict whether the conversation is likely to result in a personal attack later on. Provide your answer in the format 'ATTACK: YES/NO'

Conversation:
Summary: user1:  
  warmth: low  
  competence: high  
  explanation: User1 demonstrates low warmth by using a critical and defensive tone, focusing on the perceived shortcomings of the other participant's actions. Their competence is perceived as high due to their confident assertion about the quality of their edits and understanding of the platform's processes.",0,0,True,0.9365234375
767556183.1101.1101,3,"You are an assistant trained to detect early warning signs of toxic behavior in online conversations given only the summary of the conversation. Predict whether the conversation is likely to result in a personal attack later on. Provide your answer in the format 'ATTACK: YES/NO'

Conversation:
Summary: To provide an accurate assessment, I need more information from the conversation, such as additional statements or interactions between user1 and user2. The provided text is a single statement that doesn't specify individual participants or their interactions. If you can share more dialogue or specify which parts belong to user1 and user2, I can then evaluate their perceived warmth and competence based on the Stereotype Content Model.",0,0,True,0.9404296875
771534840.6394.6394,3,"You are an assistant trained to detect early warning signs of toxic behavior in online conversations given only the summary of the conversation. Predict whether the conversation is likely to result in a personal attack later on. Provide your answer in the format 'ATTACK: YES/NO'

Conversation:
Summary: user1:  
  warmth: low  
  competence: high  
  explanation: User1 demonstrates high competence by providing specific details about their actions and understanding of the process. However, their tone is confrontational and corrective, which may be perceived as low in warmth, as it lacks empathy or politeness in addressing the other participant's actions.",1,1,True,0.7158203125
780665688.15302.15302,3,"You are an assistant trained to detect early warning signs of toxic behavior in online conversations given only the summary of the conversation. Predict whether the conversation is likely to result in a personal attack later on. Provide your answer in the format 'ATTACK: YES/NO'

Conversation:
Summary: user1 (S_0):
  warmth: low
  competence: high
  explanation: User1 demonstrates high competence by referencing a reputable source and expressing a clear stance on the issue. However, their warmth is perceived as low due to the lack of engagement with user2's suggestions and the use of strong language like ""vehemently opposed,"" which indicates a dismissive attitude.

user2 (S_1):
  warmth: high
  competence: high
  explanation: User2 shows high competence by articulating a detailed plan and understanding of the situation. Their warmth is high as they acknowledge user1's contributions, express hope for collaboration, and suggest a compromise, indicating a willingness to engage constructively.",0,0,True,0.8896484375
80103228.13014.13014,3,"You are an assistant trained to detect early warning signs of toxic behavior in online conversations given only the summary of the conversation. Predict whether the conversation is likely to result in a personal attack later on. Provide your answer in the format 'ATTACK: YES/NO'

Conversation:
Summary: user1:  
  warmth: low  
  competence: high  
  explanation: User1's directive tone and focus on procedural adherence suggest low warmth, as they prioritize rules over interpersonal engagement. Their competence is perceived as high due to their clear understanding of editing protocols.

user2:  
  warmth: low  
  competence: high  
  explanation: User2's response is brief and factual, indicating low warmth as they do not engage in a friendly or conciliatory manner. Their competence is high, as they reference specific tag instructions, showing knowledge of the editing process.",1,0,False,1.0
80141642.1747.1747,3,"You are an assistant trained to detect early warning signs of toxic behavior in online conversations given only the summary of the conversation. Predict whether the conversation is likely to result in a personal attack later on. Provide your answer in the format 'ATTACK: YES/NO'

Conversation:
Summary: user1:
  warmth: low
  competence: high
  explanation: User1 expresses concern about potential division and suggests an alternative project, indicating awareness and thoughtful consideration. However, their tone lacks encouragement or support, which might be perceived as low warmth.

user2:
  warmth: high
  competence: high
  explanation: User2 offers encouragement and acknowledges user1's efforts, displaying high warmth. They articulate a clear understanding of the situation and the need for factual representation, reflecting high competence.",0,0,True,0.9951171875
82495354.7169.7169,3,"You are an assistant trained to detect early warning signs of toxic behavior in online conversations given only the summary of the conversation. Predict whether the conversation is likely to result in a personal attack later on. Provide your answer in the format 'ATTACK: YES/NO'

Conversation:
Summary: user1:  
  warmth: low  
  competence: high  
  explanation: User1 demonstrates high competence by providing detailed information and conducting research, as evidenced by their reference to meeting minutes and specific articles. However, their tone is somewhat dismissive and critical, particularly in phrases like ""absurd"" and ""NOT a reliable source,"" which suggests low warmth in their communication style.",0,0,True,0.98486328125
82531639.18993.18801,3,"You are an assistant trained to detect early warning signs of toxic behavior in online conversations given only the summary of the conversation. Predict whether the conversation is likely to result in a personal attack later on. Provide your answer in the format 'ATTACK: YES/NO'

Conversation:
Summary: user1:
  warmth: low
  competence: high
  explanation: User1's brief and direct comment lacks any social niceties or expressions of empathy, indicating low warmth. However, their awareness of the task and assumption that it should have been completed suggests a high level of competence.

user2:
  warmth: low
  competence: high
  explanation: User2's tone is critical and directive, focusing on the need for significant changes without any conciliatory language, indicating low warmth. Their reference to guidelines and examples demonstrates a strong understanding of the task, suggesting high competence.",0,0,True,0.982421875
83202744.2343.2343,3,"You are an assistant trained to detect early warning signs of toxic behavior in online conversations given only the summary of the conversation. Predict whether the conversation is likely to result in a personal attack later on. Provide your answer in the format 'ATTACK: YES/NO'

Conversation:
Summary: user1:
  warmth: high
  competence: high
  explanation: User1 provides information about a change they made and reassures others by stating ""No feuding,"" indicating a friendly and open demeanor. Their ability to make changes and explain them suggests competence.

user2:
  warmth: low
  competence: low
  explanation: User2's response is brief and lacks politeness, as they issue a directive without explanation or engagement. This suggests a lack of warmth and provides no evidence of competence in addressing the situation.",1,1,True,0.9990234375
84308654.286.286,3,"You are an assistant trained to detect early warning signs of toxic behavior in online conversations given only the summary of the conversation. Predict whether the conversation is likely to result in a personal attack later on. Provide your answer in the format 'ATTACK: YES/NO'

Conversation:
Summary: user1:  
  warmth: high  
  competence: high  
  explanation: User1 demonstrates high warmth by politely inquiring about the photo's licensing and expressing gratitude. Their approach is friendly and considerate. They also exhibit high competence by addressing the issue of permission, indicating an understanding of licensing requirements.

user2:  
  warmth: high  
  competence: high  
  explanation: User2 responds with high warmth by thanking User1 for their diligence and providing a clear, informative response. They show high competence by explaining the licensing situation accurately and suggesting further issues to consider, indicating a thorough understanding of the topic.",0,0,True,1.0
86106628.7532.7532,3,"You are an assistant trained to detect early warning signs of toxic behavior in online conversations given only the summary of the conversation. Predict whether the conversation is likely to result in a personal attack later on. Provide your answer in the format 'ATTACK: YES/NO'

Conversation:
Summary: user1:  
  warmth: high  
  competence: high  
  explanation: User1 demonstrates high warmth by expressing a collaborative and constructive approach to revising character bios, showing consideration for others' input. Their competence is high as they provide a thoughtful analysis of the character's development and plan for future revisions, indicating a clear understanding of the task.

user2:  
  warmth: high  
  competence: high  
  explanation: User2 exhibits high warmth by engaging positively and supportively with user1's efforts, and they contribute constructively by suggesting a future perspective on character development. Their competence is high, as they provide insight into character evolution and ask a relevant question that may aid in refining the character bios.",0,0,True,0.9833984375
87225418.29847.29847,3,"You are an assistant trained to detect early warning signs of toxic behavior in online conversations given only the summary of the conversation. Predict whether the conversation is likely to result in a personal attack later on. Provide your answer in the format 'ATTACK: YES/NO'

Conversation:
Summary: user1:  
  warmth: low  
  competence: high  
  explanation: User1 expresses frustration and accuses Armon of censoring without providing a reason, which suggests low warmth. However, they articulate their argument clearly and provide specific details, indicating high competence.

user2:  
  warmth: high  
  competence: high  
  explanation: User2 responds calmly and suggests an alternative approach, indicating high warmth. They also reference an external link to support their reasoning, demonstrating high competence.",1,1,True,1.0
89204593.7834.7834,3,"You are an assistant trained to detect early warning signs of toxic behavior in online conversations given only the summary of the conversation. Predict whether the conversation is likely to result in a personal attack later on. Provide your answer in the format 'ATTACK: YES/NO'

Conversation:
Summary: user1:  
  warmth: low  
  competence: high  
  explanation: User1's message is direct and confrontational, indicating low warmth as it lacks empathy or friendliness. However, the user demonstrates high competence by referencing specific policies and articulating the issue clearly, showing an understanding of the rules and the severity of the situation.",1,0,False,0.9912109375
90608250.29426.29426,3,"You are an assistant trained to detect early warning signs of toxic behavior in online conversations given only the summary of the conversation. Predict whether the conversation is likely to result in a personal attack later on. Provide your answer in the format 'ATTACK: YES/NO'

Conversation:
Summary: user1:  
  warmth: low  
  competence: high  
  explanation: User1's tone is assertive and confrontational, indicating low warmth. However, their confidence and insistence on the influential status of the guitarist suggest high competence in their knowledge or belief about the subject.

user2:  
  warmth: low  
  competence: high  
  explanation: User2's response is terse and somewhat dismissive, indicating low warmth. Their mention of needing valid sources implies a high level of competence, as they emphasize the importance of evidence and verification.",1,1,True,0.8330078125
90973121.9218.9218,3,"You are an assistant trained to detect early warning signs of toxic behavior in online conversations given only the summary of the conversation. Predict whether the conversation is likely to result in a personal attack later on. Provide your answer in the format 'ATTACK: YES/NO'

Conversation:
Summary: user1:  
  warmth: low  
  competence: low  
  explanation: The use of excessive punctuation and capitalization suggests a defensive and confrontational tone, indicating low warmth. The inability to understand the issue despite being open to explanation reflects low competence in addressing the situation effectively.",1,1,True,0.95703125
92663499.3623.3623,3,"You are an assistant trained to detect early warning signs of toxic behavior in online conversations given only the summary of the conversation. Predict whether the conversation is likely to result in a personal attack later on. Provide your answer in the format 'ATTACK: YES/NO'

Conversation:
Summary: user1:  
  warmth: low  
  competence: high  
  explanation: User1 expresses a lack of personal involvement and focuses on the need for a quick resolution, indicating a detached but observant stance. Their suggestion to address the issue shows competence in recognizing the situation's urgency.

user2:  
  warmth: high  
  competence: high  
  explanation: User2 provides a balanced response, showing understanding and a measured approach to the situation. They suggest a warning and potential page protection, demonstrating competence in conflict resolution while maintaining a considerate tone towards the involved parties.",0,1,False,0.9912109375
95273157.1954.1954,3,"You are an assistant trained to detect early warning signs of toxic behavior in online conversations given only the summary of the conversation. Predict whether the conversation is likely to result in a personal attack later on. Provide your answer in the format 'ATTACK: YES/NO'

Conversation:
Summary: user1 (S_0):
  warmth: low
  competence: high
  explanation: S_0 demonstrates competence through detailed knowledge of the copyright process and persistence in addressing the issue. However, their tone is somewhat confrontational and lacks empathy, indicating low warmth.

user2 (S_1):
  warmth: low
  competence: high
  explanation: S_1 shows competence by understanding the process and providing a logical explanation for their actions. Their responses are factual but lack warmth, as they focus on the procedural aspects without acknowledging S_0's concerns empathetically.

user3 (S_2):
  warmth: high
  competence: low
  explanation: S_2 expresses gratitude and appreciation, indicating high warmth. However, they do not contribute to the resolution of the issue, suggesting lower competence in the context of the conversation.",0,1,False,0.99169921875
97814179.5675.5675,3,"You are an assistant trained to detect early warning signs of toxic behavior in online conversations given only the summary of the conversation. Predict whether the conversation is likely to result in a personal attack later on. Provide your answer in the format 'ATTACK: YES/NO'

Conversation:
Summary: user1:  
  warmth: low  
  competence: high  
  explanation: User1's tone is confrontational, questioning the actions of the other participant, which suggests low warmth. However, their focus on procedural adherence and process concerns indicates a high level of competence in understanding the framework of the discussion.

user2:  
  warmth: low  
  competence: high  
  explanation: User2 provides a detailed rationale for their actions, demonstrating high competence in their decision-making process. However, their defensive and somewhat dismissive tone towards user1's concerns suggests low warmth, as they prioritize their interpretation of consensus over engaging collaboratively.",0,0,True,0.82080078125
