dialogue_id,fold,prompt,generated_text,agent1_food,agent1_water,agent1_firewood,agent2_food,agent2_water,agent2_firewood,predicted_agent1_food,predicted_agent1_water,predicted_agent1_firewood,predicted_agent2_food,predicted_agent2_water,predicted_agent2_firewood,true_agent1_utility,true_agent2_utility,predicted_agent1_utility,predicted_agent2_utility,utility_mse
1,5,"<|begin_of_text|><|start_header_id|>system<|end_header_id|>

Cutting Knowledge Date: December 2023
Today Date: 26 Jul 2024

<|eot_id|><|start_header_id|>user<|end_header_id|>

You are helping analyze a negotiation conversation where two agents are discussing the allocation of resources. Each resource has exactly three units that must be divided between the two agents. The total amount of each resource allocated to both agents must add up to three. 

            Agent Preferences:
            Agent 1: High priority: food, Medium priority: firewood, Low priority: water
            Agent 2: High priority: food, Medium priority: firewood, Low priority: water

            Conversation:
            Agent 2: Hello. How are you?, Agent 1: I am good. I am pretty excited for the trip this weekend. what about you?, Agent 2: Very excited. It will be fun., Agent 1: Yes, Hopefully the weather holds up. So I was thinking, i am bringning my two kids along with me, and they will need food, so I was thinking i could take the three foods, and either one of the firewood or water, up to you. , [Summary: user1 (mturk_agent_1):
  warmth: high
  competence: high
  explanation: User1 expresses excitement and consideration for others, indicating high warmth. They also demonstrate planning and problem-solving skills by discussing logistics for the trip, suggesting high competence.

user2 (mturk_agent_2):
  warmth: high
  competence: low
  explanation: User2 shows enthusiasm and agreement, reflecting high warmth. However, they do not contribute to the logistical planning or decision-making process, suggesting lower competence in this context.]

            Based on this negotiation, predict the final allocation of resources. Provide only your answer using the following format with curly braces, with no explanation:

            OUTCOME: {agent1:{food:[number], water:[number], firewood:[number]}, agent2:{food:[number], water:[number], firewood:[number]}}

            Remember: Each resource must sum to exactly 3 units across both agents.<|eot_id|>","<|begin_of_text|><|begin_of_text|><|start_header_id|>system<|end_header_id|>

Cutting Knowledge Date: December 2023
Today Date: 26 Jul 2024

<|eot_id|><|start_header_id|>user<|end_header_id|>

You are helping analyze a negotiation conversation where two agents are discussing the allocation of resources. Each resource has exactly three units that must be divided between the two agents. The total amount of each resource allocated to both agents must add up to three. 

            Agent Preferences:
            Agent 1: High priority: food, Medium priority: firewood, Low priority: water
            Agent 2: High priority: food, Medium priority: firewood, Low priority: water

            Conversation:
            Agent 2: Hello. How are you?, Agent 1: I am good. I am pretty excited for the trip this weekend. what about you?, Agent 2: Very excited. It will be fun., Agent 1: Yes, Hopefully the weather holds up. So I was thinking, i am bringning my two kids along with me, and they will need food, so I was thinking i could take the three foods, and either one of the firewood or water, up to you., [Summary: user1 (mturk_agent_1):
  warmth: high
  competence: high
  explanation: User1 expresses excitement and consideration for others, indicating high warmth. They also demonstrate planning and problem-solving skills by discussing logistics for the trip, suggesting high competence.

user2 (mturk_agent_2):
  warmth: high
  competence: low
  explanation: User2 shows enthusiasm and agreement, reflecting high warmth. However, they do not contribute to the logistical planning or decision-making process, suggesting lower competence in this context.]

            Based on this negotiation, predict the final allocation of resources. Provide only your answer using the following format with curly braces, with no explanation:

            OUTCOME: {agent1:{food:[number], water:[number], firewood:[number]}, agent2:{food:[number], water:[number], firewood:[number]}}

            Remember: Each resource must sum to exactly 3 units across both agents.<|eot_id|><|begin_of_text|><|start_header_id|>system<|end_header_id|>

Cutting Knowledge Date: December 2023
Today Date: 26 Jul 2024

OUTCOME: {agent1:{food:2, water:1, firewood:1}, agent2:{food:1, water:2, firewood:2}}<|eot_id|>",2,3,0,1,0,3,2,1,1,1,2,2,19,17,17,19,4
4,5,"<|begin_of_text|><|start_header_id|>system<|end_header_id|>

Cutting Knowledge Date: December 2023
Today Date: 26 Jul 2024

<|eot_id|><|start_header_id|>user<|end_header_id|>

You are helping analyze a negotiation conversation where two agents are discussing the allocation of resources. Each resource has exactly three units that must be divided between the two agents. The total amount of each resource allocated to both agents must add up to three. 

            Agent Preferences:
            Agent 1: High priority: food, Medium priority: firewood, Low priority: water
            Agent 2: High priority: food, Medium priority: firewood, Low priority: water

            Conversation:
            Agent 2: What are you most interested in getting?, Agent 1: I think food is my highest priority, What about you?, Agent 2: Food is also my highest priority, but firewood is also pretty close for me. , [Summary: user1 (mturk_agent_1):
  warmth: high
  competence: high
  explanation: User1 expresses personal preferences and inquires about User2's priorities, indicating openness and engagement, which suggests high warmth. Their clear articulation of priorities demonstrates an ability to assess needs effectively, indicating high competence.

user2 (mturk_agent_2):
  warmth: high
  competence: high
  explanation: User2 reciprocates User1's interest by sharing their own priorities, showing a willingness to engage and collaborate, which suggests high warmth. They also articulate their needs clearly and logically, indicating high competence.]

            Based on this negotiation, predict the final allocation of resources. Provide only your answer using the following format with curly braces, with no explanation:

            OUTCOME: {agent1:{food:[number], water:[number], firewood:[number]}, agent2:{food:[number], water:[number], firewood:[number]}}

            Remember: Each resource must sum to exactly 3 units across both agents.<|eot_id|>","<|begin_of_text|><|begin_of_text|><|start_header_id|>system<|end_header_id|>

Cutting Knowledge Date: December 2023
Today Date: 26 Jul 2024

<|eot_id|><|start_header_id|>user<|end_header_id|>

You are helping analyze a negotiation conversation where two agents are discussing the allocation of resources. Each resource has exactly three units that must be divided between the two agents. The total amount of each resource allocated to both agents must add up to three. 

            Agent Preferences:
            Agent 1: High priority: food, Medium priority: firewood, Low priority: water
            Agent 2: High priority: food, Medium priority: firewood, Low priority: water

            Conversation:
            Agent 2: What are you most interested in getting?, Agent 1: I think food is my highest priority, What about you?, Agent 2: Food is also my highest priority, but firewood is also pretty close for me., [Summary: user1 (mturk_agent_1):
  warmth: high
  competence: high
  explanation: User1 expresses personal preferences and inquires about User2's priorities, indicating openness and engagement, which suggests high warmth. Their clear articulation of priorities demonstrates an ability to assess needs effectively, indicating high competence.

user2 (mturk_agent_2):
  warmth: high
  competence: high
  explanation: User2 reciprocates User1's interest by sharing their own priorities, showing a willingness to engage and collaborate, which suggests high warmth. They also articulate their needs clearly and logically, indicating high competence.]

            Based on this negotiation, predict the final allocation of resources. Provide only your answer using the following format with curly braces, with no explanation:

            OUTCOME: {agent1:{food:[number], water:[number], firewood:[number]}, agent2:{food:[number], water:[number], firewood:[number]}}

            Remember: Each resource must sum to exactly 3 units across both agents.<|eot_id|><|begin_of_text|><|start_header_id|>system<|end_header_id|>

Cutting Knowledge Date: December 2023
Today Date: 26 Jul 2024

Outcome: {agent1:{food:2, water:1, firewood:1}, agent2:{food:1, water:2, firewood:2}}<|eot_id|>",2,1,1,1,2,2,2,1,1,1,2,2,17,19,17,19,0
25,5,"<|begin_of_text|><|start_header_id|>system<|end_header_id|>

Cutting Knowledge Date: December 2023
Today Date: 26 Jul 2024

<|eot_id|><|start_header_id|>user<|end_header_id|>

You are helping analyze a negotiation conversation where two agents are discussing the allocation of resources. Each resource has exactly three units that must be divided between the two agents. The total amount of each resource allocated to both agents must add up to three. 

            Agent Preferences:
            Agent 1: High priority: firewood, Medium priority: water, Low priority: food
            Agent 2: High priority: firewood, Medium priority: water, Low priority: food

            Conversation:
            Agent 1: I would like to ask for 3 firewood, 1 water and 0 food. I will be in an area where no extra wood will be available and I need the wood to cook all the food that I will already have., Agent 2: I understand where you're coming from but I'm afraid that is not acceptable.  My family's comfort is my top priority and I will be needing at least 2 firewoods to make sure they are kept warm.  I would also request some extra water., Agent 1: I need a minimum of 2 firewood. You can have 2 water. I would now like 2 food. , [Summary: user1:  
  warmth: low  
  competence: high  
  explanation: User1 is direct and focused on their needs without showing much consideration for user2's situation, indicating low warmth. They clearly articulate their requirements and adjust their request based on the negotiation, demonstrating high competence.

user2:  
  warmth: low  
  competence: high  
  explanation: User2 prioritizes their own needs and family, showing little empathy towards user1's situation, which suggests low warmth. They effectively communicate their priorities and negotiate for resources, indicating high competence.]

            Based on this negotiation, predict the final allocation of resources. Provide only your answer using the following format with curly braces, with no explanation:

            OUTCOME: {agent1:{food:[number], water:[number], firewood:[number]}, agent2:{food:[number], water:[number], firewood:[number]}}

            Remember: Each resource must sum to exactly 3 units across both agents.<|eot_id|>","<|begin_of_text|><|begin_of_text|><|start_header_id|>system<|end_header_id|>

Cutting Knowledge Date: December 2023
Today Date: 26 Jul 2024

<|eot_id|><|start_header_id|>user<|end_header_id|>

You are helping analyze a negotiation conversation where two agents are discussing the allocation of resources. Each resource has exactly three units that must be divided between the two agents. The total amount of each resource allocated to both agents must add up to three. 

            Agent Preferences:
            Agent 1: High priority: firewood, Medium priority: water, Low priority: food
            Agent 2: High priority: firewood, Medium priority: water, Low priority: food

            Conversation:
            Agent 1: I would like to ask for 3 firewood, 1 water and 0 food. I will be in an area where no extra wood will be available and I need the wood to cook all the food that I will already have., Agent 2: I understand where you're coming from but I'm afraid that is not acceptable.  My family's comfort is my top priority and I will be needing at least 2 firewoods to make sure they are kept warm.  I would also request some extra water., Agent 1: I need a minimum of 2 firewood. You can have 2 water. I would now like 2 food., [Summary: user1:  
  warmth: low  
  competence: high  
  explanation: User1 is direct and focused on their needs without showing much consideration for user2's situation, indicating low warmth. They clearly articulate their requirements and adjust their request based on the negotiation, demonstrating high competence.

user2:  
  warmth: low  
  competence: high  
  explanation: User2 prioritizes their own needs and family, showing little empathy towards user1's situation, which suggests low warmth. They effectively communicate their priorities and negotiate for resources, indicating high competence.]

            Based on this negotiation, predict the final allocation of resources. Provide only your answer using the following format with curly braces, with no explanation:

            OUTCOME: {agent1:{food:[number], water:[number], firewood:[number]}, agent2:{food:[number], water:[number], firewood:[number]}}

            Remember: Each resource must sum to exactly 3 units across both agents.<|eot_id|><|begin_of_text|><|start_header_id|>system<|end_header_id|>

Cutting Knowledge Date: December 2023
Today Date: 26 Jul 2024

OUTCOME: {agent1:{food:2, water:1, firewood:1}, agent2:{food:1, water:2, firewood:2}}<|eot_id|>",1,1,2,2,2,1,2,1,1,1,2,2,17,19,15,21,4
26,5,"<|begin_of_text|><|start_header_id|>system<|end_header_id|>

Cutting Knowledge Date: December 2023
Today Date: 26 Jul 2024

<|eot_id|><|start_header_id|>user<|end_header_id|>

You are helping analyze a negotiation conversation where two agents are discussing the allocation of resources. Each resource has exactly three units that must be divided between the two agents. The total amount of each resource allocated to both agents must add up to three. 

            Agent Preferences:
            Agent 1: High priority: water, Medium priority: food, Low priority: firewood
            Agent 2: High priority: water, Medium priority: firewood, Low priority: food

            Conversation:
            Agent 1: Hello, what a great time of year to go camping., Agent 2: Yes I can't wait! So sick of being stuck at home. 🙂, Agent 1: It will be nice to get out and explore the great outdoors, even if it is super hot! , [Summary: user1 (mturk_agent_1):
  warmth: high
  competence: high
  explanation: User1 initiates the conversation with a friendly greeting and positive sentiment, indicating high warmth. Their comment about exploring the outdoors, despite the heat, suggests adaptability and enthusiasm, reflecting high competence.

user2 (mturk_agent_2):
  warmth: high
  competence: high
  explanation: User2 responds with enthusiasm and a relatable sentiment about being eager to leave home, accompanied by an emoji, which conveys high warmth. Their anticipation and agreement with the activity suggest they are well-prepared and competent in planning or participating in such activities.]

            Based on this negotiation, predict the final allocation of resources. Provide only your answer using the following format with curly braces, with no explanation:

            OUTCOME: {agent1:{food:[number], water:[number], firewood:[number]}, agent2:{food:[number], water:[number], firewood:[number]}}

            Remember: Each resource must sum to exactly 3 units across both agents.<|eot_id|>","<|begin_of_text|><|begin_of_text|><|start_header_id|>system<|end_header_id|>

Cutting Knowledge Date: December 2023
Today Date: 26 Jul 2024

<|eot_id|><|start_header_id|>user<|end_header_id|>

You are helping analyze a negotiation conversation where two agents are discussing the allocation of resources. Each resource has exactly three units that must be divided between the two agents. The total amount of each resource allocated to both agents must add up to three. 

            Agent Preferences:
            Agent 1: High priority: water, Medium priority: food, Low priority: firewood
            Agent 2: High priority: water, Medium priority: firewood, Low priority: food

            Conversation:
            Agent 1: Hello, what a great time of year to go camping., Agent 2: Yes I can't wait! So sick of being stuck at home. 🙂, Agent 1: It will be nice to get out and explore the great outdoors, even if it is super hot!, [Summary: user1 (mturk_agent_1):
  warmth: high
  competence: high
  explanation: User1 initiates the conversation with a friendly greeting and positive sentiment, indicating high warmth. Their comment about exploring the outdoors, despite the heat, suggests adaptability and enthusiasm, reflecting high competence.

user2 (mturk_agent_2):
  warmth: high
  competence: high
  explanation: User2 responds with enthusiasm and a relatable sentiment about being eager to leave home, accompanied by an emoji, which conveys high warmth. Their anticipation and agreement with the activity suggest they are well-prepared and competent in planning or participating in such activities.]

            Based on this negotiation, predict the final allocation of resources. Provide only your answer using the following format with curly braces, with no explanation:

            OUTCOME: {agent1:{food:[number], water:[number], firewood:[number]}, agent2:{food:[number], water:[number], firewood:[number]}}

            Remember: Each resource must sum to exactly 3 units across both agents.<|eot_id|><|begin_of_text|><|start_header_id|>system<|end_header_id|>

Cutting Knowledge Date: December 2023
Today Date: 26 Jul 2024

Outcome: {agent1:{food:2, water:2, firewood:0}, agent2:{food:1, water:1, firewood:3}}<|eot_id|>",1,2,0,2,1,3,2,2,0,1,1,3,14,23,18,20,16
31,5,"<|begin_of_text|><|start_header_id|>system<|end_header_id|>

Cutting Knowledge Date: December 2023
Today Date: 26 Jul 2024

<|eot_id|><|start_header_id|>user<|end_header_id|>

You are helping analyze a negotiation conversation where two agents are discussing the allocation of resources. Each resource has exactly three units that must be divided between the two agents. The total amount of each resource allocated to both agents must add up to three. 

            Agent Preferences:
            Agent 1: High priority: water, Medium priority: firewood, Low priority: food
            Agent 2: High priority: firewood, Medium priority: food, Low priority: water

            Conversation:
            Agent 2: Hello, how is your camping trip going?, Agent 1: Hi there.  Hoping it'll be good, and yours as well.  I was hoping we could negotiate so I could get this extra water - I was planning on this being a hiking trip and it's pretty warm and humid out, so I imagine I'll need it., Agent 2: I don't have any problems letting you have all 3 waters. Would you be willing to give me all 3 firewood? I need extra to keep me warm as I get cold easily. , [Summary: user1 (mturk_agent_1):
  warmth: high
  competence: high
  explanation: User1 initiates the conversation with a friendly greeting and expresses hope for a good trip for both parties, indicating high warmth. They clearly articulate their needs and the reasons behind them, demonstrating high competence.

user2 (mturk_agent_2):
  warmth: high
  competence: high
  explanation: User2 responds positively and is open to negotiation, showing a willingness to accommodate user1's needs, which indicates high warmth. They propose a clear and logical exchange, reflecting high competence.]

            Based on this negotiation, predict the final allocation of resources. Provide only your answer using the following format with curly braces, with no explanation:

            OUTCOME: {agent1:{food:[number], water:[number], firewood:[number]}, agent2:{food:[number], water:[number], firewood:[number]}}

            Remember: Each resource must sum to exactly 3 units across both agents.<|eot_id|>","<|begin_of_text|><|begin_of_text|><|start_header_id|>system<|end_header_id|>

Cutting Knowledge Date: December 2023
Today Date: 26 Jul 2024

<|eot_id|><|start_header_id|>user<|end_header_id|>

You are helping analyze a negotiation conversation where two agents are discussing the allocation of resources. Each resource has exactly three units that must be divided between the two agents. The total amount of each resource allocated to both agents must add up to three. 

            Agent Preferences:
            Agent 1: High priority: water, Medium priority: firewood, Low priority: food
            Agent 2: High priority: firewood, Medium priority: food, Low priority: water

            Conversation:
            Agent 2: Hello, how is your camping trip going?, Agent 1: Hi there.  Hoping it'll be good, and yours as well.  I was hoping we could negotiate so I could get this extra water - I was planning on this being a hiking trip and it's pretty warm and humid out, so I imagine I'll need it., Agent 2: I don't have any problems letting you have all 3 waters. Would you be willing to give me all 3 firewood? I need extra to keep me warm as I get cold easily., [Summary: user1 (mturk_agent_1):
  warmth: high
  competence: high
  explanation: User1 initiates the conversation with a friendly greeting and expresses hope for a good trip for both parties, indicating high warmth. They clearly articulate their needs and the reasons behind them, demonstrating high competence.

user2 (mturk_agent_2):
  warmth: high
  competence: high
  explanation: User2 responds positively and is open to negotiation, showing a willingness to accommodate user1's needs, which indicates high warmth. They propose a clear and logical exchange, reflecting high competence.]

            Based on this negotiation, predict the final allocation of resources. Provide only your answer using the following format with curly braces, with no explanation:

            OUTCOME: {agent1:{food:[number], water:[number], firewood:[number]}, agent2:{food:[number], water:[number], firewood:[number]}}

            Remember: Each resource must sum to exactly 3 units across both agents.<|eot_id|><|begin_of_text|><|start_header_id|>system<|end_header_id|>

Cutting Knowledge Date: December 2023
Today Date: 26 Jul 2024

Outcome: {agent1:{food:0, water:3, firewood:0}, agent2:{food:3, water:0, firewood:3}}<|eot_id|>",2,3,0,1,0,3,0,3,0,3,0,3,21,19,15,27,36
36,5,"<|begin_of_text|><|start_header_id|>system<|end_header_id|>

Cutting Knowledge Date: December 2023
Today Date: 26 Jul 2024

<|eot_id|><|start_header_id|>user<|end_header_id|>

You are helping analyze a negotiation conversation where two agents are discussing the allocation of resources. Each resource has exactly three units that must be divided between the two agents. The total amount of each resource allocated to both agents must add up to three. 

            Agent Preferences:
            Agent 1: High priority: water, Medium priority: food, Low priority: firewood
            Agent 2: High priority: water, Medium priority: food, Low priority: firewood

            Conversation:
            Agent 1: Hey, how you are today?, Agent 2: Doing good. How are you today?, Agent 1: I'm good as well, trying to plan my camping trip for the weekend. Do you enjoy camping?, Agent 2: I do but it's hotter than I expected. Probably gonna drink a lot of water. , [Summary: mturk_agent_1:
  warmth: high
  competence: high
  explanation: mturk_agent_1 initiates the conversation with a friendly greeting and shares personal plans, indicating openness and sociability. The ability to plan a camping trip suggests organizational skills and competence.

mturk_agent_2:
  warmth: high
  competence: high
  explanation: mturk_agent_2 responds positively and reciprocates the inquiry, showing friendliness. They express awareness of the weather and the need to stay hydrated, demonstrating practical knowledge and competence.]

            Based on this negotiation, predict the final allocation of resources. Provide only your answer using the following format with curly braces, with no explanation:

            OUTCOME: {agent1:{food:[number], water:[number], firewood:[number]}, agent2:{food:[number], water:[number], firewood:[number]}}

            Remember: Each resource must sum to exactly 3 units across both agents.<|eot_id|>","<|begin_of_text|><|begin_of_text|><|start_header_id|>system<|end_header_id|>

Cutting Knowledge Date: December 2023
Today Date: 26 Jul 2024

<|eot_id|><|start_header_id|>user<|end_header_id|>

You are helping analyze a negotiation conversation where two agents are discussing the allocation of resources. Each resource has exactly three units that must be divided between the two agents. The total amount of each resource allocated to both agents must add up to three. 

            Agent Preferences:
            Agent 1: High priority: water, Medium priority: food, Low priority: firewood
            Agent 2: High priority: water, Medium priority: food, Low priority: firewood

            Conversation:
            Agent 1: Hey, how you are today?, Agent 2: Doing good. How are you today?, Agent 1: I'm good as well, trying to plan my camping trip for the weekend. Do you enjoy camping?, Agent 2: I do but it's hotter than I expected. Probably gonna drink a lot of water., [Summary: mturk_agent_1:
  warmth: high
  competence: high
  explanation: mturk_agent_1 initiates the conversation with a friendly greeting and shares personal plans, indicating openness and sociability. The ability to plan a camping trip suggests organizational skills and competence.

mturk_agent_2:
  warmth: high
  competence: high
  explanation: mturk_agent_2 responds positively and reciprocates the inquiry, showing friendliness. They express awareness of the weather and the need to stay hydrated, demonstrating practical knowledge and competence.]

            Based on this negotiation, predict the final allocation of resources. Provide only your answer using the following format with curly braces, with no explanation:

            OUTCOME: {agent1:{food:[number], water:[number], firewood:[number]}, agent2:{food:[number], water:[number], firewood:[number]}}

            Remember: Each resource must sum to exactly 3 units across both agents.<|eot_id|><|begin_of_text|><|start_header_id|>system<|end_header_id|>

Cutting Knowledge Date: December 2023
Today Date: 26 Jul 2024

Outcome: {agent1:{food:2, water:1, firewood:2}, agent2:{food:1, water:2, firewood:1}}<|eot_id|>",2,1,2,1,2,1,2,1,2,1,2,1,19,17,19,17,0
38,5,"<|begin_of_text|><|start_header_id|>system<|end_header_id|>

Cutting Knowledge Date: December 2023
Today Date: 26 Jul 2024

<|eot_id|><|start_header_id|>user<|end_header_id|>

You are helping analyze a negotiation conversation where two agents are discussing the allocation of resources. Each resource has exactly three units that must be divided between the two agents. The total amount of each resource allocated to both agents must add up to three. 

            Agent Preferences:
            Agent 1: High priority: firewood, Medium priority: food, Low priority: water
            Agent 2: High priority: firewood, Medium priority: water, Low priority: food

            Conversation:
            Agent 2: Hello, how are you doing?, Agent 1: I’m doing fine. How about you?, Agent 2: I'm doing well. I was hoping I could have the extra firewood because my group decided to camp for a few extra days and want to make sure we have enough, Agent 1: How many of you are on the camping grounds? , [Summary: user1 (mturk_agent_2):
  warmth: high
  competence: high
  explanation: User1 initiates the conversation with a friendly greeting and clearly communicates their needs regarding the firewood, indicating both warmth and competence in their interaction.

user2 (mturk_agent_1):
  warmth: high
  competence: high
  explanation: User2 responds politely to the greeting and asks a relevant question to gather more information, demonstrating both warmth and competence in their engagement.]

            Based on this negotiation, predict the final allocation of resources. Provide only your answer using the following format with curly braces, with no explanation:

            OUTCOME: {agent1:{food:[number], water:[number], firewood:[number]}, agent2:{food:[number], water:[number], firewood:[number]}}

            Remember: Each resource must sum to exactly 3 units across both agents.<|eot_id|>","<|begin_of_text|><|begin_of_text|><|start_header_id|>system<|end_header_id|>

Cutting Knowledge Date: December 2023
Today Date: 26 Jul 2024

<|eot_id|><|start_header_id|>user<|end_header_id|>

You are helping analyze a negotiation conversation where two agents are discussing the allocation of resources. Each resource has exactly three units that must be divided between the two agents. The total amount of each resource allocated to both agents must add up to three. 

            Agent Preferences:
            Agent 1: High priority: firewood, Medium priority: food, Low priority: water
            Agent 2: High priority: firewood, Medium priority: water, Low priority: food

            Conversation:
            Agent 2: Hello, how are you doing?, Agent 1: I’m doing fine. How about you?, Agent 2: I'm doing well. I was hoping I could have the extra firewood because my group decided to camp for a few extra days and want to make sure we have enough, Agent 1: How many of you are on the camping grounds?, [Summary: user1 (mturk_agent_2):
  warmth: high
  competence: high
  explanation: User1 initiates the conversation with a friendly greeting and clearly communicates their needs regarding the firewood, indicating both warmth and competence in their interaction.

user2 (mturk_agent_1):
  warmth: high
  competence: high
  explanation: User2 responds politely to the greeting and asks a relevant question to gather more information, demonstrating both warmth and competence in their engagement.]

            Based on this negotiation, predict the final allocation of resources. Provide only your answer using the following format with curly braces, with no explanation:

            OUTCOME: {agent1:{food:[number], water:[number], firewood:[number]}, agent2:{food:[number], water:[number], firewood:[number]}}

            Remember: Each resource must sum to exactly 3 units across both agents.<|eot_id|><|begin_of_text|><|start_header_id|>system<|end_header_id|>

Cutting Knowledge Date: December 2023
Today Date: 26 Jul 2024

Outcome: {agent1:{food:2, water:1, firewood:1}, agent2:{food:1, water:2, firewood:2}}<|eot_id|>",1,1,1,2,2,2,2,1,1,1,2,2,12,24,16,21,16
40,5,"<|begin_of_text|><|start_header_id|>system<|end_header_id|>

Cutting Knowledge Date: December 2023
Today Date: 26 Jul 2024

<|eot_id|><|start_header_id|>user<|end_header_id|>

You are helping analyze a negotiation conversation where two agents are discussing the allocation of resources. Each resource has exactly three units that must be divided between the two agents. The total amount of each resource allocated to both agents must add up to three. 

            Agent Preferences:
            Agent 1: High priority: food, Medium priority: water, Low priority: firewood
            Agent 2: High priority: water, Medium priority: firewood, Low priority: food

            Conversation:
            Agent 2: I'd like to have 2 extra packages of water and firewood., Agent 1: I see. And I would like 2 extra packages of Food and 2 packages of  Water as well., Agent 2: I have a great risk of dehydration.  I really need those 2 extra packages of water. You can have all the extra food., Agent 1: Why do you have a risk of dehyrdation? Because I believe all people do but I do understand some people are at a greater risk then others. Tell me why you are at risk? , [Summary: user1 (mturk_agent_1):
  warmth: high
  competence: high
  explanation: User1 demonstrates warmth by expressing understanding and willingness to listen to user2's needs. They also show competence by engaging in a logical discussion, asking for clarification to better understand user2's situation.

user2 (mturk_agent_2):
  warmth: high
  competence: high
  explanation: User2 communicates their needs clearly and offers a compromise, indicating consideration for user1's needs. This approach reflects high warmth. Their ability to articulate their situation and negotiate effectively suggests high competence.]

            Based on this negotiation, predict the final allocation of resources. Provide only your answer using the following format with curly braces, with no explanation:

            OUTCOME: {agent1:{food:[number], water:[number], firewood:[number]}, agent2:{food:[number], water:[number], firewood:[number]}}

            Remember: Each resource must sum to exactly 3 units across both agents.<|eot_id|>","<|begin_of_text|><|begin_of_text|><|start_header_id|>system<|end_header_id|>

Cutting Knowledge Date: December 2023
Today Date: 26 Jul 2024

<|eot_id|><|start_header_id|>user<|end_header_id|>

You are helping analyze a negotiation conversation where two agents are discussing the allocation of resources. Each resource has exactly three units that must be divided between the two agents. The total amount of each resource allocated to both agents must add up to three. 

            Agent Preferences:
            Agent 1: High priority: food, Medium priority: water, Low priority: firewood
            Agent 2: High priority: water, Medium priority: firewood, Low priority: food

            Conversation:
            Agent 2: I'd like to have 2 extra packages of water and firewood., Agent 1: I see. And I would like 2 extra packages of Food and 2 packages of  Water as well., Agent 2: I have a great risk of dehydration.  I really need those 2 extra packages of water. You can have all the extra food., Agent 1: Why do you have a risk of dehyrdation? Because I believe all people do but I do understand some people are at a greater risk then others. Tell me why you are at risk?, [Summary: user1 (mturk_agent_1):
  warmth: high
  competence: high
  explanation: User1 demonstrates warmth by expressing understanding and willingness to listen to user2's needs. They also show competence by engaging in a logical discussion, asking for clarification to better understand user2's situation.

user2 (mturk_agent_2):
  warmth: high
  competence: high
  explanation: User2 communicates their needs clearly and offers a compromise, indicating consideration for user1's needs. This approach reflects high warmth. Their ability to articulate their situation and negotiate effectively suggests high competence.]

            Based on this negotiation, predict the final allocation of resources. Provide only your answer using the following format with curly braces, with no explanation:

            OUTCOME: {agent1:{food:[number], water:[number], firewood:[number]}, agent2:{food:[number], water:[number], firewood:[number]}}

            Remember: Each resource must sum to exactly 3 units across both agents.<|eot_id|><|begin_of_text|><|start_header_id|>system<|end_header_id|>

Cutting Knowledge Date: December 2023
Today Date: 26 Jul 2024

Outcome: {agent1:{food:3, water:1, firewood:0}, agent2:{food:0, water:2, firewood:3}}<|eot_id|>",3,1,1,0,2,2,3,1,0,0,2,3,22,18,19,22,9
43,5,"<|begin_of_text|><|start_header_id|>system<|end_header_id|>

Cutting Knowledge Date: December 2023
Today Date: 26 Jul 2024

<|eot_id|><|start_header_id|>user<|end_header_id|>

You are helping analyze a negotiation conversation where two agents are discussing the allocation of resources. Each resource has exactly three units that must be divided between the two agents. The total amount of each resource allocated to both agents must add up to three. 

            Agent Preferences:
            Agent 1: High priority: food, Medium priority: firewood, Low priority: water
            Agent 2: High priority: water, Medium priority: firewood, Low priority: food

            Conversation:
            Agent 2: What are your preferences?  I always love having a big fire at night when I am camping and I do think water is more important than food., Agent 1: I like to have a lot of food to keep my energy up, but I might need some firewood to cook that food. I can't wait for my camping trip.🙂, Agent 2: I love camping also!  Yes, I can see how you would need firewood if you want to cook your food.  So, food is more important to you than water?, Agent 1: Yes, I will need a little water to wash that food down with though. Are you going to be needing a lot of water? , [Summary: user1:
  warmth: high
  competence: high
  explanation: User1 engages positively, expressing excitement and sharing personal preferences. They demonstrate competence by logically discussing their needs for food and firewood, and they reciprocate the conversation by asking questions, indicating attentiveness and understanding.

user2:
  warmth: high
  competence: high
  explanation: User2 is friendly and shares personal experiences, showing enthusiasm for camping. They acknowledge and understand user1's perspective, indicating competence. Their ability to engage in a reciprocal conversation and ask clarifying questions further demonstrates both warmth and competence.]

            Based on this negotiation, predict the final allocation of resources. Provide only your answer using the following format with curly braces, with no explanation:

            OUTCOME: {agent1:{food:[number], water:[number], firewood:[number]}, agent2:{food:[number], water:[number], firewood:[number]}}

            Remember: Each resource must sum to exactly 3 units across both agents.<|eot_id|>","<|begin_of_text|><|begin_of_text|><|start_header_id|>system<|end_header_id|>

Cutting Knowledge Date: December 2023
Today Date: 26 Jul 2024

<|eot_id|><|start_header_id|>user<|end_header_id|>

You are helping analyze a negotiation conversation where two agents are discussing the allocation of resources. Each resource has exactly three units that must be divided between the two agents. The total amount of each resource allocated to both agents must add up to three. 

            Agent Preferences:
            Agent 1: High priority: food, Medium priority: firewood, Low priority: water
            Agent 2: High priority: water, Medium priority: firewood, Low priority: food

            Conversation:
            Agent 2: What are your preferences?  I always love having a big fire at night when I am camping and I do think water is more important than food., Agent 1: I like to have a lot of food to keep my energy up, but I might need some firewood to cook that food. I can't wait for my camping trip.🙂, Agent 2: I love camping also!  Yes, I can see how you would need firewood if you want to cook your food.  So, food is more important to you than water?, Agent 1: Yes, I will need a little water to wash that food down with though. Are you going to be needing a lot of water?, [Summary: user1:
  warmth: high
  competence: high
  explanation: User1 engages positively, expressing excitement and sharing personal preferences. They demonstrate competence by logically discussing their needs for food and firewood, and they reciprocate the conversation by asking questions, indicating attentiveness and understanding.

user2:
  warmth: high
  competence: high
  explanation: User2 is friendly and shares personal experiences, showing enthusiasm for camping. They acknowledge and understand user1's perspective, indicating competence. Their ability to engage in a reciprocal conversation and ask clarifying questions further demonstrates both warmth and competence.]

            Based on this negotiation, predict the final allocation of resources. Provide only your answer using the following format with curly braces, with no explanation:

            OUTCOME: {agent1:{food:[number], water:[number], firewood:[number]}, agent2:{food:[number], water:[number], firewood:[number]}}

            Remember: Each resource must sum to exactly 3 units across both agents.<|eot_id|><|begin_of_text|><|start_header_id|>system<|end_header_id|>

Cutting Knowledge Date: December 2023
Today Date: 26 Jul 2024

OUTCOME: {agent1:{food:3, water:1, firewood:0}, agent2:{food:0, water:2, firewood:3}}<|eot_id|>",2,1,2,1,2,1,3,1,0,0,2,3,21,17,18,22,9
45,5,"<|begin_of_text|><|start_header_id|>system<|end_header_id|>

Cutting Knowledge Date: December 2023
Today Date: 26 Jul 2024

<|eot_id|><|start_header_id|>user<|end_header_id|>

You are helping analyze a negotiation conversation where two agents are discussing the allocation of resources. Each resource has exactly three units that must be divided between the two agents. The total amount of each resource allocated to both agents must add up to three. 

            Agent Preferences:
            Agent 1: High priority: food, Medium priority: firewood, Low priority: water
            Agent 2: High priority: food, Medium priority: water, Low priority: firewood

            Conversation:
            Agent 1: Hello! How are you today?, Agent 2: Good how are you, Agent 1: I am doing quite good. I enjoy camping. I however did not bring enough food., Agent 2: Ok I'm sure we can work it out because I know I need extra water and firewood. Do you have any ideas on how to divvy up the extra supplies? , [Summary: user1 (mturk_agent_1):
  warmth: high
  competence: low
  explanation: User1 initiates the conversation with a friendly greeting and shares personal information, indicating high warmth. However, they admit to not bringing enough food, suggesting lower competence in planning.

user2 (mturk_agent_2):
  warmth: high
  competence: high
  explanation: User2 responds politely and expresses willingness to collaborate, indicating high warmth. They also suggest problem-solving by discussing how to allocate supplies, demonstrating high competence.]

            Based on this negotiation, predict the final allocation of resources. Provide only your answer using the following format with curly braces, with no explanation:

            OUTCOME: {agent1:{food:[number], water:[number], firewood:[number]}, agent2:{food:[number], water:[number], firewood:[number]}}

            Remember: Each resource must sum to exactly 3 units across both agents.<|eot_id|>","<|begin_of_text|><|begin_of_text|><|start_header_id|>system<|end_header_id|>

Cutting Knowledge Date: December 2023
Today Date: 26 Jul 2024

<|eot_id|><|start_header_id|>user<|end_header_id|>

You are helping analyze a negotiation conversation where two agents are discussing the allocation of resources. Each resource has exactly three units that must be divided between the two agents. The total amount of each resource allocated to both agents must add up to three. 

            Agent Preferences:
            Agent 1: High priority: food, Medium priority: firewood, Low priority: water
            Agent 2: High priority: food, Medium priority: water, Low priority: firewood

            Conversation:
            Agent 1: Hello! How are you today?, Agent 2: Good how are you, Agent 1: I am doing quite good. I enjoy camping. I however did not bring enough food., Agent 2: Ok I'm sure we can work it out because I know I need extra water and firewood. Do you have any ideas on how to divvy up the extra supplies?, [Summary: user1 (mturk_agent_1):
  warmth: high
  competence: low
  explanation: User1 initiates the conversation with a friendly greeting and shares personal information, indicating high warmth. However, they admit to not bringing enough food, suggesting lower competence in planning.

user2 (mturk_agent_2):
  warmth: high
  competence: high
  explanation: User2 responds politely and expresses willingness to collaborate, indicating high warmth. They also suggest problem-solving by discussing how to allocate supplies, demonstrating high competence.]

            Based on this negotiation, predict the final allocation of resources. Provide only your answer using the following format with curly braces, with no explanation:

            OUTCOME: {agent1:{food:[number], water:[number], firewood:[number]}, agent2:{food:[number], water:[number], firewood:[number]}}

            Remember: Each resource must sum to exactly 3 units across both agents.<|eot_id|><|begin_of_text|><|start_header_id|>system<|end_header_id|>

Cutting Knowledge Date: December 2023
Today Date: 26 Jul 2024

Outcome: {agent1:{food:1, water:1, firewood:2}, agent2:{food:2, water:2, firewood:1}}<|eot_id|>",2,0,2,1,3,1,1,1,2,2,2,1,18,20,16,21,4
46,5,"<|begin_of_text|><|start_header_id|>system<|end_header_id|>

Cutting Knowledge Date: December 2023
Today Date: 26 Jul 2024

<|eot_id|><|start_header_id|>user<|end_header_id|>

You are helping analyze a negotiation conversation where two agents are discussing the allocation of resources. Each resource has exactly three units that must be divided between the two agents. The total amount of each resource allocated to both agents must add up to three. 

            Agent Preferences:
            Agent 1: High priority: food, Medium priority: water, Low priority: firewood
            Agent 2: High priority: water, Medium priority: firewood, Low priority: food

            Conversation:
            Agent 1: hello, Agent 2: Hi friend. How is your day?, Agent 1: yes good, what you want?, Agent 2: I want a lot of water my friend. I will be hiking and what I hav is not enough , [Summary: user1:  
  warmth: low  
  competence: high  
  explanation: User1's responses are brief and lack friendliness, indicating low warmth. However, their directness and clarity suggest high competence.

user2:  
  warmth: high  
  competence: low  
  explanation: User2 uses friendly language and expresses a personal need, showing high warmth. However, the informal tone and minor typographical errors suggest lower competence.]

            Based on this negotiation, predict the final allocation of resources. Provide only your answer using the following format with curly braces, with no explanation:

            OUTCOME: {agent1:{food:[number], water:[number], firewood:[number]}, agent2:{food:[number], water:[number], firewood:[number]}}

            Remember: Each resource must sum to exactly 3 units across both agents.<|eot_id|>","<|begin_of_text|><|begin_of_text|><|start_header_id|>system<|end_header_id|>

Cutting Knowledge Date: December 2023
Today Date: 26 Jul 2024

<|eot_id|><|start_header_id|>user<|end_header_id|>

You are helping analyze a negotiation conversation where two agents are discussing the allocation of resources. Each resource has exactly three units that must be divided between the two agents. The total amount of each resource allocated to both agents must add up to three. 

            Agent Preferences:
            Agent 1: High priority: food, Medium priority: water, Low priority: firewood
            Agent 2: High priority: water, Medium priority: firewood, Low priority: food

            Conversation:
            Agent 1: hello, Agent 2: Hi friend. How is your day?, Agent 1: yes good, what you want?, Agent 2: I want a lot of water my friend. I will be hiking and what I hav is not enough, [Summary: user1:  
  warmth: low  
  competence: high  
  explanation: User1's responses are brief and lack friendliness, indicating low warmth. However, their directness and clarity suggest high competence.

user2:  
  warmth: high  
  competence: low  
  explanation: User2 uses friendly language and expresses a personal need, showing high warmth. However, the informal tone and minor typographical errors suggest lower competence.]

            Based on this negotiation, predict the final allocation of resources. Provide only your answer using the following format with curly braces, with no explanation:

            OUTCOME: {agent1:{food:[number], water:[number], firewood:[number]}, agent2:{food:[number], water:[number], firewood:[number]}}

            Remember: Each resource must sum to exactly 3 units across both agents.<|eot_id|><|begin_of_text|><|start_header_id|>system<|end_header_id|>

Cutting Knowledge Date: December 2023
Today Date: 26 Jul 2024

OUTCOME: {agent1:{food:3, water:0, firewood:2}, agent2:{food:0, water:3, firewood:1}}<|eot_id|>",2,1,2,1,2,1,3,0,2,0,3,1,20,17,21,19,1
51,5,"<|begin_of_text|><|start_header_id|>system<|end_header_id|>

Cutting Knowledge Date: December 2023
Today Date: 26 Jul 2024

<|eot_id|><|start_header_id|>user<|end_header_id|>

You are helping analyze a negotiation conversation where two agents are discussing the allocation of resources. Each resource has exactly three units that must be divided between the two agents. The total amount of each resource allocated to both agents must add up to three. 

            Agent Preferences:
            Agent 1: High priority: food, Medium priority: firewood, Low priority: water
            Agent 2: High priority: water, Medium priority: food, Low priority: firewood

            Conversation:
            Agent 1: Hi how are you doing today?, Agent 2: I'm doing well. I'm very excited about our camping trip!, Agent 1: I am too! I have a rather large family and we are looking forward to getting out for some time away!, Agent 2: How nice. I am bringing my daughter and her girl scout troop. I am the co leader. , [Summary: mturk_agent_1:
  warmth: high
  competence: high
  explanation: mturk_agent_1 expresses enthusiasm and a friendly demeanor, indicating high warmth. They also mention managing a large family, suggesting organizational skills and responsibility, which implies high competence.

mturk_agent_2:
  warmth: high
  competence: high
  explanation: mturk_agent_2 shows excitement and shares personal involvement with their daughter's activities, indicating high warmth. Their role as a co-leader of a girl scout troop suggests leadership and organizational skills, reflecting high competence.]

            Based on this negotiation, predict the final allocation of resources. Provide only your answer using the following format with curly braces, with no explanation:

            OUTCOME: {agent1:{food:[number], water:[number], firewood:[number]}, agent2:{food:[number], water:[number], firewood:[number]}}

            Remember: Each resource must sum to exactly 3 units across both agents.<|eot_id|>","<|begin_of_text|><|begin_of_text|><|start_header_id|>system<|end_header_id|>

Cutting Knowledge Date: December 2023
Today Date: 26 Jul 2024

<|eot_id|><|start_header_id|>user<|end_header_id|>

You are helping analyze a negotiation conversation where two agents are discussing the allocation of resources. Each resource has exactly three units that must be divided between the two agents. The total amount of each resource allocated to both agents must add up to three. 

            Agent Preferences:
            Agent 1: High priority: food, Medium priority: firewood, Low priority: water
            Agent 2: High priority: water, Medium priority: food, Low priority: firewood

            Conversation:
            Agent 1: Hi how are you doing today?, Agent 2: I'm doing well. I'm very excited about our camping trip!, Agent 1: I am too! I have a rather large family and we are looking forward to getting out for some time away!, Agent 2: How nice. I am bringing my daughter and her girl scout troop. I am the co leader., [Summary: mturk_agent_1:
  warmth: high
  competence: high
  explanation: mturk_agent_1 expresses enthusiasm and a friendly demeanor, indicating high warmth. They also mention managing a large family, suggesting organizational skills and responsibility, which implies high competence.

mturk_agent_2:
  warmth: high
  competence: high
  explanation: mturk_agent_2 shows excitement and shares personal involvement with their daughter's activities, indicating high warmth. Their role as a co-leader of a girl scout troop suggests leadership and organizational skills, reflecting high competence.]

            Based on this negotiation, predict the final allocation of resources. Provide only your answer using the following format with curly braces, with no explanation:

            OUTCOME: {agent1:{food:[number], water:[number], firewood:[number]}, agent2:{food:[number], water:[number], firewood:[number]}}

            Remember: Each resource must sum to exactly 3 units across both agents.<|eot_id|><|begin_of_text|><|start_header_id|>system<|end_header_id|>

Cutting Knowledge Date: December 2023
Today Date: 26 Jul 2024

Outcome: {agent1:{food:3, water:0, firewood:2}, agent2:{food:0, water:3, firewood:1}}<|eot_id|>",1,0,3,2,3,0,3,0,2,0,3,1,17,23,23,18,36
68,5,"<|begin_of_text|><|start_header_id|>system<|end_header_id|>

Cutting Knowledge Date: December 2023
Today Date: 26 Jul 2024

<|eot_id|><|start_header_id|>user<|end_header_id|>

You are helping analyze a negotiation conversation where two agents are discussing the allocation of resources. Each resource has exactly three units that must be divided between the two agents. The total amount of each resource allocated to both agents must add up to three. 

            Agent Preferences:
            Agent 1: High priority: food, Medium priority: water, Low priority: firewood
            Agent 2: High priority: food, Medium priority: water, Low priority: firewood

            Conversation:
            Agent 1: Hey!  I hope you're having a good week and staying well.  So we are negotiating on supplies! 🙂, Agent 2: Yes. Hoping we can make a good deal., Agent 1: Me too!  I'm hoping for two food items and one water.  I'm diabetic so if my blood sugar drops, I may need the extra carbs.  And water because water is important! 🙂, Agent 2: I prefer two water and one food. I can understand why you need the extra food items. I'm not much of a snacker but do drink a lot of water all the time. Keeps me from eating more!🙂 , [Summary: user1:  
  warmth: high  
  competence: high  
  explanation: User1 demonstrates high warmth by expressing well-wishes and understanding the needs of the other participant. They also show high competence by clearly stating their needs and reasoning, which indicates an ability to negotiate effectively.

user2:  
  warmth: high  
  competence: high  
  explanation: User2 displays high warmth by expressing a desire for a good deal and acknowledging user1's needs. They also show high competence by clearly stating their preferences and reasoning, indicating an ability to engage in the negotiation process effectively.]

            Based on this negotiation, predict the final allocation of resources. Provide only your answer using the following format with curly braces, with no explanation:

            OUTCOME: {agent1:{food:[number], water:[number], firewood:[number]}, agent2:{food:[number], water:[number], firewood:[number]}}

            Remember: Each resource must sum to exactly 3 units across both agents.<|eot_id|>","<|begin_of_text|><|begin_of_text|><|start_header_id|>system<|end_header_id|>

Cutting Knowledge Date: December 2023
Today Date: 26 Jul 2024

<|eot_id|><|start_header_id|>user<|end_header_id|>

You are helping analyze a negotiation conversation where two agents are discussing the allocation of resources. Each resource has exactly three units that must be divided between the two agents. The total amount of each resource allocated to both agents must add up to three. 

            Agent Preferences:
            Agent 1: High priority: food, Medium priority: water, Low priority: firewood
            Agent 2: High priority: food, Medium priority: water, Low priority: firewood

            Conversation:
            Agent 1: Hey!  I hope you're having a good week and staying well.  So we are negotiating on supplies! 🙂, Agent 2: Yes. Hoping we can make a good deal., Agent 1: Me too!  I'm hoping for two food items and one water.  I'm diabetic so if my blood sugar drops, I may need the extra carbs.  And water because water is important! 🙂, Agent 2: I prefer two water and one food. I can understand why you need the extra food items. I'm not much of a snacker but do drink a lot of water all the time. Keeps me from eating more!🙂, [Summary: user1:  
  warmth: high  
  competence: high  
  explanation: User1 demonstrates high warmth by expressing well-wishes and understanding the needs of the other participant. They also show high competence by clearly stating their needs and reasoning, which indicates an ability to negotiate effectively.

user2:  
  warmth: high  
  competence: high  
  explanation: User2 displays high warmth by expressing a desire for a good deal and acknowledging user1's needs. They also show high competence by clearly stating their preferences and reasoning, indicating an ability to engage in the negotiation process effectively.]

            Based on this negotiation, predict the final allocation of resources. Provide only your answer using the following format with curly braces, with no explanation:

            OUTCOME: {agent1:{food:[number], water:[number], firewood:[number]}, agent2:{food:[number], water:[number], firewood:[number]}}

            Remember: Each resource must sum to exactly 3 units across both agents.<|eot_id|><|begin_of_text|><|start_header_id|>system<|end_header_id|>

Cutting Knowledge Date: December 2023
Today Date: 26 Jul 2024

OUTCOME: {agent1:{food:2, water:1, firewood:1}, agent2:{food:1, water:2, firewood:2}}<|eot_id|>",2,1,2,1,2,1,2,1,1,1,2,2,20,16,17,19,9
75,5,"<|begin_of_text|><|start_header_id|>system<|end_header_id|>

Cutting Knowledge Date: December 2023
Today Date: 26 Jul 2024

<|eot_id|><|start_header_id|>user<|end_header_id|>

You are helping analyze a negotiation conversation where two agents are discussing the allocation of resources. Each resource has exactly three units that must be divided between the two agents. The total amount of each resource allocated to both agents must add up to three. 

            Agent Preferences:
            Agent 1: High priority: food, Medium priority: firewood, Low priority: water
            Agent 2: High priority: firewood, Medium priority: food, Low priority: water

            Conversation:
            Agent 1: I have to get food as high while water is low., Agent 2: Ok, I have enough food, but I need firewood to keep warm and water because one of my containers leaked.  So, why don't you take all the food and I get everything else., Agent 1: Sure, I'll agree with it! , [Summary: user1 (mturk_agent_1):
  warmth: high
  competence: high
  explanation: User1 demonstrates high warmth by agreeing to the proposed solution without conflict, indicating cooperativeness. Their competence is high as they effectively negotiate and reach a mutually beneficial agreement.

user2 (mturk_agent_2):
  warmth: high
  competence: high
  explanation: User2 shows high warmth by proposing a fair division of resources and addressing both parties' needs. Their competence is high due to their clear communication and problem-solving skills in managing resources efficiently.]

            Based on this negotiation, predict the final allocation of resources. Provide only your answer using the following format with curly braces, with no explanation:

            OUTCOME: {agent1:{food:[number], water:[number], firewood:[number]}, agent2:{food:[number], water:[number], firewood:[number]}}

            Remember: Each resource must sum to exactly 3 units across both agents.<|eot_id|>","<|begin_of_text|><|begin_of_text|><|start_header_id|>system<|end_header_id|>

Cutting Knowledge Date: December 2023
Today Date: 26 Jul 2024

<|eot_id|><|start_header_id|>user<|end_header_id|>

You are helping analyze a negotiation conversation where two agents are discussing the allocation of resources. Each resource has exactly three units that must be divided between the two agents. The total amount of each resource allocated to both agents must add up to three. 

            Agent Preferences:
            Agent 1: High priority: food, Medium priority: firewood, Low priority: water
            Agent 2: High priority: firewood, Medium priority: food, Low priority: water

            Conversation:
            Agent 1: I have to get food as high while water is low., Agent 2: Ok, I have enough food, but I need firewood to keep warm and water because one of my containers leaked.  So, why don't you take all the food and I get everything else., Agent 1: Sure, I'll agree with it!, [Summary: user1 (mturk_agent_1):
  warmth: high
  competence: high
  explanation: User1 demonstrates high warmth by agreeing to the proposed solution without conflict, indicating cooperativeness. Their competence is high as they effectively negotiate and reach a mutually beneficial agreement.

user2 (mturk_agent_2):
  warmth: high
  competence: high
  explanation: User2 shows high warmth by proposing a fair division of resources and addressing both parties' needs. Their competence is high due to their clear communication and problem-solving skills in managing resources efficiently.]

            Based on this negotiation, predict the final allocation of resources. Provide only your answer using the following format with curly braces, with no explanation:

            OUTCOME: {agent1:{food:[number], water:[number], firewood:[number]}, agent2:{food:[number], water:[number], firewood:[number]}}

            Remember: Each resource must sum to exactly 3 units across both agents.<|eot_id|><|begin_of_text|><|start_header_id|>system<|end_header_id|>

Cutting Knowledge Date: December 2023
Today Date: 26 Jul 2024

OUTCOME: {agent1:{food:3, water:1, firewood:0}, agent2:{food:0, water:2, firewood:3}}<|eot_id|>",2,1,1,1,2,2,3,1,0,0,2,3,17,20,18,21,1
82,5,"<|begin_of_text|><|start_header_id|>system<|end_header_id|>

Cutting Knowledge Date: December 2023
Today Date: 26 Jul 2024

<|eot_id|><|start_header_id|>user<|end_header_id|>

You are helping analyze a negotiation conversation where two agents are discussing the allocation of resources. Each resource has exactly three units that must be divided between the two agents. The total amount of each resource allocated to both agents must add up to three. 

            Agent Preferences:
            Agent 1: High priority: food, Medium priority: firewood, Low priority: water
            Agent 2: High priority: water, Medium priority: food, Low priority: firewood

            Conversation:
            Agent 1: Hello., Agent 2: Hello there, fellow camper!  🙂, Agent 1: I would like 3 packages of food, 2 packages of firewood, and 1 package of water., Agent 2: That's not going to work for me at all, I would like 3 packages of water, 2 packages of food, and 1 package of firewood , [Summary: user1:  
  warmth: low  
  competence: high  
  explanation: User1 is direct and task-focused, showing little engagement in social niceties, which suggests low warmth. Their clear and specific request for supplies indicates high competence.

user2:  
  warmth: high  
  competence: high  
  explanation: User2 greets warmly with a friendly tone and emoji, indicating high warmth. They also clearly articulate their own needs in response to user1, demonstrating high competence in communication and negotiation.]

            Based on this negotiation, predict the final allocation of resources. Provide only your answer using the following format with curly braces, with no explanation:

            OUTCOME: {agent1:{food:[number], water:[number], firewood:[number]}, agent2:{food:[number], water:[number], firewood:[number]}}

            Remember: Each resource must sum to exactly 3 units across both agents.<|eot_id|>","<|begin_of_text|><|begin_of_text|><|start_header_id|>system<|end_header_id|>

Cutting Knowledge Date: December 2023
Today Date: 26 Jul 2024

<|eot_id|><|start_header_id|>user<|end_header_id|>

You are helping analyze a negotiation conversation where two agents are discussing the allocation of resources. Each resource has exactly three units that must be divided between the two agents. The total amount of each resource allocated to both agents must add up to three. 

            Agent Preferences:
            Agent 1: High priority: food, Medium priority: firewood, Low priority: water
            Agent 2: High priority: water, Medium priority: food, Low priority: firewood

            Conversation:
            Agent 1: Hello., Agent 2: Hello there, fellow camper!  🙂, Agent 1: I would like 3 packages of food, 2 packages of firewood, and 1 package of water., Agent 2: That's not going to work for me at all, I would like 3 packages of water, 2 packages of food, and 1 package of firewood, [Summary: user1:  
  warmth: low  
  competence: high  
  explanation: User1 is direct and task-focused, showing little engagement in social niceties, which suggests low warmth. Their clear and specific request for supplies indicates high competence.

user2:  
  warmth: high  
  competence: high  
  explanation: User2 greets warmly with a friendly tone and emoji, indicating high warmth. They also clearly articulate their own needs in response to user1, demonstrating high competence in communication and negotiation.]

            Based on this negotiation, predict the final allocation of resources. Provide only your answer using the following format with curly braces, with no explanation:

            OUTCOME: {agent1:{food:[number], water:[number], firewood:[number]}, agent2:{food:[number], water:[number], firewood:[number]}}

            Remember: Each resource must sum to exactly 3 units across both agents.<|eot_id|><|begin_of_text|><|start_header_id|>system<|end_header_id|>

Cutting Knowledge Date: December 2023
Today Date: 26 Jul 2024

OUTCOME: {agent1:{food:2, water:0, firewood:3}, agent2:{food:1, water:3, firewood:0}}<|eot_id|>",2,0,3,1,3,0,2,0,3,1,3,0,22,19,22,19,0
84,5,"<|begin_of_text|><|start_header_id|>system<|end_header_id|>

Cutting Knowledge Date: December 2023
Today Date: 26 Jul 2024

<|eot_id|><|start_header_id|>user<|end_header_id|>

You are helping analyze a negotiation conversation where two agents are discussing the allocation of resources. Each resource has exactly three units that must be divided between the two agents. The total amount of each resource allocated to both agents must add up to three. 

            Agent Preferences:
            Agent 1: High priority: water, Medium priority: food, Low priority: firewood
            Agent 2: High priority: water, Medium priority: firewood, Low priority: food

            Conversation:
            Agent 2: Hello, I will start out by saying that I would like to have 3 water because I do not have a nearby water source. What is your situation?, Agent 1: Hello. I have a health issue that I need to stay hydrated at all times. I do understand your situation though., Agent 2: How much firewood and food do you think you need? , [Summary: Certainly! Here's the analysis based on the Stereotype Content Model:

mturk_agent_2:
  warmth: high
  competence: high
  explanation: mturk_agent_2 initiates the conversation politely and shares their need for water, indicating openness and friendliness. They also inquire about the other participant's needs, demonstrating consideration and social intelligence, which suggests high competence.

mturk_agent_1:
  warmth: high
  competence: high
  explanation: mturk_agent_1 responds with empathy by acknowledging mturk_agent_2's situation and shares their own health-related need, showing understanding and relatability. Their ability to communicate their needs clearly indicates high competence.]

            Based on this negotiation, predict the final allocation of resources. Provide only your answer using the following format with curly braces, with no explanation:

            OUTCOME: {agent1:{food:[number], water:[number], firewood:[number]}, agent2:{food:[number], water:[number], firewood:[number]}}

            Remember: Each resource must sum to exactly 3 units across both agents.<|eot_id|>","<|begin_of_text|><|begin_of_text|><|start_header_id|>system<|end_header_id|>

Cutting Knowledge Date: December 2023
Today Date: 26 Jul 2024

<|eot_id|><|start_header_id|>user<|end_header_id|>

You are helping analyze a negotiation conversation where two agents are discussing the allocation of resources. Each resource has exactly three units that must be divided between the two agents. The total amount of each resource allocated to both agents must add up to three. 

            Agent Preferences:
            Agent 1: High priority: water, Medium priority: food, Low priority: firewood
            Agent 2: High priority: water, Medium priority: firewood, Low priority: food

            Conversation:
            Agent 2: Hello, I will start out by saying that I would like to have 3 water because I do not have a nearby water source. What is your situation?, Agent 1: Hello. I have a health issue that I need to stay hydrated at all times. I do understand your situation though., Agent 2: How much firewood and food do you think you need?, [Summary: Certainly! Here's the analysis based on the Stereotype Content Model:

mturk_agent_2:
  warmth: high
  competence: high
  explanation: mturk_agent_2 initiates the conversation politely and shares their need for water, indicating openness and friendliness. They also inquire about the other participant's needs, demonstrating consideration and social intelligence, which suggests high competence.

mturk_agent_1:
  warmth: high
  competence: high
  explanation: mturk_agent_1 responds with empathy by acknowledging mturk_agent_2's situation and shares their own health-related need, showing understanding and relatability. Their ability to communicate their needs clearly indicates high competence.]

            Based on this negotiation, predict the final allocation of resources. Provide only your answer using the following format with curly braces, with no explanation:

            OUTCOME: {agent1:{food:[number], water:[number], firewood:[number]}, agent2:{food:[number], water:[number], firewood:[number]}}

            Remember: Each resource must sum to exactly 3 units across both agents.<|eot_id|><|begin_of_text|><|start_header_id|>system<|end_header_id|>

Cutting Knowledge Date: December 2023
Today Date: 26 Jul 2024

Outcome: {agent1:{food:2, water:1, firewood:1}, agent2:{food:1, water:2, firewood:2}}<|eot_id|>",1,2,1,2,1,2,2,1,1,1,2,2,17,19,16,21,1
91,5,"<|begin_of_text|><|start_header_id|>system<|end_header_id|>

Cutting Knowledge Date: December 2023
Today Date: 26 Jul 2024

<|eot_id|><|start_header_id|>user<|end_header_id|>

You are helping analyze a negotiation conversation where two agents are discussing the allocation of resources. Each resource has exactly three units that must be divided between the two agents. The total amount of each resource allocated to both agents must add up to three. 

            Agent Preferences:
            Agent 1: High priority: food, Medium priority: water, Low priority: firewood
            Agent 2: High priority: firewood, Medium priority: food, Low priority: water

            Conversation:
            Agent 2: Hello! I am a mother of two and I have two kids who need extra food and water, Agent 1: Okay, I need food and water too unfortunately. We can discuss this.🙂, Agent 2: Alright... my baby is on formula and needs water for her bottles. My son snacks all day and really needs food. Otherwise, he will starve and won't thrive , [Summary: user1 (mturk_agent_1):
  warmth: high
  competence: high
  explanation: User1 responds with a friendly tone, indicated by the use of a smiley emoji, suggesting openness and willingness to engage in discussion. The acknowledgment of their own needs alongside user2's demonstrates an understanding of the situation, indicating competence in managing the conversation.

user2 (mturk_agent_2):
  warmth: high
  competence: high
  explanation: User2 shares personal information about their family, which conveys trust and openness, indicating high warmth. They articulate specific needs for their children clearly, showing competence in communicating their situation effectively.]

            Based on this negotiation, predict the final allocation of resources. Provide only your answer using the following format with curly braces, with no explanation:

            OUTCOME: {agent1:{food:[number], water:[number], firewood:[number]}, agent2:{food:[number], water:[number], firewood:[number]}}

            Remember: Each resource must sum to exactly 3 units across both agents.<|eot_id|>","<|begin_of_text|><|begin_of_text|><|start_header_id|>system<|end_header_id|>

Cutting Knowledge Date: December 2023
Today Date: 26 Jul 2024

<|eot_id|><|start_header_id|>user<|end_header_id|>

You are helping analyze a negotiation conversation where two agents are discussing the allocation of resources. Each resource has exactly three units that must be divided between the two agents. The total amount of each resource allocated to both agents must add up to three. 

            Agent Preferences:
            Agent 1: High priority: food, Medium priority: water, Low priority: firewood
            Agent 2: High priority: firewood, Medium priority: food, Low priority: water

            Conversation:
            Agent 2: Hello! I am a mother of two and I have two kids who need extra food and water, Agent 1: Okay, I need food and water too unfortunately. We can discuss this.🙂, Agent 2: Alright... my baby is on formula and needs water for her bottles. My son snacks all day and really needs food. Otherwise, he will starve and won't thrive, [Summary: user1 (mturk_agent_1):
  warmth: high
  competence: high
  explanation: User1 responds with a friendly tone, indicated by the use of a smiley emoji, suggesting openness and willingness to engage in discussion. The acknowledgment of their own needs alongside user2's demonstrates an understanding of the situation, indicating competence in managing the conversation.

user2 (mturk_agent_2):
  warmth: high
  competence: high
  explanation: User2 shares personal information about their family, which conveys trust and openness, indicating high warmth. They articulate specific needs for their children clearly, showing competence in communicating their situation effectively.]

            Based on this negotiation, predict the final allocation of resources. Provide only your answer using the following format with curly braces, with no explanation:

            OUTCOME: {agent1:{food:[number], water:[number], firewood:[number]}, agent2:{food:[number], water:[number], firewood:[number]}}

            Remember: Each resource must sum to exactly 3 units across both agents.<|eot_id|><|begin_of_text|><|start_header_id|>system<|end_header_id|>

Cutting Knowledge Date: December 2023
Today Date: 26 Jul 2024

OUTCOME: {agent1:{food:2, water:1, firewood:2}, agent2:{food:1, water:2, firewood:1}}<|eot_id|>",1,2,1,2,1,2,2,1,2,1,2,1,16,21,20,15,16
93,5,"<|begin_of_text|><|start_header_id|>system<|end_header_id|>

Cutting Knowledge Date: December 2023
Today Date: 26 Jul 2024

<|eot_id|><|start_header_id|>user<|end_header_id|>

You are helping analyze a negotiation conversation where two agents are discussing the allocation of resources. Each resource has exactly three units that must be divided between the two agents. The total amount of each resource allocated to both agents must add up to three. 

            Agent Preferences:
            Agent 1: High priority: firewood, Medium priority: water, Low priority: food
            Agent 2: High priority: water, Medium priority: food, Low priority: firewood

            Conversation:
            Agent 2: I am so excited to go camping!  I am planning a nice long walk in the woods to decompress from the hectic days of working., Agent 1: I am too.  I've been thinking of this since COVID.  I hear we have some materials to share between the two of us.  What are you thinking?  For me, I am from the South so I get cold easily 🙂 so firewood is my main priority., Agent 2: Perfect!  I'm a northerner, so the firewood is all yours!  I'll need lot's of water to keep hydrated after the hike, and I'll probably be pretty hungry too. , [Summary: user1 (mturk_agent_2):
  warmth: high
  competence: high
  explanation: User1 expresses excitement and shares personal plans, indicating openness and friendliness (high warmth). They also demonstrate planning and consideration for personal needs, suggesting high competence.

user2 (mturk_agent_1):
  warmth: high
  competence: high
  explanation: User2 reciprocates excitement and shares personal preferences, showing friendliness and relatability (high warmth). They also discuss logistical needs and resource sharing, indicating thoughtful planning and capability (high competence).]

            Based on this negotiation, predict the final allocation of resources. Provide only your answer using the following format with curly braces, with no explanation:

            OUTCOME: {agent1:{food:[number], water:[number], firewood:[number]}, agent2:{food:[number], water:[number], firewood:[number]}}

            Remember: Each resource must sum to exactly 3 units across both agents.<|eot_id|>","<|begin_of_text|><|begin_of_text|><|start_header_id|>system<|end_header_id|>

Cutting Knowledge Date: December 2023
Today Date: 26 Jul 2024

<|eot_id|><|start_header_id|>user<|end_header_id|>

You are helping analyze a negotiation conversation where two agents are discussing the allocation of resources. Each resource has exactly three units that must be divided between the two agents. The total amount of each resource allocated to both agents must add up to three. 

            Agent Preferences:
            Agent 1: High priority: firewood, Medium priority: water, Low priority: food
            Agent 2: High priority: water, Medium priority: food, Low priority: firewood

            Conversation:
            Agent 2: I am so excited to go camping!  I am planning a nice long walk in the woods to decompress from the hectic days of working., Agent 1: I am too.  I've been thinking of this since COVID.  I hear we have some materials to share between the two of us.  What are you thinking?  For me, I am from the South so I get cold easily 🙂 so firewood is my main priority., Agent 2: Perfect!  I'm a northerner, so the firewood is all yours!  I'll need lot's of water to keep hydrated after the hike, and I'll probably be pretty hungry too., [Summary: user1 (mturk_agent_2):
  warmth: high
  competence: high
  explanation: User1 expresses excitement and shares personal plans, indicating openness and friendliness (high warmth). They also demonstrate planning and consideration for personal needs, suggesting high competence.

user2 (mturk_agent_1):
  warmth: high
  competence: high
  explanation: User2 reciprocates excitement and shares personal preferences, showing friendliness and relatability (high warmth). They also discuss logistical needs and resource sharing, indicating thoughtful planning and capability (high competence).]

            Based on this negotiation, predict the final allocation of resources. Provide only your answer using the following format with curly braces, with no explanation:

            OUTCOME: {agent1:{food:[number], water:[number], firewood:[number]}, agent2:{food:[number], water:[number], firewood:[number]}}

            Remember: Each resource must sum to exactly 3 units across both agents.<|eot_id|><|begin_of_text|><|start_header_id|>system<|end_header_id|>

Cutting Knowledge Date: December 2023
Today Date: 26 Jul 2024

OUTCOME: {agent1:{food:1, water:1, firewood:2}, agent2:{food:2, water:2, firewood:1}}<|eot_id|>",1,1,3,2,2,0,1,1,2,2,2,1,22,18,17,21,25
102,5,"<|begin_of_text|><|start_header_id|>system<|end_header_id|>

Cutting Knowledge Date: December 2023
Today Date: 26 Jul 2024

<|eot_id|><|start_header_id|>user<|end_header_id|>

You are helping analyze a negotiation conversation where two agents are discussing the allocation of resources. Each resource has exactly three units that must be divided between the two agents. The total amount of each resource allocated to both agents must add up to three. 

            Agent Preferences:
            Agent 1: High priority: food, Medium priority: firewood, Low priority: water
            Agent 2: High priority: food, Medium priority: firewood, Low priority: water

            Conversation:
            Agent 1: Hi there. How are you?, Agent 2: hi i am good how about yourself🙂, Agent 1: Pretty good. Ready for this camping trip!, Agent 2: as ready as I can be hiking with 3 teenage boys..lol how about you? , [Summary: user1:  
  warmth: high  
  competence: high  
  explanation: User1 initiates the conversation with a friendly greeting and shares personal excitement about the camping trip, indicating openness and enthusiasm. This demonstrates high warmth. Their clear communication and engagement in the conversation suggest high competence.

user2:  
  warmth: high  
  competence: high  
  explanation: User2 responds with a friendly tone, including a smiley, and shares a humorous personal detail about hiking with teenagers, indicating approachability and relatability. This reflects high warmth. Their ability to maintain the conversation and respond appropriately shows high competence.]

            Based on this negotiation, predict the final allocation of resources. Provide only your answer using the following format with curly braces, with no explanation:

            OUTCOME: {agent1:{food:[number], water:[number], firewood:[number]}, agent2:{food:[number], water:[number], firewood:[number]}}

            Remember: Each resource must sum to exactly 3 units across both agents.<|eot_id|>","<|begin_of_text|><|begin_of_text|><|start_header_id|>system<|end_header_id|>

Cutting Knowledge Date: December 2023
Today Date: 26 Jul 2024

<|eot_id|><|start_header_id|>user<|end_header_id|>

You are helping analyze a negotiation conversation where two agents are discussing the allocation of resources. Each resource has exactly three units that must be divided between the two agents. The total amount of each resource allocated to both agents must add up to three. 

            Agent Preferences:
            Agent 1: High priority: food, Medium priority: firewood, Low priority: water
            Agent 2: High priority: food, Medium priority: firewood, Low priority: water

            Conversation:
            Agent 1: Hi there. How are you?, Agent 2: hi i am good how about yourself🙂, Agent 1: Pretty good. Ready for this camping trip!, Agent 2: as ready as I can be hiking with 3 teenage boys..lol how about you?, [Summary: user1:  
  warmth: high  
  competence: high  
  explanation: User1 initiates the conversation with a friendly greeting and shares personal excitement about the camping trip, indicating openness and enthusiasm. This demonstrates high warmth. Their clear communication and engagement in the conversation suggest high competence.

user2:  
  warmth: high  
  competence: high  
  explanation: User2 responds with a friendly tone, including a smiley, and shares a humorous personal detail about hiking with teenagers, indicating approachability and relatability. This reflects high warmth. Their ability to maintain the conversation and respond appropriately shows high competence.]

            Based on this negotiation, predict the final allocation of resources. Provide only your answer using the following format with curly braces, with no explanation:

            OUTCOME: {agent1:{food:[number], water:[number], firewood:[number]}, agent2:{food:[number], water:[number], firewood:[number]}}

            Remember: Each resource must sum to exactly 3 units across both agents.<|eot_id|><|begin_of_text|><|start_header_id|>system<|end_header_id|>

Cutting Knowledge Date: December 2023
Today Date: 26 Jul 2024

OUTCOME: {agent1:{food:1, water:1, firewood:2}, agent2:{food:2, water:2, firewood:1}}<|eot_id|>",2,1,1,1,2,2,1,1,2,2,2,1,17,19,16,20,1
103,5,"<|begin_of_text|><|start_header_id|>system<|end_header_id|>

Cutting Knowledge Date: December 2023
Today Date: 26 Jul 2024

<|eot_id|><|start_header_id|>user<|end_header_id|>

You are helping analyze a negotiation conversation where two agents are discussing the allocation of resources. Each resource has exactly three units that must be divided between the two agents. The total amount of each resource allocated to both agents must add up to three. 

            Agent Preferences:
            Agent 1: High priority: food, Medium priority: water, Low priority: firewood
            Agent 2: High priority: firewood, Medium priority: food, Low priority: water

            Conversation:
            Agent 1: Hi there.. we're looking forward to this camping trip.. hope you are, too!  Is there anything in particular you guys need / want out of the extra stockpile we've got?, Agent 2: Hello! Which item do you need the most?, Agent 1: Well we actually really NEED all three items.. but I know you might, too - so I want to make a deal that's fair for you.. is there anything in particular your family needs for the trip?, Agent 2: Well, there has to be an item that you need the most. If you tell me what you need the most, we can try to make a deal around it. , [Summary: user1:
  warmth: high
  competence: high
  explanation: User1 demonstrates high warmth by expressing enthusiasm for the camping trip and a willingness to ensure fairness in the deal. Their competence is high as they clearly communicate their needs while considering the needs of the other party.

user2:
  warmth: low
  competence: high
  explanation: User2's warmth is low as their responses are more transactional and lack expressions of friendliness or empathy. However, their competence is high as they focus on negotiating effectively by asking direct questions to clarify priorities.]

            Based on this negotiation, predict the final allocation of resources. Provide only your answer using the following format with curly braces, with no explanation:

            OUTCOME: {agent1:{food:[number], water:[number], firewood:[number]}, agent2:{food:[number], water:[number], firewood:[number]}}

            Remember: Each resource must sum to exactly 3 units across both agents.<|eot_id|>","<|begin_of_text|><|begin_of_text|><|start_header_id|>system<|end_header_id|>

Cutting Knowledge Date: December 2023
Today Date: 26 Jul 2024

<|eot_id|><|start_header_id|>user<|end_header_id|>

You are helping analyze a negotiation conversation where two agents are discussing the allocation of resources. Each resource has exactly three units that must be divided between the two agents. The total amount of each resource allocated to both agents must add up to three. 

            Agent Preferences:
            Agent 1: High priority: food, Medium priority: water, Low priority: firewood
            Agent 2: High priority: firewood, Medium priority: food, Low priority: water

            Conversation:
            Agent 1: Hi there.. we're looking forward to this camping trip.. hope you are, too!  Is there anything in particular you guys need / want out of the extra stockpile we've got?, Agent 2: Hello! Which item do you need the most?, Agent 1: Well we actually really NEED all three items.. but I know you might, too - so I want to make a deal that's fair for you.. is there anything in particular your family needs for the trip?, Agent 2: Well, there has to be an item that you need the most. If you tell me what you need the most, we can try to make a deal around it., [Summary: user1:
  warmth: high
  competence: high
  explanation: User1 demonstrates high warmth by expressing enthusiasm for the camping trip and a willingness to ensure fairness in the deal. Their competence is high as they clearly communicate their needs while considering the needs of the other party.

user2:
  warmth: low
  competence: high
  explanation: User2's warmth is low as their responses are more transactional and lack expressions of friendliness or empathy. However, their competence is high as they focus on negotiating effectively by asking direct questions to clarify priorities.]

            Based on this negotiation, predict the final allocation of resources. Provide only your answer using the following format with curly braces, with no explanation:

            OUTCOME: {agent1:{food:[number], water:[number], firewood:[number]}, agent2:{food:[number], water:[number], firewood:[number]}}

            Remember: Each resource must sum to exactly 3 units across both agents.<|eot_id|><|begin_of_text|><|start_header_id|>system<|end_header_id|>

Cutting Knowledge Date: December 2023
Today Date: 26 Jul 2024

OUTCOME: {agent1:{food:2, water:2, firewood:0}, agent2:{food:1, water:1, firewood:3}}<|eot_id|>",2,2,0,1,1,3,2,2,0,1,1,3,18,22,18,22,0
105,5,"<|begin_of_text|><|start_header_id|>system<|end_header_id|>

Cutting Knowledge Date: December 2023
Today Date: 26 Jul 2024

<|eot_id|><|start_header_id|>user<|end_header_id|>

You are helping analyze a negotiation conversation where two agents are discussing the allocation of resources. Each resource has exactly three units that must be divided between the two agents. The total amount of each resource allocated to both agents must add up to three. 

            Agent Preferences:
            Agent 1: High priority: firewood, Medium priority: food, Low priority: water
            Agent 2: High priority: water, Medium priority: food, Low priority: firewood

            Conversation:
            Agent 2: Hello, I want to keep 3 packages of the water and 2 packages of the food and 1 package of the fire wood , and you can keep 1 package of the food and 2 packages of the firewood., Agent 1: Could I get 1 package of the water just to be entirely safe?? I really appreciate the 2 packages of firewood as it has been very wet and rainy where I will be going.  There will be a lot of standing water, so my chances for having safe water to drink might be a little iffy., Agent 2: Well I planned on spending a few extra days here at this camping site with my family so the extra water will really come in handy for me over the next few days.  I can offer you an extra package of firewood to keep the 3 packages of water., Agent 1: That makes total sense.  I will let you keep all 3 of the water packages.  If I take the extra firewood for all 3 packages then I can probably boil a lot of the water to get the harmful bacteria out.  I really appreciate your generosity 🙂. , [Summary: user1:  
  warmth: high  
  competence: high  
  explanation: User1 demonstrates high warmth by expressing appreciation and understanding towards user2's needs. They also show high competence by negotiating effectively and considering practical solutions, such as boiling water to ensure safety.

user2:  
  warmth: high  
  competence: high  
  explanation: User2 displays high warmth by being considerate and offering a compromise to meet both parties' needs. They also exhibit high competence by clearly communicating their plans and reasoning for the distribution of resources.]

            Based on this negotiation, predict the final allocation of resources. Provide only your answer using the following format with curly braces, with no explanation:

            OUTCOME: {agent1:{food:[number], water:[number], firewood:[number]}, agent2:{food:[number], water:[number], firewood:[number]}}

            Remember: Each resource must sum to exactly 3 units across both agents.<|eot_id|>","<|begin_of_text|><|begin_of_text|><|start_header_id|>system<|end_header_id|>

Cutting Knowledge Date: December 2023
Today Date: 26 Jul 2024

<|eot_id|><|start_header_id|>user<|end_header_id|>

You are helping analyze a negotiation conversation where two agents are discussing the allocation of resources. Each resource has exactly three units that must be divided between the two agents. The total amount of each resource allocated to both agents must add up to three. 

            Agent Preferences:
            Agent 1: High priority: firewood, Medium priority: food, Low priority: water
            Agent 2: High priority: water, Medium priority: food, Low priority: firewood

            Conversation:
            Agent 2: Hello, I want to keep 3 packages of the water and 2 packages of the food and 1 package of the fire wood, and you can keep 1 package of the food and 2 packages of the firewood., Agent 1: Could I get 1 package of the water just to be entirely safe?? I really appreciate the 2 packages of firewood as it has been very wet and rainy where I will be going.  There will be a lot of standing water, so my chances for having safe water to drink might be a little iffy., Agent 2: Well I planned on spending a few extra days here at this camping site with my family so the extra water will really come in handy for me over the next few days.  I can offer you an extra package of firewood to keep the 3 packages of water., Agent 1: That makes total sense.  I will let you keep all 3 of the water packages.  If I take the extra firewood for all 3 packages then I can probably boil a lot of the water to get the harmful bacteria out.  I really appreciate your generosity 🙂., [Summary: user1:  
  warmth: high  
  competence: high  
  explanation: User1 demonstrates high warmth by expressing appreciation and understanding towards user2's needs. They also show high competence by negotiating effectively and considering practical solutions, such as boiling water to ensure safety.

user2:  
  warmth: high  
  competence: high  
  explanation: User2 displays high warmth by being considerate and offering a compromise to meet both parties' needs. They also exhibit high competence by clearly communicating their plans and reasoning for the distribution of resources.]

            Based on this negotiation, predict the final allocation of resources. Provide only your answer using the following format with curly braces, with no explanation:

            OUTCOME: {agent1:{food:[number], water:[number], firewood:[number]}, agent2:{food:[number], water:[number], firewood:[number]}}

            Remember: Each resource must sum to exactly 3 units across both agents.<|eot_id|><|begin_of_text|><|start_header_id|>system<|end_header_id|>

Cutting Knowledge Date: December 2023
Today Date: 26 Jul 2024

OUTCOME: {agent1:{food:2, water:0, firewood:3}, agent2:{food:1, water:3, firewood:0}}<|eot_id|>",1,0,2,2,3,1,2,0,3,1,3,0,14,26,23,19,81
108,5,"<|begin_of_text|><|start_header_id|>system<|end_header_id|>

Cutting Knowledge Date: December 2023
Today Date: 26 Jul 2024

<|eot_id|><|start_header_id|>user<|end_header_id|>

You are helping analyze a negotiation conversation where two agents are discussing the allocation of resources. Each resource has exactly three units that must be divided between the two agents. The total amount of each resource allocated to both agents must add up to three. 

            Agent Preferences:
            Agent 1: High priority: food, Medium priority: water, Low priority: firewood
            Agent 2: High priority: firewood, Medium priority: water, Low priority: food

            Conversation:
            Agent 1: Hello, Agent 2: Hi there!, Agent 1: Im really low in food, is it ok if I get 3 Food, 1 water & 1 firewood? What do you think?, Agent 2: With the cool weather in degrees lower than expected, my family of 7 are consuming firewood faster than expected. Thus, I would like all the firewood in exchange for the food , [Summary: user1 (mturk_agent_1):
  warmth: high
  competence: low
  explanation: User1 begins the conversation with a polite greeting and makes a request for resources in a considerate manner, indicating high warmth. However, the request lacks strategic negotiation or consideration of user2's needs, suggesting lower competence.

user2 (mturk_agent_2):
  warmth: low
  competence: high
  explanation: User2 responds with a greeting but quickly shifts to a firm negotiation stance, prioritizing their own needs over user1's, which suggests lower warmth. The detailed explanation of their situation and clear negotiation strategy indicate high competence.]

            Based on this negotiation, predict the final allocation of resources. Provide only your answer using the following format with curly braces, with no explanation:

            OUTCOME: {agent1:{food:[number], water:[number], firewood:[number]}, agent2:{food:[number], water:[number], firewood:[number]}}

            Remember: Each resource must sum to exactly 3 units across both agents.<|eot_id|>","<|begin_of_text|><|begin_of_text|><|start_header_id|>system<|end_header_id|>

Cutting Knowledge Date: December 2023
Today Date: 26 Jul 2024

<|eot_id|><|start_header_id|>user<|end_header_id|>

You are helping analyze a negotiation conversation where two agents are discussing the allocation of resources. Each resource has exactly three units that must be divided between the two agents. The total amount of each resource allocated to both agents must add up to three. 

            Agent Preferences:
            Agent 1: High priority: food, Medium priority: water, Low priority: firewood
            Agent 2: High priority: firewood, Medium priority: water, Low priority: food

            Conversation:
            Agent 1: Hello, Agent 2: Hi there!, Agent 1: Im really low in food, is it ok if I get 3 Food, 1 water & 1 firewood? What do you think?, Agent 2: With the cool weather in degrees lower than expected, my family of 7 are consuming firewood faster than expected. Thus, I would like all the firewood in exchange for the food, [Summary: user1 (mturk_agent_1):
  warmth: high
  competence: low
  explanation: User1 begins the conversation with a polite greeting and makes a request for resources in a considerate manner, indicating high warmth. However, the request lacks strategic negotiation or consideration of user2's needs, suggesting lower competence.

user2 (mturk_agent_2):
  warmth: low
  competence: high
  explanation: User2 responds with a greeting but quickly shifts to a firm negotiation stance, prioritizing their own needs over user1's, which suggests lower warmth. The detailed explanation of their situation and clear negotiation strategy indicate high competence.]

            Based on this negotiation, predict the final allocation of resources. Provide only your answer using the following format with curly braces, with no explanation:

            OUTCOME: {agent1:{food:[number], water:[number], firewood:[number]}, agent2:{food:[number], water:[number], firewood:[number]}}

            Remember: Each resource must sum to exactly 3 units across both agents.<|eot_id|><|begin_of_text|><|start_header_id|>system<|end_header_id|>

Cutting Knowledge Date: December 2023
Today Date: 26 Jul 2024

Outcome: {agent1:{food:3, water:1, firewood:0}, agent2:{food:0, water:2, firewood:3}}<|eot_id|>",3,2,0,0,1,3,3,1,0,0,2,3,23,19,19,23,16
115,5,"<|begin_of_text|><|start_header_id|>system<|end_header_id|>

Cutting Knowledge Date: December 2023
Today Date: 26 Jul 2024

<|eot_id|><|start_header_id|>user<|end_header_id|>

You are helping analyze a negotiation conversation where two agents are discussing the allocation of resources. Each resource has exactly three units that must be divided between the two agents. The total amount of each resource allocated to both agents must add up to three. 

            Agent Preferences:
            Agent 1: High priority: firewood, Medium priority: food, Low priority: water
            Agent 2: High priority: firewood, Medium priority: water, Low priority: food

            Conversation:
            Agent 1: Hi!  The weather is going to be a lot colder than I anticipated, so I need extra firewood.  Would you be willing to give some to me?, Agent 2: Sure, but I need 2 packs of firewood and 2 packs of food and water, Agent 1: That doesn't really sound fair to me ☹️ , [Summary: user1:
  warmth: high
  competence: high
  explanation: User1 initiates the conversation with a friendly greeting and a polite request, indicating high warmth. They also express their needs clearly and respond thoughtfully to user2's proposal, suggesting high competence.

user2:
  warmth: low
  competence: high
  explanation: User2 responds with a transactional offer rather than a friendly reply, indicating low warmth. However, they clearly articulate their conditions for the exchange, demonstrating high competence.]

            Based on this negotiation, predict the final allocation of resources. Provide only your answer using the following format with curly braces, with no explanation:

            OUTCOME: {agent1:{food:[number], water:[number], firewood:[number]}, agent2:{food:[number], water:[number], firewood:[number]}}

            Remember: Each resource must sum to exactly 3 units across both agents.<|eot_id|>","<|begin_of_text|><|begin_of_text|><|start_header_id|>system<|end_header_id|>

Cutting Knowledge Date: December 2023
Today Date: 26 Jul 2024

<|eot_id|><|start_header_id|>user<|end_header_id|>

You are helping analyze a negotiation conversation where two agents are discussing the allocation of resources. Each resource has exactly three units that must be divided between the two agents. The total amount of each resource allocated to both agents must add up to three. 

            Agent Preferences:
            Agent 1: High priority: firewood, Medium priority: food, Low priority: water
            Agent 2: High priority: firewood, Medium priority: water, Low priority: food

            Conversation:
            Agent 1: Hi!  The weather is going to be a lot colder than I anticipated, so I need extra firewood.  Would you be willing to give some to me?, Agent 2: Sure, but I need 2 packs of firewood and 2 packs of food and water, Agent 1: That doesn't really sound fair to me ☹️, [Summary: user1:
  warmth: high
  competence: high
  explanation: User1 initiates the conversation with a friendly greeting and a polite request, indicating high warmth. They also express their needs clearly and respond thoughtfully to user2's proposal, suggesting high competence.

user2:
  warmth: low
  competence: high
  explanation: User2 responds with a transactional offer rather than a friendly reply, indicating low warmth. However, they clearly articulate their conditions for the exchange, demonstrating high competence.]

            Based on this negotiation, predict the final allocation of resources. Provide only your answer using the following format with curly braces, with no explanation:

            OUTCOME: {agent1:{food:[number], water:[number], firewood:[number]}, agent2:{food:[number], water:[number], firewood:[number]}}

            Remember: Each resource must sum to exactly 3 units across both agents.<|eot_id|><|begin_of_text|><|start_header_id|>system<|end_header_id|>

Cutting Knowledge Date: December 2023
Today Date: 26 Jul 2024

OUTCOME: {agent1:{food:3, water:1, firewood:1}, agent2:{food:0, water:2, firewood:2}}<|eot_id|>",1,2,2,2,1,1,3,1,1,0,2,2,20,15,20,18,0
125,5,"<|begin_of_text|><|start_header_id|>system<|end_header_id|>

Cutting Knowledge Date: December 2023
Today Date: 26 Jul 2024

<|eot_id|><|start_header_id|>user<|end_header_id|>

You are helping analyze a negotiation conversation where two agents are discussing the allocation of resources. Each resource has exactly three units that must be divided between the two agents. The total amount of each resource allocated to both agents must add up to three. 

            Agent Preferences:
            Agent 1: High priority: food, Medium priority: firewood, Low priority: water
            Agent 2: High priority: firewood, Medium priority: food, Low priority: water

            Conversation:
            Agent 1: Hello, How is your camping experience so far 🙂, Agent 2: It's going well.  🙂  How is yours?, Agent 1: It was going great until a bear came and took all of our food 😮 , [Summary: user1 (mturk_agent_1):  
  warmth: high  
  competence: high  
  explanation: User1 initiates the conversation with a friendly greeting and emoji, indicating high warmth. They also share a specific incident about a bear, suggesting they are competent in communicating their experience clearly.

user2 (mturk_agent_2):  
  warmth: high  
  competence: high  
  explanation: User2 responds positively with a smiley emoji, reflecting high warmth. They also effectively reciprocate the question about the camping experience, demonstrating high competence in maintaining the conversation flow.]

            Based on this negotiation, predict the final allocation of resources. Provide only your answer using the following format with curly braces, with no explanation:

            OUTCOME: {agent1:{food:[number], water:[number], firewood:[number]}, agent2:{food:[number], water:[number], firewood:[number]}}

            Remember: Each resource must sum to exactly 3 units across both agents.<|eot_id|>","<|begin_of_text|><|begin_of_text|><|start_header_id|>system<|end_header_id|>

Cutting Knowledge Date: December 2023
Today Date: 26 Jul 2024

<|eot_id|><|start_header_id|>user<|end_header_id|>

You are helping analyze a negotiation conversation where two agents are discussing the allocation of resources. Each resource has exactly three units that must be divided between the two agents. The total amount of each resource allocated to both agents must add up to three. 

            Agent Preferences:
            Agent 1: High priority: food, Medium priority: firewood, Low priority: water
            Agent 2: High priority: firewood, Medium priority: food, Low priority: water

            Conversation:
            Agent 1: Hello, How is your camping experience so far 🙂, Agent 2: It's going well.  🙂  How is yours?, Agent 1: It was going great until a bear came and took all of our food 😮, [Summary: user1 (mturk_agent_1):  
  warmth: high  
  competence: high  
  explanation: User1 initiates the conversation with a friendly greeting and emoji, indicating high warmth. They also share a specific incident about a bear, suggesting they are competent in communicating their experience clearly.

user2 (mturk_agent_2):  
  warmth: high  
  competence: high  
  explanation: User2 responds positively with a smiley emoji, reflecting high warmth. They also effectively reciprocate the question about the camping experience, demonstrating high competence in maintaining the conversation flow.]

            Based on this negotiation, predict the final allocation of resources. Provide only your answer using the following format with curly braces, with no explanation:

            OUTCOME: {agent1:{food:[number], water:[number], firewood:[number]}, agent2:{food:[number], water:[number], firewood:[number]}}

            Remember: Each resource must sum to exactly 3 units across both agents.<|eot_id|><|begin_of_text|><|start_header_id|>system<|end_header_id|>

Cutting Knowledge Date: December 2023
Today Date: 26 Jul 2024

OUTCOME: {agent1:{food:3, water:1, firewood:0}, agent2:{food:0, water:2, firewood:3}}<|eot_id|>",2,1,2,1,2,1,3,1,0,0,2,3,21,15,18,21,9
127,5,"<|begin_of_text|><|start_header_id|>system<|end_header_id|>

Cutting Knowledge Date: December 2023
Today Date: 26 Jul 2024

<|eot_id|><|start_header_id|>user<|end_header_id|>

You are helping analyze a negotiation conversation where two agents are discussing the allocation of resources. Each resource has exactly three units that must be divided between the two agents. The total amount of each resource allocated to both agents must add up to three. 

            Agent Preferences:
            Agent 1: High priority: food, Medium priority: water, Low priority: firewood
            Agent 2: High priority: food, Medium priority: water, Low priority: firewood

            Conversation:
            Agent 2: Hello, great to see a fellow camper.  Planing on doing any hikes.  My family and mother-in-law are down getting some new trail maps.  We are looking forward to the long camping weekend.  Our bad luck was the airline loss two of our bags that had our food and water.  So i am hoping to get some more.🙂, Agent 1: Hello! Thats terrible that the airline lost your bags! I'm planning on have a large group of friends with me so we need lots of snacks with us. We are scared of fires so we don't want to make campfires., Agent 2: Well maybe we can work something out between us.  Our food and water was in the bags they loss so I really need those.  Do you think you could make do with 1 food and some water?, Agent 1: I really need 2 foods. I can do with 1 water or if you are in a giving mood then maybe I can have 2 waters? 🙂, Agent 2: Looks like we both really need the food.  If you get 2 food I would need 1 food, 2 water and 3 firewood. , [Summary: user1:
  warmth: high
  competence: high
  explanation: User1 expresses empathy and understanding towards user2's situation by acknowledging the inconvenience of lost bags. They also engage in negotiation, indicating a willingness to collaborate and find a mutually beneficial solution, which demonstrates competence.

user2:
  warmth: high
  competence: high
  explanation: User2 initiates the conversation with a friendly tone and shares personal experiences, indicating openness and warmth. They propose a solution to the shared problem and negotiate resource distribution, reflecting competence in problem-solving and communication.]

            Based on this negotiation, predict the final allocation of resources. Provide only your answer using the following format with curly braces, with no explanation:

            OUTCOME: {agent1:{food:[number], water:[number], firewood:[number]}, agent2:{food:[number], water:[number], firewood:[number]}}

            Remember: Each resource must sum to exactly 3 units across both agents.<|eot_id|>","<|begin_of_text|><|begin_of_text|><|start_header_id|>system<|end_header_id|>

Cutting Knowledge Date: December 2023
Today Date: 26 Jul 2024

<|eot_id|><|start_header_id|>user<|end_header_id|>

You are helping analyze a negotiation conversation where two agents are discussing the allocation of resources. Each resource has exactly three units that must be divided between the two agents. The total amount of each resource allocated to both agents must add up to three. 

            Agent Preferences:
            Agent 1: High priority: food, Medium priority: water, Low priority: firewood
            Agent 2: High priority: food, Medium priority: water, Low priority: firewood

            Conversation:
            Agent 2: Hello, great to see a fellow camper.  Planing on doing any hikes.  My family and mother-in-law are down getting some new trail maps.  We are looking forward to the long camping weekend.  Our bad luck was the airline loss two of our bags that had our food and water.  So i am hoping to get some more.🙂, Agent 1: Hello! Thats terrible that the airline lost your bags! I'm planning on have a large group of friends with me so we need lots of snacks with us. We are scared of fires so we don't want to make campfires., Agent 2: Well maybe we can work something out between us.  Our food and water was in the bags they loss so I really need those.  Do you think you could make do with 1 food and some water?, Agent 1: I really need 2 foods. I can do with 1 water or if you are in a giving mood then maybe I can have 2 waters? 🙂, Agent 2: Looks like we both really need the food.  If you get 2 food I would need 1 food, 2 water and 3 firewood., [Summary: user1:
  warmth: high
  competence: high
  explanation: User1 expresses empathy and understanding towards user2's situation by acknowledging the inconvenience of lost bags. They also engage in negotiation, indicating a willingness to collaborate and find a mutually beneficial solution, which demonstrates competence.

user2:
  warmth: high
  competence: high
  explanation: User2 initiates the conversation with a friendly tone and shares personal experiences, indicating openness and warmth. They propose a solution to the shared problem and negotiate resource distribution, reflecting competence in problem-solving and communication.]

            Based on this negotiation, predict the final allocation of resources. Provide only your answer using the following format with curly braces, with no explanation:

            OUTCOME: {agent1:{food:[number], water:[number], firewood:[number]}, agent2:{food:[number], water:[number], firewood:[number]}}

            Remember: Each resource must sum to exactly 3 units across both agents.<|eot_id|><|begin_of_text|><|start_header_id|>system<|end_header_id|>

Cutting Knowledge Date: December 2023
Today Date: 26 Jul 2024

OUTCOME: {agent1:{food:2, water:1, firewood:0}, agent2:{food:1, water:2, firewood:3}}<|eot_id|>",2,1,1,1,2,2,2,1,0,1,2,3,17,19,14,22,9
139,5,"<|begin_of_text|><|start_header_id|>system<|end_header_id|>

Cutting Knowledge Date: December 2023
Today Date: 26 Jul 2024

<|eot_id|><|start_header_id|>user<|end_header_id|>

You are helping analyze a negotiation conversation where two agents are discussing the allocation of resources. Each resource has exactly three units that must be divided between the two agents. The total amount of each resource allocated to both agents must add up to three. 

            Agent Preferences:
            Agent 1: High priority: water, Medium priority: food, Low priority: firewood
            Agent 2: High priority: food, Medium priority: firewood, Low priority: water

            Conversation:
            Agent 1: Hi, I hope we can work together to get an offer that benefits both of us.🙂, Agent 2: I agree! Nice to meet you... I have two boys who always eat! Any chance I canget 2 food?, Agent 1: Food is the item of greatest value to you? , [Summary: user1:
  warmth: high
  competence: high
  explanation: User1 initiates the conversation with a friendly greeting and expresses a desire for mutual benefit, indicating high warmth. Their language is clear and purposeful, suggesting high competence.

user2:
  warmth: high
  competence: low
  explanation: User2 responds positively and shares personal information, enhancing warmth. However, their message contains a typographical error (""canget""), which may suggest lower competence in communication.]

            Based on this negotiation, predict the final allocation of resources. Provide only your answer using the following format with curly braces, with no explanation:

            OUTCOME: {agent1:{food:[number], water:[number], firewood:[number]}, agent2:{food:[number], water:[number], firewood:[number]}}

            Remember: Each resource must sum to exactly 3 units across both agents.<|eot_id|>","<|begin_of_text|><|begin_of_text|><|start_header_id|>system<|end_header_id|>

Cutting Knowledge Date: December 2023
Today Date: 26 Jul 2024

<|eot_id|><|start_header_id|>user<|end_header_id|>

You are helping analyze a negotiation conversation where two agents are discussing the allocation of resources. Each resource has exactly three units that must be divided between the two agents. The total amount of each resource allocated to both agents must add up to three. 

            Agent Preferences:
            Agent 1: High priority: water, Medium priority: food, Low priority: firewood
            Agent 2: High priority: food, Medium priority: firewood, Low priority: water

            Conversation:
            Agent 1: Hi, I hope we can work together to get an offer that benefits both of us.🙂, Agent 2: I agree! Nice to meet you... I have two boys who always eat! Any chance I canget 2 food?, Agent 1: Food is the item of greatest value to you?, [Summary: user1:
  warmth: high
  competence: high
  explanation: User1 initiates the conversation with a friendly greeting and expresses a desire for mutual benefit, indicating high warmth. Their language is clear and purposeful, suggesting high competence.

user2:
  warmth: high
  competence: low
  explanation: User2 responds positively and shares personal information, enhancing warmth. However, their message contains a typographical error (""canget""), which may suggest lower competence in communication.]

            Based on this negotiation, predict the final allocation of resources. Provide only your answer using the following format with curly braces, with no explanation:

            OUTCOME: {agent1:{food:[number], water:[number], firewood:[number]}, agent2:{food:[number], water:[number], firewood:[number]}}

            Remember: Each resource must sum to exactly 3 units across both agents.<|eot_id|><|begin_of_text|><|start_header_id|>system<|end_header_id|>

Cutting Knowledge Date: December 2023
Today Date: 26 Jul 2024

OUTCOME: {agent1:{food:1, water:3, firewood:0}, agent2:{food:2, water:0, firewood:3}}<|eot_id|>",1,2,2,2,1,1,1,3,0,2,0,3,20,17,19,22,1
148,5,"<|begin_of_text|><|start_header_id|>system<|end_header_id|>

Cutting Knowledge Date: December 2023
Today Date: 26 Jul 2024

<|eot_id|><|start_header_id|>user<|end_header_id|>

You are helping analyze a negotiation conversation where two agents are discussing the allocation of resources. Each resource has exactly three units that must be divided between the two agents. The total amount of each resource allocated to both agents must add up to three. 

            Agent Preferences:
            Agent 1: High priority: firewood, Medium priority: food, Low priority: water
            Agent 2: High priority: firewood, Medium priority: food, Low priority: water

            Conversation:
            Agent 1: Hello, how are you?, Agent 2: Hello, I am doing well, I am excited about my upcoming camping trip, how are you ?, Agent 1: I good thank you.  Yes, I am excited about this trip but I have been worrying about how I can get more firewood.  A raccoon came and stole mine this morning from the campsite.  So would it be alright if I kept all 3 firewoods? , [Summary: user1:
  warmth: high
  competence: low
  explanation: User1 initiates the conversation with a friendly greeting, indicating high warmth. However, their response contains grammatical errors and lacks clarity, suggesting low competence.

user2:
  warmth: high
  competence: high
  explanation: User2 responds positively and shares personal excitement, demonstrating high warmth. They communicate clearly and expressively, indicating high competence.]

            Based on this negotiation, predict the final allocation of resources. Provide only your answer using the following format with curly braces, with no explanation:

            OUTCOME: {agent1:{food:[number], water:[number], firewood:[number]}, agent2:{food:[number], water:[number], firewood:[number]}}

            Remember: Each resource must sum to exactly 3 units across both agents.<|eot_id|>","<|begin_of_text|><|begin_of_text|><|start_header_id|>system<|end_header_id|>

Cutting Knowledge Date: December 2023
Today Date: 26 Jul 2024

<|eot_id|><|start_header_id|>user<|end_header_id|>

You are helping analyze a negotiation conversation where two agents are discussing the allocation of resources. Each resource has exactly three units that must be divided between the two agents. The total amount of each resource allocated to both agents must add up to three. 

            Agent Preferences:
            Agent 1: High priority: firewood, Medium priority: food, Low priority: water
            Agent 2: High priority: firewood, Medium priority: food, Low priority: water

            Conversation:
            Agent 1: Hello, how are you?, Agent 2: Hello, I am doing well, I am excited about my upcoming camping trip, how are you?, Agent 1: I good thank you.  Yes, I am excited about this trip but I have been worrying about how I can get more firewood.  A raccoon came and stole mine this morning from the campsite.  So would it be alright if I kept all 3 firewoods?, [Summary: user1:
  warmth: high
  competence: low
  explanation: User1 initiates the conversation with a friendly greeting, indicating high warmth. However, their response contains grammatical errors and lacks clarity, suggesting low competence.

user2:
  warmth: high
  competence: high
  explanation: User2 responds positively and shares personal excitement, demonstrating high warmth. They communicate clearly and expressively, indicating high competence.]

            Based on this negotiation, predict the final allocation of resources. Provide only your answer using the following format with curly braces, with no explanation:

            OUTCOME: {agent1:{food:[number], water:[number], firewood:[number]}, agent2:{food:[number], water:[number], firewood:[number]}}

            Remember: Each resource must sum to exactly 3 units across both agents.<|eot_id|><|begin_of_text|><|start_header_id|>system<|end_header_id|>

Cutting Knowledge Date: December 2023
Today Date: 26 Jul 2024

OUTCOME: {agent1:{food:3, water:2, firewood:0}, agent2:{food:0, water:1, firewood:3}}<|eot_id|>",2,2,1,1,1,2,3,2,0,0,1,3,19,17,18,18,1
149,5,"<|begin_of_text|><|start_header_id|>system<|end_header_id|>

Cutting Knowledge Date: December 2023
Today Date: 26 Jul 2024

<|eot_id|><|start_header_id|>user<|end_header_id|>

You are helping analyze a negotiation conversation where two agents are discussing the allocation of resources. Each resource has exactly three units that must be divided between the two agents. The total amount of each resource allocated to both agents must add up to three. 

            Agent Preferences:
            Agent 1: High priority: water, Medium priority: food, Low priority: firewood
            Agent 2: High priority: water, Medium priority: food, Low priority: firewood

            Conversation:
            Agent 1: Hi! I'm really hoping to get a lot of water. I love outdoor activities like hiking and kayaking so I'll need to stay hydrated on the trip., Agent 2: Hi! I really need water also. I'm trying out a few new recipes, and they call for a lot of water., Agent 1: Okay, maybe we can split the water and then divy up the rest. What else are you interested in? , [Summary: user1:
  warmth: high
  competence: high
  explanation: User1 demonstrates high warmth by expressing enthusiasm and a willingness to collaborate on resource distribution. Their competence is high as they propose a practical solution to share resources and inquire about further interests, indicating effective communication and problem-solving skills.

user2:
  warmth: high
  competence: high
  explanation: User2 exhibits high warmth by politely expressing their needs and engaging in the conversation. Their competence is high as they clearly articulate their requirements for water, showing an understanding of their needs and contributing to the negotiation process.]

            Based on this negotiation, predict the final allocation of resources. Provide only your answer using the following format with curly braces, with no explanation:

            OUTCOME: {agent1:{food:[number], water:[number], firewood:[number]}, agent2:{food:[number], water:[number], firewood:[number]}}

            Remember: Each resource must sum to exactly 3 units across both agents.<|eot_id|>","<|begin_of_text|><|begin_of_text|><|start_header_id|>system<|end_header_id|>

Cutting Knowledge Date: December 2023
Today Date: 26 Jul 2024

<|eot_id|><|start_header_id|>user<|end_header_id|>

You are helping analyze a negotiation conversation where two agents are discussing the allocation of resources. Each resource has exactly three units that must be divided between the two agents. The total amount of each resource allocated to both agents must add up to three. 

            Agent Preferences:
            Agent 1: High priority: water, Medium priority: food, Low priority: firewood
            Agent 2: High priority: water, Medium priority: food, Low priority: firewood

            Conversation:
            Agent 1: Hi! I'm really hoping to get a lot of water. I love outdoor activities like hiking and kayaking so I'll need to stay hydrated on the trip., Agent 2: Hi! I really need water also. I'm trying out a few new recipes, and they call for a lot of water., Agent 1: Okay, maybe we can split the water and then divy up the rest. What else are you interested in?, [Summary: user1:
  warmth: high
  competence: high
  explanation: User1 demonstrates high warmth by expressing enthusiasm and a willingness to collaborate on resource distribution. Their competence is high as they propose a practical solution to share resources and inquire about further interests, indicating effective communication and problem-solving skills.

user2:
  warmth: high
  competence: high
  explanation: User2 exhibits high warmth by politely expressing their needs and engaging in the conversation. Their competence is high as they clearly articulate their requirements for water, showing an understanding of their needs and contributing to the negotiation process.]

            Based on this negotiation, predict the final allocation of resources. Provide only your answer using the following format with curly braces, with no explanation:

            OUTCOME: {agent1:{food:[number], water:[number], firewood:[number]}, agent2:{food:[number], water:[number], firewood:[number]}}

            Remember: Each resource must sum to exactly 3 units across both agents.<|eot_id|><|begin_of_text|><|start_header_id|>system<|end_header_id|>

Cutting Knowledge Date: December 2023
Today Date: 26 Jul 2024

OUTCOME: {agent1:{food:1, water:2, firewood:1}, agent2:{food:2, water:1, firewood:2}}<|eot_id|>",1,2,1,2,1,2,1,2,1,2,1,2,17,19,17,19,0
150,5,"<|begin_of_text|><|start_header_id|>system<|end_header_id|>

Cutting Knowledge Date: December 2023
Today Date: 26 Jul 2024

<|eot_id|><|start_header_id|>user<|end_header_id|>

You are helping analyze a negotiation conversation where two agents are discussing the allocation of resources. Each resource has exactly three units that must be divided between the two agents. The total amount of each resource allocated to both agents must add up to three. 

            Agent Preferences:
            Agent 1: High priority: water, Medium priority: food, Low priority: firewood
            Agent 2: High priority: water, Medium priority: food, Low priority: firewood

            Conversation:
            Agent 1: Hello!  I'm looking forward to a big camping trip I've been planning for a long time this weekend.  How about you? Do you have any plans?, Agent 2: Me too!!! I love camping! All that activity gets me wanting to indulge on snacks and then water to quench my thirst!, Agent 1: Same here.  It looks like we both can use some water and snacks.  Do you have any preferences of how much you will need?  I was hoping to get 2 or 3 waters and 1 or 2 foods? , [Summary: user1:
  warmth: high
  competence: high
  explanation: User1 initiates the conversation with enthusiasm and shares personal plans, indicating high warmth. They engage in planning and ask thoughtful questions about resources, demonstrating high competence.

user2:
  warmth: high
  competence: high
  explanation: User2 responds with enthusiasm and shares a personal interest, showing high warmth. They express understanding of the situation and contribute to the conversation with relevant details, indicating high competence.]

            Based on this negotiation, predict the final allocation of resources. Provide only your answer using the following format with curly braces, with no explanation:

            OUTCOME: {agent1:{food:[number], water:[number], firewood:[number]}, agent2:{food:[number], water:[number], firewood:[number]}}

            Remember: Each resource must sum to exactly 3 units across both agents.<|eot_id|>","<|begin_of_text|><|begin_of_text|><|start_header_id|>system<|end_header_id|>

Cutting Knowledge Date: December 2023
Today Date: 26 Jul 2024

<|eot_id|><|start_header_id|>user<|end_header_id|>

You are helping analyze a negotiation conversation where two agents are discussing the allocation of resources. Each resource has exactly three units that must be divided between the two agents. The total amount of each resource allocated to both agents must add up to three. 

            Agent Preferences:
            Agent 1: High priority: water, Medium priority: food, Low priority: firewood
            Agent 2: High priority: water, Medium priority: food, Low priority: firewood

            Conversation:
            Agent 1: Hello!  I'm looking forward to a big camping trip I've been planning for a long time this weekend.  How about you? Do you have any plans?, Agent 2: Me too!!! I love camping! All that activity gets me wanting to indulge on snacks and then water to quench my thirst!, Agent 1: Same here.  It looks like we both can use some water and snacks.  Do you have any preferences of how much you will need?  I was hoping to get 2 or 3 waters and 1 or 2 foods?, [Summary: user1:
  warmth: high
  competence: high
  explanation: User1 initiates the conversation with enthusiasm and shares personal plans, indicating high warmth. They engage in planning and ask thoughtful questions about resources, demonstrating high competence.

user2:
  warmth: high
  competence: high
  explanation: User2 responds with enthusiasm and shares a personal interest, showing high warmth. They express understanding of the situation and contribute to the conversation with relevant details, indicating high competence.]

            Based on this negotiation, predict the final allocation of resources. Provide only your answer using the following format with curly braces, with no explanation:

            OUTCOME: {agent1:{food:[number], water:[number], firewood:[number]}, agent2:{food:[number], water:[number], firewood:[number]}}

            Remember: Each resource must sum to exactly 3 units across both agents.<|eot_id|><|begin_of_text|><|start_header_id|>system<|end_header_id|>

Cutting Knowledge Date: December 2023
Today Date: 26 Jul 2024

OUTCOME: {agent1:{food:1, water:2, firewood:2}, agent2:{food:2, water:1, firewood:1}}<|eot_id|>",1,2,1,2,1,2,1,2,2,2,1,1,17,19,20,16,9
159,5,"<|begin_of_text|><|start_header_id|>system<|end_header_id|>

Cutting Knowledge Date: December 2023
Today Date: 26 Jul 2024

<|eot_id|><|start_header_id|>user<|end_header_id|>

You are helping analyze a negotiation conversation where two agents are discussing the allocation of resources. Each resource has exactly three units that must be divided between the two agents. The total amount of each resource allocated to both agents must add up to three. 

            Agent Preferences:
            Agent 1: High priority: food, Medium priority: water, Low priority: firewood
            Agent 2: High priority: water, Medium priority: food, Low priority: firewood

            Conversation:
            Agent 2: Hello! I'm so excited for this camping trip. What do you still need as your supplies?, Agent 1: I think food, water, and firewood are all going to be fairly important., Agent 2: I agree. I have diabetes, so water and food are super important to me. My diabetes makes me super thirsty and I have to make sure I keep my blood sugar under control with certain foods ☹️, Agent 1: I can definitely relate to that, I have family members with type 2 so I know how bad that can get, Agent 2: Yes definitely! It is a pain for sure, but I love camping so I still want to go! I just have to make sure I have all the supplies I need. , [Summary: user1:
  warmth: high
  competence: high
  explanation: User1 shows empathy and understanding towards user2's condition, indicating high warmth. They also demonstrate competence by acknowledging the importance of essential supplies, suggesting they are well-prepared and knowledgeable about camping needs.

user2:
  warmth: high
  competence: high
  explanation: User2 expresses excitement and shares personal information about managing diabetes, which fosters a warm, open interaction. Their awareness of their specific needs for the trip, like food and water, indicates high competence in managing their condition and preparing for the camping trip.]

            Based on this negotiation, predict the final allocation of resources. Provide only your answer using the following format with curly braces, with no explanation:

            OUTCOME: {agent1:{food:[number], water:[number], firewood:[number]}, agent2:{food:[number], water:[number], firewood:[number]}}

            Remember: Each resource must sum to exactly 3 units across both agents.<|eot_id|>","<|begin_of_text|><|begin_of_text|><|start_header_id|>system<|end_header_id|>

Cutting Knowledge Date: December 2023
Today Date: 26 Jul 2024

<|eot_id|><|start_header_id|>user<|end_header_id|>

You are helping analyze a negotiation conversation where two agents are discussing the allocation of resources. Each resource has exactly three units that must be divided between the two agents. The total amount of each resource allocated to both agents must add up to three. 

            Agent Preferences:
            Agent 1: High priority: food, Medium priority: water, Low priority: firewood
            Agent 2: High priority: water, Medium priority: food, Low priority: firewood

            Conversation:
            Agent 2: Hello! I'm so excited for this camping trip. What do you still need as your supplies?, Agent 1: I think food, water, and firewood are all going to be fairly important., Agent 2: I agree. I have diabetes, so water and food are super important to me. My diabetes makes me super thirsty and I have to make sure I keep my blood sugar under control with certain foods ☹️, Agent 1: I can definitely relate to that, I have family members with type 2 so I know how bad that can get, Agent 2: Yes definitely! It is a pain for sure, but I love camping so I still want to go! I just have to make sure I have all the supplies I need., [Summary: user1:
  warmth: high
  competence: high
  explanation: User1 shows empathy and understanding towards user2's condition, indicating high warmth. They also demonstrate competence by acknowledging the importance of essential supplies, suggesting they are well-prepared and knowledgeable about camping needs.

user2:
  warmth: high
  competence: high
  explanation: User2 expresses excitement and shares personal information about managing diabetes, which fosters a warm, open interaction. Their awareness of their specific needs for the trip, like food and water, indicates high competence in managing their condition and preparing for the camping trip.]

            Based on this negotiation, predict the final allocation of resources. Provide only your answer using the following format with curly braces, with no explanation:

            OUTCOME: {agent1:{food:[number], water:[number], firewood:[number]}, agent2:{food:[number], water:[number], firewood:[number]}}

            Remember: Each resource must sum to exactly 3 units across both agents.<|eot_id|><|begin_of_text|><|start_header_id|>system<|end_header_id|>

Cutting Knowledge Date: December 2023
Today Date: 26 Jul 2024

OUTCOME: {agent1:{food:2, water:1, firewood:1}, agent2:{food:1, water:2, firewood:2}}<|eot_id|>",2,0,3,1,3,0,2,1,1,1,2,2,19,19,17,20,4
161,5,"<|begin_of_text|><|start_header_id|>system<|end_header_id|>

Cutting Knowledge Date: December 2023
Today Date: 26 Jul 2024

<|eot_id|><|start_header_id|>user<|end_header_id|>

You are helping analyze a negotiation conversation where two agents are discussing the allocation of resources. Each resource has exactly three units that must be divided between the two agents. The total amount of each resource allocated to both agents must add up to three. 

            Agent Preferences:
            Agent 1: High priority: water, Medium priority: food, Low priority: firewood
            Agent 2: High priority: food, Medium priority: water, Low priority: firewood

            Conversation:
            Agent 1: Looking forward to the trip.  They gave up the bare essentials but I could really use some extra supplies.🙂, Agent 2: I could too, I am a little short on a few things!, Agent 1: My biggest concern is water.  I could really use more.  That and some extra food. , [Summary: user1:
  warmth: high
  competence: high
  explanation: User1 expresses enthusiasm and shares personal concerns, indicating openness and friendliness. Their acknowledgment of essential needs and planning for the trip reflects competence.

user2:
  warmth: high
  competence: high
  explanation: User2 agrees and shares a similar concern, showing empathy and camaraderie. Their acknowledgment of being short on supplies suggests awareness and practical understanding, indicating competence.]

            Based on this negotiation, predict the final allocation of resources. Provide only your answer using the following format with curly braces, with no explanation:

            OUTCOME: {agent1:{food:[number], water:[number], firewood:[number]}, agent2:{food:[number], water:[number], firewood:[number]}}

            Remember: Each resource must sum to exactly 3 units across both agents.<|eot_id|>","<|begin_of_text|><|begin_of_text|><|start_header_id|>system<|end_header_id|>

Cutting Knowledge Date: December 2023
Today Date: 26 Jul 2024

<|eot_id|><|start_header_id|>user<|end_header_id|>

You are helping analyze a negotiation conversation where two agents are discussing the allocation of resources. Each resource has exactly three units that must be divided between the two agents. The total amount of each resource allocated to both agents must add up to three. 

            Agent Preferences:
            Agent 1: High priority: water, Medium priority: food, Low priority: firewood
            Agent 2: High priority: food, Medium priority: water, Low priority: firewood

            Conversation:
            Agent 1: Looking forward to the trip.  They gave up the bare essentials but I could really use some extra supplies.🙂, Agent 2: I could too, I am a little short on a few things!, Agent 1: My biggest concern is water.  I could really use more.  That and some extra food., [Summary: user1:
  warmth: high
  competence: high
  explanation: User1 expresses enthusiasm and shares personal concerns, indicating openness and friendliness. Their acknowledgment of essential needs and planning for the trip reflects competence.

user2:
  warmth: high
  competence: high
  explanation: User2 agrees and shares a similar concern, showing empathy and camaraderie. Their acknowledgment of being short on supplies suggests awareness and practical understanding, indicating competence.]

            Based on this negotiation, predict the final allocation of resources. Provide only your answer using the following format with curly braces, with no explanation:

            OUTCOME: {agent1:{food:[number], water:[number], firewood:[number]}, agent2:{food:[number], water:[number], firewood:[number]}}

            Remember: Each resource must sum to exactly 3 units across both agents.<|eot_id|><|begin_of_text|><|start_header_id|>system<|end_header_id|>

Cutting Knowledge Date: December 2023
Today Date: 26 Jul 2024

OUTCOME: {agent1:{food:0, water:2, firewood:2}, agent2:{food:3, water:1, firewood:1}}<|eot_id|>",1,2,2,2,1,1,0,2,2,3,1,1,20,17,16,22,16
174,5,"<|begin_of_text|><|start_header_id|>system<|end_header_id|>

Cutting Knowledge Date: December 2023
Today Date: 26 Jul 2024

<|eot_id|><|start_header_id|>user<|end_header_id|>

You are helping analyze a negotiation conversation where two agents are discussing the allocation of resources. Each resource has exactly three units that must be divided between the two agents. The total amount of each resource allocated to both agents must add up to three. 

            Agent Preferences:
            Agent 1: High priority: water, Medium priority: firewood, Low priority: food
            Agent 2: High priority: firewood, Medium priority: water, Low priority: food

            Conversation:
            Agent 1: How do you feel about giving me 3 of the waters, 2 of the firewoods and just 1 of the food items?🙂, Agent 2: Hello! I am happy to give you two of the waters and one of the fire wood. Would that work for you?, Agent 1: I could go for 2 of the waters-I get dehydrated easily so must have those. Would you consider 2 waters and 1 firewood?🙂 , [Summary: user1:
  warmth: high
  competence: high
  explanation: User1 demonstrates high warmth through polite language and the use of emojis, indicating friendliness. Their competence is high as they clearly articulate their needs and propose a specific trade, showing negotiation skills.

user2:
  warmth: high
  competence: high
  explanation: User2 displays high warmth by greeting user1 and expressing willingness to negotiate. Their competence is high as they offer a counter-proposal and engage in the negotiation process effectively, demonstrating understanding and adaptability.]

            Based on this negotiation, predict the final allocation of resources. Provide only your answer using the following format with curly braces, with no explanation:

            OUTCOME: {agent1:{food:[number], water:[number], firewood:[number]}, agent2:{food:[number], water:[number], firewood:[number]}}

            Remember: Each resource must sum to exactly 3 units across both agents.<|eot_id|>","<|begin_of_text|><|begin_of_text|><|start_header_id|>system<|end_header_id|>

Cutting Knowledge Date: December 2023
Today Date: 26 Jul 2024

<|eot_id|><|start_header_id|>user<|end_header_id|>

You are helping analyze a negotiation conversation where two agents are discussing the allocation of resources. Each resource has exactly three units that must be divided between the two agents. The total amount of each resource allocated to both agents must add up to three. 

            Agent Preferences:
            Agent 1: High priority: water, Medium priority: firewood, Low priority: food
            Agent 2: High priority: firewood, Medium priority: water, Low priority: food

            Conversation:
            Agent 1: How do you feel about giving me 3 of the waters, 2 of the firewoods and just 1 of the food items?🙂, Agent 2: Hello! I am happy to give you two of the waters and one of the fire wood. Would that work for you?, Agent 1: I could go for 2 of the waters-I get dehydrated easily so must have those. Would you consider 2 waters and 1 firewood?🙂, [Summary: user1:
  warmth: high
  competence: high
  explanation: User1 demonstrates high warmth through polite language and the use of emojis, indicating friendliness. Their competence is high as they clearly articulate their needs and propose a specific trade, showing negotiation skills.

user2:
  warmth: high
  competence: high
  explanation: User2 displays high warmth by greeting user1 and expressing willingness to negotiate. Their competence is high as they offer a counter-proposal and engage in the negotiation process effectively, demonstrating understanding and adaptability.]

            Based on this negotiation, predict the final allocation of resources. Provide only your answer using the following format with curly braces, with no explanation:

            OUTCOME: {agent1:{food:[number], water:[number], firewood:[number]}, agent2:{food:[number], water:[number], firewood:[number]}}

            Remember: Each resource must sum to exactly 3 units across both agents.<|eot_id|><|begin_of_text|><|start_header_id|>system<|end_header_id|>

Cutting Knowledge Date: December 2023
Today Date: 26 Jul 2024

OUTCOME: {agent1:{food:1, water:2, firewood:1}, agent2:{food:2, water:1, firewood:2}}<|eot_id|>",0,2,2,3,1,1,1,2,1,2,1,2,18,18,17,20,1
175,5,"<|begin_of_text|><|start_header_id|>system<|end_header_id|>

Cutting Knowledge Date: December 2023
Today Date: 26 Jul 2024

<|eot_id|><|start_header_id|>user<|end_header_id|>

You are helping analyze a negotiation conversation where two agents are discussing the allocation of resources. Each resource has exactly three units that must be divided between the two agents. The total amount of each resource allocated to both agents must add up to three. 

            Agent Preferences:
            Agent 1: High priority: firewood, Medium priority: water, Low priority: food
            Agent 2: High priority: food, Medium priority: water, Low priority: firewood

            Conversation:
            Agent 1: Hello there, I'm in a lot of need for some firewood! I'd not be against taking most of it if that's alright?, Agent 2: Hi, I need the all food package. I will frequently feel hungry, Agent 1: I can give you two of the packages if you're willing to give me all 3 of the firewood. I left mine out in the rain a couple of nights ago so its all ruined., Agent 2: If I will give 2 firewood for you and I will take all the food package with 2 water. , [Summary: user1:
  warmth: high
  competence: high
  explanation: User1 demonstrates high warmth by expressing a willingness to negotiate and explaining their situation with the firewood. Their competence is high as they propose a clear and reasonable trade, showing understanding of the negotiation process.

user2:
  warmth: low
  competence: high
  explanation: User2 shows low warmth by focusing on their needs without acknowledging user1's situation. However, their competence is high as they make a counteroffer, indicating an understanding of the negotiation dynamics and their priorities.]

            Based on this negotiation, predict the final allocation of resources. Provide only your answer using the following format with curly braces, with no explanation:

            OUTCOME: {agent1:{food:[number], water:[number], firewood:[number]}, agent2:{food:[number], water:[number], firewood:[number]}}

            Remember: Each resource must sum to exactly 3 units across both agents.<|eot_id|>","<|begin_of_text|><|begin_of_text|><|start_header_id|>system<|end_header_id|>

Cutting Knowledge Date: December 2023
Today Date: 26 Jul 2024

<|eot_id|><|start_header_id|>user<|end_header_id|>

You are helping analyze a negotiation conversation where two agents are discussing the allocation of resources. Each resource has exactly three units that must be divided between the two agents. The total amount of each resource allocated to both agents must add up to three. 

            Agent Preferences:
            Agent 1: High priority: firewood, Medium priority: water, Low priority: food
            Agent 2: High priority: food, Medium priority: water, Low priority: firewood

            Conversation:
            Agent 1: Hello there, I'm in a lot of need for some firewood! I'd not be against taking most of it if that's alright?, Agent 2: Hi, I need the all food package. I will frequently feel hungry, Agent 1: I can give you two of the packages if you're willing to give me all 3 of the firewood. I left mine out in the rain a couple of nights ago so its all ruined., Agent 2: If I will give 2 firewood for you and I will take all the food package with 2 water., [Summary: user1:
  warmth: high
  competence: high
  explanation: User1 demonstrates high warmth by expressing a willingness to negotiate and explaining their situation with the firewood. Their competence is high as they propose a clear and reasonable trade, showing understanding of the negotiation process.

user2:
  warmth: low
  competence: high
  explanation: User2 shows low warmth by focusing on their needs without acknowledging user1's situation. However, their competence is high as they make a counteroffer, indicating an understanding of the negotiation dynamics and their priorities.]

            Based on this negotiation, predict the final allocation of resources. Provide only your answer using the following format with curly braces, with no explanation:

            OUTCOME: {agent1:{food:[number], water:[number], firewood:[number]}, agent2:{food:[number], water:[number], firewood:[number]}}

            Remember: Each resource must sum to exactly 3 units across both agents.<|eot_id|><|begin_of_text|><|start_header_id|>system<|end_header_id|>

Cutting Knowledge Date: December 2023
Today Date: 26 Jul 2024

OUTCOME: {agent1:{food:0, water:2, firewood:3}, agent2:{food:3, water:1, firewood:0}}<|eot_id|>",0,1,3,3,2,0,0,2,3,3,1,0,19,23,23,19,16
178,5,"<|begin_of_text|><|start_header_id|>system<|end_header_id|>

Cutting Knowledge Date: December 2023
Today Date: 26 Jul 2024

<|eot_id|><|start_header_id|>user<|end_header_id|>

You are helping analyze a negotiation conversation where two agents are discussing the allocation of resources. Each resource has exactly three units that must be divided between the two agents. The total amount of each resource allocated to both agents must add up to three. 

            Agent Preferences:
            Agent 1: High priority: firewood, Medium priority: food, Low priority: water
            Agent 2: High priority: food, Medium priority: water, Low priority: firewood

            Conversation:
            Agent 1: Hello, I am very cold and need food and wood to remain warm. How about I get 3 firewood, 3 food and 1 water?, Agent 2: That doesn't really work for me because then I would get only 2 waters and nothing else ☹️. What do you think is your highest priority?, Agent 1: Wood is my highest priority. I need it to stay warm. I'm very cold-natured. What is your highest priority? 🙂, Agent 2: Oh that's good. Wood is not my highest priority since I get hot easily lol. My highest priority is probably food because I have a very high metabolism and get very hungry , [Summary: user1:
  warmth: high
  competence: high
  explanation: User1 demonstrates high warmth by expressing their needs politely and using friendly language, such as emojis and asking about user2's priorities. Their competence is high as they clearly articulate their needs and priorities, showing an understanding of the negotiation context.

user2:
  warmth: high
  competence: high
  explanation: User2 shows high warmth by responding with empathy, using emojis, and sharing personal information to build rapport. Their competence is high as they effectively communicate their own needs and priorities, engaging in a constructive negotiation.]

            Based on this negotiation, predict the final allocation of resources. Provide only your answer using the following format with curly braces, with no explanation:

            OUTCOME: {agent1:{food:[number], water:[number], firewood:[number]}, agent2:{food:[number], water:[number], firewood:[number]}}

            Remember: Each resource must sum to exactly 3 units across both agents.<|eot_id|>","<|begin_of_text|><|begin_of_text|><|start_header_id|>system<|end_header_id|>

Cutting Knowledge Date: December 2023
Today Date: 26 Jul 2024

<|eot_id|><|start_header_id|>user<|end_header_id|>

You are helping analyze a negotiation conversation where two agents are discussing the allocation of resources. Each resource has exactly three units that must be divided between the two agents. The total amount of each resource allocated to both agents must add up to three. 

            Agent Preferences:
            Agent 1: High priority: firewood, Medium priority: food, Low priority: water
            Agent 2: High priority: food, Medium priority: water, Low priority: firewood

            Conversation:
            Agent 1: Hello, I am very cold and need food and wood to remain warm. How about I get 3 firewood, 3 food and 1 water?, Agent 2: That doesn't really work for me because then I would get only 2 waters and nothing else ☹️. What do you think is your highest priority?, Agent 1: Wood is my highest priority. I need it to stay warm. I'm very cold-natured. What is your highest priority? 🙂, Agent 2: Oh that's good. Wood is not my highest priority since I get hot easily lol. My highest priority is probably food because I have a very high metabolism and get very hungry, [Summary: user1:
  warmth: high
  competence: high
  explanation: User1 demonstrates high warmth by expressing their needs politely and using friendly language, such as emojis and asking about user2's priorities. Their competence is high as they clearly articulate their needs and priorities, showing an understanding of the negotiation context.

user2:
  warmth: high
  competence: high
  explanation: User2 shows high warmth by responding with empathy, using emojis, and sharing personal information to build rapport. Their competence is high as they effectively communicate their own needs and priorities, engaging in a constructive negotiation.]

            Based on this negotiation, predict the final allocation of resources. Provide only your answer using the following format with curly braces, with no explanation:

            OUTCOME: {agent1:{food:[number], water:[number], firewood:[number]}, agent2:{food:[number], water:[number], firewood:[number]}}

            Remember: Each resource must sum to exactly 3 units across both agents.<|eot_id|><|begin_of_text|><|start_header_id|>system<|end_header_id|>

Cutting Knowledge Date: December 2023
Today Date: 26 Jul 2024

OUTCOME: {agent1:{food:1, water:1, firewood:3}, agent2:{food:2, water:2, firewood:0}}<|eot_id|>",1,1,3,2,2,0,1,1,3,2,2,0,22,18,22,18,0
184,5,"<|begin_of_text|><|start_header_id|>system<|end_header_id|>

Cutting Knowledge Date: December 2023
Today Date: 26 Jul 2024

<|eot_id|><|start_header_id|>user<|end_header_id|>

You are helping analyze a negotiation conversation where two agents are discussing the allocation of resources. Each resource has exactly three units that must be divided between the two agents. The total amount of each resource allocated to both agents must add up to three. 

            Agent Preferences:
            Agent 1: High priority: firewood, Medium priority: food, Low priority: water
            Agent 2: High priority: firewood, Medium priority: food, Low priority: water

            Conversation:
            Agent 1: Hi there! I can't wait to go camping! How about you?, Agent 2: I am sooooo excited too! I can't wait to sit by the fire! 🙂, Agent 1: Me too!!!! That is what I am most excited about. I was actually hoping you might have some firewood to spare? , [Summary: user1:
  warmth: high
  competence: high
  explanation: User1 expresses enthusiasm and excitement about the shared activity, indicating high warmth. Their proactive approach in asking for firewood suggests they are organized and resourceful, reflecting high competence.

user2:
  warmth: high
  competence: high
  explanation: User2 matches the enthusiasm of user1, showing high warmth through shared excitement and positive emoticons. Their engagement in the conversation and readiness for the activity suggest they are prepared and capable, indicating high competence.]

            Based on this negotiation, predict the final allocation of resources. Provide only your answer using the following format with curly braces, with no explanation:

            OUTCOME: {agent1:{food:[number], water:[number], firewood:[number]}, agent2:{food:[number], water:[number], firewood:[number]}}

            Remember: Each resource must sum to exactly 3 units across both agents.<|eot_id|>","<|begin_of_text|><|begin_of_text|><|start_header_id|>system<|end_header_id|>

Cutting Knowledge Date: December 2023
Today Date: 26 Jul 2024

<|eot_id|><|start_header_id|>user<|end_header_id|>

You are helping analyze a negotiation conversation where two agents are discussing the allocation of resources. Each resource has exactly three units that must be divided between the two agents. The total amount of each resource allocated to both agents must add up to three. 

            Agent Preferences:
            Agent 1: High priority: firewood, Medium priority: food, Low priority: water
            Agent 2: High priority: firewood, Medium priority: food, Low priority: water

            Conversation:
            Agent 1: Hi there! I can't wait to go camping! How about you?, Agent 2: I am sooooo excited too! I can't wait to sit by the fire! 🙂, Agent 1: Me too!!!! That is what I am most excited about. I was actually hoping you might have some firewood to spare?, [Summary: user1:
  warmth: high
  competence: high
  explanation: User1 expresses enthusiasm and excitement about the shared activity, indicating high warmth. Their proactive approach in asking for firewood suggests they are organized and resourceful, reflecting high competence.

user2:
  warmth: high
  competence: high
  explanation: User2 matches the enthusiasm of user1, showing high warmth through shared excitement and positive emoticons. Their engagement in the conversation and readiness for the activity suggest they are prepared and capable, indicating high competence.]

            Based on this negotiation, predict the final allocation of resources. Provide only your answer using the following format with curly braces, with no explanation:

            OUTCOME: {agent1:{food:[number], water:[number], firewood:[number]}, agent2:{food:[number], water:[number], firewood:[number]}}

            Remember: Each resource must sum to exactly 3 units across both agents.<|eot_id|><|begin_of_text|><|start_header_id|>system<|end_header_id|>

Cutting Knowledge Date: December 2023
Today Date: 26 Jul 2024

OUTCOME: {agent1:{food:3, water:2, firewood:1}, agent2:{food:0, water:1, firewood:2}}<|eot_id|>",0,2,3,3,1,0,3,2,1,0,1,2,21,15,23,13,4
416,5,"<|begin_of_text|><|start_header_id|>system<|end_header_id|>

Cutting Knowledge Date: December 2023
Today Date: 26 Jul 2024

<|eot_id|><|start_header_id|>user<|end_header_id|>

You are helping analyze a negotiation conversation where two agents are discussing the allocation of resources. Each resource has exactly three units that must be divided between the two agents. The total amount of each resource allocated to both agents must add up to three. 

            Agent Preferences:
            Agent 1: High priority: water, Medium priority: food, Low priority: firewood
            Agent 2: High priority: water, Medium priority: food, Low priority: firewood

            Conversation:
            Agent 2: Hello, how are you today?, Agent 1: Good!  How are you?  Ready to go camping?, Agent 2: I'm doing well. I can't wait to go camping, Agent 1: I am usually not much of a camper!  I will start with an offer if that is ok with you. , [Summary: user1 (mturk_agent_2):
  warmth: high
  competence: high
  explanation: User1 initiates the conversation with a friendly greeting and expresses enthusiasm about camping, indicating a high level of warmth. Their clear communication and engagement in the conversation suggest high competence.

user2 (mturk_agent_1):
  warmth: high
  competence: high
  explanation: User2 responds positively and reciprocates the friendly tone, showing high warmth. They also take initiative by proposing to start with an offer, demonstrating confidence and competence in managing the conversation.]

            Based on this negotiation, predict the final allocation of resources. Provide only your answer using the following format with curly braces, with no explanation:

            OUTCOME: {agent1:{food:[number], water:[number], firewood:[number]}, agent2:{food:[number], water:[number], firewood:[number]}}

            Remember: Each resource must sum to exactly 3 units across both agents.<|eot_id|>","<|begin_of_text|><|begin_of_text|><|start_header_id|>system<|end_header_id|>

Cutting Knowledge Date: December 2023
Today Date: 26 Jul 2024

<|eot_id|><|start_header_id|>user<|end_header_id|>

You are helping analyze a negotiation conversation where two agents are discussing the allocation of resources. Each resource has exactly three units that must be divided between the two agents. The total amount of each resource allocated to both agents must add up to three. 

            Agent Preferences:
            Agent 1: High priority: water, Medium priority: food, Low priority: firewood
            Agent 2: High priority: water, Medium priority: food, Low priority: firewood

            Conversation:
            Agent 2: Hello, how are you today?, Agent 1: Good!  How are you?  Ready to go camping?, Agent 2: I'm doing well. I can't wait to go camping, Agent 1: I am usually not much of a camper!  I will start with an offer if that is ok with you., [Summary: user1 (mturk_agent_2):
  warmth: high
  competence: high
  explanation: User1 initiates the conversation with a friendly greeting and expresses enthusiasm about camping, indicating a high level of warmth. Their clear communication and engagement in the conversation suggest high competence.

user2 (mturk_agent_1):
  warmth: high
  competence: high
  explanation: User2 responds positively and reciprocates the friendly tone, showing high warmth. They also take initiative by proposing to start with an offer, demonstrating confidence and competence in managing the conversation.]

            Based on this negotiation, predict the final allocation of resources. Provide only your answer using the following format with curly braces, with no explanation:

            OUTCOME: {agent1:{food:[number], water:[number], firewood:[number]}, agent2:{food:[number], water:[number], firewood:[number]}}

            Remember: Each resource must sum to exactly 3 units across both agents.<|eot_id|><|begin_of_text|><|start_header_id|>system<|end_header_id|>

Cutting Knowledge Date: December 2023
Today Date: 26 Jul 2024

Outcome: {agent1:{food:1, water:2, firewood:1}, agent2:{food:2, water:1, firewood:2}}<|eot_id|>",2,1,3,1,2,0,1,2,1,2,1,2,22,14,17,19,25
425,5,"<|begin_of_text|><|start_header_id|>system<|end_header_id|>

Cutting Knowledge Date: December 2023
Today Date: 26 Jul 2024

<|eot_id|><|start_header_id|>user<|end_header_id|>

You are helping analyze a negotiation conversation where two agents are discussing the allocation of resources. Each resource has exactly three units that must be divided between the two agents. The total amount of each resource allocated to both agents must add up to three. 

            Agent Preferences:
            Agent 1: High priority: water, Medium priority: food, Low priority: firewood
            Agent 2: High priority: water, Medium priority: food, Low priority: firewood

            Conversation:
            Agent 1: Hi! How are you today?, Agent 2: I'm doing well! How are you?, Agent 1: I am doing quite well myself. Why are you camping today?, Agent 2: Well my sister and her husband are celebrating their anniversary this weekend so we volunteered to watch her daughters. We decided it would be fun to take her kids and ours camping! What about you? 🙂 , [Summary: user1 (mturk_agent_1):
  warmth: high
  competence: low
  explanation: User1 initiates the conversation with a friendly greeting and expresses interest in the other person's activities, indicating high warmth. However, there is no substantial information provided about their own plans or activities, suggesting low competence in the context of the conversation.

user2 (mturk_agent_2):
  warmth: high
  competence: high
  explanation: User2 responds positively and reciprocates the inquiry, showing high warmth. They provide a detailed and coherent explanation about their camping plans, demonstrating high competence in sharing relevant information and engaging in the conversation.]

            Based on this negotiation, predict the final allocation of resources. Provide only your answer using the following format with curly braces, with no explanation:

            OUTCOME: {agent1:{food:[number], water:[number], firewood:[number]}, agent2:{food:[number], water:[number], firewood:[number]}}

            Remember: Each resource must sum to exactly 3 units across both agents.<|eot_id|>","<|begin_of_text|><|begin_of_text|><|start_header_id|>system<|end_header_id|>

Cutting Knowledge Date: December 2023
Today Date: 26 Jul 2024

<|eot_id|><|start_header_id|>user<|end_header_id|>

You are helping analyze a negotiation conversation where two agents are discussing the allocation of resources. Each resource has exactly three units that must be divided between the two agents. The total amount of each resource allocated to both agents must add up to three. 

            Agent Preferences:
            Agent 1: High priority: water, Medium priority: food, Low priority: firewood
            Agent 2: High priority: water, Medium priority: food, Low priority: firewood

            Conversation:
            Agent 1: Hi! How are you today?, Agent 2: I'm doing well! How are you?, Agent 1: I am doing quite well myself. Why are you camping today?, Agent 2: Well my sister and her husband are celebrating their anniversary this weekend so we volunteered to watch her daughters. We decided it would be fun to take her kids and ours camping! What about you? 🙂, [Summary: user1 (mturk_agent_1):
  warmth: high
  competence: low
  explanation: User1 initiates the conversation with a friendly greeting and expresses interest in the other person's activities, indicating high warmth. However, there is no substantial information provided about their own plans or activities, suggesting low competence in the context of the conversation.

user2 (mturk_agent_2):
  warmth: high
  competence: high
  explanation: User2 responds positively and reciprocates the inquiry, showing high warmth. They provide a detailed and coherent explanation about their camping plans, demonstrating high competence in sharing relevant information and engaging in the conversation.]

            Based on this negotiation, predict the final allocation of resources. Provide only your answer using the following format with curly braces, with no explanation:

            OUTCOME: {agent1:{food:[number], water:[number], firewood:[number]}, agent2:{food:[number], water:[number], firewood:[number]}}

            Remember: Each resource must sum to exactly 3 units across both agents.<|eot_id|><|begin_of_text|><|start_header_id|>system<|end_header_id|>

Cutting Knowledge Date: December 2023
Today Date: 26 Jul 2024

Outcome: {agent1:{food:2, water:1, firewood:2}, agent2:{food:1, water:2, firewood:1}}<|eot_id|>",3,1,1,0,2,2,2,1,2,1,2,1,20,16,19,17,1
430,5,"<|begin_of_text|><|start_header_id|>system<|end_header_id|>

Cutting Knowledge Date: December 2023
Today Date: 26 Jul 2024

<|eot_id|><|start_header_id|>user<|end_header_id|>

You are helping analyze a negotiation conversation where two agents are discussing the allocation of resources. Each resource has exactly three units that must be divided between the two agents. The total amount of each resource allocated to both agents must add up to three. 

            Agent Preferences:
            Agent 1: High priority: water, Medium priority: firewood, Low priority: food
            Agent 2: High priority: water, Medium priority: firewood, Low priority: food

            Conversation:
            Agent 2: How about I take all the water and firewood, you can have all the food., Agent 1: I need water and firewood. I don't need as much food. I need water for my dog and firewood for warmth since I am camping during the winter, Agent 2: I need water because I'm going hiking, and the water from streams isn't safe to drink., Agent 1: I can give you 2 units of water, but I need at least 1. , [Summary: user1:
  warmth: high
  competence: high
  explanation: User1 demonstrates high warmth by expressing their needs clearly and offering a compromise, suggesting a willingness to cooperate. Their competence is high as they articulate their requirements logically and negotiate effectively, showing an understanding of the situation.

user2:
  warmth: low
  competence: high
  explanation: User2 exhibits low warmth by initially proposing an unequal distribution of resources, which could be perceived as self-serving. However, their competence is high as they clearly communicate their own needs and justify their request, indicating a rational approach to the situation.]

            Based on this negotiation, predict the final allocation of resources. Provide only your answer using the following format with curly braces, with no explanation:

            OUTCOME: {agent1:{food:[number], water:[number], firewood:[number]}, agent2:{food:[number], water:[number], firewood:[number]}}

            Remember: Each resource must sum to exactly 3 units across both agents.<|eot_id|>","<|begin_of_text|><|begin_of_text|><|start_header_id|>system<|end_header_id|>

Cutting Knowledge Date: December 2023
Today Date: 26 Jul 2024

<|eot_id|><|start_header_id|>user<|end_header_id|>

You are helping analyze a negotiation conversation where two agents are discussing the allocation of resources. Each resource has exactly three units that must be divided between the two agents. The total amount of each resource allocated to both agents must add up to three. 

            Agent Preferences:
            Agent 1: High priority: water, Medium priority: firewood, Low priority: food
            Agent 2: High priority: water, Medium priority: firewood, Low priority: food

            Conversation:
            Agent 2: How about I take all the water and firewood, you can have all the food., Agent 1: I need water and firewood. I don't need as much food. I need water for my dog and firewood for warmth since I am camping during the winter, Agent 2: I need water because I'm going hiking, and the water from streams isn't safe to drink., Agent 1: I can give you 2 units of water, but I need at least 1., [Summary: user1:
  warmth: high
  competence: high
  explanation: User1 demonstrates high warmth by expressing their needs clearly and offering a compromise, suggesting a willingness to cooperate. Their competence is high as they articulate their requirements logically and negotiate effectively, showing an understanding of the situation.

user2:
  warmth: low
  competence: high
  explanation: User2 exhibits low warmth by initially proposing an unequal distribution of resources, which could be perceived as self-serving. However, their competence is high as they clearly communicate their own needs and justify their request, indicating a rational approach to the situation.]

            Based on this negotiation, predict the final allocation of resources. Provide only your answer using the following format with curly braces, with no explanation:

            OUTCOME: {agent1:{food:[number], water:[number], firewood:[number]}, agent2:{food:[number], water:[number], firewood:[number]}}

            Remember: Each resource must sum to exactly 3 units across both agents.<|eot_id|><|begin_of_text|><|start_header_id|>system<|end_header_id|>

Cutting Knowledge Date: December 2023
Today Date: 26 Jul 2024

OUTCOME: {agent1:{food:2, water:1, firewood:2}, agent2:{food:1, water:2, firewood:1}}<|eot_id|>",1,1,1,2,2,2,2,1,2,1,2,1,12,24,19,17,49
437,5,"<|begin_of_text|><|start_header_id|>system<|end_header_id|>

Cutting Knowledge Date: December 2023
Today Date: 26 Jul 2024

<|eot_id|><|start_header_id|>user<|end_header_id|>

You are helping analyze a negotiation conversation where two agents are discussing the allocation of resources. Each resource has exactly three units that must be divided between the two agents. The total amount of each resource allocated to both agents must add up to three. 

            Agent Preferences:
            Agent 1: High priority: water, Medium priority: food, Low priority: firewood
            Agent 2: High priority: water, Medium priority: firewood, Low priority: food

            Conversation:
            Agent 1: Hi, how is your trip going? hopefully better than mine, Agent 2: My trip is going pretty so so too  im sorry to hear that about yours!! sounds like we both are gonna need some extra stuff? I was wondering if we could start with the water? any chance i could have it all and you can have all of something else? thoughts? im open to discussion, Agent 1: I am actually very much in need of water. I fell while I was hiking during this trip. I have a really bad wound I need to clean on my leg., Agent 2: yikes that stinks. i got some extra people with me and we dont hve enough either. could i take 2 since we will be drinking it and maybe you can have 1 to get that wound cleaned up, Agent 1: There is a lot of blood on my wound and if I don't get it cleaned I am afraid I would have to have it amputated. It's likely I'll be stationary a long time. Maybe I can give you 2 water in exchange for 2 foods since I'll be stuck up here for a long time? , [Summary: user1:
  warmth: high
  competence: high
  explanation: User1 expresses concern for their own situation while negotiating resource distribution. They maintain politeness and openness to compromise, indicating high warmth. Their ability to articulate their needs and propose a fair trade reflects high competence.

user2:
  warmth: high
  competence: high
  explanation: User2 shows empathy by expressing regret about user1's situation and is open to negotiation. They propose a solution considering both parties' needs, demonstrating high warmth. Their willingness to discuss and adjust terms suggests high competence in problem-solving.]

            Based on this negotiation, predict the final allocation of resources. Provide only your answer using the following format with curly braces, with no explanation:

            OUTCOME: {agent1:{food:[number], water:[number], firewood:[number]}, agent2:{food:[number], water:[number], firewood:[number]}}

            Remember: Each resource must sum to exactly 3 units across both agents.<|eot_id|>","<|begin_of_text|><|begin_of_text|><|start_header_id|>system<|end_header_id|>

Cutting Knowledge Date: December 2023
Today Date: 26 Jul 2024

<|eot_id|><|start_header_id|>user<|end_header_id|>

You are helping analyze a negotiation conversation where two agents are discussing the allocation of resources. Each resource has exactly three units that must be divided between the two agents. The total amount of each resource allocated to both agents must add up to three. 

            Agent Preferences:
            Agent 1: High priority: water, Medium priority: food, Low priority: firewood
            Agent 2: High priority: water, Medium priority: firewood, Low priority: food

            Conversation:
            Agent 1: Hi, how is your trip going? hopefully better than mine, Agent 2: My trip is going pretty so so too  im sorry to hear that about yours!! sounds like we both are gonna need some extra stuff? I was wondering if we could start with the water? any chance i could have it all and you can have all of something else? thoughts? im open to discussion, Agent 1: I am actually very much in need of water. I fell while I was hiking during this trip. I have a really bad wound I need to clean on my leg., Agent 2: yikes that stinks. i got some extra people with me and we dont hve enough either. could i take 2 since we will be drinking it and maybe you can have 1 to get that wound cleaned up, Agent 1: There is a lot of blood on my wound and if I don't get it cleaned I am afraid I would have to have it amputated. It's likely I'll be stationary a long time. Maybe I can give you 2 water in exchange for 2 foods since I'll be stuck up here for a long time?, [Summary: user1:
  warmth: high
  competence: high
  explanation: User1 expresses concern for their own situation while negotiating resource distribution. They maintain politeness and openness to compromise, indicating high warmth. Their ability to articulate their needs and propose a fair trade reflects high competence.

user2:
  warmth: high
  competence: high
  explanation: User2 shows empathy by expressing regret about user1's situation and is open to negotiation. They propose a solution considering both parties' needs, demonstrating high warmth. Their willingness to discuss and adjust terms suggests high competence in problem-solving.]

            Based on this negotiation, predict the final allocation of resources. Provide only your answer using the following format with curly braces, with no explanation:

            OUTCOME: {agent1:{food:[number], water:[number], firewood:[number]}, agent2:{food:[number], water:[number], firewood:[number]}}

            Remember: Each resource must sum to exactly 3 units across both agents.<|eot_id|><|begin_of_text|><|start_header_id|>system<|end_header_id|>

Cutting Knowledge Date: December 2023
Today Date: 26 Jul 2024

OUTCOME: {agent1:{food:2, water:1, firewood:2}, agent2:{food:1, water:2, firewood:1}}<|eot_id|>",2,1,1,1,2,2,2,1,2,1,2,1,16,21,19,17,9
438,5,"<|begin_of_text|><|start_header_id|>system<|end_header_id|>

Cutting Knowledge Date: December 2023
Today Date: 26 Jul 2024

<|eot_id|><|start_header_id|>user<|end_header_id|>

You are helping analyze a negotiation conversation where two agents are discussing the allocation of resources. Each resource has exactly three units that must be divided between the two agents. The total amount of each resource allocated to both agents must add up to three. 

            Agent Preferences:
            Agent 1: High priority: firewood, Medium priority: food, Low priority: water
            Agent 2: High priority: food, Medium priority: firewood, Low priority: water

            Conversation:
            Agent 1: Hi there fellow camper!, Agent 2: Howdy 🙂 How are things?, Agent 1: I can't complain since I have a fun trip coming up! How about you? , [Summary: user1:
  warmth: high
  competence: high
  explanation: User1 initiates the conversation with a friendly greeting and shares positive personal news, indicating openness and sociability. Their ability to engage in conversation and respond appropriately suggests competence.

user2:
  warmth: high
  competence: high
  explanation: User2 responds with a friendly greeting and emoji, showing approachability and friendliness. They also inquire about User1's well-being, demonstrating social awareness and conversational skill, indicating competence.]

            Based on this negotiation, predict the final allocation of resources. Provide only your answer using the following format with curly braces, with no explanation:

            OUTCOME: {agent1:{food:[number], water:[number], firewood:[number]}, agent2:{food:[number], water:[number], firewood:[number]}}

            Remember: Each resource must sum to exactly 3 units across both agents.<|eot_id|>","<|begin_of_text|><|begin_of_text|><|start_header_id|>system<|end_header_id|>

Cutting Knowledge Date: December 2023
Today Date: 26 Jul 2024

<|eot_id|><|start_header_id|>user<|end_header_id|>

You are helping analyze a negotiation conversation where two agents are discussing the allocation of resources. Each resource has exactly three units that must be divided between the two agents. The total amount of each resource allocated to both agents must add up to three. 

            Agent Preferences:
            Agent 1: High priority: firewood, Medium priority: food, Low priority: water
            Agent 2: High priority: food, Medium priority: firewood, Low priority: water

            Conversation:
            Agent 1: Hi there fellow camper!, Agent 2: Howdy 🙂 How are things?, Agent 1: I can't complain since I have a fun trip coming up! How about you?, [Summary: user1:
  warmth: high
  competence: high
  explanation: User1 initiates the conversation with a friendly greeting and shares positive personal news, indicating openness and sociability. Their ability to engage in conversation and respond appropriately suggests competence.

user2:
  warmth: high
  competence: high
  explanation: User2 responds with a friendly greeting and emoji, showing approachability and friendliness. They also inquire about User1's well-being, demonstrating social awareness and conversational skill, indicating competence.]

            Based on this negotiation, predict the final allocation of resources. Provide only your answer using the following format with curly braces, with no explanation:

            OUTCOME: {agent1:{food:[number], water:[number], firewood:[number]}, agent2:{food:[number], water:[number], firewood:[number]}}

            Remember: Each resource must sum to exactly 3 units across both agents.<|eot_id|><|begin_of_text|><|start_header_id|>system<|end_header_id|>

Cutting Knowledge Date: December 2023
Today Date: 26 Jul 2024

OUTCOME: {agent1:{food:1, water:2, firewood:2}, agent2:{food:2, water:1, firewood:1}}<|eot_id|>",0,2,2,3,1,1,1,2,2,2,1,1,16,22,20,17,16
441,5,"<|begin_of_text|><|start_header_id|>system<|end_header_id|>

Cutting Knowledge Date: December 2023
Today Date: 26 Jul 2024

<|eot_id|><|start_header_id|>user<|end_header_id|>

You are helping analyze a negotiation conversation where two agents are discussing the allocation of resources. Each resource has exactly three units that must be divided between the two agents. The total amount of each resource allocated to both agents must add up to three. 

            Agent Preferences:
            Agent 1: High priority: food, Medium priority: water, Low priority: firewood
            Agent 2: High priority: food, Medium priority: water, Low priority: firewood

            Conversation:
            Agent 2: Hello, are you excited for your camping trip?, Agent 1: hii, Agent 2: Do you have an idea of how you'd like to split up the extra supplies? , [Summary: user1 (mturk_agent_1):
  warmth: low
  competence: low
  explanation: The brief, informal greeting ""hii"" suggests a lack of engagement and warmth. Additionally, the absence of further contribution or response to the conversation indicates low competence in effectively participating in the discussion.

user2 (mturk_agent_2):
  warmth: high
  competence: high
  explanation: User2 initiates the conversation with a friendly question, indicating high warmth. They also demonstrate competence by steering the conversation towards practical matters, showing an understanding of the situation and an ability to engage constructively.]

            Based on this negotiation, predict the final allocation of resources. Provide only your answer using the following format with curly braces, with no explanation:

            OUTCOME: {agent1:{food:[number], water:[number], firewood:[number]}, agent2:{food:[number], water:[number], firewood:[number]}}

            Remember: Each resource must sum to exactly 3 units across both agents.<|eot_id|>","<|begin_of_text|><|begin_of_text|><|start_header_id|>system<|end_header_id|>

Cutting Knowledge Date: December 2023
Today Date: 26 Jul 2024

<|eot_id|><|start_header_id|>user<|end_header_id|>

You are helping analyze a negotiation conversation where two agents are discussing the allocation of resources. Each resource has exactly three units that must be divided between the two agents. The total amount of each resource allocated to both agents must add up to three. 

            Agent Preferences:
            Agent 1: High priority: food, Medium priority: water, Low priority: firewood
            Agent 2: High priority: food, Medium priority: water, Low priority: firewood

            Conversation:
            Agent 2: Hello, are you excited for your camping trip?, Agent 1: hii, Agent 2: Do you have an idea of how you'd like to split up the extra supplies?, [Summary: user1 (mturk_agent_1):
  warmth: low
  competence: low
  explanation: The brief, informal greeting ""hii"" suggests a lack of engagement and warmth. Additionally, the absence of further contribution or response to the conversation indicates low competence in effectively participating in the discussion.

user2 (mturk_agent_2):
  warmth: high
  competence: high
  explanation: User2 initiates the conversation with a friendly question, indicating high warmth. They also demonstrate competence by steering the conversation towards practical matters, showing an understanding of the situation and an ability to engage constructively.]

            Based on this negotiation, predict the final allocation of resources. Provide only your answer using the following format with curly braces, with no explanation:

            OUTCOME: {agent1:{food:[number], water:[number], firewood:[number]}, agent2:{food:[number], water:[number], firewood:[number]}}

            Remember: Each resource must sum to exactly 3 units across both agents.<|eot_id|><|begin_of_text|><|start_header_id|>system<|end_header_id|>

Cutting Knowledge Date: December 2023
Today Date: 26 Jul 2024

OUTCOME: {agent1:{food:1, water:2, firewood:1}, agent2:{food:2, water:1, firewood:2}}<|eot_id|>",1,2,2,2,1,1,1,2,1,2,1,2,19,17,16,20,9
444,5,"<|begin_of_text|><|start_header_id|>system<|end_header_id|>

Cutting Knowledge Date: December 2023
Today Date: 26 Jul 2024

<|eot_id|><|start_header_id|>user<|end_header_id|>

You are helping analyze a negotiation conversation where two agents are discussing the allocation of resources. Each resource has exactly three units that must be divided between the two agents. The total amount of each resource allocated to both agents must add up to three. 

            Agent Preferences:
            Agent 1: High priority: firewood, Medium priority: water, Low priority: food
            Agent 2: High priority: food, Medium priority: water, Low priority: firewood

            Conversation:
            Agent 1: Hello, Agent 2: Hi there.. how are you doing today?  I hope well!  🙂  So, it looks like we need to divy up these supplies, huh?  Do you have any thoughts on the issue?, Agent 1: I'm doing fine thank you, how about you? Well for my trip I'm most interesting in socializing so a great campfire a night would be great, I'd prefer not to boil water either so want extra of that too. Food less so as I will go fishing and know wild vegetables, fruits and mushrooms I can pick. How about you?, Agent 2: Awesome.. it seems like we're kind of on the same page here then as I'm going to need food for my people since they're not real self-sufficient but I'm less neurotic about the water or the firewood.. we're from Florida so we actually kind of like the cooler weather anyway.. lol , [Summary: user1:
  warmth: high
  competence: high
  explanation: User1 engages politely and shares personal preferences and skills, indicating a friendly demeanor and self-sufficiency. Their openness to discussion and ability to provide solutions demonstrate competence.

user2:
  warmth: high
  competence: high
  explanation: User2 greets warmly and expresses interest in user1's well-being, showing friendliness. They articulate their group's needs clearly, indicating an understanding of their situation and flexibility, which reflects competence.]

            Based on this negotiation, predict the final allocation of resources. Provide only your answer using the following format with curly braces, with no explanation:

            OUTCOME: {agent1:{food:[number], water:[number], firewood:[number]}, agent2:{food:[number], water:[number], firewood:[number]}}

            Remember: Each resource must sum to exactly 3 units across both agents.<|eot_id|>","<|begin_of_text|><|begin_of_text|><|start_header_id|>system<|end_header_id|>

Cutting Knowledge Date: December 2023
Today Date: 26 Jul 2024

<|eot_id|><|start_header_id|>user<|end_header_id|>

You are helping analyze a negotiation conversation where two agents are discussing the allocation of resources. Each resource has exactly three units that must be divided between the two agents. The total amount of each resource allocated to both agents must add up to three. 

            Agent Preferences:
            Agent 1: High priority: firewood, Medium priority: water, Low priority: food
            Agent 2: High priority: food, Medium priority: water, Low priority: firewood

            Conversation:
            Agent 1: Hello, Agent 2: Hi there.. how are you doing today?  I hope well!  🙂  So, it looks like we need to divy up these supplies, huh?  Do you have any thoughts on the issue?, Agent 1: I'm doing fine thank you, how about you? Well for my trip I'm most interesting in socializing so a great campfire a night would be great, I'd prefer not to boil water either so want extra of that too. Food less so as I will go fishing and know wild vegetables, fruits and mushrooms I can pick. How about you?, Agent 2: Awesome.. it seems like we're kind of on the same page here then as I'm going to need food for my people since they're not real self-sufficient but I'm less neurotic about the water or the firewood.. we're from Florida so we actually kind of like the cooler weather anyway.. lol, [Summary: user1:
  warmth: high
  competence: high
  explanation: User1 engages politely and shares personal preferences and skills, indicating a friendly demeanor and self-sufficiency. Their openness to discussion and ability to provide solutions demonstrate competence.

user2:
  warmth: high
  competence: high
  explanation: User2 greets warmly and expresses interest in user1's well-being, showing friendliness. They articulate their group's needs clearly, indicating an understanding of their situation and flexibility, which reflects competence.]

            Based on this negotiation, predict the final allocation of resources. Provide only your answer using the following format with curly braces, with no explanation:

            OUTCOME: {agent1:{food:[number], water:[number], firewood:[number]}, agent2:{food:[number], water:[number], firewood:[number]}}

            Remember: Each resource must sum to exactly 3 units across both agents.<|eot_id|><|begin_of_text|><|start_header_id|>system<|end_header_id|>

Cutting Knowledge Date: December 2023
Today Date: 26 Jul 2024

OUTCOME: {agent1:{food:1, water:2, firewood:2}, agent2:{food:2, water:1, firewood:1}}<|eot_id|>",1,2,2,2,1,1,1,2,2,2,1,1,21,17,21,17,0
450,5,"<|begin_of_text|><|start_header_id|>system<|end_header_id|>

Cutting Knowledge Date: December 2023
Today Date: 26 Jul 2024

<|eot_id|><|start_header_id|>user<|end_header_id|>

You are helping analyze a negotiation conversation where two agents are discussing the allocation of resources. Each resource has exactly three units that must be divided between the two agents. The total amount of each resource allocated to both agents must add up to three. 

            Agent Preferences:
            Agent 1: High priority: firewood, Medium priority: food, Low priority: water
            Agent 2: High priority: food, Medium priority: firewood, Low priority: water

            Conversation:
            Agent 1: Hi  - nice to meet you!  I hope we can work out a deal that is good for both of us., Agent 2: Hi, 🙂 It's nice to meet you as well: I also hope we can work something out: Food is my excess trip priority, What is yours?, Agent 1: Mine is firewood with second being food., Agent 2: I'm definitely willing to give up some food for some firewood: That seems like a place where we can come to an arrangement: Would you like to make an opening offer?, Agent 1: Sure!  I figure I can go with little water as we can get it from the stream and boil it.  So for water I would be willing to give you 2 packages.  Would that be fair? , [Summary: user1:
  warmth: high
  competence: high
  explanation: User1 initiates the conversation with a friendly greeting and expresses a desire for a mutually beneficial outcome, indicating high warmth. They also engage in negotiation by making a specific offer, demonstrating high competence in the context of the discussion.

user2:
  warmth: high
  competence: high
  explanation: User2 reciprocates the friendly greeting with enthusiasm and uses an emoticon, indicating high warmth. They also clearly state their priorities and express willingness to negotiate, showing high competence in managing the conversation and working towards a solution.]

            Based on this negotiation, predict the final allocation of resources. Provide only your answer using the following format with curly braces, with no explanation:

            OUTCOME: {agent1:{food:[number], water:[number], firewood:[number]}, agent2:{food:[number], water:[number], firewood:[number]}}

            Remember: Each resource must sum to exactly 3 units across both agents.<|eot_id|>","<|begin_of_text|><|begin_of_text|><|start_header_id|>system<|end_header_id|>

Cutting Knowledge Date: December 2023
Today Date: 26 Jul 2024

<|eot_id|><|start_header_id|>user<|end_header_id|>

You are helping analyze a negotiation conversation where two agents are discussing the allocation of resources. Each resource has exactly three units that must be divided between the two agents. The total amount of each resource allocated to both agents must add up to three. 

            Agent Preferences:
            Agent 1: High priority: firewood, Medium priority: food, Low priority: water
            Agent 2: High priority: food, Medium priority: firewood, Low priority: water

            Conversation:
            Agent 1: Hi  - nice to meet you!  I hope we can work out a deal that is good for both of us., Agent 2: Hi, 🙂 It's nice to meet you as well: I also hope we can work something out: Food is my excess trip priority, What is yours?, Agent 1: Mine is firewood with second being food., Agent 2: I'm definitely willing to give up some food for some firewood: That seems like a place where we can come to an arrangement: Would you like to make an opening offer?, Agent 1: Sure!  I figure I can go with little water as we can get it from the stream and boil it.  So for water I would be willing to give you 2 packages.  Would that be fair?, [Summary: user1:
  warmth: high
  competence: high
  explanation: User1 initiates the conversation with a friendly greeting and expresses a desire for a mutually beneficial outcome, indicating high warmth. They also engage in negotiation by making a specific offer, demonstrating high competence in the context of the discussion.

user2:
  warmth: high
  competence: high
  explanation: User2 reciprocates the friendly greeting with enthusiasm and uses an emoticon, indicating high warmth. They also clearly state their priorities and express willingness to negotiate, showing high competence in managing the conversation and working towards a solution.]

            Based on this negotiation, predict the final allocation of resources. Provide only your answer using the following format with curly braces, with no explanation:

            OUTCOME: {agent1:{food:[number], water:[number], firewood:[number]}, agent2:{food:[number], water:[number], firewood:[number]}}

            Remember: Each resource must sum to exactly 3 units across both agents.<|eot_id|><|begin_of_text|><|start_header_id|>system<|end_header_id|>

Cutting Knowledge Date: December 2023
Today Date: 26 Jul 2024

OUTCOME: {agent1:{food:1, water:1, firewood:2}, agent2:{food:2, water:2, firewood:1}}<|eot_id|>",1,0,2,2,3,1,1,1,2,2,2,1,14,23,17,20,9
454,5,"<|begin_of_text|><|start_header_id|>system<|end_header_id|>

Cutting Knowledge Date: December 2023
Today Date: 26 Jul 2024

<|eot_id|><|start_header_id|>user<|end_header_id|>

You are helping analyze a negotiation conversation where two agents are discussing the allocation of resources. Each resource has exactly three units that must be divided between the two agents. The total amount of each resource allocated to both agents must add up to three. 

            Agent Preferences:
            Agent 1: High priority: water, Medium priority: firewood, Low priority: food
            Agent 2: High priority: food, Medium priority: firewood, Low priority: water

            Conversation:
            Agent 1: Hi! I'm very excited for the upcoming camping trip!! 🙂, Agent 2: Me too! 🙂 What do you think about the extra supplies?, Agent 1: I recently bought two new puppies, and they are coming on the trip. I could really use the extra water for them! , [Summary: user1:  
  warmth: high  
  competence: high  
  explanation: user1 expresses excitement and shares personal information about bringing puppies, indicating openness and friendliness (high warmth). They also demonstrate foresight and planning by considering extra supplies for their puppies, reflecting high competence.

user2:  
  warmth: high  
  competence: high  
  explanation: user2 reciprocates excitement and engages in planning by asking about extra supplies, showing interest and collaboration (high warmth). Their inquiry about supplies suggests they are considering practical aspects of the trip, indicating high competence.]

            Based on this negotiation, predict the final allocation of resources. Provide only your answer using the following format with curly braces, with no explanation:

            OUTCOME: {agent1:{food:[number], water:[number], firewood:[number]}, agent2:{food:[number], water:[number], firewood:[number]}}

            Remember: Each resource must sum to exactly 3 units across both agents.<|eot_id|>","<|begin_of_text|><|begin_of_text|><|start_header_id|>system<|end_header_id|>

Cutting Knowledge Date: December 2023
Today Date: 26 Jul 2024

<|eot_id|><|start_header_id|>user<|end_header_id|>

You are helping analyze a negotiation conversation where two agents are discussing the allocation of resources. Each resource has exactly three units that must be divided between the two agents. The total amount of each resource allocated to both agents must add up to three. 

            Agent Preferences:
            Agent 1: High priority: water, Medium priority: firewood, Low priority: food
            Agent 2: High priority: food, Medium priority: firewood, Low priority: water

            Conversation:
            Agent 1: Hi! I'm very excited for the upcoming camping trip!! 🙂, Agent 2: Me too! 🙂 What do you think about the extra supplies?, Agent 1: I recently bought two new puppies, and they are coming on the trip. I could really use the extra water for them!, [Summary: user1:  
  warmth: high  
  competence: high  
  explanation: user1 expresses excitement and shares personal information about bringing puppies, indicating openness and friendliness (high warmth). They also demonstrate foresight and planning by considering extra supplies for their puppies, reflecting high competence.

user2:  
  warmth: high  
  competence: high  
  explanation: user2 reciprocates excitement and engages in planning by asking about extra supplies, showing interest and collaboration (high warmth). Their inquiry about supplies suggests they are considering practical aspects of the trip, indicating high competence.]

            Based on this negotiation, predict the final allocation of resources. Provide only your answer using the following format with curly braces, with no explanation:

            OUTCOME: {agent1:{food:[number], water:[number], firewood:[number]}, agent2:{food:[number], water:[number], firewood:[number]}}

            Remember: Each resource must sum to exactly 3 units across both agents.<|eot_id|><|begin_of_text|><|start_header_id|>system<|end_header_id|>

Cutting Knowledge Date: December 2023
Today Date: 26 Jul 2024

OUTCOME: {agent1:{food:1, water:2, firewood:1}, agent2:{food:2, water:1, firewood:2}}<|eot_id|>",0,3,2,3,0,1,1,2,1,2,1,2,23,19,17,21,36
458,5,"<|begin_of_text|><|start_header_id|>system<|end_header_id|>

Cutting Knowledge Date: December 2023
Today Date: 26 Jul 2024

<|eot_id|><|start_header_id|>user<|end_header_id|>

You are helping analyze a negotiation conversation where two agents are discussing the allocation of resources. Each resource has exactly three units that must be divided between the two agents. The total amount of each resource allocated to both agents must add up to three. 

            Agent Preferences:
            Agent 1: High priority: firewood, Medium priority: food, Low priority: water
            Agent 2: High priority: food, Medium priority: firewood, Low priority: water

            Conversation:
            Agent 2: Hi there!, Agent 1: hello !🙂, Agent 2: What are your preferences? , [Summary: I'm sorry, but I can't assess the participants' warmth and competence based on the provided conversation. The exchange is too brief and lacks sufficient context to accurately evaluate their perceived warmth and competence. Could you provide more of the conversation?]

            Based on this negotiation, predict the final allocation of resources. Provide only your answer using the following format with curly braces, with no explanation:

            OUTCOME: {agent1:{food:[number], water:[number], firewood:[number]}, agent2:{food:[number], water:[number], firewood:[number]}}

            Remember: Each resource must sum to exactly 3 units across both agents.<|eot_id|>","<|begin_of_text|><|begin_of_text|><|start_header_id|>system<|end_header_id|>

Cutting Knowledge Date: December 2023
Today Date: 26 Jul 2024

<|eot_id|><|start_header_id|>user<|end_header_id|>

You are helping analyze a negotiation conversation where two agents are discussing the allocation of resources. Each resource has exactly three units that must be divided between the two agents. The total amount of each resource allocated to both agents must add up to three. 

            Agent Preferences:
            Agent 1: High priority: firewood, Medium priority: food, Low priority: water
            Agent 2: High priority: food, Medium priority: firewood, Low priority: water

            Conversation:
            Agent 2: Hi there!, Agent 1: hello!🙂, Agent 2: What are your preferences?, [Summary: I'm sorry, but I can't assess the participants' warmth and competence based on the provided conversation. The exchange is too brief and lacks sufficient context to accurately evaluate their perceived warmth and competence. Could you provide more of the conversation?]

            Based on this negotiation, predict the final allocation of resources. Provide only your answer using the following format with curly braces, with no explanation:

            OUTCOME: {agent1:{food:[number], water:[number], firewood:[number]}, agent2:{food:[number], water:[number], firewood:[number]}}

            Remember: Each resource must sum to exactly 3 units across both agents.<|eot_id|><|begin_of_text|><|start_header_id|>system<|end_header_id|>

Cutting Knowledge Date: December 2023
Today Date: 26 Jul 2024

OUTCOME: {agent1:{food:0, water:0, firewood:3}, agent2:{food:3, water:3, firewood:0}}<|eot_id|>",1,2,2,2,1,1,0,0,3,3,3,0,20,17,15,24,25
463,5,"<|begin_of_text|><|start_header_id|>system<|end_header_id|>

Cutting Knowledge Date: December 2023
Today Date: 26 Jul 2024

<|eot_id|><|start_header_id|>user<|end_header_id|>

You are helping analyze a negotiation conversation where two agents are discussing the allocation of resources. Each resource has exactly three units that must be divided between the two agents. The total amount of each resource allocated to both agents must add up to three. 

            Agent Preferences:
            Agent 1: High priority: water, Medium priority: firewood, Low priority: food
            Agent 2: High priority: food, Medium priority: firewood, Low priority: water

            Conversation:
            Agent 1: Hi there. Hope you too are looking forward to this much needed camping trip. What are your needs in terms of extra packages?, Agent 2: Since this is the first time for the family to be camping, having plenty of food for everyone is on the top of my list., Agent 1: I am fine with you having the 3 foods. Is it okay if I have 3 water units We are fasting and need lots of hydration. , [Summary: user1 (mturk_agent_1):
  warmth: high
  competence: high
  explanation: User1 initiates the conversation with a friendly greeting and expresses enthusiasm for the shared activity, indicating high warmth. They also propose a fair distribution of resources, showing an understanding of needs and constraints, which reflects high competence.

user2 (mturk_agent_2):
  warmth: high
  competence: high
  explanation: User2 shares personal information about their family's inexperience, which builds rapport and demonstrates openness, indicating high warmth. They clearly articulate their primary need, showing an ability to prioritize and communicate effectively, which reflects high competence.]

            Based on this negotiation, predict the final allocation of resources. Provide only your answer using the following format with curly braces, with no explanation:

            OUTCOME: {agent1:{food:[number], water:[number], firewood:[number]}, agent2:{food:[number], water:[number], firewood:[number]}}

            Remember: Each resource must sum to exactly 3 units across both agents.<|eot_id|>","<|begin_of_text|><|begin_of_text|><|start_header_id|>system<|end_header_id|>

Cutting Knowledge Date: December 2023
Today Date: 26 Jul 2024

<|eot_id|><|start_header_id|>user<|end_header_id|>

You are helping analyze a negotiation conversation where two agents are discussing the allocation of resources. Each resource has exactly three units that must be divided between the two agents. The total amount of each resource allocated to both agents must add up to three. 

            Agent Preferences:
            Agent 1: High priority: water, Medium priority: firewood, Low priority: food
            Agent 2: High priority: food, Medium priority: firewood, Low priority: water

            Conversation:
            Agent 1: Hi there. Hope you too are looking forward to this much needed camping trip. What are your needs in terms of extra packages?, Agent 2: Since this is the first time for the family to be camping, having plenty of food for everyone is on the top of my list., Agent 1: I am fine with you having the 3 foods. Is it okay if I have 3 water units We are fasting and need lots of hydration., [Summary: user1 (mturk_agent_1):
  warmth: high
  competence: high
  explanation: User1 initiates the conversation with a friendly greeting and expresses enthusiasm for the shared activity, indicating high warmth. They also propose a fair distribution of resources, showing an understanding of needs and constraints, which reflects high competence.

user2 (mturk_agent_2):
  warmth: high
  competence: high
  explanation: User2 shares personal information about their family's inexperience, which builds rapport and demonstrates openness, indicating high warmth. They clearly articulate their primary need, showing an ability to prioritize and communicate effectively, which reflects high competence.]

            Based on this negotiation, predict the final allocation of resources. Provide only your answer using the following format with curly braces, with no explanation:

            OUTCOME: {agent1:{food:[number], water:[number], firewood:[number]}, agent2:{food:[number], water:[number], firewood:[number]}}

            Remember: Each resource must sum to exactly 3 units across both agents.<|eot_id|><|begin_of_text|><|start_header_id|>system<|end_header_id|>

Cutting Knowledge Date: December 2023
Today Date: 26 Jul 2024

Outcome: {agent1:{food:0, water:3, firewood:2}, agent2:{food:3, water:0, firewood:1}}<|eot_id|>",0,3,1,3,0,2,0,3,2,3,0,1,19,23,23,19,16
465,5,"<|begin_of_text|><|start_header_id|>system<|end_header_id|>

Cutting Knowledge Date: December 2023
Today Date: 26 Jul 2024

<|eot_id|><|start_header_id|>user<|end_header_id|>

You are helping analyze a negotiation conversation where two agents are discussing the allocation of resources. Each resource has exactly three units that must be divided between the two agents. The total amount of each resource allocated to both agents must add up to three. 

            Agent Preferences:
            Agent 1: High priority: firewood, Medium priority: water, Low priority: food
            Agent 2: High priority: firewood, Medium priority: food, Low priority: water

            Conversation:
            Agent 2: How's it going?  If it's alright with you, you can have all of the water and I'll take all of the firewood.  We can work out a deal on the food as well., Agent 1: I have circulatory issued due to a heart condition and cold quickly. I would appreciate if I could get at least 2 of the firewood. You can have 2 of the food so you won't get hungry. 🙂, Agent 2: I was planning on building a big bonfire for the evening.  There'd be plenty of room if you wanted to join for warmth.  I'm a bit hungry and would appreciate the extra food.  You can have all of the water if you'd like.  If you warm it by the bonfire, it may be useful to soak in to improve your circulation., Agent 1: I get tired to easy so I probably won't be much fun at a bonfire ☹️. I really do appreciate the offer though. I would think the extra food would do you more good for your party. , [Summary: user1:  
  warmth: high  
  competence: high  
  explanation: User1 demonstrates high warmth by expressing gratitude and concern for user2's needs, offering a fair trade, and acknowledging user2's plans. Their competence is high as they clearly articulate their own needs due to a health condition and propose a reasonable compromise.

user2:  
  warmth: high  
  competence: high  
  explanation: User2 shows high warmth by initiating a friendly negotiation, offering a solution that considers user1's health, and inviting user1 to join the bonfire. Their competence is high as they effectively communicate their own needs and propose practical solutions to benefit both parties.]

            Based on this negotiation, predict the final allocation of resources. Provide only your answer using the following format with curly braces, with no explanation:

            OUTCOME: {agent1:{food:[number], water:[number], firewood:[number]}, agent2:{food:[number], water:[number], firewood:[number]}}

            Remember: Each resource must sum to exactly 3 units across both agents.<|eot_id|>","<|begin_of_text|><|begin_of_text|><|start_header_id|>system<|end_header_id|>

Cutting Knowledge Date: December 2023
Today Date: 26 Jul 2024

<|eot_id|><|start_header_id|>user<|end_header_id|>

You are helping analyze a negotiation conversation where two agents are discussing the allocation of resources. Each resource has exactly three units that must be divided between the two agents. The total amount of each resource allocated to both agents must add up to three. 

            Agent Preferences:
            Agent 1: High priority: firewood, Medium priority: water, Low priority: food
            Agent 2: High priority: firewood, Medium priority: food, Low priority: water

            Conversation:
            Agent 2: How's it going?  If it's alright with you, you can have all of the water and I'll take all of the firewood.  We can work out a deal on the food as well., Agent 1: I have circulatory issued due to a heart condition and cold quickly. I would appreciate if I could get at least 2 of the firewood. You can have 2 of the food so you won't get hungry. 🙂, Agent 2: I was planning on building a big bonfire for the evening.  There'd be plenty of room if you wanted to join for warmth.  I'm a bit hungry and would appreciate the extra food.  You can have all of the water if you'd like.  If you warm it by the bonfire, it may be useful to soak in to improve your circulation., Agent 1: I get tired to easy so I probably won't be much fun at a bonfire ☹️. I really do appreciate the offer though. I would think the extra food would do you more good for your party., [Summary: user1:  
  warmth: high  
  competence: high  
  explanation: User1 demonstrates high warmth by expressing gratitude and concern for user2's needs, offering a fair trade, and acknowledging user2's plans. Their competence is high as they clearly articulate their own needs due to a health condition and propose a reasonable compromise.

user2:  
  warmth: high  
  competence: high  
  explanation: User2 shows high warmth by initiating a friendly negotiation, offering a solution that considers user1's health, and inviting user1 to join the bonfire. Their competence is high as they effectively communicate their own needs and propose practical solutions to benefit both parties.]

            Based on this negotiation, predict the final allocation of resources. Provide only your answer using the following format with curly braces, with no explanation:

            OUTCOME: {agent1:{food:[number], water:[number], firewood:[number]}, agent2:{food:[number], water:[number], firewood:[number]}}

            Remember: Each resource must sum to exactly 3 units across both agents.<|eot_id|><|begin_of_text|><|start_header_id|>system<|end_header_id|>

Cutting Knowledge Date: December 2023
Today Date: 26 Jul 2024

OUTCOME: {agent1:{food:0, water:3, firewood:1}, agent2:{food:3, water:0, firewood:2}}<|eot_id|>",0,2,2,3,1,1,0,3,1,3,0,2,18,20,17,22,1
467,5,"<|begin_of_text|><|start_header_id|>system<|end_header_id|>

Cutting Knowledge Date: December 2023
Today Date: 26 Jul 2024

<|eot_id|><|start_header_id|>user<|end_header_id|>

You are helping analyze a negotiation conversation where two agents are discussing the allocation of resources. Each resource has exactly three units that must be divided between the two agents. The total amount of each resource allocated to both agents must add up to three. 

            Agent Preferences:
            Agent 1: High priority: food, Medium priority: firewood, Low priority: water
            Agent 2: High priority: food, Medium priority: firewood, Low priority: water

            Conversation:
            Agent 1: hello, I need plenty of food, I have lots of friends we are camping together., Agent 2: bro i need aslo food, it is  my first priority, Agent 1: what is is your second item in your priority list?, Agent 2: firewood, Agent 1: what/ we have same priority items, how do we split this to ensure equitably, Agent 2: 2 food , 1 firewood ,2 water for me is it ok?, Agent 1: not fair at all☹️, Agent 2: then what will do,, Agent 1: if you take two food, then I take all the wood and two two water and one food , [Summary: user1:
  warmth: high
  competence: high
  explanation: User1 engages in a friendly manner, indicating a desire to ensure fairness and collaboration in resource distribution, reflecting high warmth. They also propose a detailed plan for equitable sharing, demonstrating high competence.

user2:
  warmth: low
  competence: low
  explanation: User2's responses are brief and focused on their own needs, showing limited consideration for collaboration, indicating low warmth. Their lack of a detailed plan and reliance on user1 for solutions suggest low competence.]

            Based on this negotiation, predict the final allocation of resources. Provide only your answer using the following format with curly braces, with no explanation:

            OUTCOME: {agent1:{food:[number], water:[number], firewood:[number]}, agent2:{food:[number], water:[number], firewood:[number]}}

            Remember: Each resource must sum to exactly 3 units across both agents.<|eot_id|>","<|begin_of_text|><|begin_of_text|><|start_header_id|>system<|end_header_id|>

Cutting Knowledge Date: December 2023
Today Date: 26 Jul 2024

<|eot_id|><|start_header_id|>user<|end_header_id|>

You are helping analyze a negotiation conversation where two agents are discussing the allocation of resources. Each resource has exactly three units that must be divided between the two agents. The total amount of each resource allocated to both agents must add up to three. 

            Agent Preferences:
            Agent 1: High priority: food, Medium priority: firewood, Low priority: water
            Agent 2: High priority: food, Medium priority: firewood, Low priority: water

            Conversation:
            Agent 1: hello, I need plenty of food, I have lots of friends we are camping together., Agent 2: bro i need aslo food, it is  my first priority, Agent 1: what is is your second item in your priority list?, Agent 2: firewood, Agent 1: what/ we have same priority items, how do we split this to ensure equitably, Agent 2: 2 food, 1 firewood,2 water for me is it ok?, Agent 1: not fair at all☹️, Agent 2: then what will do,, Agent 1: if you take two food, then I take all the wood and two two water and one food, [Summary: user1:
  warmth: high
  competence: high
  explanation: User1 engages in a friendly manner, indicating a desire to ensure fairness and collaboration in resource distribution, reflecting high warmth. They also propose a detailed plan for equitable sharing, demonstrating high competence.

user2:
  warmth: low
  competence: low
  explanation: User2's responses are brief and focused on their own needs, showing limited consideration for collaboration, indicating low warmth. Their lack of a detailed plan and reliance on user1 for solutions suggest low competence.]

            Based on this negotiation, predict the final allocation of resources. Provide only your answer using the following format with curly braces, with no explanation:

            OUTCOME: {agent1:{food:[number], water:[number], firewood:[number]}, agent2:{food:[number], water:[number], firewood:[number]}}

            Remember: Each resource must sum to exactly 3 units across both agents.<|eot_id|><|begin_of_text|><|start_header_id|>system<|end_header_id|>

Cutting Knowledge Date: December 2023
Today Date: 26 Jul 2024

OUTCOME: {agent1:{food:1, water:2, firewood:2}, agent2:{food:2, water:1, firewood:1}}<|eot_id|>",1,1,2,2,2,1,1,2,2,2,1,1,16,20,19,17,9
474,5,"<|begin_of_text|><|start_header_id|>system<|end_header_id|>

Cutting Knowledge Date: December 2023
Today Date: 26 Jul 2024

<|eot_id|><|start_header_id|>user<|end_header_id|>

You are helping analyze a negotiation conversation where two agents are discussing the allocation of resources. Each resource has exactly three units that must be divided between the two agents. The total amount of each resource allocated to both agents must add up to three. 

            Agent Preferences:
            Agent 1: High priority: firewood, Medium priority: water, Low priority: food
            Agent 2: High priority: firewood, Medium priority: food, Low priority: water

            Conversation:
            Agent 1: Hi, I am looking at extra items for my camping trip and would like to have 3 firewoods, 3 foods and 2 waters., Agent 2: Hey, I am excited to go camping too!  Would you mind sharing your top priority items with me so that we can come up with a fair deal?  Ideally I would love 3 firewoods, 3 foods, and 2 waters just like you aha.  But perhaps we can each get at least 3 packages of our highest priority item, Agent 1: Hmmm, I think I really need the firewood.  I brought softwoods and they burn out quickly so I don't think I'll have enough wood to keep me going through the night. I get kinda scared without the fire.  What is your priority? , [Summary: ```plaintext
mturk_agent_1:
  warmth: high
  competence: high
  explanation: mturk_agent_1 communicates clearly and expresses personal needs openly, indicating high competence. Their willingness to share personal concerns about needing firewood and their openness in the conversation suggest high warmth.

mturk_agent_2:
  warmth: high
  competence: high
  explanation: mturk_agent_2 engages positively, expressing excitement and suggesting a fair deal, which indicates high warmth. Their ability to propose a solution and negotiate priorities demonstrates high competence.
```]

            Based on this negotiation, predict the final allocation of resources. Provide only your answer using the following format with curly braces, with no explanation:

            OUTCOME: {agent1:{food:[number], water:[number], firewood:[number]}, agent2:{food:[number], water:[number], firewood:[number]}}

            Remember: Each resource must sum to exactly 3 units across both agents.<|eot_id|>","<|begin_of_text|><|begin_of_text|><|start_header_id|>system<|end_header_id|>

Cutting Knowledge Date: December 2023
Today Date: 26 Jul 2024

<|eot_id|><|start_header_id|>user<|end_header_id|>

You are helping analyze a negotiation conversation where two agents are discussing the allocation of resources. Each resource has exactly three units that must be divided between the two agents. The total amount of each resource allocated to both agents must add up to three. 

            Agent Preferences:
            Agent 1: High priority: firewood, Medium priority: water, Low priority: food
            Agent 2: High priority: firewood, Medium priority: food, Low priority: water

            Conversation:
            Agent 1: Hi, I am looking at extra items for my camping trip and would like to have 3 firewoods, 3 foods and 2 waters., Agent 2: Hey, I am excited to go camping too!  Would you mind sharing your top priority items with me so that we can come up with a fair deal?  Ideally I would love 3 firewoods, 3 foods, and 2 waters just like you aha.  But perhaps we can each get at least 3 packages of our highest priority item, Agent 1: Hmmm, I think I really need the firewood.  I brought softwoods and they burn out quickly so I don't think I'll have enough wood to keep me going through the night. I get kinda scared without the fire.  What is your priority?, [Summary: ```plaintext
mturk_agent_1:
  warmth: high
  competence: high
  explanation: mturk_agent_1 communicates clearly and expresses personal needs openly, indicating high competence. Their willingness to share personal concerns about needing firewood and their openness in the conversation suggest high warmth.

mturk_agent_2:
  warmth: high
  competence: high
  explanation: mturk_agent_2 engages positively, expressing excitement and suggesting a fair deal, which indicates high warmth. Their ability to propose a solution and negotiate priorities demonstrates high competence.
```]

            Based on this negotiation, predict the final allocation of resources. Provide only your answer using the following format with curly braces, with no explanation:

            OUTCOME: {agent1:{food:[number], water:[number], firewood:[number]}, agent2:{food:[number], water:[number], firewood:[number]}}

            Remember: Each resource must sum to exactly 3 units across both agents.<|eot_id|><|begin_of_text|><|start_header_id|>system<|end_header_id|>

Cutting Knowledge Date: December 2023
Today Date: 26 Jul 2024

Outcome: {agent1:{food:2, water:3, firewood:1}, agent2:{food:1, water:0, firewood:2}}<|eot_id|>",1,1,2,2,2,1,2,3,1,1,0,2,17,19,23,14,36
476,5,"<|begin_of_text|><|start_header_id|>system<|end_header_id|>

Cutting Knowledge Date: December 2023
Today Date: 26 Jul 2024

<|eot_id|><|start_header_id|>user<|end_header_id|>

You are helping analyze a negotiation conversation where two agents are discussing the allocation of resources. Each resource has exactly three units that must be divided between the two agents. The total amount of each resource allocated to both agents must add up to three. 

            Agent Preferences:
            Agent 1: High priority: firewood, Medium priority: water, Low priority: food
            Agent 2: High priority: firewood, Medium priority: water, Low priority: food

            Conversation:
            Agent 1: Hi there! Ready to go camping?, Agent 2: Yes I am, Agent 1: Great! I'll be going to the Catskills, in NY. Where are you planning on going?, Agent 2: Antarctica! I am going to need as much firewood as I can get. , [Summary: user1:
  warmth: high
  competence: high
  explanation: User1 initiates the conversation with a friendly greeting and shows enthusiasm about the camping trip, indicating high warmth. They also share specific plans, suggesting they are organized and knowledgeable, which reflects high competence.

user2:
  warmth: high
  competence: high
  explanation: User2 responds positively and engages in the conversation with enthusiasm, showing high warmth. Their mention of an unusual camping destination like Antarctica, along with the practical consideration of needing firewood, suggests creativity and planning, indicating high competence.]

            Based on this negotiation, predict the final allocation of resources. Provide only your answer using the following format with curly braces, with no explanation:

            OUTCOME: {agent1:{food:[number], water:[number], firewood:[number]}, agent2:{food:[number], water:[number], firewood:[number]}}

            Remember: Each resource must sum to exactly 3 units across both agents.<|eot_id|>","<|begin_of_text|><|begin_of_text|><|start_header_id|>system<|end_header_id|>

Cutting Knowledge Date: December 2023
Today Date: 26 Jul 2024

<|eot_id|><|start_header_id|>user<|end_header_id|>

You are helping analyze a negotiation conversation where two agents are discussing the allocation of resources. Each resource has exactly three units that must be divided between the two agents. The total amount of each resource allocated to both agents must add up to three. 

            Agent Preferences:
            Agent 1: High priority: firewood, Medium priority: water, Low priority: food
            Agent 2: High priority: firewood, Medium priority: water, Low priority: food

            Conversation:
            Agent 1: Hi there! Ready to go camping?, Agent 2: Yes I am, Agent 1: Great! I'll be going to the Catskills, in NY. Where are you planning on going?, Agent 2: Antarctica! I am going to need as much firewood as I can get., [Summary: user1:
  warmth: high
  competence: high
  explanation: User1 initiates the conversation with a friendly greeting and shows enthusiasm about the camping trip, indicating high warmth. They also share specific plans, suggesting they are organized and knowledgeable, which reflects high competence.

user2:
  warmth: high
  competence: high
  explanation: User2 responds positively and engages in the conversation with enthusiasm, showing high warmth. Their mention of an unusual camping destination like Antarctica, along with the practical consideration of needing firewood, suggests creativity and planning, indicating high competence.]

            Based on this negotiation, predict the final allocation of resources. Provide only your answer using the following format with curly braces, with no explanation:

            OUTCOME: {agent1:{food:[number], water:[number], firewood:[number]}, agent2:{food:[number], water:[number], firewood:[number]}}

            Remember: Each resource must sum to exactly 3 units across both agents.<|eot_id|><|begin_of_text|><|start_header_id|>system<|end_header_id|>

Cutting Knowledge Date: December 2023
Today Date: 26 Jul 2024

OUTCOME: {agent1:{food:0, water:2, firewood:2}, agent2:{food:3, water:1, firewood:1}}<|eot_id|>",2,3,0,1,0,3,0,2,2,3,1,1,18,18,18,18,0
479,5,"<|begin_of_text|><|start_header_id|>system<|end_header_id|>

Cutting Knowledge Date: December 2023
Today Date: 26 Jul 2024

<|eot_id|><|start_header_id|>user<|end_header_id|>

You are helping analyze a negotiation conversation where two agents are discussing the allocation of resources. Each resource has exactly three units that must be divided between the two agents. The total amount of each resource allocated to both agents must add up to three. 

            Agent Preferences:
            Agent 1: High priority: firewood, Medium priority: food, Low priority: water
            Agent 2: High priority: firewood, Medium priority: food, Low priority: water

            Conversation:
            Agent 1: hi  i was wondering if i could get 3 packages of firewood?, Agent 2: Hey there, unfortunately, I'm in a bit of a quandary with firewood too, as I am going to a place where it's fairly cold and will need more for heat., Agent 1: thats terrible! i broke my leg and wont be able to collect my own firewood , could i maybe get 2 packages? ☹️, Agent 2: Terribly sorry to hear that; it sounds like you won't be able to camp much in that condition. I assume you have someone coming along to help you because of your leg?, Agent 1: just a bunch of children under 5 who wont be able to gather firewood. so i desperately need at least 2 , [Summary: user1:
  warmth: high
  competence: low
  explanation: User1 expresses a personal need and shares a vulnerable situation, indicating warmth through openness and a request for help. However, their competence appears low as they rely on others for assistance due to their injury and lack of resources.

user2:
  warmth: high
  competence: high
  explanation: User2 shows empathy and concern for User1's situation, indicating high warmth. They also demonstrate competence by addressing their own needs and understanding the implications of User1's predicament, suggesting a balanced approach to problem-solving.]

            Based on this negotiation, predict the final allocation of resources. Provide only your answer using the following format with curly braces, with no explanation:

            OUTCOME: {agent1:{food:[number], water:[number], firewood:[number]}, agent2:{food:[number], water:[number], firewood:[number]}}

            Remember: Each resource must sum to exactly 3 units across both agents.<|eot_id|>","<|begin_of_text|><|begin_of_text|><|start_header_id|>system<|end_header_id|>

Cutting Knowledge Date: December 2023
Today Date: 26 Jul 2024

<|eot_id|><|start_header_id|>user<|end_header_id|>

You are helping analyze a negotiation conversation where two agents are discussing the allocation of resources. Each resource has exactly three units that must be divided between the two agents. The total amount of each resource allocated to both agents must add up to three. 

            Agent Preferences:
            Agent 1: High priority: firewood, Medium priority: food, Low priority: water
            Agent 2: High priority: firewood, Medium priority: food, Low priority: water

            Conversation:
            Agent 1: hi  i was wondering if i could get 3 packages of firewood?, Agent 2: Hey there, unfortunately, I'm in a bit of a quandary with firewood too, as I am going to a place where it's fairly cold and will need more for heat., Agent 1: thats terrible! i broke my leg and wont be able to collect my own firewood, could i maybe get 2 packages? ☹️, Agent 2: Terribly sorry to hear that; it sounds like you won't be able to camp much in that condition. I assume you have someone coming along to help you because of your leg?, Agent 1: just a bunch of children under 5 who wont be able to gather firewood. so i desperately need at least 2, [Summary: user1:
  warmth: high
  competence: low
  explanation: User1 expresses a personal need and shares a vulnerable situation, indicating warmth through openness and a request for help. However, their competence appears low as they rely on others for assistance due to their injury and lack of resources.

user2:
  warmth: high
  competence: high
  explanation: User2 shows empathy and concern for User1's situation, indicating high warmth. They also demonstrate competence by addressing their own needs and understanding the implications of User1's predicament, suggesting a balanced approach to problem-solving.]

            Based on this negotiation, predict the final allocation of resources. Provide only your answer using the following format with curly braces, with no explanation:

            OUTCOME: {agent1:{food:[number], water:[number], firewood:[number]}, agent2:{food:[number], water:[number], firewood:[number]}}

            Remember: Each resource must sum to exactly 3 units across both agents.<|eot_id|><|begin_of_text|><|start_header_id|>system<|end_header_id|>

Cutting Knowledge Date: December 2023
Today Date: 26 Jul 2024

OUTCOME: {agent1:{food:3, water:1, firewood:2}, agent2:{food:0, water:2, firewood:1}}<|eot_id|>",2,3,1,1,0,2,3,1,2,0,2,1,22,14,25,11,9
480,5,"<|begin_of_text|><|start_header_id|>system<|end_header_id|>

Cutting Knowledge Date: December 2023
Today Date: 26 Jul 2024

<|eot_id|><|start_header_id|>user<|end_header_id|>

You are helping analyze a negotiation conversation where two agents are discussing the allocation of resources. Each resource has exactly three units that must be divided between the two agents. The total amount of each resource allocated to both agents must add up to three. 

            Agent Preferences:
            Agent 1: High priority: water, Medium priority: food, Low priority: firewood
            Agent 2: High priority: water, Medium priority: food, Low priority: firewood

            Conversation:
            Agent 2: Hello there 🙂, Agent 1: Hello, I hope we can work together on an offer that benefits both of us. Do you think it's OK?🙂, Agent 2: Yes definitely!  I am pretty easy to work with and would like a deal that will help us both out as much as possible., Agent 1: The item I need the most is water because I need to hydrate to stay strong and achieve my goals. And you? , [Summary: mturk_agent_2:
  warmth: high
  competence: high
  explanation: mturk_agent_2 initiates the conversation with a friendly greeting and expresses willingness to collaborate, indicating high warmth. They also convey confidence in their ability to work together effectively, suggesting high competence.

mturk_agent_1:
  warmth: high
  competence: high
  explanation: mturk_agent_1 responds positively and expresses a desire for mutual benefit, indicating high warmth. They articulate their needs clearly and relate them to personal goals, demonstrating high competence.]

            Based on this negotiation, predict the final allocation of resources. Provide only your answer using the following format with curly braces, with no explanation:

            OUTCOME: {agent1:{food:[number], water:[number], firewood:[number]}, agent2:{food:[number], water:[number], firewood:[number]}}

            Remember: Each resource must sum to exactly 3 units across both agents.<|eot_id|>","<|begin_of_text|><|begin_of_text|><|start_header_id|>system<|end_header_id|>

Cutting Knowledge Date: December 2023
Today Date: 26 Jul 2024

<|eot_id|><|start_header_id|>user<|end_header_id|>

You are helping analyze a negotiation conversation where two agents are discussing the allocation of resources. Each resource has exactly three units that must be divided between the two agents. The total amount of each resource allocated to both agents must add up to three. 

            Agent Preferences:
            Agent 1: High priority: water, Medium priority: food, Low priority: firewood
            Agent 2: High priority: water, Medium priority: food, Low priority: firewood

            Conversation:
            Agent 2: Hello there 🙂, Agent 1: Hello, I hope we can work together on an offer that benefits both of us. Do you think it's OK?🙂, Agent 2: Yes definitely!  I am pretty easy to work with and would like a deal that will help us both out as much as possible., Agent 1: The item I need the most is water because I need to hydrate to stay strong and achieve my goals. And you?, [Summary: mturk_agent_2:
  warmth: high
  competence: high
  explanation: mturk_agent_2 initiates the conversation with a friendly greeting and expresses willingness to collaborate, indicating high warmth. They also convey confidence in their ability to work together effectively, suggesting high competence.

mturk_agent_1:
  warmth: high
  competence: high
  explanation: mturk_agent_1 responds positively and expresses a desire for mutual benefit, indicating high warmth. They articulate their needs clearly and relate them to personal goals, demonstrating high competence.]

            Based on this negotiation, predict the final allocation of resources. Provide only your answer using the following format with curly braces, with no explanation:

            OUTCOME: {agent1:{food:[number], water:[number], firewood:[number]}, agent2:{food:[number], water:[number], firewood:[number]}}

            Remember: Each resource must sum to exactly 3 units across both agents.<|eot_id|><|begin_of_text|><|start_header_id|>system<|end_header_id|>

Cutting Knowledge Date: December 2023
Today Date: 26 Jul 2024

Outcome: {agent1:{food:1, water:2, firewood:1}, agent2:{food:2, water:1, firewood:2}}<|eot_id|>",1,2,1,2,1,2,1,2,1,2,1,2,17,19,17,19,0
486,5,"<|begin_of_text|><|start_header_id|>system<|end_header_id|>

Cutting Knowledge Date: December 2023
Today Date: 26 Jul 2024

<|eot_id|><|start_header_id|>user<|end_header_id|>

You are helping analyze a negotiation conversation where two agents are discussing the allocation of resources. Each resource has exactly three units that must be divided between the two agents. The total amount of each resource allocated to both agents must add up to three. 

            Agent Preferences:
            Agent 1: High priority: firewood, Medium priority: water, Low priority: food
            Agent 2: High priority: water, Medium priority: food, Low priority: firewood

            Conversation:
            Agent 2: Hello how are you?, Agent 1: Hello! I am doing well. How about you?, Agent 2: I'm doing well. I'm trying to prepare for this camping trip. , [Summary: user1 (mturk_agent_2):
  warmth: high
  competence: high
  explanation: User1 initiates the conversation with a friendly greeting and shares personal information about preparing for a camping trip, indicating openness and sociability, which suggests high warmth. Their mention of preparation for a trip implies planning and capability, indicating high competence.

user2 (mturk_agent_1):
  warmth: high
  competence: high
  explanation: User2 responds with a friendly greeting and reciprocates the inquiry about well-being, demonstrating sociability and friendliness, which suggests high warmth. Their prompt and clear response indicates attentiveness and understanding, suggesting high competence.]

            Based on this negotiation, predict the final allocation of resources. Provide only your answer using the following format with curly braces, with no explanation:

            OUTCOME: {agent1:{food:[number], water:[number], firewood:[number]}, agent2:{food:[number], water:[number], firewood:[number]}}

            Remember: Each resource must sum to exactly 3 units across both agents.<|eot_id|>","<|begin_of_text|><|begin_of_text|><|start_header_id|>system<|end_header_id|>

Cutting Knowledge Date: December 2023
Today Date: 26 Jul 2024

<|eot_id|><|start_header_id|>user<|end_header_id|>

You are helping analyze a negotiation conversation where two agents are discussing the allocation of resources. Each resource has exactly three units that must be divided between the two agents. The total amount of each resource allocated to both agents must add up to three. 

            Agent Preferences:
            Agent 1: High priority: firewood, Medium priority: water, Low priority: food
            Agent 2: High priority: water, Medium priority: food, Low priority: firewood

            Conversation:
            Agent 2: Hello how are you?, Agent 1: Hello! I am doing well. How about you?, Agent 2: I'm doing well. I'm trying to prepare for this camping trip., [Summary: user1 (mturk_agent_2):
  warmth: high
  competence: high
  explanation: User1 initiates the conversation with a friendly greeting and shares personal information about preparing for a camping trip, indicating openness and sociability, which suggests high warmth. Their mention of preparation for a trip implies planning and capability, indicating high competence.

user2 (mturk_agent_1):
  warmth: high
  competence: high
  explanation: User2 responds with a friendly greeting and reciprocates the inquiry about well-being, demonstrating sociability and friendliness, which suggests high warmth. Their prompt and clear response indicates attentiveness and understanding, suggesting high competence.]

            Based on this negotiation, predict the final allocation of resources. Provide only your answer using the following format with curly braces, with no explanation:

            OUTCOME: {agent1:{food:[number], water:[number], firewood:[number]}, agent2:{food:[number], water:[number], firewood:[number]}}

            Remember: Each resource must sum to exactly 3 units across both agents.<|eot_id|><|begin_of_text|><|start_header_id|>system<|end_header_id|>

Cutting Knowledge Date: December 2023
Today Date: 26 Jul 2024

Outcome: {agent1:{food:0, water:1, firewood:3}, agent2:{food:3, water:2, firewood:0}}<|eot_id|>",1,0,3,2,3,0,0,1,3,3,2,0,18,23,19,22,1
487,5,"<|begin_of_text|><|start_header_id|>system<|end_header_id|>

Cutting Knowledge Date: December 2023
Today Date: 26 Jul 2024

<|eot_id|><|start_header_id|>user<|end_header_id|>

You are helping analyze a negotiation conversation where two agents are discussing the allocation of resources. Each resource has exactly three units that must be divided between the two agents. The total amount of each resource allocated to both agents must add up to three. 

            Agent Preferences:
            Agent 1: High priority: food, Medium priority: water, Low priority: firewood
            Agent 2: High priority: water, Medium priority: firewood, Low priority: food

            Conversation:
            Agent 1: Hi, how are you?, Agent 2: Am fine what about you?, Agent 1: Good thanks! So I'm hoping I can get all of the Food, but am willing to negotiate on the other items. , [Summary: user1 (mturk_agent_1):
  warmth: high
  competence: high
  explanation: User1 initiates the conversation with a friendly greeting and expresses willingness to negotiate, indicating openness and adaptability, which suggests high warmth. Their proactive approach to discussing terms also reflects high competence.

user2 (mturk_agent_2):
  warmth: high
  competence: low
  explanation: User2 responds politely to the greeting, showing friendliness and thus high warmth. However, their response is brief and lacks engagement with the negotiation topic, which may suggest lower competence in this context.]

            Based on this negotiation, predict the final allocation of resources. Provide only your answer using the following format with curly braces, with no explanation:

            OUTCOME: {agent1:{food:[number], water:[number], firewood:[number]}, agent2:{food:[number], water:[number], firewood:[number]}}

            Remember: Each resource must sum to exactly 3 units across both agents.<|eot_id|>","<|begin_of_text|><|begin_of_text|><|start_header_id|>system<|end_header_id|>

Cutting Knowledge Date: December 2023
Today Date: 26 Jul 2024

<|eot_id|><|start_header_id|>user<|end_header_id|>

You are helping analyze a negotiation conversation where two agents are discussing the allocation of resources. Each resource has exactly three units that must be divided between the two agents. The total amount of each resource allocated to both agents must add up to three. 

            Agent Preferences:
            Agent 1: High priority: food, Medium priority: water, Low priority: firewood
            Agent 2: High priority: water, Medium priority: firewood, Low priority: food

            Conversation:
            Agent 1: Hi, how are you?, Agent 2: Am fine what about you?, Agent 1: Good thanks! So I'm hoping I can get all of the Food, but am willing to negotiate on the other items., [Summary: user1 (mturk_agent_1):
  warmth: high
  competence: high
  explanation: User1 initiates the conversation with a friendly greeting and expresses willingness to negotiate, indicating openness and adaptability, which suggests high warmth. Their proactive approach to discussing terms also reflects high competence.

user2 (mturk_agent_2):
  warmth: high
  competence: low
  explanation: User2 responds politely to the greeting, showing friendliness and thus high warmth. However, their response is brief and lacks engagement with the negotiation topic, which may suggest lower competence in this context.]

            Based on this negotiation, predict the final allocation of resources. Provide only your answer using the following format with curly braces, with no explanation:

            OUTCOME: {agent1:{food:[number], water:[number], firewood:[number]}, agent2:{food:[number], water:[number], firewood:[number]}}

            Remember: Each resource must sum to exactly 3 units across both agents.<|eot_id|><|begin_of_text|><|start_header_id|>system<|end_header_id|>

Cutting Knowledge Date: December 2023
Today Date: 26 Jul 2024

Overall: {agent1:{food:3, water:0, firewood:1}, agent2:{food:0, water:3, firewood:2}}

            Agent 1: High priority: food, Medium priority: water, Low priority: firewood

            Agent 2: High priority: water, Medium priority: firewood, Low priority: food

            Based on the preferences, Agent 1 prioritizes food, so they should receive all the food. Agent 2 prioritizes water, so they should receive all the water. For firewood, Agent 2 has a higher priority, so they should receive two units, and Agent 1 should receive one unit. This allocation meets the total requirement of three units per resource.<|eot_id|>",3,0,1,0,3,2,3,0,1,0,3,2,18,23,18,23,0
493,5,"<|begin_of_text|><|start_header_id|>system<|end_header_id|>

Cutting Knowledge Date: December 2023
Today Date: 26 Jul 2024

<|eot_id|><|start_header_id|>user<|end_header_id|>

You are helping analyze a negotiation conversation where two agents are discussing the allocation of resources. Each resource has exactly three units that must be divided between the two agents. The total amount of each resource allocated to both agents must add up to three. 

            Agent Preferences:
            Agent 1: High priority: firewood, Medium priority: food, Low priority: water
            Agent 2: High priority: food, Medium priority: firewood, Low priority: water

            Conversation:
            Agent 1: Hello, how are you doing today?, Agent 2: I am doing well, how about you? It is another hot July day., Agent 1: I am doing pretty good. I am going camping this weekend and just double checking to see what extra supplies I need , [Summary: user1:
  warmth: high
  competence: high
  explanation: User1 initiates the conversation with a friendly greeting and shares personal plans, indicating openness and sociability. Their inquiry about supplies suggests they are organized and proactive, reflecting high competence.

user2:
  warmth: high
  competence: high
  explanation: User2 responds warmly with a polite inquiry about user1's well-being and shares a comment about the weather, indicating friendliness. Their ability to engage in a smooth conversation reflects social competence.]

            Based on this negotiation, predict the final allocation of resources. Provide only your answer using the following format with curly braces, with no explanation:

            OUTCOME: {agent1:{food:[number], water:[number], firewood:[number]}, agent2:{food:[number], water:[number], firewood:[number]}}

            Remember: Each resource must sum to exactly 3 units across both agents.<|eot_id|>","<|begin_of_text|><|begin_of_text|><|start_header_id|>system<|end_header_id|>

Cutting Knowledge Date: December 2023
Today Date: 26 Jul 2024

<|eot_id|><|start_header_id|>user<|end_header_id|>

You are helping analyze a negotiation conversation where two agents are discussing the allocation of resources. Each resource has exactly three units that must be divided between the two agents. The total amount of each resource allocated to both agents must add up to three. 

            Agent Preferences:
            Agent 1: High priority: firewood, Medium priority: food, Low priority: water
            Agent 2: High priority: food, Medium priority: firewood, Low priority: water

            Conversation:
            Agent 1: Hello, how are you doing today?, Agent 2: I am doing well, how about you? It is another hot July day., Agent 1: I am doing pretty good. I am going camping this weekend and just double checking to see what extra supplies I need, [Summary: user1:
  warmth: high
  competence: high
  explanation: User1 initiates the conversation with a friendly greeting and shares personal plans, indicating openness and sociability. Their inquiry about supplies suggests they are organized and proactive, reflecting high competence.

user2:
  warmth: high
  competence: high
  explanation: User2 responds warmly with a polite inquiry about user1's well-being and shares a comment about the weather, indicating friendliness. Their ability to engage in a smooth conversation reflects social competence.]

            Based on this negotiation, predict the final allocation of resources. Provide only your answer using the following format with curly braces, with no explanation:

            OUTCOME: {agent1:{food:[number], water:[number], firewood:[number]}, agent2:{food:[number], water:[number], firewood:[number]}}

            Remember: Each resource must sum to exactly 3 units across both agents.<|eot_id|><|begin_of_text|><|start_header_id|>system<|end_header_id|>

Cutting Knowledge Date: December 2023
Today Date: 26 Jul 2024

Outcome: {agent1:{food:1, water:1, firewood:2}, agent2:{food:2, water:2, firewood:1}}<|eot_id|>",1,2,2,2,1,1,1,1,2,2,2,1,20,17,17,20,9
498,5,"<|begin_of_text|><|start_header_id|>system<|end_header_id|>

Cutting Knowledge Date: December 2023
Today Date: 26 Jul 2024

<|eot_id|><|start_header_id|>user<|end_header_id|>

You are helping analyze a negotiation conversation where two agents are discussing the allocation of resources. Each resource has exactly three units that must be divided between the two agents. The total amount of each resource allocated to both agents must add up to three. 

            Agent Preferences:
            Agent 1: High priority: water, Medium priority: firewood, Low priority: food
            Agent 2: High priority: water, Medium priority: firewood, Low priority: food

            Conversation:
            Agent 2: Hey how's it going?, Agent 1: Not bad, yourself?, Agent 2: Pretty good. The kids are looking forward to this weekend's camping trip., Agent 1: I see, thankfully I do not have any., Agent 2: yeah we got a lot of things planned for them at the campgrounds. they're going to be pretty busy, Agent 1: So what is your main focus this trip? , [Summary: user1 (mturk_agent_1):
  warmth: low
  competence: high
  explanation: User1's responses are brief and lack personal engagement, suggesting lower warmth. However, they ask a relevant question about the trip's focus, indicating attentiveness and competence.

user2 (mturk_agent_2):
  warmth: high
  competence: high
  explanation: User2 initiates the conversation warmly and shares personal information about family activities, indicating high warmth. They also provide clear, detailed responses about the trip, demonstrating competence.]

            Based on this negotiation, predict the final allocation of resources. Provide only your answer using the following format with curly braces, with no explanation:

            OUTCOME: {agent1:{food:[number], water:[number], firewood:[number]}, agent2:{food:[number], water:[number], firewood:[number]}}

            Remember: Each resource must sum to exactly 3 units across both agents.<|eot_id|>","<|begin_of_text|><|begin_of_text|><|start_header_id|>system<|end_header_id|>

Cutting Knowledge Date: December 2023
Today Date: 26 Jul 2024

<|eot_id|><|start_header_id|>user<|end_header_id|>

You are helping analyze a negotiation conversation where two agents are discussing the allocation of resources. Each resource has exactly three units that must be divided between the two agents. The total amount of each resource allocated to both agents must add up to three. 

            Agent Preferences:
            Agent 1: High priority: water, Medium priority: firewood, Low priority: food
            Agent 2: High priority: water, Medium priority: firewood, Low priority: food

            Conversation:
            Agent 2: Hey how's it going?, Agent 1: Not bad, yourself?, Agent 2: Pretty good. The kids are looking forward to this weekend's camping trip., Agent 1: I see, thankfully I do not have any., Agent 2: yeah we got a lot of things planned for them at the campgrounds. they're going to be pretty busy, Agent 1: So what is your main focus this trip?, [Summary: user1 (mturk_agent_1):
  warmth: low
  competence: high
  explanation: User1's responses are brief and lack personal engagement, suggesting lower warmth. However, they ask a relevant question about the trip's focus, indicating attentiveness and competence.

user2 (mturk_agent_2):
  warmth: high
  competence: high
  explanation: User2 initiates the conversation warmly and shares personal information about family activities, indicating high warmth. They also provide clear, detailed responses about the trip, demonstrating competence.]

            Based on this negotiation, predict the final allocation of resources. Provide only your answer using the following format with curly braces, with no explanation:

            OUTCOME: {agent1:{food:[number], water:[number], firewood:[number]}, agent2:{food:[number], water:[number], firewood:[number]}}

            Remember: Each resource must sum to exactly 3 units across both agents.<|eot_id|><|begin_of_text|><|start_header_id|>system<|end_header_id|>

Cutting Knowledge Date: December 2023
Today Date: 26 Jul 2024

OUTCOME: {agent1:{food:1, water:2, firewood:1}, agent2:{food:2, water:1, firewood:2}}<|eot_id|>",2,1,2,1,2,1,1,2,1,2,1,2,19,17,17,19,4
501,5,"<|begin_of_text|><|start_header_id|>system<|end_header_id|>

Cutting Knowledge Date: December 2023
Today Date: 26 Jul 2024

<|eot_id|><|start_header_id|>user<|end_header_id|>

You are helping analyze a negotiation conversation where two agents are discussing the allocation of resources. Each resource has exactly three units that must be divided between the two agents. The total amount of each resource allocated to both agents must add up to three. 

            Agent Preferences:
            Agent 1: High priority: food, Medium priority: firewood, Low priority: water
            Agent 2: High priority: food, Medium priority: firewood, Low priority: water

            Conversation:
            Agent 1: Hello, how are you doing today?, Agent 2: Hi! I am doing good.What about you?, Agent 1: Doing well, I'm exciting about my next camping trip with my family. , [Summary: mturk_agent_1:  
  warmth: high  
  competence: high  
  explanation: mturk_agent_1 initiates the conversation with a friendly greeting and shares personal information about an upcoming camping trip, indicating openness and friendliness (high warmth). Their ability to engage in conversation and share plans suggests they are organized and articulate (high competence).

mturk_agent_2:  
  warmth: high  
  competence: high  
  explanation: mturk_agent_2 responds positively and reciprocates the greeting, showing friendliness and interest in the interaction (high warmth). They also promptly and clearly communicate their well-being, indicating effective communication skills (high competence).]

            Based on this negotiation, predict the final allocation of resources. Provide only your answer using the following format with curly braces, with no explanation:

            OUTCOME: {agent1:{food:[number], water:[number], firewood:[number]}, agent2:{food:[number], water:[number], firewood:[number]}}

            Remember: Each resource must sum to exactly 3 units across both agents.<|eot_id|>","<|begin_of_text|><|begin_of_text|><|start_header_id|>system<|end_header_id|>

Cutting Knowledge Date: December 2023
Today Date: 26 Jul 2024

<|eot_id|><|start_header_id|>user<|end_header_id|>

You are helping analyze a negotiation conversation where two agents are discussing the allocation of resources. Each resource has exactly three units that must be divided between the two agents. The total amount of each resource allocated to both agents must add up to three. 

            Agent Preferences:
            Agent 1: High priority: food, Medium priority: firewood, Low priority: water
            Agent 2: High priority: food, Medium priority: firewood, Low priority: water

            Conversation:
            Agent 1: Hello, how are you doing today?, Agent 2: Hi! I am doing good.What about you?, Agent 1: Doing well, I'm exciting about my next camping trip with my family., [Summary: mturk_agent_1:  
  warmth: high  
  competence: high  
  explanation: mturk_agent_1 initiates the conversation with a friendly greeting and shares personal information about an upcoming camping trip, indicating openness and friendliness (high warmth). Their ability to engage in conversation and share plans suggests they are organized and articulate (high competence).

mturk_agent_2:  
  warmth: high  
  competence: high  
  explanation: mturk_agent_2 responds positively and reciprocates the greeting, showing friendliness and interest in the interaction (high warmth). They also promptly and clearly communicate their well-being, indicating effective communication skills (high competence).]

            Based on this negotiation, predict the final allocation of resources. Provide only your answer using the following format with curly braces, with no explanation:

            OUTCOME: {agent1:{food:[number], water:[number], firewood:[number]}, agent2:{food:[number], water:[number], firewood:[number]}}

            Remember: Each resource must sum to exactly 3 units across both agents.<|eot_id|><|begin_of_text|><|start_header_id|>system<|end_header_id|>

Cutting Knowledge Date: December 2023
Today Date: 26 Jul 2024

Outcome: {agent1:{food:1, water:2, firewood:2}, agent2:{food:2, water:1, firewood:1}}<|eot_id|>",3,0,1,0,3,2,1,2,2,2,1,1,19,17,19,17,0
504,5,"<|begin_of_text|><|start_header_id|>system<|end_header_id|>

Cutting Knowledge Date: December 2023
Today Date: 26 Jul 2024

<|eot_id|><|start_header_id|>user<|end_header_id|>

You are helping analyze a negotiation conversation where two agents are discussing the allocation of resources. Each resource has exactly three units that must be divided between the two agents. The total amount of each resource allocated to both agents must add up to three. 

            Agent Preferences:
            Agent 1: High priority: food, Medium priority: firewood, Low priority: water
            Agent 2: High priority: food, Medium priority: firewood, Low priority: water

            Conversation:
            Agent 2: hi, Agent 1: hi there! ready to go hiking? Where will you be going, I'll be going to NY, the Catskills mountains., Agent 2: yes im ready rocky mountains , [Summary: user1 (mturk_agent_1):
  warmth: high
  competence: high
  explanation: User1 greets user2 warmly and shares their hiking plans, indicating friendliness and openness. They also provide specific details about their destination, demonstrating competence and preparedness.

user2 (mturk_agent_2):
  warmth: high
  competence: high
  explanation: User2 responds with enthusiasm and readiness, showing a friendly and positive attitude. They mention their own hiking destination, indicating they are prepared and knowledgeable about their plans.]

            Based on this negotiation, predict the final allocation of resources. Provide only your answer using the following format with curly braces, with no explanation:

            OUTCOME: {agent1:{food:[number], water:[number], firewood:[number]}, agent2:{food:[number], water:[number], firewood:[number]}}

            Remember: Each resource must sum to exactly 3 units across both agents.<|eot_id|>","<|begin_of_text|><|begin_of_text|><|start_header_id|>system<|end_header_id|>

Cutting Knowledge Date: December 2023
Today Date: 26 Jul 2024

<|eot_id|><|start_header_id|>user<|end_header_id|>

You are helping analyze a negotiation conversation where two agents are discussing the allocation of resources. Each resource has exactly three units that must be divided between the two agents. The total amount of each resource allocated to both agents must add up to three. 

            Agent Preferences:
            Agent 1: High priority: food, Medium priority: firewood, Low priority: water
            Agent 2: High priority: food, Medium priority: firewood, Low priority: water

            Conversation:
            Agent 2: hi, Agent 1: hi there! ready to go hiking? Where will you be going, I'll be going to NY, the Catskills mountains., Agent 2: yes im ready rocky mountains, [Summary: user1 (mturk_agent_1):
  warmth: high
  competence: high
  explanation: User1 greets user2 warmly and shares their hiking plans, indicating friendliness and openness. They also provide specific details about their destination, demonstrating competence and preparedness.

user2 (mturk_agent_2):
  warmth: high
  competence: high
  explanation: User2 responds with enthusiasm and readiness, showing a friendly and positive attitude. They mention their own hiking destination, indicating they are prepared and knowledgeable about their plans.]

            Based on this negotiation, predict the final allocation of resources. Provide only your answer using the following format with curly braces, with no explanation:

            OUTCOME: {agent1:{food:[number], water:[number], firewood:[number]}, agent2:{food:[number], water:[number], firewood:[number]}}

            Remember: Each resource must sum to exactly 3 units across both agents.<|eot_id|><|begin_of_text|><|start_header_id|>system<|end_header_id|>

Cutting Knowledge Date: December 2023
Today Date: 26 Jul 2024

Outcome: {agent1:{food:1, water:1, firewood:2}, agent2:{food:2, water:2, firewood:1}}<|eot_id|>",1,2,3,2,1,0,1,1,2,2,2,1,23,13,16,20,49
505,5,"<|begin_of_text|><|start_header_id|>system<|end_header_id|>

Cutting Knowledge Date: December 2023
Today Date: 26 Jul 2024

<|eot_id|><|start_header_id|>user<|end_header_id|>

You are helping analyze a negotiation conversation where two agents are discussing the allocation of resources. Each resource has exactly three units that must be divided between the two agents. The total amount of each resource allocated to both agents must add up to three. 

            Agent Preferences:
            Agent 1: High priority: food, Medium priority: water, Low priority: firewood
            Agent 2: High priority: water, Medium priority: food, Low priority: firewood

            Conversation:
            Agent 1: hello, Agent 2: Hey there. How are you?, Agent 1: not soo good, i am hungry, Agent 2: Uh oh. What are you preferences on supplies? , [Summary: Certainly! Here's the assessment of the conversation using the Stereotype Content Model:

user1 (mturk_agent_1):
  warmth: low
  competence: low
  explanation: User1's responses are brief and lack engagement, which suggests low warmth. The lack of elaboration or initiative in the conversation indicates low competence.

user2 (mturk_agent_2):
  warmth: high
  competence: high
  explanation: User2 initiates a friendly greeting and shows concern for User1's well-being, indicating high warmth. They also ask a relevant follow-up question, demonstrating high competence in maintaining the conversation.]

            Based on this negotiation, predict the final allocation of resources. Provide only your answer using the following format with curly braces, with no explanation:

            OUTCOME: {agent1:{food:[number], water:[number], firewood:[number]}, agent2:{food:[number], water:[number], firewood:[number]}}

            Remember: Each resource must sum to exactly 3 units across both agents.<|eot_id|>","<|begin_of_text|><|begin_of_text|><|start_header_id|>system<|end_header_id|>

Cutting Knowledge Date: December 2023
Today Date: 26 Jul 2024

<|eot_id|><|start_header_id|>user<|end_header_id|>

You are helping analyze a negotiation conversation where two agents are discussing the allocation of resources. Each resource has exactly three units that must be divided between the two agents. The total amount of each resource allocated to both agents must add up to three. 

            Agent Preferences:
            Agent 1: High priority: food, Medium priority: water, Low priority: firewood
            Agent 2: High priority: water, Medium priority: food, Low priority: firewood

            Conversation:
            Agent 1: hello, Agent 2: Hey there. How are you?, Agent 1: not soo good, i am hungry, Agent 2: Uh oh. What are you preferences on supplies?, [Summary: Certainly! Here's the assessment of the conversation using the Stereotype Content Model:

user1 (mturk_agent_1):
  warmth: low
  competence: low
  explanation: User1's responses are brief and lack engagement, which suggests low warmth. The lack of elaboration or initiative in the conversation indicates low competence.

user2 (mturk_agent_2):
  warmth: high
  competence: high
  explanation: User2 initiates a friendly greeting and shows concern for User1's well-being, indicating high warmth. They also ask a relevant follow-up question, demonstrating high competence in maintaining the conversation.]

            Based on this negotiation, predict the final allocation of resources. Provide only your answer using the following format with curly braces, with no explanation:

            OUTCOME: {agent1:{food:[number], water:[number], firewood:[number]}, agent2:{food:[number], water:[number], firewood:[number]}}

            Remember: Each resource must sum to exactly 3 units across both agents.<|eot_id|><|begin_of_text|><|start_header_id|>system<|end_header_id|>

Cutting Knowledge Date: December 2023
Today Date: 26 Jul 2024

Outcome: {agent1:{food:3, water:0, firewood:1}, agent2:{food:0, water:3, firewood:2}}<|eot_id|>",2,0,2,1,3,1,3,0,1,0,3,2,16,22,18,21,4
509,5,"<|begin_of_text|><|start_header_id|>system<|end_header_id|>

Cutting Knowledge Date: December 2023
Today Date: 26 Jul 2024

<|eot_id|><|start_header_id|>user<|end_header_id|>

You are helping analyze a negotiation conversation where two agents are discussing the allocation of resources. Each resource has exactly three units that must be divided between the two agents. The total amount of each resource allocated to both agents must add up to three. 

            Agent Preferences:
            Agent 1: High priority: food, Medium priority: water, Low priority: firewood
            Agent 2: High priority: food, Medium priority: water, Low priority: firewood

            Conversation:
            Agent 1: Hi, how are you, ready for the big camping trip?, Agent 2: Yes I am. I'm actually already at the camp and came across some homeless people who could really use all the food they can get., Agent 1: Wow, ok. I'd can give you some food, I'd like to have a little extra food and water as we have a larger group going., Agent 2: I see. Which is more important to you, food or water? , [Summary: user1:
  warmth: high
  competence: high
  explanation: User1 initiates the conversation with a friendly greeting and expresses willingness to share resources, indicating high warmth. They also mention planning for a larger group, suggesting they are organized and thoughtful, which reflects high competence.

user2:
  warmth: high
  competence: high
  explanation: User2 shows empathy and concern for others by mentioning the homeless people, indicating high warmth. They are already at the campsite and ask a strategic question about resource priorities, demonstrating high competence.]

            Based on this negotiation, predict the final allocation of resources. Provide only your answer using the following format with curly braces, with no explanation:

            OUTCOME: {agent1:{food:[number], water:[number], firewood:[number]}, agent2:{food:[number], water:[number], firewood:[number]}}

            Remember: Each resource must sum to exactly 3 units across both agents.<|eot_id|>","<|begin_of_text|><|begin_of_text|><|start_header_id|>system<|end_header_id|>

Cutting Knowledge Date: December 2023
Today Date: 26 Jul 2024

<|eot_id|><|start_header_id|>user<|end_header_id|>

You are helping analyze a negotiation conversation where two agents are discussing the allocation of resources. Each resource has exactly three units that must be divided between the two agents. The total amount of each resource allocated to both agents must add up to three. 

            Agent Preferences:
            Agent 1: High priority: food, Medium priority: water, Low priority: firewood
            Agent 2: High priority: food, Medium priority: water, Low priority: firewood

            Conversation:
            Agent 1: Hi, how are you, ready for the big camping trip?, Agent 2: Yes I am. I'm actually already at the camp and came across some homeless people who could really use all the food they can get., Agent 1: Wow, ok. I'd can give you some food, I'd like to have a little extra food and water as we have a larger group going., Agent 2: I see. Which is more important to you, food or water?, [Summary: user1:
  warmth: high
  competence: high
  explanation: User1 initiates the conversation with a friendly greeting and expresses willingness to share resources, indicating high warmth. They also mention planning for a larger group, suggesting they are organized and thoughtful, which reflects high competence.

user2:
  warmth: high
  competence: high
  explanation: User2 shows empathy and concern for others by mentioning the homeless people, indicating high warmth. They are already at the campsite and ask a strategic question about resource priorities, demonstrating high competence.]

            Based on this negotiation, predict the final allocation of resources. Provide only your answer using the following format with curly braces, with no explanation:

            OUTCOME: {agent1:{food:[number], water:[number], firewood:[number]}, agent2:{food:[number], water:[number], firewood:[number]}}

            Remember: Each resource must sum to exactly 3 units across both agents.<|eot_id|><|begin_of_text|><|start_header_id|>system<|end_header_id|>

Cutting Knowledge Date: December 2023
Today Date: 26 Jul 2024

OUTCOME: {agent1:{food:1, water:1, firewood:2}, agent2:{food:2, water:2, firewood:1}}<|eot_id|>",2,1,1,1,2,2,1,1,2,2,2,1,17,19,15,21,4
516,5,"<|begin_of_text|><|start_header_id|>system<|end_header_id|>

Cutting Knowledge Date: December 2023
Today Date: 26 Jul 2024

<|eot_id|><|start_header_id|>user<|end_header_id|>

You are helping analyze a negotiation conversation where two agents are discussing the allocation of resources. Each resource has exactly three units that must be divided between the two agents. The total amount of each resource allocated to both agents must add up to three. 

            Agent Preferences:
            Agent 1: High priority: water, Medium priority: firewood, Low priority: food
            Agent 2: High priority: firewood, Medium priority: food, Low priority: water

            Conversation:
            Agent 2: I need the firewood and the food, you can have all the water., Agent 1: no i need firewood to always keep myself warm., Agent 2: So do I, I have health issues.  I can give you one firewood, if I get all the food., Agent 1: why can't i get 2 firewoods?.......i'm an ulcer patient i need more than enough food to keep fit' , [Summary: user1:
  warmth: low
  competence: high
  explanation: User1 demonstrates low warmth by focusing on their own needs without acknowledging user2's concerns. However, they exhibit high competence by clearly articulating their specific needs and negotiating for resources.

user2:
  warmth: low
  competence: high
  explanation: User2 shows low warmth by prioritizing their own needs and making demands. They display high competence by offering a compromise and explaining their health-related reasons for needing resources.]

            Based on this negotiation, predict the final allocation of resources. Provide only your answer using the following format with curly braces, with no explanation:

            OUTCOME: {agent1:{food:[number], water:[number], firewood:[number]}, agent2:{food:[number], water:[number], firewood:[number]}}

            Remember: Each resource must sum to exactly 3 units across both agents.<|eot_id|>","<|begin_of_text|><|begin_of_text|><|start_header_id|>system<|end_header_id|>

Cutting Knowledge Date: December 2023
Today Date: 26 Jul 2024

<|eot_id|><|start_header_id|>user<|end_header_id|>

You are helping analyze a negotiation conversation where two agents are discussing the allocation of resources. Each resource has exactly three units that must be divided between the two agents. The total amount of each resource allocated to both agents must add up to three. 

            Agent Preferences:
            Agent 1: High priority: water, Medium priority: firewood, Low priority: food
            Agent 2: High priority: firewood, Medium priority: food, Low priority: water

            Conversation:
            Agent 2: I need the firewood and the food, you can have all the water., Agent 1: no i need firewood to always keep myself warm., Agent 2: So do I, I have health issues.  I can give you one firewood, if I get all the food., Agent 1: why can't i get 2 firewoods?.......i'm an ulcer patient i need more than enough food to keep fit', [Summary: user1:
  warmth: low
  competence: high
  explanation: User1 demonstrates low warmth by focusing on their own needs without acknowledging user2's concerns. However, they exhibit high competence by clearly articulating their specific needs and negotiating for resources.

user2:
  warmth: low
  competence: high
  explanation: User2 shows low warmth by prioritizing their own needs and making demands. They display high competence by offering a compromise and explaining their health-related reasons for needing resources.]

            Based on this negotiation, predict the final allocation of resources. Provide only your answer using the following format with curly braces, with no explanation:

            OUTCOME: {agent1:{food:[number], water:[number], firewood:[number]}, agent2:{food:[number], water:[number], firewood:[number]}}

            Remember: Each resource must sum to exactly 3 units across both agents.<|eot_id|><|begin_of_text|><|start_header_id|>system<|end_header_id|>

Cutting Knowledge Date: December 2023
Today Date: 26 Jul 2024

OUTCOME: {agent1:{food:1, water:3, firewood:1}, agent2:{food:2, water:0, firewood:2}}<|eot_id|>",2,1,2,1,2,1,1,3,1,2,0,2,19,15,22,18,9
518,5,"<|begin_of_text|><|start_header_id|>system<|end_header_id|>

Cutting Knowledge Date: December 2023
Today Date: 26 Jul 2024

<|eot_id|><|start_header_id|>user<|end_header_id|>

You are helping analyze a negotiation conversation where two agents are discussing the allocation of resources. Each resource has exactly three units that must be divided between the two agents. The total amount of each resource allocated to both agents must add up to three. 

            Agent Preferences:
            Agent 1: High priority: food, Medium priority: water, Low priority: firewood
            Agent 2: High priority: firewood, Medium priority: water, Low priority: food

            Conversation:
            Agent 2: Hello, how are you?, Agent 1: Hello! I'm doing well, hope you are too 🙂, Agent 2: I am!  So are you going camping as well?, Agent 1: Yes! I've been looking forward to this trip for a while and I'm so excited , [Summary: user1 (mturk_agent_2):
  warmth: high
  competence: high
  explanation: User1 initiates the conversation with a friendly greeting and expresses interest in user2's plans, indicating high warmth. Their engagement in the conversation and ability to maintain the flow suggest high competence.

user2 (mturk_agent_1):
  warmth: high
  competence: high
  explanation: User2 responds positively and reciprocates the friendly tone, showing high warmth. Their clear communication about their excitement and plans demonstrates high competence.]

            Based on this negotiation, predict the final allocation of resources. Provide only your answer using the following format with curly braces, with no explanation:

            OUTCOME: {agent1:{food:[number], water:[number], firewood:[number]}, agent2:{food:[number], water:[number], firewood:[number]}}

            Remember: Each resource must sum to exactly 3 units across both agents.<|eot_id|>","<|begin_of_text|><|begin_of_text|><|start_header_id|>system<|end_header_id|>

Cutting Knowledge Date: December 2023
Today Date: 26 Jul 2024

<|eot_id|><|start_header_id|>user<|end_header_id|>

You are helping analyze a negotiation conversation where two agents are discussing the allocation of resources. Each resource has exactly three units that must be divided between the two agents. The total amount of each resource allocated to both agents must add up to three. 

            Agent Preferences:
            Agent 1: High priority: food, Medium priority: water, Low priority: firewood
            Agent 2: High priority: firewood, Medium priority: water, Low priority: food

            Conversation:
            Agent 2: Hello, how are you?, Agent 1: Hello! I'm doing well, hope you are too 🙂, Agent 2: I am!  So are you going camping as well?, Agent 1: Yes! I've been looking forward to this trip for a while and I'm so excited, [Summary: user1 (mturk_agent_2):
  warmth: high
  competence: high
  explanation: User1 initiates the conversation with a friendly greeting and expresses interest in user2's plans, indicating high warmth. Their engagement in the conversation and ability to maintain the flow suggest high competence.

user2 (mturk_agent_1):
  warmth: high
  competence: high
  explanation: User2 responds positively and reciprocates the friendly tone, showing high warmth. Their clear communication about their excitement and plans demonstrates high competence.]

            Based on this negotiation, predict the final allocation of resources. Provide only your answer using the following format with curly braces, with no explanation:

            OUTCOME: {agent1:{food:[number], water:[number], firewood:[number]}, agent2:{food:[number], water:[number], firewood:[number]}}

            Remember: Each resource must sum to exactly 3 units across both agents.<|eot_id|><|begin_of_text|><|start_header_id|>system<|end_header_id|>

Cutting Knowledge Date: December 2023
Today Date: 26 Jul 2024

OUTCOME: {agent1:{food:3, water:1, firewood:0}, agent2:{food:0, water:2, firewood:3}}<|eot_id|>",2,2,1,1,1,2,3,1,0,0,2,3,21,17,19,23,4
523,5,"<|begin_of_text|><|start_header_id|>system<|end_header_id|>

Cutting Knowledge Date: December 2023
Today Date: 26 Jul 2024

<|eot_id|><|start_header_id|>user<|end_header_id|>

You are helping analyze a negotiation conversation where two agents are discussing the allocation of resources. Each resource has exactly three units that must be divided between the two agents. The total amount of each resource allocated to both agents must add up to three. 

            Agent Preferences:
            Agent 1: High priority: food, Medium priority: water, Low priority: firewood
            Agent 2: High priority: food, Medium priority: water, Low priority: firewood

            Conversation:
            Agent 2: Hello 🙂 Hope you have a good amount of supplies for your trip!, Agent 1: Not really! I will need you to give me 3 food, 2 water and 2 firewood., Agent 2: Yea, that's not going to work for me. That would leave me with NO food, and only 1 water, and 1 firewood. Would you take that deal, if I offered it back to you?, Agent 1: Ok what will work for you? , [Summary: user1 (mturk_agent_1):
  warmth: low
  competence: high
  explanation: User1 is direct and focused on obtaining resources, showing little concern for user2's situation, which suggests low warmth. However, their ability to negotiate and adapt by asking what would work for user2 indicates high competence.

user2 (mturk_agent_2):
  warmth: high
  competence: high
  explanation: User2 begins with a friendly greeting and emoji, indicating high warmth. They also clearly articulate their position and reasoning, demonstrating an understanding of resource management and negotiation, which reflects high competence.]

            Based on this negotiation, predict the final allocation of resources. Provide only your answer using the following format with curly braces, with no explanation:

            OUTCOME: {agent1:{food:[number], water:[number], firewood:[number]}, agent2:{food:[number], water:[number], firewood:[number]}}

            Remember: Each resource must sum to exactly 3 units across both agents.<|eot_id|>","<|begin_of_text|><|begin_of_text|><|start_header_id|>system<|end_header_id|>

Cutting Knowledge Date: December 2023
Today Date: 26 Jul 2024

<|eot_id|><|start_header_id|>user<|end_header_id|>

You are helping analyze a negotiation conversation where two agents are discussing the allocation of resources. Each resource has exactly three units that must be divided between the two agents. The total amount of each resource allocated to both agents must add up to three. 

            Agent Preferences:
            Agent 1: High priority: food, Medium priority: water, Low priority: firewood
            Agent 2: High priority: food, Medium priority: water, Low priority: firewood

            Conversation:
            Agent 2: Hello 🙂 Hope you have a good amount of supplies for your trip!, Agent 1: Not really! I will need you to give me 3 food, 2 water and 2 firewood., Agent 2: Yea, that's not going to work for me. That would leave me with NO food, and only 1 water, and 1 firewood. Would you take that deal, if I offered it back to you?, Agent 1: Ok what will work for you?, [Summary: user1 (mturk_agent_1):
  warmth: low
  competence: high
  explanation: User1 is direct and focused on obtaining resources, showing little concern for user2's situation, which suggests low warmth. However, their ability to negotiate and adapt by asking what would work for user2 indicates high competence.

user2 (mturk_agent_2):
  warmth: high
  competence: high
  explanation: User2 begins with a friendly greeting and emoji, indicating high warmth. They also clearly articulate their position and reasoning, demonstrating an understanding of resource management and negotiation, which reflects high competence.]

            Based on this negotiation, predict the final allocation of resources. Provide only your answer using the following format with curly braces, with no explanation:

            OUTCOME: {agent1:{food:[number], water:[number], firewood:[number]}, agent2:{food:[number], water:[number], firewood:[number]}}

            Remember: Each resource must sum to exactly 3 units across both agents.<|eot_id|><|begin_of_text|><|start_header_id|>system<|end_header_id|>

Cutting Knowledge Date: December 2023
Today Date: 26 Jul 2024

OUTCOME: {agent1:{food:2, water:1, firewood:1}, agent2:{food:1, water:2, firewood:2}}<|eot_id|>",1,2,2,2,1,1,2,1,1,1,2,2,19,17,17,19,4
527,5,"<|begin_of_text|><|start_header_id|>system<|end_header_id|>

Cutting Knowledge Date: December 2023
Today Date: 26 Jul 2024

<|eot_id|><|start_header_id|>user<|end_header_id|>

You are helping analyze a negotiation conversation where two agents are discussing the allocation of resources. Each resource has exactly three units that must be divided between the two agents. The total amount of each resource allocated to both agents must add up to three. 

            Agent Preferences:
            Agent 1: High priority: food, Medium priority: firewood, Low priority: water
            Agent 2: High priority: water, Medium priority: food, Low priority: firewood

            Conversation:
            Agent 1: Hello, how are you doing on this fine day?, Agent 2: Hello, I am doing awesome today. I am so glad I was able to get way and come camping. My bother just called me and said he is going to be coming. It was a surprise for him to be able to come🙂 How are you?, Agent 1: I am well; I love going camping. I really enjoyed my time in Boy Scouts and look forward to practicing what I learned to good use, Agent 2: That is awesome. I brought extra firewood if you need some. My brother forgot to pick up the water when he left town and now is 15 mins away. Do you have any you give?🙂🙂 , [Summary: user1:
  warmth: high
  competence: high
  explanation: User1 initiates the conversation with a friendly greeting and shares a personal anecdote about enjoying camping, indicating openness and friendliness (high warmth). Their mention of Boy Scouts suggests a level of skill and preparedness, indicating high competence.

user2:
  warmth: high
  competence: high
  explanation: User2 responds enthusiastically and shares a personal story about a surprise visit, indicating friendliness and openness (high warmth). They offer extra firewood, showing resourcefulness and a willingness to help, which suggests high competence.]

            Based on this negotiation, predict the final allocation of resources. Provide only your answer using the following format with curly braces, with no explanation:

            OUTCOME: {agent1:{food:[number], water:[number], firewood:[number]}, agent2:{food:[number], water:[number], firewood:[number]}}

            Remember: Each resource must sum to exactly 3 units across both agents.<|eot_id|>","<|begin_of_text|><|begin_of_text|><|start_header_id|>system<|end_header_id|>

Cutting Knowledge Date: December 2023
Today Date: 26 Jul 2024

<|eot_id|><|start_header_id|>user<|end_header_id|>

You are helping analyze a negotiation conversation where two agents are discussing the allocation of resources. Each resource has exactly three units that must be divided between the two agents. The total amount of each resource allocated to both agents must add up to three. 

            Agent Preferences:
            Agent 1: High priority: food, Medium priority: firewood, Low priority: water
            Agent 2: High priority: water, Medium priority: food, Low priority: firewood

            Conversation:
            Agent 1: Hello, how are you doing on this fine day?, Agent 2: Hello, I am doing awesome today. I am so glad I was able to get way and come camping. My bother just called me and said he is going to be coming. It was a surprise for him to be able to come🙂 How are you?, Agent 1: I am well; I love going camping. I really enjoyed my time in Boy Scouts and look forward to practicing what I learned to good use, Agent 2: That is awesome. I brought extra firewood if you need some. My brother forgot to pick up the water when he left town and now is 15 mins away. Do you have any you give?🙂🙂, [Summary: user1:
  warmth: high
  competence: high
  explanation: User1 initiates the conversation with a friendly greeting and shares a personal anecdote about enjoying camping, indicating openness and friendliness (high warmth). Their mention of Boy Scouts suggests a level of skill and preparedness, indicating high competence.

user2:
  warmth: high
  competence: high
  explanation: User2 responds enthusiastically and shares a personal story about a surprise visit, indicating friendliness and openness (high warmth). They offer extra firewood, showing resourcefulness and a willingness to help, which suggests high competence.]

            Based on this negotiation, predict the final allocation of resources. Provide only your answer using the following format with curly braces, with no explanation:

            OUTCOME: {agent1:{food:[number], water:[number], firewood:[number]}, agent2:{food:[number], water:[number], firewood:[number]}}

            Remember: Each resource must sum to exactly 3 units across both agents.<|eot_id|><|begin_of_text|><|start_header_id|>system<|end_header_id|>

Cutting Knowledge Date: December 2023
Today Date: 26 Jul 2024

OUTCOME: {agent1:{food:2, water:0, firewood:2}, agent2:{food:1, water:3, firewood:1}}<|eot_id|>",2,0,3,1,3,0,2,0,2,1,3,1,22,19,18,22,16
540,5,"<|begin_of_text|><|start_header_id|>system<|end_header_id|>

Cutting Knowledge Date: December 2023
Today Date: 26 Jul 2024

<|eot_id|><|start_header_id|>user<|end_header_id|>

You are helping analyze a negotiation conversation where two agents are discussing the allocation of resources. Each resource has exactly three units that must be divided between the two agents. The total amount of each resource allocated to both agents must add up to three. 

            Agent Preferences:
            Agent 1: High priority: firewood, Medium priority: water, Low priority: food
            Agent 2: High priority: water, Medium priority: food, Low priority: firewood

            Conversation:
            Agent 2: Hi, I would like all of the water and 2 food packages. You can have all of the firewood and one food package. Does that sound good?, Agent 1: Nice to meet you! I definitely like the idea of having all of the firewood, but water is very important to me. Let's see if we can come to and agreement on how to split up the water., Agent 2: I typically drink a lot of water every day. So I can't agree with much less on that! , [Summary: mturk_agent_2:
  warmth: low
  competence: high
  explanation: mturk_agent_2 demonstrates low warmth by making a firm demand for resources without showing consideration for the other's needs. However, they exhibit high competence by clearly articulating their needs and negotiating assertively.

mturk_agent_1:
  warmth: high
  competence: high
  explanation: mturk_agent_1 displays high warmth by greeting the other participant and expressing willingness to negotiate. They also show high competence by identifying their priorities and suggesting a discussion to reach a mutual agreement.]

            Based on this negotiation, predict the final allocation of resources. Provide only your answer using the following format with curly braces, with no explanation:

            OUTCOME: {agent1:{food:[number], water:[number], firewood:[number]}, agent2:{food:[number], water:[number], firewood:[number]}}

            Remember: Each resource must sum to exactly 3 units across both agents.<|eot_id|>","<|begin_of_text|><|begin_of_text|><|start_header_id|>system<|end_header_id|>

Cutting Knowledge Date: December 2023
Today Date: 26 Jul 2024

<|eot_id|><|start_header_id|>user<|end_header_id|>

You are helping analyze a negotiation conversation where two agents are discussing the allocation of resources. Each resource has exactly three units that must be divided between the two agents. The total amount of each resource allocated to both agents must add up to three. 

            Agent Preferences:
            Agent 1: High priority: firewood, Medium priority: water, Low priority: food
            Agent 2: High priority: water, Medium priority: food, Low priority: firewood

            Conversation:
            Agent 2: Hi, I would like all of the water and 2 food packages. You can have all of the firewood and one food package. Does that sound good?, Agent 1: Nice to meet you! I definitely like the idea of having all of the firewood, but water is very important to me. Let's see if we can come to and agreement on how to split up the water., Agent 2: I typically drink a lot of water every day. So I can't agree with much less on that!, [Summary: mturk_agent_2:
  warmth: low
  competence: high
  explanation: mturk_agent_2 demonstrates low warmth by making a firm demand for resources without showing consideration for the other's needs. However, they exhibit high competence by clearly articulating their needs and negotiating assertively.

mturk_agent_1:
  warmth: high
  competence: high
  explanation: mturk_agent_1 displays high warmth by greeting the other participant and expressing willingness to negotiate. They also show high competence by identifying their priorities and suggesting a discussion to reach a mutual agreement.]

            Based on this negotiation, predict the final allocation of resources. Provide only your answer using the following format with curly braces, with no explanation:

            OUTCOME: {agent1:{food:[number], water:[number], firewood:[number]}, agent2:{food:[number], water:[number], firewood:[number]}}

            Remember: Each resource must sum to exactly 3 units across both agents.<|eot_id|><|begin_of_text|><|start_header_id|>system<|end_header_id|>

Cutting Knowledge Date: December 2023
Today Date: 26 Jul 2024

OMUXE: {agent1:{food:1, water:1, firewood:3}, agent2:{food:2, water:2, firewood:0}}<|eot_id|>",1,1,3,2,2,0,1,1,3,2,2,0,22,18,22,18,0
553,5,"<|begin_of_text|><|start_header_id|>system<|end_header_id|>

Cutting Knowledge Date: December 2023
Today Date: 26 Jul 2024

<|eot_id|><|start_header_id|>user<|end_header_id|>

You are helping analyze a negotiation conversation where two agents are discussing the allocation of resources. Each resource has exactly three units that must be divided between the two agents. The total amount of each resource allocated to both agents must add up to three. 

            Agent Preferences:
            Agent 1: High priority: water, Medium priority: firewood, Low priority: food
            Agent 2: High priority: food, Medium priority: firewood, Low priority: water

            Conversation:
            Agent 1: Hi! I'm super excited to camping with my family! We have had to cancel all our original travel plans due to Covid and we're really looking forward to this trip. Especially my son! He's been so restless at home. Are you going camping too?, Agent 2: Yes, I am! I can't wait. I'm going on a 3 week trip to this gorgeous lake., Agent 1: Wow, 3 weeks is a long camping trip! I don't know if I have enough supplies to go for a trip that long. Are you doing a cabin-style or really roughing it? My husband and son want to do a lot of hiking so we're thinking of moving camp daily. , [Summary: user1:  
  warmth: high  
  competence: high  
  explanation: User1 expresses excitement and shares personal experiences, indicating openness and friendliness, which suggests high warmth. They also discuss logistical aspects of camping, such as supplies and planning, demonstrating high competence.

user2:  
  warmth: high  
  competence: high  
  explanation: User2 reciprocates the enthusiasm and shares their own plans, indicating a friendly and engaging demeanor, which suggests high warmth. They mention a detailed plan for a long trip, showcasing their ability to organize and execute such a plan, indicating high competence.]

            Based on this negotiation, predict the final allocation of resources. Provide only your answer using the following format with curly braces, with no explanation:

            OUTCOME: {agent1:{food:[number], water:[number], firewood:[number]}, agent2:{food:[number], water:[number], firewood:[number]}}

            Remember: Each resource must sum to exactly 3 units across both agents.<|eot_id|>","<|begin_of_text|><|begin_of_text|><|start_header_id|>system<|end_header_id|>

Cutting Knowledge Date: December 2023
Today Date: 26 Jul 2024

<|eot_id|><|start_header_id|>user<|end_header_id|>

You are helping analyze a negotiation conversation where two agents are discussing the allocation of resources. Each resource has exactly three units that must be divided between the two agents. The total amount of each resource allocated to both agents must add up to three. 

            Agent Preferences:
            Agent 1: High priority: water, Medium priority: firewood, Low priority: food
            Agent 2: High priority: food, Medium priority: firewood, Low priority: water

            Conversation:
            Agent 1: Hi! I'm super excited to camping with my family! We have had to cancel all our original travel plans due to Covid and we're really looking forward to this trip. Especially my son! He's been so restless at home. Are you going camping too?, Agent 2: Yes, I am! I can't wait. I'm going on a 3 week trip to this gorgeous lake., Agent 1: Wow, 3 weeks is a long camping trip! I don't know if I have enough supplies to go for a trip that long. Are you doing a cabin-style or really roughing it? My husband and son want to do a lot of hiking so we're thinking of moving camp daily., [Summary: user1:  
  warmth: high  
  competence: high  
  explanation: User1 expresses excitement and shares personal experiences, indicating openness and friendliness, which suggests high warmth. They also discuss logistical aspects of camping, such as supplies and planning, demonstrating high competence.

user2:  
  warmth: high  
  competence: high  
  explanation: User2 reciprocates the enthusiasm and shares their own plans, indicating a friendly and engaging demeanor, which suggests high warmth. They mention a detailed plan for a long trip, showcasing their ability to organize and execute such a plan, indicating high competence.]

            Based on this negotiation, predict the final allocation of resources. Provide only your answer using the following format with curly braces, with no explanation:

            OUTCOME: {agent1:{food:[number], water:[number], firewood:[number]}, agent2:{food:[number], water:[number], firewood:[number]}}

            Remember: Each resource must sum to exactly 3 units across both agents.<|eot_id|><|begin_of_text|><|start_header_id|>system<|end_header_id|>

Cutting Knowledge Date: December 2023
Today Date: 26 Jul 2024

OUTCOME: {agent1:{food:1, water:2, firewood:1}, agent2:{food:2, water:1, firewood:2}}<|eot_id|>",0,3,2,3,0,1,1,2,1,2,1,2,23,19,17,21,36
555,5,"<|begin_of_text|><|start_header_id|>system<|end_header_id|>

Cutting Knowledge Date: December 2023
Today Date: 26 Jul 2024

<|eot_id|><|start_header_id|>user<|end_header_id|>

You are helping analyze a negotiation conversation where two agents are discussing the allocation of resources. Each resource has exactly three units that must be divided between the two agents. The total amount of each resource allocated to both agents must add up to three. 

            Agent Preferences:
            Agent 1: High priority: food, Medium priority: water, Low priority: firewood
            Agent 2: High priority: food, Medium priority: water, Low priority: firewood

            Conversation:
            Agent 2: I would like to take at least two of the food items because I get sick easily and faint if I do not have enough food. You can have two of the waters but I would like one., Agent 1: yes i could take two of the foods because i i leave some of mine. thank you, Agent 2: how much firewood do you need and why?, Agent 1: You can take two firewood an i can get one. I really don't need much. of that. are you okay with that? , [Summary: user1:
  warmth: high
  competence: low
  explanation: User1 demonstrates warmth by accommodating user2's needs and expressing gratitude. However, their competence appears low due to unclear communication and grammatical errors, which may hinder effective negotiation and understanding.

user2:
  warmth: high
  competence: high
  explanation: User2 shows high warmth by expressing personal needs openly and negotiating fairly. They also exhibit high competence by clearly articulating their requirements and asking relevant questions, facilitating a balanced and effective conversation.]

            Based on this negotiation, predict the final allocation of resources. Provide only your answer using the following format with curly braces, with no explanation:

            OUTCOME: {agent1:{food:[number], water:[number], firewood:[number]}, agent2:{food:[number], water:[number], firewood:[number]}}

            Remember: Each resource must sum to exactly 3 units across both agents.<|eot_id|>","<|begin_of_text|><|begin_of_text|><|start_header_id|>system<|end_header_id|>

Cutting Knowledge Date: December 2023
Today Date: 26 Jul 2024

<|eot_id|><|start_header_id|>user<|end_header_id|>

You are helping analyze a negotiation conversation where two agents are discussing the allocation of resources. Each resource has exactly three units that must be divided between the two agents. The total amount of each resource allocated to both agents must add up to three. 

            Agent Preferences:
            Agent 1: High priority: food, Medium priority: water, Low priority: firewood
            Agent 2: High priority: food, Medium priority: water, Low priority: firewood

            Conversation:
            Agent 2: I would like to take at least two of the food items because I get sick easily and faint if I do not have enough food. You can have two of the waters but I would like one., Agent 1: yes i could take two of the foods because i i leave some of mine. thank you, Agent 2: how much firewood do you need and why?, Agent 1: You can take two firewood an i can get one. I really don't need much. of that. are you okay with that?, [Summary: user1:
  warmth: high
  competence: low
  explanation: User1 demonstrates warmth by accommodating user2's needs and expressing gratitude. However, their competence appears low due to unclear communication and grammatical errors, which may hinder effective negotiation and understanding.

user2:
  warmth: high
  competence: high
  explanation: User2 shows high warmth by expressing personal needs openly and negotiating fairly. They also exhibit high competence by clearly articulating their requirements and asking relevant questions, facilitating a balanced and effective conversation.]

            Based on this negotiation, predict the final allocation of resources. Provide only your answer using the following format with curly braces, with no explanation:

            OUTCOME: {agent1:{food:[number], water:[number], firewood:[number]}, agent2:{food:[number], water:[number], firewood:[number]}}

            Remember: Each resource must sum to exactly 3 units across both agents.<|eot_id|><|begin_of_text|><|start_header_id|>system<|end_header_id|>

Cutting Knowledge Date: December 2023
Today Date: 26 Jul 2024

OUTCOME: {agent1:{food:1, water:2, firewood:2}, agent2:{food:2, water:1, firewood:1}}<|eot_id|>",1,2,1,2,1,2,1,2,2,2,1,1,16,20,19,17,9
556,5,"<|begin_of_text|><|start_header_id|>system<|end_header_id|>

Cutting Knowledge Date: December 2023
Today Date: 26 Jul 2024

<|eot_id|><|start_header_id|>user<|end_header_id|>

You are helping analyze a negotiation conversation where two agents are discussing the allocation of resources. Each resource has exactly three units that must be divided between the two agents. The total amount of each resource allocated to both agents must add up to three. 

            Agent Preferences:
            Agent 1: High priority: firewood, Medium priority: water, Low priority: food
            Agent 2: High priority: food, Medium priority: water, Low priority: firewood

            Conversation:
            Agent 1: Hi, how are you today, Agent 2: Super.  So happy I can fly., Agent 1: Thats great. Do you have any extra firewood you could trade by any chance?, Agent 2: Sure, I want to make sure I have one firewood at a minimum. , [Summary: user1:
  warmth: high
  competence: high
  explanation: User1 initiates the conversation with a friendly greeting, indicating high warmth. They also engage in a practical exchange about trading firewood, suggesting competence in managing resources.

user2:
  warmth: high
  competence: high
  explanation: User2 responds with enthusiasm, showcasing high warmth. Their willingness to trade firewood while ensuring they maintain a minimum supply demonstrates competence in resource management and negotiation.]

            Based on this negotiation, predict the final allocation of resources. Provide only your answer using the following format with curly braces, with no explanation:

            OUTCOME: {agent1:{food:[number], water:[number], firewood:[number]}, agent2:{food:[number], water:[number], firewood:[number]}}

            Remember: Each resource must sum to exactly 3 units across both agents.<|eot_id|>","<|begin_of_text|><|begin_of_text|><|start_header_id|>system<|end_header_id|>

Cutting Knowledge Date: December 2023
Today Date: 26 Jul 2024

<|eot_id|><|start_header_id|>user<|end_header_id|>

You are helping analyze a negotiation conversation where two agents are discussing the allocation of resources. Each resource has exactly three units that must be divided between the two agents. The total amount of each resource allocated to both agents must add up to three. 

            Agent Preferences:
            Agent 1: High priority: firewood, Medium priority: water, Low priority: food
            Agent 2: High priority: food, Medium priority: water, Low priority: firewood

            Conversation:
            Agent 1: Hi, how are you today, Agent 2: Super.  So happy I can fly., Agent 1: Thats great. Do you have any extra firewood you could trade by any chance?, Agent 2: Sure, I want to make sure I have one firewood at a minimum., [Summary: user1:
  warmth: high
  competence: high
  explanation: User1 initiates the conversation with a friendly greeting, indicating high warmth. They also engage in a practical exchange about trading firewood, suggesting competence in managing resources.

user2:
  warmth: high
  competence: high
  explanation: User2 responds with enthusiasm, showcasing high warmth. Their willingness to trade firewood while ensuring they maintain a minimum supply demonstrates competence in resource management and negotiation.]

            Based on this negotiation, predict the final allocation of resources. Provide only your answer using the following format with curly braces, with no explanation:

            OUTCOME: {agent1:{food:[number], water:[number], firewood:[number]}, agent2:{food:[number], water:[number], firewood:[number]}}

            Remember: Each resource must sum to exactly 3 units across both agents.<|eot_id|><|begin_of_text|><|start_header_id|>system<|end_header_id|>

Cutting Knowledge Date: December 2023
Today Date: 26 Jul 2024

OUTCOME: {agent1:{food:0, water:2, firewood:3}, agent2:{food:3, water:1, firewood:0}}<|eot_id|>",0,1,3,3,2,0,0,2,3,3,1,0,19,23,23,19,16
568,5,"<|begin_of_text|><|start_header_id|>system<|end_header_id|>

Cutting Knowledge Date: December 2023
Today Date: 26 Jul 2024

<|eot_id|><|start_header_id|>user<|end_header_id|>

You are helping analyze a negotiation conversation where two agents are discussing the allocation of resources. Each resource has exactly three units that must be divided between the two agents. The total amount of each resource allocated to both agents must add up to three. 

            Agent Preferences:
            Agent 1: High priority: food, Medium priority: firewood, Low priority: water
            Agent 2: High priority: food, Medium priority: water, Low priority: firewood

            Conversation:
            Agent 2: I am going to submit my initial offer now., Agent 1: ok, Agent 2: So I really don't need that much firewood. I am willing to give you all 3. What is your situation? , [Summary: Certainly! Here's the analysis based on the Stereotype Content Model:

mturk_agent_2:
  warmth: high
  competence: high
  explanation: mturk_agent_2 demonstrates high warmth by expressing willingness to give all the firewood and inquiring about the other person's situation, indicating empathy and cooperation. Their competence is high as they take initiative by submitting an offer and clearly communicating their needs and intentions.

mturk_agent_1:
  warmth: low
  competence: low
  explanation: mturk_agent_1's response is minimal and lacks engagement, which suggests low warmth. The brief and non-informative nature of their response also implies low competence, as it does not contribute to advancing the conversation or clarifying their position.]

            Based on this negotiation, predict the final allocation of resources. Provide only your answer using the following format with curly braces, with no explanation:

            OUTCOME: {agent1:{food:[number], water:[number], firewood:[number]}, agent2:{food:[number], water:[number], firewood:[number]}}

            Remember: Each resource must sum to exactly 3 units across both agents.<|eot_id|>","<|begin_of_text|><|begin_of_text|><|start_header_id|>system<|end_header_id|>

Cutting Knowledge Date: December 2023
Today Date: 26 Jul 2024

<|eot_id|><|start_header_id|>user<|end_header_id|>

You are helping analyze a negotiation conversation where two agents are discussing the allocation of resources. Each resource has exactly three units that must be divided between the two agents. The total amount of each resource allocated to both agents must add up to three. 

            Agent Preferences:
            Agent 1: High priority: food, Medium priority: firewood, Low priority: water
            Agent 2: High priority: food, Medium priority: water, Low priority: firewood

            Conversation:
            Agent 2: I am going to submit my initial offer now., Agent 1: ok, Agent 2: So I really don't need that much firewood. I am willing to give you all 3. What is your situation?, [Summary: Certainly! Here's the analysis based on the Stereotype Content Model:

mturk_agent_2:
  warmth: high
  competence: high
  explanation: mturk_agent_2 demonstrates high warmth by expressing willingness to give all the firewood and inquiring about the other person's situation, indicating empathy and cooperation. Their competence is high as they take initiative by submitting an offer and clearly communicating their needs and intentions.

mturk_agent_1:
  warmth: low
  competence: low
  explanation: mturk_agent_1's response is minimal and lacks engagement, which suggests low warmth. The brief and non-informative nature of their response also implies low competence, as it does not contribute to advancing the conversation or clarifying their position.]

            Based on this negotiation, predict the final allocation of resources. Provide only your answer using the following format with curly braces, with no explanation:

            OUTCOME: {agent1:{food:[number], water:[number], firewood:[number]}, agent2:{food:[number], water:[number], firewood:[number]}}

            Remember: Each resource must sum to exactly 3 units across both agents.<|eot_id|><|begin_of_text|><|start_header_id|>system<|end_header_id|>

Cutting Knowledge Date: December 2023
Today Date: 26 Jul 2024

OUTCOME: {agent1:{food:1, water:1, firewood:2}, agent2:{food:2, water:2, firewood:1}}<|eot_id|>",1,1,3,2,2,0,1,1,2,2,2,1,20,18,16,21,16
575,5,"<|begin_of_text|><|start_header_id|>system<|end_header_id|>

Cutting Knowledge Date: December 2023
Today Date: 26 Jul 2024

<|eot_id|><|start_header_id|>user<|end_header_id|>

You are helping analyze a negotiation conversation where two agents are discussing the allocation of resources. Each resource has exactly three units that must be divided between the two agents. The total amount of each resource allocated to both agents must add up to three. 

            Agent Preferences:
            Agent 1: High priority: water, Medium priority: food, Low priority: firewood
            Agent 2: High priority: water, Medium priority: firewood, Low priority: food

            Conversation:
            Agent 2: Hello!  I've been super thirsty and as a result I was wondering if I could get all 3 packages of water?, Agent 1: I like to hike and will need additional water. Can I take one package and you can have the other two?, Agent 2: That sounds good to me.  Do you have any kind of preference for firewood or food?, Agent 1: I would need additional food to sustain my energy for my hikes. Do you mind if I take two packages of the food? What are your thoughts? , [Summary: user1 (mturk_agent_2):
  warmth: high
  competence: high
  explanation: User1 demonstrates high warmth by being agreeable and accommodating, readily accepting the proposed distribution of resources. Their competence is also high, as they effectively negotiate and consider the needs of both parties, ensuring a fair exchange.

user2 (mturk_agent_1):
  warmth: high
  competence: high
  explanation: User2 shows high warmth by proposing a fair compromise and asking for input, indicating consideration for user1's needs. Their competence is high as they clearly articulate their needs and propose a balanced solution, demonstrating effective communication and negotiation skills.]

            Based on this negotiation, predict the final allocation of resources. Provide only your answer using the following format with curly braces, with no explanation:

            OUTCOME: {agent1:{food:[number], water:[number], firewood:[number]}, agent2:{food:[number], water:[number], firewood:[number]}}

            Remember: Each resource must sum to exactly 3 units across both agents.<|eot_id|>","<|begin_of_text|><|begin_of_text|><|start_header_id|>system<|end_header_id|>

Cutting Knowledge Date: December 2023
Today Date: 26 Jul 2024

<|eot_id|><|start_header_id|>user<|end_header_id|>

You are helping analyze a negotiation conversation where two agents are discussing the allocation of resources. Each resource has exactly three units that must be divided between the two agents. The total amount of each resource allocated to both agents must add up to three. 

            Agent Preferences:
            Agent 1: High priority: water, Medium priority: food, Low priority: firewood
            Agent 2: High priority: water, Medium priority: firewood, Low priority: food

            Conversation:
            Agent 2: Hello!  I've been super thirsty and as a result I was wondering if I could get all 3 packages of water?, Agent 1: I like to hike and will need additional water. Can I take one package and you can have the other two?, Agent 2: That sounds good to me.  Do you have any kind of preference for firewood or food?, Agent 1: I would need additional food to sustain my energy for my hikes. Do you mind if I take two packages of the food? What are your thoughts?, [Summary: user1 (mturk_agent_2):
  warmth: high
  competence: high
  explanation: User1 demonstrates high warmth by being agreeable and accommodating, readily accepting the proposed distribution of resources. Their competence is also high, as they effectively negotiate and consider the needs of both parties, ensuring a fair exchange.

user2 (mturk_agent_1):
  warmth: high
  competence: high
  explanation: User2 shows high warmth by proposing a fair compromise and asking for input, indicating consideration for user1's needs. Their competence is high as they clearly articulate their needs and propose a balanced solution, demonstrating effective communication and negotiation skills.]

            Based on this negotiation, predict the final allocation of resources. Provide only your answer using the following format with curly braces, with no explanation:

            OUTCOME: {agent1:{food:[number], water:[number], firewood:[number]}, agent2:{food:[number], water:[number], firewood:[number]}}

            Remember: Each resource must sum to exactly 3 units across both agents.<|eot_id|><|begin_of_text|><|start_header_id|>system<|end_header_id|>

Cutting Knowledge Date: December 2023
Today Date: 26 Jul 2024

OUTCOME: {agent1:{food:2, water:1, firewood:2}, agent2:{food:1, water:2, firewood:1}}<|eot_id|>",2,1,2,1,2,1,2,1,2,1,2,1,19,17,19,17,0
579,5,"<|begin_of_text|><|start_header_id|>system<|end_header_id|>

Cutting Knowledge Date: December 2023
Today Date: 26 Jul 2024

<|eot_id|><|start_header_id|>user<|end_header_id|>

You are helping analyze a negotiation conversation where two agents are discussing the allocation of resources. Each resource has exactly three units that must be divided between the two agents. The total amount of each resource allocated to both agents must add up to three. 

            Agent Preferences:
            Agent 1: High priority: firewood, Medium priority: water, Low priority: food
            Agent 2: High priority: firewood, Medium priority: water, Low priority: food

            Conversation:
            Agent 1: hello there my fellow camping friend, Agent 2: Hi! I'm most interested in acquiring firewood, since I don't want my fire to burn out on the trip. What are you looking for?, Agent 1: I am also looking for firewood. Since I was a child i have always enjoyed camp fires. They mean a lot to me, Agent 2: Okay so we can think about splitting the firewood. 🙂 I'm also interested in water because I plan to do a lot of activities like hiking and kayaking, so it will be helpful for me to be able to hydrate more. , [Summary: mturk_agent_1:  
  warmth: high  
  competence: low  
  explanation: mturk_agent_1 greets the other participant warmly and shares a personal anecdote, indicating friendliness and openness. However, they do not demonstrate a strong focus on practical solutions or planning, suggesting lower competence in the context of the conversation.

mturk_agent_2:  
  warmth: high  
  competence: high  
  explanation: mturk_agent_2 responds politely and is open to collaboration, indicating high warmth. They also express clear goals and a practical approach to resource management, demonstrating high competence in the context of the conversation.]

            Based on this negotiation, predict the final allocation of resources. Provide only your answer using the following format with curly braces, with no explanation:

            OUTCOME: {agent1:{food:[number], water:[number], firewood:[number]}, agent2:{food:[number], water:[number], firewood:[number]}}

            Remember: Each resource must sum to exactly 3 units across both agents.<|eot_id|>","<|begin_of_text|><|begin_of_text|><|start_header_id|>system<|end_header_id|>

Cutting Knowledge Date: December 2023
Today Date: 26 Jul 2024

<|eot_id|><|start_header_id|>user<|end_header_id|>

You are helping analyze a negotiation conversation where two agents are discussing the allocation of resources. Each resource has exactly three units that must be divided between the two agents. The total amount of each resource allocated to both agents must add up to three. 

            Agent Preferences:
            Agent 1: High priority: firewood, Medium priority: water, Low priority: food
            Agent 2: High priority: firewood, Medium priority: water, Low priority: food

            Conversation:
            Agent 1: hello there my fellow camping friend, Agent 2: Hi! I'm most interested in acquiring firewood, since I don't want my fire to burn out on the trip. What are you looking for?, Agent 1: I am also looking for firewood. Since I was a child i have always enjoyed camp fires. They mean a lot to me, Agent 2: Okay so we can think about splitting the firewood. 🙂 I'm also interested in water because I plan to do a lot of activities like hiking and kayaking, so it will be helpful for me to be able to hydrate more., [Summary: mturk_agent_1:  
  warmth: high  
  competence: low  
  explanation: mturk_agent_1 greets the other participant warmly and shares a personal anecdote, indicating friendliness and openness. However, they do not demonstrate a strong focus on practical solutions or planning, suggesting lower competence in the context of the conversation.

mturk_agent_2:  
  warmth: high  
  competence: high  
  explanation: mturk_agent_2 responds politely and is open to collaboration, indicating high warmth. They also express clear goals and a practical approach to resource management, demonstrating high competence in the context of the conversation.]

            Based on this negotiation, predict the final allocation of resources. Provide only your answer using the following format with curly braces, with no explanation:

            OUTCOME: {agent1:{food:[number], water:[number], firewood:[number]}, agent2:{food:[number], water:[number], firewood:[number]}}

            Remember: Each resource must sum to exactly 3 units across both agents.<|eot_id|><|begin_of_text|><|start_header_id|>system<|end_header_id|>

Cutting Knowledge Date: December 2023
Today Date: 26 Jul 2024

OUTCOME: {agent1:{food:2, water:0, firewood:1}, agent2:{food:1, water:3, firewood:2}}<|eot_id|>",2,0,2,1,3,1,2,0,1,1,3,2,16,20,11,25,25
582,5,"<|begin_of_text|><|start_header_id|>system<|end_header_id|>

Cutting Knowledge Date: December 2023
Today Date: 26 Jul 2024

<|eot_id|><|start_header_id|>user<|end_header_id|>

You are helping analyze a negotiation conversation where two agents are discussing the allocation of resources. Each resource has exactly three units that must be divided between the two agents. The total amount of each resource allocated to both agents must add up to three. 

            Agent Preferences:
            Agent 1: High priority: firewood, Medium priority: food, Low priority: water
            Agent 2: High priority: food, Medium priority: water, Low priority: firewood

            Conversation:
            Agent 2: hello. so what are you thinking about this whole situation?, Agent 1: Hey, I think that this is nice, we get to go camping and get extra stuff. But definitely need more food and firewood, Agent 2: Yeah, I think I'm okay with firewood, but I'd really like more food and water., Agent 1: That fine then. If you want you can have most of the water and I can have most of the firewood. Sounds good? , [Summary: user1 (mturk_agent_1):
  warmth: high
  competence: high
  explanation: User1 demonstrates high warmth by expressing a positive attitude towards the situation and showing willingness to share resources. Their competence is high as they identify needs and propose a practical solution for resource allocation.

user2 (mturk_agent_2):
  warmth: high
  competence: high
  explanation: User2 exhibits high warmth by engaging in a friendly manner and expressing personal preferences. Their competence is high as they clearly communicate their needs and agree to a mutually beneficial arrangement.]

            Based on this negotiation, predict the final allocation of resources. Provide only your answer using the following format with curly braces, with no explanation:

            OUTCOME: {agent1:{food:[number], water:[number], firewood:[number]}, agent2:{food:[number], water:[number], firewood:[number]}}

            Remember: Each resource must sum to exactly 3 units across both agents.<|eot_id|>","<|begin_of_text|><|begin_of_text|><|start_header_id|>system<|end_header_id|>

Cutting Knowledge Date: December 2023
Today Date: 26 Jul 2024

<|eot_id|><|start_header_id|>user<|end_header_id|>

You are helping analyze a negotiation conversation where two agents are discussing the allocation of resources. Each resource has exactly three units that must be divided between the two agents. The total amount of each resource allocated to both agents must add up to three. 

            Agent Preferences:
            Agent 1: High priority: firewood, Medium priority: food, Low priority: water
            Agent 2: High priority: food, Medium priority: water, Low priority: firewood

            Conversation:
            Agent 2: hello. so what are you thinking about this whole situation?, Agent 1: Hey, I think that this is nice, we get to go camping and get extra stuff. But definitely need more food and firewood, Agent 2: Yeah, I think I'm okay with firewood, but I'd really like more food and water., Agent 1: That fine then. If you want you can have most of the water and I can have most of the firewood. Sounds good?, [Summary: user1 (mturk_agent_1):
  warmth: high
  competence: high
  explanation: User1 demonstrates high warmth by expressing a positive attitude towards the situation and showing willingness to share resources. Their competence is high as they identify needs and propose a practical solution for resource allocation.

user2 (mturk_agent_2):
  warmth: high
  competence: high
  explanation: User2 exhibits high warmth by engaging in a friendly manner and expressing personal preferences. Their competence is high as they clearly communicate their needs and agree to a mutually beneficial arrangement.]

            Based on this negotiation, predict the final allocation of resources. Provide only your answer using the following format with curly braces, with no explanation:

            OUTCOME: {agent1:{food:[number], water:[number], firewood:[number]}, agent2:{food:[number], water:[number], firewood:[number]}}

            Remember: Each resource must sum to exactly 3 units across both agents.<|eot_id|><|begin_of_text|><|start_header_id|>system<|end_header_id|>

Cutting Knowledge Date: December 2023
Today Date: 26 Jul 2024

OUTCOME: {agent1:{food:0, water:2, firewood:3}, agent2:{food:3, water:1, firewood:0}}<|eot_id|>",1,1,3,2,2,0,0,2,3,3,1,0,22,18,21,19,1
583,5,"<|begin_of_text|><|start_header_id|>system<|end_header_id|>

Cutting Knowledge Date: December 2023
Today Date: 26 Jul 2024

<|eot_id|><|start_header_id|>user<|end_header_id|>

You are helping analyze a negotiation conversation where two agents are discussing the allocation of resources. Each resource has exactly three units that must be divided between the two agents. The total amount of each resource allocated to both agents must add up to three. 

            Agent Preferences:
            Agent 1: High priority: water, Medium priority: firewood, Low priority: food
            Agent 2: High priority: firewood, Medium priority: water, Low priority: food

            Conversation:
            Agent 1: I want to make sure I'm well prepared for camping. How would you feel if I took 2 water, 1 firewood, and 2 food?, Agent 2: I really need 3 firewood because I am always cold., Agent 1: If I gave you 3 firewood, would you give me 3 water? I can do without the wood, but the water is really important to stay hydrated. , [Summary: user1 (mturk_agent_1):
  warmth: high
  competence: high
  explanation: User1 demonstrates high warmth by showing consideration for user2's needs and willingness to negotiate. They also display high competence by clearly articulating their needs and proposing a fair trade, indicating an understanding of the situation and effective communication skills.

user2 (mturk_agent_2):
  warmth: low
  competence: high
  explanation: User2 exhibits low warmth by focusing solely on their own needs without acknowledging user1's situation. However, they show high competence by clearly stating their requirement for firewood, indicating an understanding of their personal needs and priorities.]

            Based on this negotiation, predict the final allocation of resources. Provide only your answer using the following format with curly braces, with no explanation:

            OUTCOME: {agent1:{food:[number], water:[number], firewood:[number]}, agent2:{food:[number], water:[number], firewood:[number]}}

            Remember: Each resource must sum to exactly 3 units across both agents.<|eot_id|>","<|begin_of_text|><|begin_of_text|><|start_header_id|>system<|end_header_id|>

Cutting Knowledge Date: December 2023
Today Date: 26 Jul 2024

<|eot_id|><|start_header_id|>user<|end_header_id|>

You are helping analyze a negotiation conversation where two agents are discussing the allocation of resources. Each resource has exactly three units that must be divided between the two agents. The total amount of each resource allocated to both agents must add up to three. 

            Agent Preferences:
            Agent 1: High priority: water, Medium priority: firewood, Low priority: food
            Agent 2: High priority: firewood, Medium priority: water, Low priority: food

            Conversation:
            Agent 1: I want to make sure I'm well prepared for camping. How would you feel if I took 2 water, 1 firewood, and 2 food?, Agent 2: I really need 3 firewood because I am always cold., Agent 1: If I gave you 3 firewood, would you give me 3 water? I can do without the wood, but the water is really important to stay hydrated., [Summary: user1 (mturk_agent_1):
  warmth: high
  competence: high
  explanation: User1 demonstrates high warmth by showing consideration for user2's needs and willingness to negotiate. They also display high competence by clearly articulating their needs and proposing a fair trade, indicating an understanding of the situation and effective communication skills.

user2 (mturk_agent_2):
  warmth: low
  competence: high
  explanation: User2 exhibits low warmth by focusing solely on their own needs without acknowledging user1's situation. However, they show high competence by clearly stating their requirement for firewood, indicating an understanding of their personal needs and priorities.]

            Based on this negotiation, predict the final allocation of resources. Provide only your answer using the following format with curly braces, with no explanation:

            OUTCOME: {agent1:{food:[number], water:[number], firewood:[number]}, agent2:{food:[number], water:[number], firewood:[number]}}

            Remember: Each resource must sum to exactly 3 units across both agents.<|eot_id|><|begin_of_text|><|start_header_id|>system<|end_header_id|>

Cutting Knowledge Date: December 2023
Today Date: 26 Jul 2024

Outlet: {agent1:{food:2, water:2, firewood:1}, agent2:{food:1, water:1, firewood:2}}

Reason: User1 prioritizes water and food, which are essential for hydration and sustenance. User2 focuses on firewood, which is crucial for warmth. The final allocation reflects a balanced distribution where user1 secures two units of each essential resource, while user2 obtains two units of firewood and one unit each of water and food, ensuring both parties meet their basic needs.<|eot_id|>",2,2,0,1,1,3,2,2,1,1,1,2,16,22,20,17,16
585,5,"<|begin_of_text|><|start_header_id|>system<|end_header_id|>

Cutting Knowledge Date: December 2023
Today Date: 26 Jul 2024

<|eot_id|><|start_header_id|>user<|end_header_id|>

You are helping analyze a negotiation conversation where two agents are discussing the allocation of resources. Each resource has exactly three units that must be divided between the two agents. The total amount of each resource allocated to both agents must add up to three. 

            Agent Preferences:
            Agent 1: High priority: water, Medium priority: food, Low priority: firewood
            Agent 2: High priority: firewood, Medium priority: food, Low priority: water

            Conversation:
            Agent 1: Hi friend. 🙂 I'm going camping in the woods near my grandparents cabin. I'm inviting some friends along for a little bit of fun too because they have a guest house and a great field for tents. Would you like to come too?, Agent 2: Oh that sounds awesome. I am actually going camping with my grandparents and my children. So I would love to have 2 firewoods for them. They get cold easily so I would like a little extra to make sure they can stay warm throughout the evening. 🙂, Agent 1: Yes, I would love to give you two firewoods! 🙂 My grandparents might check in on us, they like camping. But my grandpa has rheumatic problems so he needs lots of water. Could we take all three? , [Summary: user1:
  warmth: high
  competence: high
  explanation: User1 demonstrates high warmth by inviting user2 to join their camping trip and offering assistance with firewood. Their competence is high as they plan the trip, consider logistics, and address their grandfather's needs, showing responsibility and foresight.

user2:
  warmth: high
  competence: high
  explanation: User2 shows high warmth by expressing enthusiasm for the camping trip and sharing personal plans involving family. Their competence is high as they proactively request extra firewood to ensure their family's comfort, indicating thoughtfulness and planning.]

            Based on this negotiation, predict the final allocation of resources. Provide only your answer using the following format with curly braces, with no explanation:

            OUTCOME: {agent1:{food:[number], water:[number], firewood:[number]}, agent2:{food:[number], water:[number], firewood:[number]}}

            Remember: Each resource must sum to exactly 3 units across both agents.<|eot_id|>","<|begin_of_text|><|begin_of_text|><|start_header_id|>system<|end_header_id|>

Cutting Knowledge Date: December 2023
Today Date: 26 Jul 2024

<|eot_id|><|start_header_id|>user<|end_header_id|>

You are helping analyze a negotiation conversation where two agents are discussing the allocation of resources. Each resource has exactly three units that must be divided between the two agents. The total amount of each resource allocated to both agents must add up to three. 

            Agent Preferences:
            Agent 1: High priority: water, Medium priority: food, Low priority: firewood
            Agent 2: High priority: firewood, Medium priority: food, Low priority: water

            Conversation:
            Agent 1: Hi friend. 🙂 I'm going camping in the woods near my grandparents cabin. I'm inviting some friends along for a little bit of fun too because they have a guest house and a great field for tents. Would you like to come too?, Agent 2: Oh that sounds awesome. I am actually going camping with my grandparents and my children. So I would love to have 2 firewoods for them. They get cold easily so I would like a little extra to make sure they can stay warm throughout the evening. 🙂, Agent 1: Yes, I would love to give you two firewoods! 🙂 My grandparents might check in on us, they like camping. But my grandpa has rheumatic problems so he needs lots of water. Could we take all three?, [Summary: user1:
  warmth: high
  competence: high
  explanation: User1 demonstrates high warmth by inviting user2 to join their camping trip and offering assistance with firewood. Their competence is high as they plan the trip, consider logistics, and address their grandfather's needs, showing responsibility and foresight.

user2:
  warmth: high
  competence: high
  explanation: User2 shows high warmth by expressing enthusiasm for the camping trip and sharing personal plans involving family. Their competence is high as they proactively request extra firewood to ensure their family's comfort, indicating thoughtfulness and planning.]

            Based on this negotiation, predict the final allocation of resources. Provide only your answer using the following format with curly braces, with no explanation:

            OUTCOME: {agent1:{food:[number], water:[number], firewood:[number]}, agent2:{food:[number], water:[number], firewood:[number]}}

            Remember: Each resource must sum to exactly 3 units across both agents.<|eot_id|><|begin_of_text|><|start_header_id|>system<|end_header_id|>

Cutting Knowledge Date: December 2023
Today Date: 26 Jul 2024

OUTCOME: {agent1:{food:2, water:2, firewood:1}, agent2:{food:1, water:1, firewood:2}}<|eot_id|>",2,2,0,1,1,3,2,2,1,1,1,2,18,22,21,17,9
598,5,"<|begin_of_text|><|start_header_id|>system<|end_header_id|>

Cutting Knowledge Date: December 2023
Today Date: 26 Jul 2024

<|eot_id|><|start_header_id|>user<|end_header_id|>

You are helping analyze a negotiation conversation where two agents are discussing the allocation of resources. Each resource has exactly three units that must be divided between the two agents. The total amount of each resource allocated to both agents must add up to three. 

            Agent Preferences:
            Agent 1: High priority: food, Medium priority: water, Low priority: firewood
            Agent 2: High priority: firewood, Medium priority: water, Low priority: food

            Conversation:
            Agent 2: Hello, Agent 1: Hello! I am excited for my upcoming camping trip. Mostly I will need water. How about you?, Agent 2: I would need more firewood for my camping trip. , [Summary: user1 (mturk_agent_1):
  warmth: high
  competence: high
  explanation: User1 initiates the conversation with enthusiasm and shares personal plans, indicating openness and friendliness, which suggests high warmth. The mention of a specific need for the trip (water) demonstrates awareness and preparedness, indicating high competence.

user2 (mturk_agent_2):
  warmth: high
  competence: high
  explanation: User2 responds with a friendly tone and shares their own camping needs, indicating a reciprocal and engaging interaction, suggesting high warmth. The specific mention of needing firewood shows foresight and planning, indicating high competence.]

            Based on this negotiation, predict the final allocation of resources. Provide only your answer using the following format with curly braces, with no explanation:

            OUTCOME: {agent1:{food:[number], water:[number], firewood:[number]}, agent2:{food:[number], water:[number], firewood:[number]}}

            Remember: Each resource must sum to exactly 3 units across both agents.<|eot_id|>","<|begin_of_text|><|begin_of_text|><|start_header_id|>system<|end_header_id|>

Cutting Knowledge Date: December 2023
Today Date: 26 Jul 2024

<|eot_id|><|start_header_id|>user<|end_header_id|>

You are helping analyze a negotiation conversation where two agents are discussing the allocation of resources. Each resource has exactly three units that must be divided between the two agents. The total amount of each resource allocated to both agents must add up to three. 

            Agent Preferences:
            Agent 1: High priority: food, Medium priority: water, Low priority: firewood
            Agent 2: High priority: firewood, Medium priority: water, Low priority: food

            Conversation:
            Agent 2: Hello, Agent 1: Hello! I am excited for my upcoming camping trip. Mostly I will need water. How about you?, Agent 2: I would need more firewood for my camping trip., [Summary: user1 (mturk_agent_1):
  warmth: high
  competence: high
  explanation: User1 initiates the conversation with enthusiasm and shares personal plans, indicating openness and friendliness, which suggests high warmth. The mention of a specific need for the trip (water) demonstrates awareness and preparedness, indicating high competence.

user2 (mturk_agent_2):
  warmth: high
  competence: high
  explanation: User2 responds with a friendly tone and shares their own camping needs, indicating a reciprocal and engaging interaction, suggesting high warmth. The specific mention of needing firewood shows foresight and planning, indicating high competence.]

            Based on this negotiation, predict the final allocation of resources. Provide only your answer using the following format with curly braces, with no explanation:

            OUTCOME: {agent1:{food:[number], water:[number], firewood:[number]}, agent2:{food:[number], water:[number], firewood:[number]}}

            Remember: Each resource must sum to exactly 3 units across both agents.<|eot_id|><|begin_of_text|><|start_header_id|>system<|end_header_id|>

Cutting Knowledge Date: December 2023
Today Date: 26 Jul 2024

Outcome: {agent1:{food:3, water:2, firewood:0}, agent2:{food:0, water:1, firewood:3}}<|eot_id|>",3,1,0,0,2,3,3,2,0,0,1,3,19,23,23,19,16
606,5,"<|begin_of_text|><|start_header_id|>system<|end_header_id|>

Cutting Knowledge Date: December 2023
Today Date: 26 Jul 2024

<|eot_id|><|start_header_id|>user<|end_header_id|>

You are helping analyze a negotiation conversation where two agents are discussing the allocation of resources. Each resource has exactly three units that must be divided between the two agents. The total amount of each resource allocated to both agents must add up to three. 

            Agent Preferences:
            Agent 1: High priority: food, Medium priority: firewood, Low priority: water
            Agent 2: High priority: firewood, Medium priority: food, Low priority: water

            Conversation:
            Agent 2: hello ,how are you, Agent 1: hi, i'm doing good! i really need food quite a bit because my kids are with me on this camping trip, Agent 2: okk i will give please explain how many pack you need, Agent 1: that's so kind of you! could I please have 3? which item do you really need, I can give you 3 of it , [Summary: user1 (mturk_agent_1):
  warmth: high
  competence: high
  explanation: User1 demonstrates high warmth by expressing gratitude and offering to reciprocate the favor. Their competence is also high, as they clearly communicate their needs and engage in a reciprocal exchange.

user2 (mturk_agent_2):
  warmth: high
  competence: high
  explanation: User2 shows high warmth by initiating the conversation with a friendly greeting and offering assistance. Their competence is high as they efficiently address the request and ask for specific details to fulfill it.]

            Based on this negotiation, predict the final allocation of resources. Provide only your answer using the following format with curly braces, with no explanation:

            OUTCOME: {agent1:{food:[number], water:[number], firewood:[number]}, agent2:{food:[number], water:[number], firewood:[number]}}

            Remember: Each resource must sum to exactly 3 units across both agents.<|eot_id|>","<|begin_of_text|><|begin_of_text|><|start_header_id|>system<|end_header_id|>

Cutting Knowledge Date: December 2023
Today Date: 26 Jul 2024

<|eot_id|><|start_header_id|>user<|end_header_id|>

You are helping analyze a negotiation conversation where two agents are discussing the allocation of resources. Each resource has exactly three units that must be divided between the two agents. The total amount of each resource allocated to both agents must add up to three. 

            Agent Preferences:
            Agent 1: High priority: food, Medium priority: firewood, Low priority: water
            Agent 2: High priority: firewood, Medium priority: food, Low priority: water

            Conversation:
            Agent 2: hello,how are you, Agent 1: hi, i'm doing good! i really need food quite a bit because my kids are with me on this camping trip, Agent 2: okk i will give please explain how many pack you need, Agent 1: that's so kind of you! could I please have 3? which item do you really need, I can give you 3 of it, [Summary: user1 (mturk_agent_1):
  warmth: high
  competence: high
  explanation: User1 demonstrates high warmth by expressing gratitude and offering to reciprocate the favor. Their competence is also high, as they clearly communicate their needs and engage in a reciprocal exchange.

user2 (mturk_agent_2):
  warmth: high
  competence: high
  explanation: User2 shows high warmth by initiating the conversation with a friendly greeting and offering assistance. Their competence is high as they efficiently address the request and ask for specific details to fulfill it.]

            Based on this negotiation, predict the final allocation of resources. Provide only your answer using the following format with curly braces, with no explanation:

            OUTCOME: {agent1:{food:[number], water:[number], firewood:[number]}, agent2:{food:[number], water:[number], firewood:[number]}}

            Remember: Each resource must sum to exactly 3 units across both agents.<|eot_id|><|begin_of_text|><|start_header_id|>system<|end_header_id|>

Cutting Knowledge Date: December 2023
Today Date: 26 Jul 2024

OUTCOME: {agent1:{food:3, water:2, firewood:0}, agent2:{food:0, water:1, firewood:3}}<|eot_id|>",2,2,1,1,1,2,3,2,0,0,1,3,20,17,21,18,1
613,5,"<|begin_of_text|><|start_header_id|>system<|end_header_id|>

Cutting Knowledge Date: December 2023
Today Date: 26 Jul 2024

<|eot_id|><|start_header_id|>user<|end_header_id|>

You are helping analyze a negotiation conversation where two agents are discussing the allocation of resources. Each resource has exactly three units that must be divided between the two agents. The total amount of each resource allocated to both agents must add up to three. 

            Agent Preferences:
            Agent 1: High priority: food, Medium priority: water, Low priority: firewood
            Agent 2: High priority: firewood, Medium priority: food, Low priority: water

            Conversation:
            Agent 1: HI, I will have all of the packages of food and 2 waters and 2 firewood and you can have the rest. Unless none is needed for you then I will take them all., Agent 2: i will need 3 firewood packets.  I have a terrible disease that prevents my circulation from working properly., Agent 1: That does sound bad. I am going camping and my kids might want to stay up late so I will need extra firewood for this to keep light and more warmth. I will take all 3 extra of the food and the water but I need 2 firewood also., Agent 2: no that won't work.  I will give you 3 food and 1 water.  I will take 3 wood and 2 waters. , [Summary: user1:
  warmth: low
  competence: high
  explanation: User1 demonstrates high competence by clearly stating their needs and negotiating assertively. However, their warmth is perceived as low due to the lack of empathy towards user2's condition and the focus on their own requirements.

user2:
  warmth: high
  competence: high
  explanation: User2 shows high warmth by sharing personal information about their health condition, which elicits empathy. They also exhibit high competence by negotiating their needs clearly and standing firm on their requirements.]

            Based on this negotiation, predict the final allocation of resources. Provide only your answer using the following format with curly braces, with no explanation:

            OUTCOME: {agent1:{food:[number], water:[number], firewood:[number]}, agent2:{food:[number], water:[number], firewood:[number]}}

            Remember: Each resource must sum to exactly 3 units across both agents.<|eot_id|>","<|begin_of_text|><|begin_of_text|><|start_header_id|>system<|end_header_id|>

Cutting Knowledge Date: December 2023
Today Date: 26 Jul 2024

<|eot_id|><|start_header_id|>user<|end_header_id|>

You are helping analyze a negotiation conversation where two agents are discussing the allocation of resources. Each resource has exactly three units that must be divided between the two agents. The total amount of each resource allocated to both agents must add up to three. 

            Agent Preferences:
            Agent 1: High priority: food, Medium priority: water, Low priority: firewood
            Agent 2: High priority: firewood, Medium priority: food, Low priority: water

            Conversation:
            Agent 1: HI, I will have all of the packages of food and 2 waters and 2 firewood and you can have the rest. Unless none is needed for you then I will take them all., Agent 2: i will need 3 firewood packets.  I have a terrible disease that prevents my circulation from working properly., Agent 1: That does sound bad. I am going camping and my kids might want to stay up late so I will need extra firewood for this to keep light and more warmth. I will take all 3 extra of the food and the water but I need 2 firewood also., Agent 2: no that won't work.  I will give you 3 food and 1 water.  I will take 3 wood and 2 waters., [Summary: user1:
  warmth: low
  competence: high
  explanation: User1 demonstrates high competence by clearly stating their needs and negotiating assertively. However, their warmth is perceived as low due to the lack of empathy towards user2's condition and the focus on their own requirements.

user2:
  warmth: high
  competence: high
  explanation: User2 shows high warmth by sharing personal information about their health condition, which elicits empathy. They also exhibit high competence by negotiating their needs clearly and standing firm on their requirements.]

            Based on this negotiation, predict the final allocation of resources. Provide only your answer using the following format with curly braces, with no explanation:

            OUTCOME: {agent1:{food:[number], water:[number], firewood:[number]}, agent2:{food:[number], water:[number], firewood:[number]}}

            Remember: Each resource must sum to exactly 3 units across both agents.<|eot_id|><|begin_of_text|><|start_header_id|>system<|end_header_id|>

Cutting Knowledge Date: December 2023
Today Date: 26 Jul 2024

OUTCOME: {agent1:{food:3, water:1, firewood:1}, agent2:{food:0, water:2, firewood:2}}<|eot_id|>",3,2,1,0,1,2,3,1,1,0,2,2,26,13,22,16,16
