dialogue_id,fold,prompt,generated_text,buyer_target,seller_target,sale_price,predicted_final_price,success_sale,success_predicted,normalized_squared_error
C_006f34c1a24348839c00beb7b1a00f31,5,"<|begin_of_text|><|start_header_id|>system<|end_header_id|>

Cutting Knowledge Date: December 2023
Today Date: 26 Jul 2024

<|eot_id|><|start_header_id|>user<|end_header_id|>

Analyze this negotiation, given in the format <buyer target, seller target, [negotiation], [summary]> and predict the projected sale price that lies between the buyer and seller targets. Provide only the final answer in the format 'FINAL_PRICE: [number]'
INPUT: <$6, $10, [Seller: Hello there, Buyer: hi, Seller: What would you like to know about the product>, Buyer: any details andits condition?, Seller: Its like a regular gloves and in very good condition, Buyer: how much do they cost/], [Summary: The conversation begins with a polite greeting, followed by the buyer expressing interest in learning more about a product. The seller responds with a brief description and reassures the buyer about the product's condition. The buyer remains engaged and focused, transitioning to inquire about the price, indicating a continued interest in potentially purchasing the item. The interaction is straightforward, with both parties maintaining a businesslike tone throughout.]><|eot_id|>","<|begin_of_text|><|begin_of_text|><|start_header_id|>system<|end_header_id|>

Cutting Knowledge Date: December 2023
Today Date: 26 Jul 2024

<|eot_id|><|start_header_id|>user<|end_header_id|>

Analyze this negotiation, given in the format <buyer target, seller target, [negotiation], [summary]> and predict the projected sale price that lies between the buyer and seller targets. Provide only the final answer in the format 'FINAL_PRICE: [number]'
INPUT: <$6, $10, [Seller: Hello there, Buyer: hi, Seller: What would you like to know about the product>, Buyer: any details andits condition?, Seller: Its like a regular gloves and in very good condition, Buyer: how much do they cost/], [Summary: The conversation begins with a polite greeting, followed by the buyer expressing interest in learning more about a product. The seller responds with a brief description and reassures the buyer about the product's condition. The buyer remains engaged and focused, transitioning to inquire about the price, indicating a continued interest in potentially purchasing the item. The interaction is straightforward, with both parties maintaining a businesslike tone throughout.]><|eot_id|><|begin_of_text|><|start_header_id|>system<|end_header_id|>

Cutting Knowledge Date: December 2023
Today Date: 26 Jul 2024

FINAL_PRICE: $7.0<|eot_id|>",6,10,8.0,7.0,0.5,0.25,0.125
C_0150d45a7290453fa35102b4f2539918,5,"<|begin_of_text|><|start_header_id|>system<|end_header_id|>

Cutting Knowledge Date: December 2023
Today Date: 26 Jul 2024

<|eot_id|><|start_header_id|>user<|end_header_id|>

Analyze this negotiation, given in the format <buyer target, seller target, [negotiation], [summary]> and predict the projected sale price that lies between the buyer and seller targets. Provide only the final answer in the format 'FINAL_PRICE: [number]'
INPUT: <$13, $15, [Buyer: hello how we doing today, Seller: Hi there., Seller: I'm okay and you?], [Summary: The conversation begins with a friendly and casual tone as the buyer greets the seller and inquires about their well-being. The seller responds politely, maintaining the cordial atmosphere. Both participants seem open and engaged, setting a positive foundation for further interaction. The initial exchange suggests an intention to establish rapport, with both parties showing interest in each other's state, which may facilitate a cooperative and pleasant dialogue moving forward.]><|eot_id|>","<|begin_of_text|><|begin_of_text|><|start_header_id|>system<|end_header_id|>

Cutting Knowledge Date: December 2023
Today Date: 26 Jul 2024

<|eot_id|><|start_header_id|>user<|end_header_id|>

Analyze this negotiation, given in the format <buyer target, seller target, [negotiation], [summary]> and predict the projected sale price that lies between the buyer and seller targets. Provide only the final answer in the format 'FINAL_PRICE: [number]'
INPUT: <$13, $15, [Buyer: hello how we doing today, Seller: Hi there., Seller: I'm okay and you?], [Summary: The conversation begins with a friendly and casual tone as the buyer greets the seller and inquires about their well-being. The seller responds politely, maintaining the cordial atmosphere. Both participants seem open and engaged, setting a positive foundation for further interaction. The initial exchange suggests an intention to establish rapport, with both parties showing interest in each other's state, which may facilitate a cooperative and pleasant dialogue moving forward.]><|eot_id|><|begin_of_text|><|start_header_id|>system<|end_header_id|>

Cutting Knowledge Date: December 2023
Today Date: 26 Jul 2024

FINAL_PRICE: $13.0<|eot_id|>",13,15,13.0,13.0,0.0,0.0,0.0
C_033934a5cb6b4bcb94a4202525cd3126,5,"<|begin_of_text|><|start_header_id|>system<|end_header_id|>

Cutting Knowledge Date: December 2023
Today Date: 26 Jul 2024

<|eot_id|><|start_header_id|>user<|end_header_id|>

Analyze this negotiation, given in the format <buyer target, seller target, [negotiation], [summary]> and predict the projected sale price that lies between the buyer and seller targets. Provide only the final answer in the format 'FINAL_PRICE: [number]'
INPUT: <$90, $180, [Buyer: whoa glitchy system, Seller: Hi, are you interested in the bike?, Buyer: yes. but it's kinda pricey for a 27 yr old bike.], [Summary: The conversation begins with the buyer expressing frustration with a glitchy system, setting a slightly negative tone. The seller responds neutrally, steering the conversation toward the bike's sale. The buyer then shifts focus to the bike's price, expressing concern over its value given its age. The seller's initial neutral approach is met with the buyer's persistent skepticism, suggesting a potential negotiation or persuasion effort may follow.]><|eot_id|>","<|begin_of_text|><|begin_of_text|><|start_header_id|>system<|end_header_id|>

Cutting Knowledge Date: December 2023
Today Date: 26 Jul 2024

<|eot_id|><|start_header_id|>user<|end_header_id|>

Analyze this negotiation, given in the format <buyer target, seller target, [negotiation], [summary]> and predict the projected sale price that lies between the buyer and seller targets. Provide only the final answer in the format 'FINAL_PRICE: [number]'
INPUT: <$90, $180, [Buyer: whoa glitchy system, Seller: Hi, are you interested in the bike?, Buyer: yes. but it's kinda pricey for a 27 yr old bike.], [Summary: The conversation begins with the buyer expressing frustration with a glitchy system, setting a slightly negative tone. The seller responds neutrally, steering the conversation toward the bike's sale. The buyer then shifts focus to the bike's price, expressing concern over its value given its age. The seller's initial neutral approach is met with the buyer's persistent skepticism, suggesting a potential negotiation or persuasion effort may follow.]><|eot_id|><|begin_of_text|><|start_header_id|>system<|end_header_id|>

Cutting Knowledge Date: December 2023
Today Date: 26 Jul 2024

Cutting Knowledge Date: December 2023
Today Date: 26 Jul 2024

FINAL_PRICE: $100.0<|eot_id|>",90,180,110.0,100.0,0.2222222222222222,0.1111111111111111,0.9090909090909091
C_047ef173d910432aae9556c595444a0d,5,"<|begin_of_text|><|start_header_id|>system<|end_header_id|>

Cutting Knowledge Date: December 2023
Today Date: 26 Jul 2024

<|eot_id|><|start_header_id|>user<|end_header_id|>

Analyze this negotiation, given in the format <buyer target, seller target, [negotiation], [summary]> and predict the projected sale price that lies between the buyer and seller targets. Provide only the final answer in the format 'FINAL_PRICE: [number]'
INPUT: <$1077, $1795, [Seller: hi there, Buyer: I'm moving to the bay area is West Oakland a good neighborhood?, Buyer: Hi, I'm moving to the bay area is West Oakland a good neighborhood?, Seller: Where are you moving from?], [Summary: The conversation begins with the buyer seeking information about West Oakland, indicating a need for guidance. The seller responds with a question, aiming to gather context about the buyer's current location, possibly to tailor their advice. The buyer's repetition of their initial question suggests eagerness or uncertainty. The seller's strategy seems to focus on understanding the buyer's background to provide more personalized and relevant information, maintaining a helpful and inquisitive tone.]><|eot_id|>","<|begin_of_text|><|begin_of_text|><|start_header_id|>system<|end_header_id|>

Cutting Knowledge Date: December 2023
Today Date: 26 Jul 2024

<|eot_id|><|start_header_id|>user<|end_header_id|>

Analyze this negotiation, given in the format <buyer target, seller target, [negotiation], [summary]> and predict the projected sale price that lies between the buyer and seller targets. Provide only the final answer in the format 'FINAL_PRICE: [number]'
INPUT: <$1077, $1795, [Seller: hi there, Buyer: I'm moving to the bay area is West Oakland a good neighborhood?, Buyer: Hi, I'm moving to the bay area is West Oakland a good neighborhood?, Seller: Where are you moving from?], [Summary: The conversation begins with the buyer seeking information about West Oakland, indicating a need for guidance. The seller responds with a question, aiming to gather context about the buyer's current location, possibly to tailor their advice. The buyer's repetition of their initial question suggests eagerness or uncertainty. The seller's strategy seems to focus on understanding the buyer's background to provide more personalized and relevant information, maintaining a helpful and inquisitive tone.]><|eot_id|><|begin_of_text|><|start_header_id|>system<|end_header_id|>

Cutting Knowledge Date: December 2023
Today Date: 26 Jul 2024

FINAL_PRICE: $1200.0<|eot_id|>",1077,1795,1650.0,1200.0,0.7980501392757661,0.1713091922005571,122.72727272727273
C_04cf7e9ff180493193f48870eedf3531,5,"<|begin_of_text|><|start_header_id|>system<|end_header_id|>

Cutting Knowledge Date: December 2023
Today Date: 26 Jul 2024

<|eot_id|><|start_header_id|>user<|end_header_id|>

Analyze this negotiation, given in the format <buyer target, seller target, [negotiation], [summary]> and predict the projected sale price that lies between the buyer and seller targets. Provide only the final answer in the format 'FINAL_PRICE: [number]'
INPUT: <$10, $20, [Buyer: Hi do you still have the SD card, Seller: HI are you interested in my sd card it is in great conditon 64gb and I am asking $20, Buyer: Is it new or used?], [Summary: The conversation begins with the buyer expressing interest in purchasing an SD card. The seller responds promptly, highlighting the card's condition and price, aiming to persuade the buyer of its value. The buyer seeks further clarification on the card's status, indicating a cautious approach. The seller's initial strategy is to emphasize the product's quality, while the buyer remains focused on gathering more information before proceeding.]><|eot_id|>","<|begin_of_text|><|begin_of_text|><|start_header_id|>system<|end_header_id|>

Cutting Knowledge Date: December 2023
Today Date: 26 Jul 2024

<|eot_id|><|start_header_id|>user<|end_header_id|>

Analyze this negotiation, given in the format <buyer target, seller target, [negotiation], [summary]> and predict the projected sale price that lies between the buyer and seller targets. Provide only the final answer in the format 'FINAL_PRICE: [number]'
INPUT: <$10, $20, [Buyer: Hi do you still have the SD card, Seller: HI are you interested in my sd card it is in great conditon 64gb and I am asking $20, Buyer: Is it new or used?], [Summary: The conversation begins with the buyer expressing interest in purchasing an SD card. The seller responds promptly, highlighting the card's condition and price, aiming to persuade the buyer of its value. The buyer seeks further clarification on the card's status, indicating a cautious approach. The seller's initial strategy is to emphasize the product's quality, while the buyer remains focused on gathering more information before proceeding.]><|eot_id|><|begin_of_text|><|start_header_id|>system<|end_header_id|>

Cutting Knowledge Date: December 2023
Today Date: 26 Jul 2024

FINAL_PRICE: $12.0<|eot_id|>",10,20,13.0,12.0,0.3,0.2,0.07692307692307693
C_04e41aa41dd14aab9ddb5a26dda40f7c,5,"<|begin_of_text|><|start_header_id|>system<|end_header_id|>

Cutting Knowledge Date: December 2023
Today Date: 26 Jul 2024

<|eot_id|><|start_header_id|>user<|end_header_id|>

Analyze this negotiation, given in the format <buyer target, seller target, [negotiation], [summary]> and predict the projected sale price that lies between the buyer and seller targets. Provide only the final answer in the format 'FINAL_PRICE: [number]'
INPUT: <$10, $20, [Seller: Hi, Buyer: hi, Seller: I'm asking $90 for the square speaker., Buyer: What is so special about the square speaker?], [Summary: The conversation begins with a straightforward greeting and a clear intention from the seller to present an offer. The buyer responds with a neutral greeting and immediately questions the value of the item, indicating a cautious or skeptical stance. The buyer's inquiry suggests a need for persuasion or justification from the seller, who may need to shift to a more informative or convincing strategy to address the buyer's curiosity or skepticism.]><|eot_id|>","<|begin_of_text|><|begin_of_text|><|start_header_id|>system<|end_header_id|>

Cutting Knowledge Date: December 2023
Today Date: 26 Jul 2024

<|eot_id|><|start_header_id|>user<|end_header_id|>

Analyze this negotiation, given in the format <buyer target, seller target, [negotiation], [summary]> and predict the projected sale price that lies between the buyer and seller targets. Provide only the final answer in the format 'FINAL_PRICE: [number]'
INPUT: <$10, $20, [Seller: Hi, Buyer: hi, Seller: I'm asking $90 for the square speaker., Buyer: What is so special about the square speaker?], [Summary: The conversation begins with a straightforward greeting and a clear intention from the seller to present an offer. The buyer responds with a neutral greeting and immediately questions the value of the item, indicating a cautious or skeptical stance. The buyer's inquiry suggests a need for persuasion or justification from the seller, who may need to shift to a more informative or convincing strategy to address the buyer's curiosity or skepticism.]><|eot_id|><|begin_of_text|><|start_header_id|>system<|end_header_id|>

Cutting Knowledge Date: December 2023
Today Date: 26 Jul 2024

FINAL_PRICE: $15.0<|eot_id|>",10,20,17.0,15.0,0.7,0.5,0.23529411764705882
C_07204ce84c9140da9ef5053c894bb1c8,5,"<|begin_of_text|><|start_header_id|>system<|end_header_id|>

Cutting Knowledge Date: December 2023
Today Date: 26 Jul 2024

<|eot_id|><|start_header_id|>user<|end_header_id|>

Analyze this negotiation, given in the format <buyer target, seller target, [negotiation], [summary]> and predict the projected sale price that lies between the buyer and seller targets. Provide only the final answer in the format 'FINAL_PRICE: [number]'
INPUT: <$2695, $3850, [Buyer: Hi, I really like this bike. Is it in good condition?, Seller: Yes, I  rode it a couple of times and no damage or wear., Buyer: Great. I want to come by and take a look at it. Can I come by around noon tomorrow?], [Summary: The conversation begins with the buyer expressing interest and inquiring about the condition of the bike. The seller responds positively, assuring the buyer of the bike's good condition. The buyer, satisfied with the seller's response, expresses a desire to see the bike in person and proposes a specific time to visit, indicating a progression towards arranging a meeting. Both parties maintain a cooperative and straightforward tone throughout the exchange.]><|eot_id|>","<|begin_of_text|><|begin_of_text|><|start_header_id|>system<|end_header_id|>

Cutting Knowledge Date: December 2023
Today Date: 26 Jul 2024

<|eot_id|><|start_header_id|>user<|end_header_id|>

Analyze this negotiation, given in the format <buyer target, seller target, [negotiation], [summary]> and predict the projected sale price that lies between the buyer and seller targets. Provide only the final answer in the format 'FINAL_PRICE: [number]'
INPUT: <$2695, $3850, [Buyer: Hi, I really like this bike. Is it in good condition?, Seller: Yes, I  rode it a couple of times and no damage or wear., Buyer: Great. I want to come by and take a look at it. Can I come by around noon tomorrow?], [Summary: The conversation begins with the buyer expressing interest and inquiring about the condition of the bike. The seller responds positively, assuring the buyer of the bike's good condition. The buyer, satisfied with the seller's response, expresses a desire to see the bike in person and proposes a specific time to visit, indicating a progression towards arranging a meeting. Both parties maintain a cooperative and straightforward tone throughout the exchange.]><|eot_id|><|begin_of_text|><|start_header_id|>system<|end_header_id|>

Cutting Knowledge Date: December 2023
Today Date: 26 Jul 2024

FINAL_PRICE: $3200.0<|eot_id|>",2695,3850,2800.0,3200.0,0.09090909090909091,0.43722943722943725,57.142857142857146
C_0b5a4ba777b54124856c1d57d806ba41,5,"<|begin_of_text|><|start_header_id|>system<|end_header_id|>

Cutting Knowledge Date: December 2023
Today Date: 26 Jul 2024

<|eot_id|><|start_header_id|>user<|end_header_id|>

Analyze this negotiation, given in the format <buyer target, seller target, [negotiation], [summary]> and predict the projected sale price that lies between the buyer and seller targets. Provide only the final answer in the format 'FINAL_PRICE: [number]'
INPUT: <$3150, $4500, [Seller: Hello. How are you?, Buyer: Hi, I'm great thanks, I was interested in our listing. It is difficult to judge without a photo, can you tell me about it?, Seller: It is brand new never been used! Never been sat on it is black and orange., Buyer: How come you're getting rid of it?, Seller: I ended up not using it nor needing it.], [Summary: The conversation begins with a polite exchange, with the buyer expressing interest and seeking more information. The seller responds with enthusiasm, highlighting the item's unused condition. The buyer's curiosity shifts to understanding the reason for the sale, prompting a straightforward explanation from the seller. Throughout, the interaction remains cordial, with the seller maintaining a positive tone while the buyer seeks clarity and assurance about the item.]><|eot_id|>","<|begin_of_text|><|begin_of_text|><|start_header_id|>system<|end_header_id|>

Cutting Knowledge Date: December 2023
Today Date: 26 Jul 2024

<|eot_id|><|start_header_id|>user<|end_header_id|>

Analyze this negotiation, given in the format <buyer target, seller target, [negotiation], [summary]> and predict the projected sale price that lies between the buyer and seller targets. Provide only the final answer in the format 'FINAL_PRICE: [number]'
INPUT: <$3150, $4500, [Seller: Hello. How are you?, Buyer: Hi, I'm great thanks, I was interested in our listing. It is difficult to judge without a photo, can you tell me about it?, Seller: It is brand new never been used! Never been sat on it is black and orange., Buyer: How come you're getting rid of it?, Seller: I ended up not using it nor needing it.], [Summary: The conversation begins with a polite exchange, with the buyer expressing interest and seeking more information. The seller responds with enthusiasm, highlighting the item's unused condition. The buyer's curiosity shifts to understanding the reason for the sale, prompting a straightforward explanation from the seller. Throughout, the interaction remains cordial, with the seller maintaining a positive tone while the buyer seeks clarity and assurance about the item.]><|eot_id|><|begin_of_text|><|start_header_id|>system<|end_header_id|>

Cutting Knowledge Date: December 2023
Today Date: 26 Jul 2024

Cutting Knowledge Date: December 2023
Today Date: 26 Jul 2024

FINAL_PRICE: $3500.0<|eot_id|>",3150,4500,3200.0,3500.0,0.037037037037037035,0.25925925925925924,28.125
C_0ce36462b7624bbbb4e2c0239aafa2e5,5,"<|begin_of_text|><|start_header_id|>system<|end_header_id|>

Cutting Knowledge Date: December 2023
Today Date: 26 Jul 2024

<|eot_id|><|start_header_id|>user<|end_header_id|>

Analyze this negotiation, given in the format <buyer target, seller target, [negotiation], [summary]> and predict the projected sale price that lies between the buyer and seller targets. Provide only the final answer in the format 'FINAL_PRICE: [number]'
INPUT: <$11020, $14500, [Buyer: Hello, I'm very interested in the vehicle you have for sale, Seller: Great, it is an awesome truck I would trust it to drive anywhere., Buyer: Are you willing to take less than the asking price?, Seller: I am willing to go down some, what are you thinking?], [Summary: The conversation begins with the buyer expressing interest in the vehicle, setting a positive and engaging tone. The seller responds enthusiastically, emphasizing the vehicle's reliability. The buyer then shifts to negotiating the price, indicating a desire for a deal. The seller remains open and accommodating, expressing willingness to negotiate further. Throughout, both parties maintain a cooperative and friendly tone, with the seller showing flexibility and the buyer aiming for a favorable transaction.]><|eot_id|>","<|begin_of_text|><|begin_of_text|><|start_header_id|>system<|end_header_id|>

Cutting Knowledge Date: December 2023
Today Date: 26 Jul 2024

<|eot_id|><|start_header_id|>user<|end_header_id|>

Analyze this negotiation, given in the format <buyer target, seller target, [negotiation], [summary]> and predict the projected sale price that lies between the buyer and seller targets. Provide only the final answer in the format 'FINAL_PRICE: [number]'
INPUT: <$11020, $14500, [Buyer: Hello, I'm very interested in the vehicle you have for sale, Seller: Great, it is an awesome truck I would trust it to drive anywhere., Buyer: Are you willing to take less than the asking price?, Seller: I am willing to go down some, what are you thinking?], [Summary: The conversation begins with the buyer expressing interest in the vehicle, setting a positive and engaging tone. The seller responds enthusiastically, emphasizing the vehicle's reliability. The buyer then shifts to negotiating the price, indicating a desire for a deal. The seller remains open and accommodating, expressing willingness to negotiate further. Throughout, both parties maintain a cooperative and friendly tone, with the seller showing flexibility and the buyer aiming for a favorable transaction.]><|eot_id|><|begin_of_text|><|start_header_id|>system<|end_header_id|>

Cutting Knowledge Date: December 2023
Today Date: 26 Jul 2024

FINAL_PRICE: $12000.0<|eot_id|>",11020,14500,12500.0,12000.0,0.42528735632183906,0.28160919540229884,20.0
C_14be3a546c5f4284be32c18d2617cd2a,5,"<|begin_of_text|><|start_header_id|>system<|end_header_id|>

Cutting Knowledge Date: December 2023
Today Date: 26 Jul 2024

<|eot_id|><|start_header_id|>user<|end_header_id|>

Analyze this negotiation, given in the format <buyer target, seller target, [negotiation], [summary]> and predict the projected sale price that lies between the buyer and seller targets. Provide only the final answer in the format 'FINAL_PRICE: [number]'
INPUT: <$190, $250, [Buyer: hi, Seller: Hey there. Are you interested in the couch?, Buyer: yes very is there anything wrong with it, Seller: Actually no. It is in perfect condition! NO rips, tears, or signs of wear!], [Summary: The conversation begins with a straightforward inquiry from the buyer, who expresses interest in the couch and seeks assurance about its condition. The seller responds positively, emphasizing the couch's excellent state to reassure the buyer. The seller's strategy is to highlight the couch's quality, aiming to maintain the buyer's interest and confidence in the purchase. The interaction is characterized by a direct and positive exchange focused on confirming the item's condition.]><|eot_id|>","<|begin_of_text|><|begin_of_text|><|start_header_id|>system<|end_header_id|>

Cutting Knowledge Date: December 2023
Today Date: 26 Jul 2024

<|eot_id|><|start_header_id|>user<|end_header_id|>

Analyze this negotiation, given in the format <buyer target, seller target, [negotiation], [summary]> and predict the projected sale price that lies between the buyer and seller targets. Provide only the final answer in the format 'FINAL_PRICE: [number]'
INPUT: <$190, $250, [Buyer: hi, Seller: Hey there. Are you interested in the couch?, Buyer: yes very is there anything wrong with it, Seller: Actually no. It is in perfect condition! NO rips, tears, or signs of wear!], [Summary: The conversation begins with a straightforward inquiry from the buyer, who expresses interest in the couch and seeks assurance about its condition. The seller responds positively, emphasizing the couch's excellent state to reassure the buyer. The seller's strategy is to highlight the couch's quality, aiming to maintain the buyer's interest and confidence in the purchase. The interaction is characterized by a direct and positive exchange focused on confirming the item's condition.]><|eot_id|><|begin_of_text|><|start_header_id|>system<|end_header_id|>

Cutting Knowledge Date: December 2023
Today Date: 26 Jul 2024

FINAL_PRICE: $200.0<|eot_id|>",190,250,220.0,200.0,0.5,0.16666666666666666,1.8181818181818181
C_19080ee75f6d4997bc5e07c77ea9c44c,5,"<|begin_of_text|><|start_header_id|>system<|end_header_id|>

Cutting Knowledge Date: December 2023
Today Date: 26 Jul 2024

<|eot_id|><|start_header_id|>user<|end_header_id|>

Analyze this negotiation, given in the format <buyer target, seller target, [negotiation], [summary]> and predict the projected sale price that lies between the buyer and seller targets. Provide only the final answer in the format 'FINAL_PRICE: [number]'
INPUT: <$207, $415, [Seller: Thanks for viewing the listing., Buyer: good can you tell me the color and if it is the full size with three seatings or more, Seller: The color is very light grey and it is full size with three seats.], [Summary: The conversation begins with a polite acknowledgment from the seller, setting a cooperative tone. The buyer responds with a straightforward inquiry about specific product details, indicating a focus on gathering information. The seller provides a clear and concise answer, maintaining a helpful and informative approach. Throughout the exchange, both parties remain focused on exchanging necessary details without deviating into unrelated topics, reflecting a mutual intent to facilitate a straightforward transaction.]><|eot_id|>","<|begin_of_text|><|begin_of_text|><|start_header_id|>system<|end_header_id|>

Cutting Knowledge Date: December 2023
Today Date: 26 Jul 2024

<|eot_id|><|start_header_id|>user<|end_header_id|>

Analyze this negotiation, given in the format <buyer target, seller target, [negotiation], [summary]> and predict the projected sale price that lies between the buyer and seller targets. Provide only the final answer in the format 'FINAL_PRICE: [number]'
INPUT: <$207, $415, [Seller: Thanks for viewing the listing., Buyer: good can you tell me the color and if it is the full size with three seatings or more, Seller: The color is very light grey and it is full size with three seats.], [Summary: The conversation begins with a polite acknowledgment from the seller, setting a cooperative tone. The buyer responds with a straightforward inquiry about specific product details, indicating a focus on gathering information. The seller provides a clear and concise answer, maintaining a helpful and informative approach. Throughout the exchange, both parties remain focused on exchanging necessary details without deviating into unrelated topics, reflecting a mutual intent to facilitate a straightforward transaction.]><|eot_id|><|begin_of_text|><|start_header_id|>system<|end_header_id|>

Cutting Knowledge Date: December 2023
Today Date: 26 Jul 2024

FINAL_PRICE: $350.0<|eot_id|>",207,415,300.0,350.0,0.44711538461538464,0.6875,8.333333333333334
C_1e34a436f26e4a3f804f9fbc08f44614,5,"<|begin_of_text|><|start_header_id|>system<|end_header_id|>

Cutting Knowledge Date: December 2023
Today Date: 26 Jul 2024

<|eot_id|><|start_header_id|>user<|end_header_id|>

Analyze this negotiation, given in the format <buyer target, seller target, [negotiation], [summary]> and predict the projected sale price that lies between the buyer and seller targets. Provide only the final answer in the format 'FINAL_PRICE: [number]'
INPUT: <$450, $750, [Seller: Hi! I am willing to sell this bike at a great price are you interested?, Buyer: Yes, I am very interested! It looks like a beautiful bike., Seller: Ok cool! The bike has very low miles and has and upgraded WTB saddle! It also has carbon blade forks and 105 brakes. I am willing to sell for as low as $750., Buyer: $750 seems a little steep since the bike already has some miles on it. Would you accept $400?], [Summary: The conversation begins with the seller enthusiastically offering a bike at a ""great price,"" aiming to entice the buyer. The buyer responds with interest and compliments the bike, indicating a positive sentiment. The seller then highlights the bike's features and sets a price, maintaining a persuasive tone. However, the buyer shifts to a negotiating strategy, expressing concern over the price due to the bike's mileage and counteroffers with a significantly lower price, indicating a more cautious approach.]><|eot_id|>","<|begin_of_text|><|begin_of_text|><|start_header_id|>system<|end_header_id|>

Cutting Knowledge Date: December 2023
Today Date: 26 Jul 2024

<|eot_id|><|start_header_id|>user<|end_header_id|>

Analyze this negotiation, given in the format <buyer target, seller target, [negotiation], [summary]> and predict the projected sale price that lies between the buyer and seller targets. Provide only the final answer in the format 'FINAL_PRICE: [number]'
INPUT: <$450, $750, [Seller: Hi! I am willing to sell this bike at a great price are you interested?, Buyer: Yes, I am very interested! It looks like a beautiful bike., Seller: Ok cool! The bike has very low miles and has and upgraded WTB saddle! It also has carbon blade forks and 105 brakes. I am willing to sell for as low as $750., Buyer: $750 seems a little steep since the bike already has some miles on it. Would you accept $400?], [Summary: The conversation begins with the seller enthusiastically offering a bike at a ""great price,"" aiming to entice the buyer. The buyer responds with interest and compliments the bike, indicating a positive sentiment. The seller then highlights the bike's features and sets a price, maintaining a persuasive tone. However, the buyer shifts to a negotiating strategy, expressing concern over the price due to the bike's mileage and counteroffers with a significantly lower price, indicating a more cautious approach.]><|eot_id|><|begin_of_text|><|start_header_id|>system<|end_header_id|>

Cutting Knowledge Date: December 2023
Today Date: 26 Jul 2024

Cutting Knowledge Date: December 2023
Today Date: 26 Jul 2024

FINAL_PRICE: $600.0<|eot_id|>",450,750,450.0,600.0,0.0,0.5,50.0
C_21fd32f74fcb49fbaa7dcc8adeb35132,5,"<|begin_of_text|><|start_header_id|>system<|end_header_id|>

Cutting Knowledge Date: December 2023
Today Date: 26 Jul 2024

<|eot_id|><|start_header_id|>user<|end_header_id|>

Analyze this negotiation, given in the format <buyer target, seller target, [negotiation], [summary]> and predict the projected sale price that lies between the buyer and seller targets. Provide only the final answer in the format 'FINAL_PRICE: [number]'
INPUT: <$1748, $1900, [Buyer: What color is this house?, Seller: Hi, I'm selling this house for $1900, Buyer: And what color is it?], [Summary: The conversation begins with the buyer seeking specific information about the house's color, indicating a focus on details. The seller, however, shifts the focus to the price, suggesting a sales-oriented approach. The buyer persists with their original inquiry, maintaining a detail-oriented stance. This dynamic highlights a misalignment in priorities, with the buyer seeking specific information and the seller emphasizing the transaction aspect.]><|eot_id|>","<|begin_of_text|><|begin_of_text|><|start_header_id|>system<|end_header_id|>

Cutting Knowledge Date: December 2023
Today Date: 26 Jul 2024

<|eot_id|><|start_header_id|>user<|end_header_id|>

Analyze this negotiation, given in the format <buyer target, seller target, [negotiation], [summary]> and predict the projected sale price that lies between the buyer and seller targets. Provide only the final answer in the format 'FINAL_PRICE: [number]'
INPUT: <$1748, $1900, [Buyer: What color is this house?, Seller: Hi, I'm selling this house for $1900, Buyer: And what color is it?], [Summary: The conversation begins with the buyer seeking specific information about the house's color, indicating a focus on details. The seller, however, shifts the focus to the price, suggesting a sales-oriented approach. The buyer persists with their original inquiry, maintaining a detail-oriented stance. This dynamic highlights a misalignment in priorities, with the buyer seeking specific information and the seller emphasizing the transaction aspect.]><|eot_id|><|begin_of_text|><|start_header_id|>system<|end_header_id|>

Cutting Knowledge Date: December 2023
Today Date: 26 Jul 2024

FINAL_PRICE: $1800.0<|eot_id|>",1748,1900,1780.0,1800.0,0.21052631578947367,0.34210526315789475,0.2247191011235955
C_24248cf66eee4e48b618ce74ec00c8fb,5,"<|begin_of_text|><|start_header_id|>system<|end_header_id|>

Cutting Knowledge Date: December 2023
Today Date: 26 Jul 2024

<|eot_id|><|start_header_id|>user<|end_header_id|>

Analyze this negotiation, given in the format <buyer target, seller target, [negotiation], [summary]> and predict the projected sale price that lies between the buyer and seller targets. Provide only the final answer in the format 'FINAL_PRICE: [number]'
INPUT: <$2607, $2834, [Seller: Hello. How can I help you?, Buyer: Hi, I am interested in the apartment, Seller: Sure. Do you have any questions?, Buyer: Is it available any sooner than the 10th?], [Summary: The conversation begins with a polite and professional tone as the seller offers assistance. The buyer expresses interest and seeks specific information about availability, indicating a desire for earlier access. The seller remains open and responsive, maintaining a helpful stance. The buyer's inquiry suggests urgency or preference for an earlier date, while the seller's continued engagement suggests a willingness to accommodate or provide further details. The interaction is characterized by a straightforward exchange of information.]><|eot_id|>","<|begin_of_text|><|begin_of_text|><|start_header_id|>system<|end_header_id|>

Cutting Knowledge Date: December 2023
Today Date: 26 Jul 2024

<|eot_id|><|start_header_id|>user<|end_header_id|>

Analyze this negotiation, given in the format <buyer target, seller target, [negotiation], [summary]> and predict the projected sale price that lies between the buyer and seller targets. Provide only the final answer in the format 'FINAL_PRICE: [number]'
INPUT: <$2607, $2834, [Seller: Hello. How can I help you?, Buyer: Hi, I am interested in the apartment, Seller: Sure. Do you have any questions?, Buyer: Is it available any sooner than the 10th?], [Summary: The conversation begins with a polite and professional tone as the seller offers assistance. The buyer expresses interest and seeks specific information about availability, indicating a desire for earlier access. The seller remains open and responsive, maintaining a helpful stance. The buyer's inquiry suggests urgency or preference for an earlier date, while the seller's continued engagement suggests a willingness to accommodate or provide further details. The interaction is characterized by a straightforward exchange of information.]><|eot_id|><|begin_of_text|><|start_header_id|>system<|end_header_id|>

Cutting Knowledge Date: December 2023
Today Date: 26 Jul 2024

FINAL_PRICE: $2600.0<|eot_id|>",2607,2834,2700.0,2600.0,0.40969162995594716,-0.030837004405286344,3.7037037037037037
C_24d2bc5b2da04759ab7b545bb93cf9d1,5,"<|begin_of_text|><|start_header_id|>system<|end_header_id|>

Cutting Knowledge Date: December 2023
Today Date: 26 Jul 2024

<|eot_id|><|start_header_id|>user<|end_header_id|>

Analyze this negotiation, given in the format <buyer target, seller target, [negotiation], [summary]> and predict the projected sale price that lies between the buyer and seller targets. Provide only the final answer in the format 'FINAL_PRICE: [number]'
INPUT: <$75, $150, [Seller: Hi how are you?, Buyer: Hello....Thanks....I am doing good...How about you?, Seller: Very well do you have any questions about the bike 150 is a very fair price!, Buyer: The bike is indeed good one...I just wanted to check about the wear and tear...on scale of 1-5 (5 being brand new), how would you rate it?, Seller: I would give it a solid 4 my son did learn to ride on it so there is SOME evidence of use but very little.], [Summary: The conversation begins with polite greetings before the seller quickly shifts to promoting the bike's price. The buyer acknowledges the bike's quality but seeks more information about its condition, indicating a cautious approach. The seller responds with a positive assessment, acknowledging minor wear, maintaining a persuasive yet honest tone. Throughout, the seller remains focused on closing the sale, while the buyer carefully evaluates the offer, balancing interest with due diligence.]><|eot_id|>","<|begin_of_text|><|begin_of_text|><|start_header_id|>system<|end_header_id|>

Cutting Knowledge Date: December 2023
Today Date: 26 Jul 2024

<|eot_id|><|start_header_id|>user<|end_header_id|>

Analyze this negotiation, given in the format <buyer target, seller target, [negotiation], [summary]> and predict the projected sale price that lies between the buyer and seller targets. Provide only the final answer in the format 'FINAL_PRICE: [number]'
INPUT: <$75, $150, [Seller: Hi how are you?, Buyer: Hello....Thanks....I am doing good...How about you?, Seller: Very well do you have any questions about the bike 150 is a very fair price!, Buyer: The bike is indeed good one...I just wanted to check about the wear and tear...on scale of 1-5 (5 being brand new), how would you rate it?, Seller: I would give it a solid 4 my son did learn to ride on it so there is SOME evidence of use but very little.], [Summary: The conversation begins with polite greetings before the seller quickly shifts to promoting the bike's price. The buyer acknowledges the bike's quality but seeks more information about its condition, indicating a cautious approach. The seller responds with a positive assessment, acknowledging minor wear, maintaining a persuasive yet honest tone. Throughout, the seller remains focused on closing the sale, while the buyer carefully evaluates the offer, balancing interest with due diligence.]><|eot_id|><|begin_of_text|><|start_header_id|>system<|end_header_id|>

Cutting Knowledge Date: December 2023
Today Date: 26 Jul 2024

FINAL_PRICE: $100.0<|eot_id|>",75,150,87.0,100.0,0.16,0.3333333333333333,1.9425287356321839
C_260554825bae40c3bc5dbe3ab1b75b3e,5,"<|begin_of_text|><|start_header_id|>system<|end_header_id|>

Cutting Knowledge Date: December 2023
Today Date: 26 Jul 2024

<|eot_id|><|start_header_id|>user<|end_header_id|>

Analyze this negotiation, given in the format <buyer target, seller target, [negotiation], [summary]> and predict the projected sale price that lies between the buyer and seller targets. Provide only the final answer in the format 'FINAL_PRICE: [number]'
INPUT: <$1992, $3985, [Buyer: I am interested in this property.  Are there neighbors close by?, Seller: There are some neighbors yes, but the location feels incredibly secluded given the surrounding city., Buyer: Would you be able to come down in cost?, Seller: Potentially.  I've always hated this carpet my wife chose to put in.  I'd come down a bit just to say that it was because of the carpeting.], [Summary: The conversation begins with the buyer expressing interest and inquiring about the property's seclusion, indicating a desire for privacy. The seller acknowledges the presence of neighbors but emphasizes the property's secluded feel. The buyer then shifts to negotiating the price, and the seller responds with openness to lowering it, humorously attributing the potential discount to personal dislike of the carpet. The interaction remains amicable, with both parties showing willingness to accommodate each other's concerns.]><|eot_id|>","<|begin_of_text|><|begin_of_text|><|start_header_id|>system<|end_header_id|>

Cutting Knowledge Date: December 2023
Today Date: 26 Jul 2024

<|eot_id|><|start_header_id|>user<|end_header_id|>

Analyze this negotiation, given in the format <buyer target, seller target, [negotiation], [summary]> and predict the projected sale price that lies between the buyer and seller targets. Provide only the final answer in the format 'FINAL_PRICE: [number]'
INPUT: <$1992, $3985, [Buyer: I am interested in this property.  Are there neighbors close by?, Seller: There are some neighbors yes, but the location feels incredibly secluded given the surrounding city., Buyer: Would you be able to come down in cost?, Seller: Potentially.  I've always hated this carpet my wife chose to put in.  I'd come down a bit just to say that it was because of the carpeting.], [Summary: The conversation begins with the buyer expressing interest and inquiring about the property's seclusion, indicating a desire for privacy. The seller acknowledges the presence of neighbors but emphasizes the property's secluded feel. The buyer then shifts to negotiating the price, and the seller responds with openness to lowering it, humorously attributing the potential discount to personal dislike of the carpet. The interaction remains amicable, with both parties showing willingness to accommodate each other's concerns.]><|eot_id|><|begin_of_text|><|start_header_id|>system<|end_header_id|>

Cutting Knowledge Date: December 2023
Today Date: 26 Jul 2024

FINAL_PRICE: $3400.0<|eot_id|>",1992,3985,3600.0,3400.0,0.806823883592574,0.706472654290015,11.11111111111111
C_2f5ceed7d9e34f9492dce43260781cb8,5,"<|begin_of_text|><|start_header_id|>system<|end_header_id|>

Cutting Knowledge Date: December 2023
Today Date: 26 Jul 2024

<|eot_id|><|start_header_id|>user<|end_header_id|>

Analyze this negotiation, given in the format <buyer target, seller target, [negotiation], [summary]> and predict the projected sale price that lies between the buyer and seller targets. Provide only the final answer in the format 'FINAL_PRICE: [number]'
INPUT: <$468, $780, [Buyer: Hello!, Seller: greetings!, Buyer: Are you interested in purchasing the iPhone?, Seller: no, i am the seller, and am interested in selling the iphone, Buyer: I am so sorry. I misunderstood it. So as per the listing, it says that you have three colors right?, Seller: indeed. rose gold, matte black and gold. they are all very attractive], [Summary: The conversation begins with a misunderstanding about roles, as the buyer initially thinks the seller is a potential buyer. Once clarified, the buyer shifts to inquiry mode, asking about product details. The seller maintains a friendly and informative tone, correcting the misunderstanding and providing details about the product options. The interaction is characterized by polite exchanges and a focus on clarifying and sharing information about the product.]><|eot_id|>","<|begin_of_text|><|begin_of_text|><|start_header_id|>system<|end_header_id|>

Cutting Knowledge Date: December 2023
Today Date: 26 Jul 2024

<|eot_id|><|start_header_id|>user<|end_header_id|>

Analyze this negotiation, given in the format <buyer target, seller target, [negotiation], [summary]> and predict the projected sale price that lies between the buyer and seller targets. Provide only the final answer in the format 'FINAL_PRICE: [number]'
INPUT: <$468, $780, [Buyer: Hello!, Seller: greetings!, Buyer: Are you interested in purchasing the iPhone?, Seller: no, i am the seller, and am interested in selling the iphone, Buyer: I am so sorry. I misunderstood it. So as per the listing, it says that you have three colors right?, Seller: indeed. rose gold, matte black and gold. they are all very attractive], [Summary: The conversation begins with a misunderstanding about roles, as the buyer initially thinks the seller is a potential buyer. Once clarified, the buyer shifts to inquiry mode, asking about product details. The seller maintains a friendly and informative tone, correcting the misunderstanding and providing details about the product options. The interaction is characterized by polite exchanges and a focus on clarifying and sharing information about the product.]><|eot_id|><|begin_of_text|><|start_header_id|>system<|end_header_id|>

Cutting Knowledge Date: December 2023
Today Date: 26 Jul 2024

FINAL_PRICE: $600.0<|eot_id|>",468,780,680.0,600.0,0.6794871794871795,0.4230769230769231,9.411764705882353
C_3096171b32cd4079a6435c3deb04d521,5,"<|begin_of_text|><|start_header_id|>system<|end_header_id|>

Cutting Knowledge Date: December 2023
Today Date: 26 Jul 2024

<|eot_id|><|start_header_id|>user<|end_header_id|>

Analyze this negotiation, given in the format <buyer target, seller target, [negotiation], [summary]> and predict the projected sale price that lies between the buyer and seller targets. Provide only the final answer in the format 'FINAL_PRICE: [number]'
INPUT: <$1435, $1595, [Seller: How can I assist you with my one bedroom apartment that is for rent?, Buyer: Hi can you tell me more about the apartment, Seller: Absolutely! This is a beautiful apartment. It is located in the heart of Richmond with walking distance to Bart., Buyer: Is the parking covered?, Seller: Yes it is!, Buyer: I am on a bit of a budget, and am trying to stick close to $1400], [Summary: The conversation begins with the seller offering assistance and providing positive details about the apartment, emphasizing its location and amenities. The buyer responds with specific questions, indicating interest but also expressing budget constraints. The seller remains accommodating, addressing the buyer's inquiries directly. The buyer's focus shifts towards financial considerations, suggesting a need for negotiation or further discussion about affordability. Overall, the exchange is polite and informative, with both parties maintaining a cooperative tone.]><|eot_id|>","<|begin_of_text|><|begin_of_text|><|start_header_id|>system<|end_header_id|>

Cutting Knowledge Date: December 2023
Today Date: 26 Jul 2024

<|eot_id|><|start_header_id|>user<|end_header_id|>

Analyze this negotiation, given in the format <buyer target, seller target, [negotiation], [summary]> and predict the projected sale price that lies between the buyer and seller targets. Provide only the final answer in the format 'FINAL_PRICE: [number]'
INPUT: <$1435, $1595, [Seller: How can I assist you with my one bedroom apartment that is for rent?, Buyer: Hi can you tell me more about the apartment, Seller: Absolutely! This is a beautiful apartment. It is located in the heart of Richmond with walking distance to Bart., Buyer: Is the parking covered?, Seller: Yes it is!, Buyer: I am on a bit of a budget, and am trying to stick close to $1400], [Summary: The conversation begins with the seller offering assistance and providing positive details about the apartment, emphasizing its location and amenities. The buyer responds with specific questions, indicating interest but also expressing budget constraints. The seller remains accommodating, addressing the buyer's inquiries directly. The buyer's focus shifts towards financial considerations, suggesting a need for negotiation or further discussion about affordability. Overall, the exchange is polite and informative, with both parties maintaining a cooperative tone.]><|eot_id|><|begin_of_text|><|start_header_id|>system<|end_header_id|>

Cutting Knowledge Date: December 2023
Today Date: 26 Jul 2024

FINAL_PRICE: $1450.0<|eot_id|>",1435,1595,1515.0,1450.0,0.5,0.09375,2.788778877887789
C_315bc09a428947f399a2b9540dc2216a,5,"<|begin_of_text|><|start_header_id|>system<|end_header_id|>

Cutting Knowledge Date: December 2023
Today Date: 26 Jul 2024

<|eot_id|><|start_header_id|>user<|end_header_id|>

Analyze this negotiation, given in the format <buyer target, seller target, [negotiation], [summary]> and predict the projected sale price that lies between the buyer and seller targets. Provide only the final answer in the format 'FINAL_PRICE: [number]'
INPUT: <$300, $500, [Seller: yo yo yo, Buyer: Hi there can you tell me a little more about this Bike please., Seller: sure bro, it's a fully custom bmx built to riiiiiiiiide, aftermarket everything, benny bars, pegs, seat and post, head set, its a sick bike], [Summary: The conversation begins with a casual and enthusiastic tone from the seller, who uses informal language to engage the buyer. The buyer responds politely, seeking more information about the bike. The seller maintains their enthusiastic and informal style while providing a brief, energetic description of the bike's features. The seller's strategy is to emphasize the bike's custom and high-quality aspects, aiming to appeal to the buyer's interest in a unique and well-equipped product.]><|eot_id|>","<|begin_of_text|><|begin_of_text|><|start_header_id|>system<|end_header_id|>

Cutting Knowledge Date: December 2023
Today Date: 26 Jul 2024

<|eot_id|><|start_header_id|>user<|end_header_id|>

Analyze this negotiation, given in the format <buyer target, seller target, [negotiation], [summary]> and predict the projected sale price that lies between the buyer and seller targets. Provide only the final answer in the format 'FINAL_PRICE: [number]'
INPUT: <$300, $500, [Seller: yo yo yo, Buyer: Hi there can you tell me a little more about this Bike please., Seller: sure bro, it's a fully custom bmx built to riiiiiiiiide, aftermarket everything, benny bars, pegs, seat and post, head set, its a sick bike], [Summary: The conversation begins with a casual and enthusiastic tone from the seller, who uses informal language to engage the buyer. The buyer responds politely, seeking more information about the bike. The seller maintains their enthusiastic and informal style while providing a brief, energetic description of the bike's features. The seller's strategy is to emphasize the bike's custom and high-quality aspects, aiming to appeal to the buyer's interest in a unique and well-equipped product.]><|eot_id|><|begin_of_text|><|start_header_id|>system<|end_header_id|>

Cutting Knowledge Date: December 2023
Today Date: 26 Jul 2024

FINAL_PRICE: $400.0<|eot_id|>",300,500,450.0,400.0,0.75,0.5,5.555555555555555
C_34f3e14eed5044719ad8567e07a3bb5a,5,"<|begin_of_text|><|start_header_id|>system<|end_header_id|>

Cutting Knowledge Date: December 2023
Today Date: 26 Jul 2024

<|eot_id|><|start_header_id|>user<|end_header_id|>

Analyze this negotiation, given in the format <buyer target, seller target, [negotiation], [summary]> and predict the projected sale price that lies between the buyer and seller targets. Provide only the final answer in the format 'FINAL_PRICE: [number]'
INPUT: <$1732, $2279, [Seller: hello, Buyer: Hi, how long of a lease are you asking?, Seller: 2 years minimum, Buyer: ouch!  Would you accept a 1 year lease?, Seller: you would love the place but I am willing to accept for one year, Buyer: great, the price you are asking is very high for the amount of space, are you willing to come down on the rent?], [Summary: The conversation begins with the seller setting firm terms for a lease, while the buyer expresses hesitation and seeks flexibility. The seller shows a willingness to compromise on the lease duration, indicating a shift towards accommodation. The buyer, encouraged by this concession, attempts to negotiate further by addressing the rent price, suggesting a strategy of incremental negotiation and testing the seller's flexibility on multiple fronts.]><|eot_id|>","<|begin_of_text|><|begin_of_text|><|start_header_id|>system<|end_header_id|>

Cutting Knowledge Date: December 2023
Today Date: 26 Jul 2024

<|eot_id|><|start_header_id|>user<|end_header_id|>

Analyze this negotiation, given in the format <buyer target, seller target, [negotiation], [summary]> and predict the projected sale price that lies between the buyer and seller targets. Provide only the final answer in the format 'FINAL_PRICE: [number]'
INPUT: <$1732, $2279, [Seller: hello, Buyer: Hi, how long of a lease are you asking?, Seller: 2 years minimum, Buyer: ouch!  Would you accept a 1 year lease?, Seller: you would love the place but I am willing to accept for one year, Buyer: great, the price you are asking is very high for the amount of space, are you willing to come down on the rent?], [Summary: The conversation begins with the seller setting firm terms for a lease, while the buyer expresses hesitation and seeks flexibility. The seller shows a willingness to compromise on the lease duration, indicating a shift towards accommodation. The buyer, encouraged by this concession, attempts to negotiate further by addressing the rent price, suggesting a strategy of incremental negotiation and testing the seller's flexibility on multiple fronts.]><|eot_id|><|begin_of_text|><|start_header_id|>system<|end_header_id|>

Cutting Knowledge Date: December 2023
Today Date: 26 Jul 2024

FINAL_PRICE: $1850.0<|eot_id|>",1732,2279,2195.0,1850.0,0.8464351005484461,0.21572212065813529,54.22551252847381
C_373683cc6d9645a2a561e2b3f053ceff,5,"<|begin_of_text|><|start_header_id|>system<|end_header_id|>

Cutting Knowledge Date: December 2023
Today Date: 26 Jul 2024

<|eot_id|><|start_header_id|>user<|end_header_id|>

Analyze this negotiation, given in the format <buyer target, seller target, [negotiation], [summary]> and predict the projected sale price that lies between the buyer and seller targets. Provide only the final answer in the format 'FINAL_PRICE: [number]'
INPUT: <$114, $150, [Buyer: I'm really intersted in the chairs. Are there any scratches?, Seller: There are a few minor scratches on some of the chairs, Buyer: How about the cushions, any holes?, Seller: No.  We reupholstered them after we purchased the chairs last fall, Buyer: Cool. I was hoping you would be willing to let them go for a little below your listed price., Seller: I'm willing to negotiate, but I'm not going to accept an unreasonable offer.  Even with the scratches they're still nice chairs!], [Summary: The conversation begins with the buyer expressing interest and inquiring about the condition of the chairs, focusing on scratches and cushion quality. The seller responds transparently about minor imperfections and reassures the buyer about the cushions. The buyer then shifts to negotiating the price, while the seller remains open to negotiation but firmly sets boundaries against unreasonable offers, emphasizing the chairs' overall quality despite minor flaws.]><|eot_id|>","<|begin_of_text|><|begin_of_text|><|start_header_id|>system<|end_header_id|>

Cutting Knowledge Date: December 2023
Today Date: 26 Jul 2024

<|eot_id|><|start_header_id|>user<|end_header_id|>

Analyze this negotiation, given in the format <buyer target, seller target, [negotiation], [summary]> and predict the projected sale price that lies between the buyer and seller targets. Provide only the final answer in the format 'FINAL_PRICE: [number]'
INPUT: <$114, $150, [Buyer: I'm really intersted in the chairs. Are there any scratches?, Seller: There are a few minor scratches on some of the chairs, Buyer: How about the cushions, any holes?, Seller: No.  We reupholstered them after we purchased the chairs last fall, Buyer: Cool. I was hoping you would be willing to let them go for a little below your listed price., Seller: I'm willing to negotiate, but I'm not going to accept an unreasonable offer.  Even with the scratches they're still nice chairs!], [Summary: The conversation begins with the buyer expressing interest and inquiring about the condition of the chairs, focusing on scratches and cushion quality. The seller responds transparently about minor imperfections and reassures the buyer about the cushions. The buyer then shifts to negotiating the price, while the seller remains open to negotiation but firmly sets boundaries against unreasonable offers, emphasizing the chairs' overall quality despite minor flaws.]><|eot_id|><|begin_of_text|><|start_header_id|>system<|end_header_id|>

Cutting Knowledge Date: December 2023
Today Date: 26 Jul 2024

Cutting Knowledge Date: December 2023
Today Date: 26 Jul 2024

FINAL_PRICE: $120.0<|eot_id|>",114,150,132.0,120.0,0.5,0.16666666666666666,1.0909090909090908
C_38cea0e378d84571b320c635e2bb1d09,5,"<|begin_of_text|><|start_header_id|>system<|end_header_id|>

Cutting Knowledge Date: December 2023
Today Date: 26 Jul 2024

<|eot_id|><|start_header_id|>user<|end_header_id|>

Analyze this negotiation, given in the format <buyer target, seller target, [negotiation], [summary]> and predict the projected sale price that lies between the buyer and seller targets. Provide only the final answer in the format 'FINAL_PRICE: [number]'
INPUT: <$34, $45, [Seller: HI I would like the bike for my niece., Buyer: ok, i'm the potential buyer right?, Seller: yes sorry ,], [Summary: The conversation begins with a misunderstanding, as the seller mistakenly identifies themselves as the buyer. The buyer seeks clarification, prompting the seller to quickly correct their mistake. The exchange is brief, with the seller acknowledging the error and the buyer maintaining a straightforward approach. The interaction is characterized by a polite correction and a focus on establishing the correct roles in the conversation.]><|eot_id|>","<|begin_of_text|><|begin_of_text|><|start_header_id|>system<|end_header_id|>

Cutting Knowledge Date: December 2023
Today Date: 26 Jul 2024

<|eot_id|><|start_header_id|>user<|end_header_id|>

Analyze this negotiation, given in the format <buyer target, seller target, [negotiation], [summary]> and predict the projected sale price that lies between the buyer and seller targets. Provide only the final answer in the format 'FINAL_PRICE: [number]'
INPUT: <$34, $45, [Seller: HI I would like the bike for my niece., Buyer: ok, i'm the potential buyer right?, Seller: yes sorry,], [Summary: The conversation begins with a misunderstanding, as the seller mistakenly identifies themselves as the buyer. The buyer seeks clarification, prompting the seller to quickly correct their mistake. The exchange is brief, with the seller acknowledging the error and the buyer maintaining a straightforward approach. The interaction is characterized by a polite correction and a focus on establishing the correct roles in the conversation.]><|eot_id|><|begin_of_text|><|start_header_id|>system<|end_header_id|>

Cutting Knowledge Date: December 2023
Today Date: 26 Jul 2024

FINAL_PRICE: $35.0<|eot_id|>",34,45,34.0,35.0,0.0,0.09090909090909091,0.029411764705882353
C_3b8833f884114ca797323298afe38682,5,"<|begin_of_text|><|start_header_id|>system<|end_header_id|>

Cutting Knowledge Date: December 2023
Today Date: 26 Jul 2024

<|eot_id|><|start_header_id|>user<|end_header_id|>

Analyze this negotiation, given in the format <buyer target, seller target, [negotiation], [summary]> and predict the projected sale price that lies between the buyer and seller targets. Provide only the final answer in the format 'FINAL_PRICE: [number]'
INPUT: <$294, $490, [Buyer: Hi I am interested in this product. But does it have any scratches or anything at all?, Seller: No, the condition is like new., Buyer: And the brand is Hitachi correct?, Seller: Yes., Buyer: And it is compatible with other windows?], [Summary: The conversation begins with the buyer expressing interest and seeking reassurance about the product's condition. The seller responds positively, maintaining a confident and straightforward tone. The buyer continues with specific inquiries about the brand and compatibility, indicating a cautious and thorough approach. The seller's responses remain concise and affirmative, suggesting a strategy to build trust and facilitate the sale. Throughout, the buyer's persistent questioning reflects a desire for clarity and assurance before making a purchase decision.]><|eot_id|>","<|begin_of_text|><|begin_of_text|><|start_header_id|>system<|end_header_id|>

Cutting Knowledge Date: December 2023
Today Date: 26 Jul 2024

<|eot_id|><|start_header_id|>user<|end_header_id|>

Analyze this negotiation, given in the format <buyer target, seller target, [negotiation], [summary]> and predict the projected sale price that lies between the buyer and seller targets. Provide only the final answer in the format 'FINAL_PRICE: [number]'
INPUT: <$294, $490, [Buyer: Hi I am interested in this product. But does it have any scratches or anything at all?, Seller: No, the condition is like new., Buyer: And the brand is Hitachi correct?, Seller: Yes., Buyer: And it is compatible with other windows?], [Summary: The conversation begins with the buyer expressing interest and seeking reassurance about the product's condition. The seller responds positively, maintaining a confident and straightforward tone. The buyer continues with specific inquiries about the brand and compatibility, indicating a cautious and thorough approach. The seller's responses remain concise and affirmative, suggesting a strategy to build trust and facilitate the sale. Throughout, the buyer's persistent questioning reflects a desire for clarity and assurance before making a purchase decision.]><|eot_id|><|begin_of_text|><|start_header_id|>system<|end_header_id|>

Cutting Knowledge Date: December 2023
Today Date: 26 Jul 2024

FINAL_PRICE: $350.0<|eot_id|>",294,490,430.0,350.0,0.6938775510204082,0.2857142857142857,14.883720930232558
C_3c33c64e4a15471089278904d7aa7d9e,5,"<|begin_of_text|><|start_header_id|>system<|end_header_id|>

Cutting Knowledge Date: December 2023
Today Date: 26 Jul 2024

<|eot_id|><|start_header_id|>user<|end_header_id|>

Analyze this negotiation, given in the format <buyer target, seller target, [negotiation], [summary]> and predict the projected sale price that lies between the buyer and seller targets. Provide only the final answer in the format 'FINAL_PRICE: [number]'
INPUT: <$45, $50, [Seller: $50 seems like a pretty great deal, Buyer: You have listed that right. I am interested in the item. How about $45?, Seller: Deal], [Summary: The conversation begins with the seller confidently stating the price as a good deal. The buyer expresses interest but attempts to negotiate a lower price, indicating a desire for a better deal. The seller quickly agrees to the buyer's offer, demonstrating flexibility and a willingness to close the sale. The interaction is brief, with both parties showing a cooperative and straightforward approach to reaching an agreement.]><|eot_id|>","<|begin_of_text|><|begin_of_text|><|start_header_id|>system<|end_header_id|>

Cutting Knowledge Date: December 2023
Today Date: 26 Jul 2024

<|eot_id|><|start_header_id|>user<|end_header_id|>

Analyze this negotiation, given in the format <buyer target, seller target, [negotiation], [summary]> and predict the projected sale price that lies between the buyer and seller targets. Provide only the final answer in the format 'FINAL_PRICE: [number]'
INPUT: <$45, $50, [Seller: $50 seems like a pretty great deal, Buyer: You have listed that right. I am interested in the item. How about $45?, Seller: Deal], [Summary: The conversation begins with the seller confidently stating the price as a good deal. The buyer expresses interest but attempts to negotiate a lower price, indicating a desire for a better deal. The seller quickly agrees to the buyer's offer, demonstrating flexibility and a willingness to close the sale. The interaction is brief, with both parties showing a cooperative and straightforward approach to reaching an agreement.]><|eot_id|><|begin_of_text|><|start_header_id|>system<|end_header_id|>

Cutting Knowledge Date: December 2023
Today Date: 26 Jul 2024

FINAL_PRICE: $45.0<|eot_id|>",45,50,45.0,45.0,0.0,0.0,0.0
C_3c62f64e49b04e088dbc72fb9eed1b47,5,"<|begin_of_text|><|start_header_id|>system<|end_header_id|>

Cutting Knowledge Date: December 2023
Today Date: 26 Jul 2024

<|eot_id|><|start_header_id|>user<|end_header_id|>

Analyze this negotiation, given in the format <buyer target, seller target, [negotiation], [summary]> and predict the projected sale price that lies between the buyer and seller targets. Provide only the final answer in the format 'FINAL_PRICE: [number]'
INPUT: <$20, $40, [Buyer: Hi can you tell me something about this item?, Seller: It's in good condition. The back adjusts to three positions. And I have a futon pad, too, if you would need one., Buyer: Well...it's a little out of my price range. I have my own mattress. Could you take 15.00?, Seller: No. That's less than half of what I'm asking. How about $35?], [Summary: The conversation begins with the buyer inquiring about an item, showing initial interest. The seller responds with positive details and an additional offer, indicating a willingness to accommodate. The buyer then expresses concern over the price, proposing a lower offer, which introduces a negotiation phase. The seller firmly rejects the low offer but counters with a compromise, demonstrating a strategic yet flexible approach to reach a mutually agreeable price.]><|eot_id|>","<|begin_of_text|><|begin_of_text|><|start_header_id|>system<|end_header_id|>

Cutting Knowledge Date: December 2023
Today Date: 26 Jul 2024

<|eot_id|><|start_header_id|>user<|end_header_id|>

Analyze this negotiation, given in the format <buyer target, seller target, [negotiation], [summary]> and predict the projected sale price that lies between the buyer and seller targets. Provide only the final answer in the format 'FINAL_PRICE: [number]'
INPUT: <$20, $40, [Buyer: Hi can you tell me something about this item?, Seller: It's in good condition. The back adjusts to three positions. And I have a futon pad, too, if you would need one., Buyer: Well...it's a little out of my price range. I have my own mattress. Could you take 15.00?, Seller: No. That's less than half of what I'm asking. How about $35?], [Summary: The conversation begins with the buyer inquiring about an item, showing initial interest. The seller responds with positive details and an additional offer, indicating a willingness to accommodate. The buyer then expresses concern over the price, proposing a lower offer, which introduces a negotiation phase. The seller firmly rejects the low offer but counters with a compromise, demonstrating a strategic yet flexible approach to reach a mutually agreeable price.]><|eot_id|><|begin_of_text|><|start_header_id|>system<|end_header_id|>

Cutting Knowledge Date: December 2023
Today Date: 26 Jul 2024

FINAL_PRICE: $25.0<|eot_id|>",20,40,32.0,25.0,0.6,0.25,1.53125
C_4393623943184ca4941a5a6f39e50563,5,"<|begin_of_text|><|start_header_id|>system<|end_header_id|>

Cutting Knowledge Date: December 2023
Today Date: 26 Jul 2024

<|eot_id|><|start_header_id|>user<|end_header_id|>

Analyze this negotiation, given in the format <buyer target, seller target, [negotiation], [summary]> and predict the projected sale price that lies between the buyer and seller targets. Provide only the final answer in the format 'FINAL_PRICE: [number]'
INPUT: <$359, $399, [Seller: Hi there, interested?, Buyer: Yes of course, exactly what I'm look for, what is the lowest you will accept?, Seller: Well this is in awesome condition and is from the renowned stewart macdougall and kipp., Buyer: Will you delivery it to me?], [Summary: The conversation begins with the buyer expressing interest and inquiring about the lowest price, indicating a desire to negotiate. The seller responds by emphasizing the item's quality and provenance, suggesting a firm stance on the value. The buyer then shifts focus to logistics, asking about delivery, which may imply continued interest but also introduces a new aspect to the negotiation. Throughout, both parties maintain a polite and businesslike tone.]><|eot_id|>","<|begin_of_text|><|begin_of_text|><|start_header_id|>system<|end_header_id|>

Cutting Knowledge Date: December 2023
Today Date: 26 Jul 2024

<|eot_id|><|start_header_id|>user<|end_header_id|>

Analyze this negotiation, given in the format <buyer target, seller target, [negotiation], [summary]> and predict the projected sale price that lies between the buyer and seller targets. Provide only the final answer in the format 'FINAL_PRICE: [number]'
INPUT: <$359, $399, [Seller: Hi there, interested?, Buyer: Yes of course, exactly what I'm look for, what is the lowest you will accept?, Seller: Well this is in awesome condition and is from the renowned stewart macdougall and kipp., Buyer: Will you delivery it to me?], [Summary: The conversation begins with the buyer expressing interest and inquiring about the lowest price, indicating a desire to negotiate. The seller responds by emphasizing the item's quality and provenance, suggesting a firm stance on the value. The buyer then shifts focus to logistics, asking about delivery, which may imply continued interest but also introduces a new aspect to the negotiation. Throughout, both parties maintain a polite and businesslike tone.]><|eot_id|><|begin_of_text|><|start_header_id|>system<|end_header_id|>

Cutting Knowledge Date: December 2023
Today Date: 26 Jul 2024

FINAL_PRICE: $370.0<|eot_id|>",359,399,385.0,370.0,0.65,0.275,0.5844155844155844
C_4566b2e6938a4a6a8e714e799d780e71,5,"<|begin_of_text|><|start_header_id|>system<|end_header_id|>

Cutting Knowledge Date: December 2023
Today Date: 26 Jul 2024

<|eot_id|><|start_header_id|>user<|end_header_id|>

Analyze this negotiation, given in the format <buyer target, seller target, [negotiation], [summary]> and predict the projected sale price that lies between the buyer and seller targets. Provide only the final answer in the format 'FINAL_PRICE: [number]'
INPUT: <$120, $200, [Buyer: Hi,I am interested in your board!, Seller: Hi, do you have any questions?, Buyer: Do you know what wood it is made out of?], [Summary: The conversation begins with the buyer expressing interest in the seller's product, indicating a positive and inquisitive sentiment. The seller responds with openness and readiness to assist, inviting questions. The buyer then seeks specific information about the product, maintaining a curious and engaged tone. The seller's initial approach is accommodating, aiming to provide helpful responses to facilitate the buyer's decision-making process. Overall, the interaction is cordial and focused on information exchange.]><|eot_id|>","<|begin_of_text|><|begin_of_text|><|start_header_id|>system<|end_header_id|>

Cutting Knowledge Date: December 2023
Today Date: 26 Jul 2024

<|eot_id|><|start_header_id|>user<|end_header_id|>

Analyze this negotiation, given in the format <buyer target, seller target, [negotiation], [summary]> and predict the projected sale price that lies between the buyer and seller targets. Provide only the final answer in the format 'FINAL_PRICE: [number]'
INPUT: <$120, $200, [Buyer: Hi,I am interested in your board!, Seller: Hi, do you have any questions?, Buyer: Do you know what wood it is made out of?], [Summary: The conversation begins with the buyer expressing interest in the seller's product, indicating a positive and inquisitive sentiment. The seller responds with openness and readiness to assist, inviting questions. The buyer then seeks specific information about the product, maintaining a curious and engaged tone. The seller's initial approach is accommodating, aiming to provide helpful responses to facilitate the buyer's decision-making process. Overall, the interaction is cordial and focused on information exchange.]><|eot_id|><|begin_of_text|><|start_header_id|>system<|end_header_id|>

Cutting Knowledge Date: December 2023
Today Date: 26 Jul 2024

FINAL_PRICE: $140.0<|eot_id|>",120,200,145.0,140.0,0.3125,0.25,0.1724137931034483
C_46d1258e541249489e4d32ad20a12414,5,"<|begin_of_text|><|start_header_id|>system<|end_header_id|>

Cutting Knowledge Date: December 2023
Today Date: 26 Jul 2024

<|eot_id|><|start_header_id|>user<|end_header_id|>

Analyze this negotiation, given in the format <buyer target, seller target, [negotiation], [summary]> and predict the projected sale price that lies between the buyer and seller targets. Provide only the final answer in the format 'FINAL_PRICE: [number]'
INPUT: <$2392, $2600, [Buyer: Hi I am interested in the bike, Seller: Yes the bike is available. It is gently used and in great condition. What questions do you have?, Buyer: do you think it be suitable for a 6'1'' person?, Seller: Absolutely. I am 5'10"" and there is room to grow], [Summary: The conversation begins with the buyer expressing interest and the seller responding positively, emphasizing the bike's good condition. The buyer inquires about size suitability, and the seller reassures them by sharing personal experience, maintaining a helpful and accommodating tone. The seller's strategy is to build confidence in the product's suitability, while the buyer remains focused on ensuring the bike meets their specific needs.]><|eot_id|>","<|begin_of_text|><|begin_of_text|><|start_header_id|>system<|end_header_id|>

Cutting Knowledge Date: December 2023
Today Date: 26 Jul 2024

<|eot_id|><|start_header_id|>user<|end_header_id|>

Analyze this negotiation, given in the format <buyer target, seller target, [negotiation], [summary]> and predict the projected sale price that lies between the buyer and seller targets. Provide only the final answer in the format 'FINAL_PRICE: [number]'
INPUT: <$2392, $2600, [Buyer: Hi I am interested in the bike, Seller: Yes the bike is available. It is gently used and in great condition. What questions do you have?, Buyer: do you think it be suitable for a 6'1'' person?, Seller: Absolutely. I am 5'10"" and there is room to grow], [Summary: The conversation begins with the buyer expressing interest and the seller responding positively, emphasizing the bike's good condition. The buyer inquires about size suitability, and the seller reassures them by sharing personal experience, maintaining a helpful and accommodating tone. The seller's strategy is to build confidence in the product's suitability, while the buyer remains focused on ensuring the bike meets their specific needs.]><|eot_id|><|begin_of_text|><|start_header_id|>system<|end_header_id|>

Cutting Knowledge Date: December 2023
Today Date: 26 Jul 2024

FINAL_PRICE: $2400.0<|eot_id|>",2392,2600,2500.0,2400.0,0.5192307692307693,0.038461538461538464,4.0
C_48ea0b9ac0f64b53952edfa95799cf8a,5,"<|begin_of_text|><|start_header_id|>system<|end_header_id|>

Cutting Knowledge Date: December 2023
Today Date: 26 Jul 2024

<|eot_id|><|start_header_id|>user<|end_header_id|>

Analyze this negotiation, given in the format <buyer target, seller target, [negotiation], [summary]> and predict the projected sale price that lies between the buyer and seller targets. Provide only the final answer in the format 'FINAL_PRICE: [number]'
INPUT: <$7, $10, [Buyer: i like to buy this product, Seller: Hello. Are you interested in the phone?, Seller: Sure. It's $10 for all the batteries., Buyer: can you give it for 6.5], [Summary: The conversation begins with the buyer expressing interest in purchasing a product. The seller responds promptly, confirming the buyer's interest and stating the price. The buyer then attempts to negotiate by offering a lower price, indicating a shift towards bargaining. The seller's initial response is not included, but the buyer's counteroffer suggests a focus on reaching a mutually agreeable price. The interaction reflects a typical buyer-seller negotiation dynamic.]><|eot_id|>","<|begin_of_text|><|begin_of_text|><|start_header_id|>system<|end_header_id|>

Cutting Knowledge Date: December 2023
Today Date: 26 Jul 2024

<|eot_id|><|start_header_id|>user<|end_header_id|>

Analyze this negotiation, given in the format <buyer target, seller target, [negotiation], [summary]> and predict the projected sale price that lies between the buyer and seller targets. Provide only the final answer in the format 'FINAL_PRICE: [number]'
INPUT: <$7, $10, [Buyer: i like to buy this product, Seller: Hello. Are you interested in the phone?, Seller: Sure. It's $10 for all the batteries., Buyer: can you give it for 6.5], [Summary: The conversation begins with the buyer expressing interest in purchasing a product. The seller responds promptly, confirming the buyer's interest and stating the price. The buyer then attempts to negotiate by offering a lower price, indicating a shift towards bargaining. The seller's initial response is not included, but the buyer's counteroffer suggests a focus on reaching a mutually agreeable price. The interaction reflects a typical buyer-seller negotiation dynamic.]><|eot_id|><|begin_of_text|><|start_header_id|>system<|end_header_id|>

Cutting Knowledge Date: December 2023
Today Date: 26 Jul 2024

FINAL_PRICE: $7.0<|eot_id|>",7,10,7.0,7.0,0.0,0.0,0.0
C_4a04b6abe74e459a88ebc861a0c5a3ee,5,"<|begin_of_text|><|start_header_id|>system<|end_header_id|>

Cutting Knowledge Date: December 2023
Today Date: 26 Jul 2024

<|eot_id|><|start_header_id|>user<|end_header_id|>

Analyze this negotiation, given in the format <buyer target, seller target, [negotiation], [summary]> and predict the projected sale price that lies between the buyer and seller targets. Provide only the final answer in the format 'FINAL_PRICE: [number]'
INPUT: <$20, $40, [Seller: Hi there! Are you interested in the laptop stand?, Buyer: I am, but I need more information.  How long have you had the stand?  What shape is it in?, Seller: It is in excellent condition. I actually got two of them so this one was never used.], [Summary: The conversation begins with the seller initiating contact and expressing interest in selling a laptop stand. The buyer responds with curiosity but requires more information, indicating a cautious approach. The seller reassures the buyer by emphasizing the stand's excellent condition and unused status, aiming to build trust and persuade the buyer to proceed with the purchase. The seller maintains a positive and informative tone throughout to address the buyer's concerns and facilitate the transaction.]><|eot_id|>","<|begin_of_text|><|begin_of_text|><|start_header_id|>system<|end_header_id|>

Cutting Knowledge Date: December 2023
Today Date: 26 Jul 2024

<|eot_id|><|start_header_id|>user<|end_header_id|>

Analyze this negotiation, given in the format <buyer target, seller target, [negotiation], [summary]> and predict the projected sale price that lies between the buyer and seller targets. Provide only the final answer in the format 'FINAL_PRICE: [number]'
INPUT: <$20, $40, [Seller: Hi there! Are you interested in the laptop stand?, Buyer: I am, but I need more information.  How long have you had the stand?  What shape is it in?, Seller: It is in excellent condition. I actually got two of them so this one was never used.], [Summary: The conversation begins with the seller initiating contact and expressing interest in selling a laptop stand. The buyer responds with curiosity but requires more information, indicating a cautious approach. The seller reassures the buyer by emphasizing the stand's excellent condition and unused status, aiming to build trust and persuade the buyer to proceed with the purchase. The seller maintains a positive and informative tone throughout to address the buyer's concerns and facilitate the transaction.]><|eot_id|><|begin_of_text|><|start_header_id|>system<|end_header_id|>

Cutting Knowledge Date: December 2023
Today Date: 26 Jul 2024

FINAL_PRICE: $30.0<|eot_id|>",20,40,30.0,30.0,0.5,0.5,0.0
C_5058314181284fda8f1cd5211d48d943,5,"<|begin_of_text|><|start_header_id|>system<|end_header_id|>

Cutting Knowledge Date: December 2023
Today Date: 26 Jul 2024

<|eot_id|><|start_header_id|>user<|end_header_id|>

Analyze this negotiation, given in the format <buyer target, seller target, [negotiation], [summary]> and predict the projected sale price that lies between the buyer and seller targets. Provide only the final answer in the format 'FINAL_PRICE: [number]'
INPUT: <$660, $1100, [Seller: Good Morning, Buyer: Good Morning., Seller: Are you interested in buying my bike?, Buyer: Yes I am. How old is it?, Seller: Just a few months, has only been rode about 50 miles, Buyer: Wow, why?], [Summary: The conversation begins with a polite exchange of greetings, establishing a cordial tone. The seller initiates the transaction by inquiring about the buyer's interest, which is confirmed. The buyer's curiosity about the bike's age leads to a disclosure from the seller, who provides details to build trust. The buyer expresses surprise, prompting further explanation, indicating an emerging dynamic of inquiry and clarification as the buyer seeks to understand the seller's motivations.]><|eot_id|>","<|begin_of_text|><|begin_of_text|><|start_header_id|>system<|end_header_id|>

Cutting Knowledge Date: December 2023
Today Date: 26 Jul 2024

<|eot_id|><|start_header_id|>user<|end_header_id|>

Analyze this negotiation, given in the format <buyer target, seller target, [negotiation], [summary]> and predict the projected sale price that lies between the buyer and seller targets. Provide only the final answer in the format 'FINAL_PRICE: [number]'
INPUT: <$660, $1100, [Seller: Good Morning, Buyer: Good Morning., Seller: Are you interested in buying my bike?, Buyer: Yes I am. How old is it?, Seller: Just a few months, has only been rode about 50 miles, Buyer: Wow, why?], [Summary: The conversation begins with a polite exchange of greetings, establishing a cordial tone. The seller initiates the transaction by inquiring about the buyer's interest, which is confirmed. The buyer's curiosity about the bike's age leads to a disclosure from the seller, who provides details to build trust. The buyer expresses surprise, prompting further explanation, indicating an emerging dynamic of inquiry and clarification as the buyer seeks to understand the seller's motivations.]><|eot_id|><|begin_of_text|><|start_header_id|>system<|end_header_id|>

Cutting Knowledge Date: December 2023
Today Date: 26 Jul 2024

FINAL_PRICE: $900.0<|eot_id|>",660,1100,900.0,900.0,0.5454545454545454,0.5454545454545454,0.0
C_53bb184f15494f41bb1940f3c5f22bdd,5,"<|begin_of_text|><|start_header_id|>system<|end_header_id|>

Cutting Knowledge Date: December 2023
Today Date: 26 Jul 2024

<|eot_id|><|start_header_id|>user<|end_header_id|>

Analyze this negotiation, given in the format <buyer target, seller target, [negotiation], [summary]> and predict the projected sale price that lies between the buyer and seller targets. Provide only the final answer in the format 'FINAL_PRICE: [number]'
INPUT: <$38, $50, [Seller: I see you are interested in my sofa.  Any questions?, Buyer: Is it clean?, Seller: Yes it is!  I have been the only owner and it has been in my den for several years so it did not get as much use as my main couch., Buyer: Any pet hairs on it or smoker smells?], [Summary: The conversation begins with the seller offering assistance and the buyer expressing interest with a focus on cleanliness. The seller responds positively, emphasizing the sofa's limited use and single ownership to reassure the buyer. The buyer persists with specific concerns about pet hairs and smoke smells, indicating a cautious and thorough approach. The seller remains accommodating, aiming to address the buyer's concerns and maintain a positive, reassuring tone throughout the exchange.]><|eot_id|>","<|begin_of_text|><|begin_of_text|><|start_header_id|>system<|end_header_id|>

Cutting Knowledge Date: December 2023
Today Date: 26 Jul 2024

<|eot_id|><|start_header_id|>user<|end_header_id|>

Analyze this negotiation, given in the format <buyer target, seller target, [negotiation], [summary]> and predict the projected sale price that lies between the buyer and seller targets. Provide only the final answer in the format 'FINAL_PRICE: [number]'
INPUT: <$38, $50, [Seller: I see you are interested in my sofa.  Any questions?, Buyer: Is it clean?, Seller: Yes it is!  I have been the only owner and it has been in my den for several years so it did not get as much use as my main couch., Buyer: Any pet hairs on it or smoker smells?], [Summary: The conversation begins with the seller offering assistance and the buyer expressing interest with a focus on cleanliness. The seller responds positively, emphasizing the sofa's limited use and single ownership to reassure the buyer. The buyer persists with specific concerns about pet hairs and smoke smells, indicating a cautious and thorough approach. The seller remains accommodating, aiming to address the buyer's concerns and maintain a positive, reassuring tone throughout the exchange.]><|eot_id|><|begin_of_text|><|start_header_id|>system<|end_header_id|>

Cutting Knowledge Date: December 2023
Today Date: 26 Jul 2024

FINAL_PRICE: $40.0<|eot_id|>",38,50,40.0,40.0,0.16666666666666666,0.16666666666666666,0.0
C_59574dd4dff1453ab3ba9db821d98b99,5,"<|begin_of_text|><|start_header_id|>system<|end_header_id|>

Cutting Knowledge Date: December 2023
Today Date: 26 Jul 2024

<|eot_id|><|start_header_id|>user<|end_header_id|>

Analyze this negotiation, given in the format <buyer target, seller target, [negotiation], [summary]> and predict the projected sale price that lies between the buyer and seller targets. Provide only the final answer in the format 'FINAL_PRICE: [number]'
INPUT: <$25, $50, [Seller: Hey there, are you interested in the wall cabinet?, Buyer: Yes very much so, Seller: Great. It's in pretty good condition, Buyer: I think it would be perfect for my daughters room., Seller: Awesome, perfect use for it. It has so much storage space.], [Summary: The conversation begins with mutual interest and enthusiasm as the buyer expresses keen interest in the wall cabinet, and the seller responds positively. The seller maintains a persuasive and supportive tone, emphasizing the cabinet's good condition and suitability for the buyer's needs. The buyer's sentiment remains positive, envisioning the cabinet's use, while the seller reinforces the item's benefits, aiming to solidify the buyer's decision.]><|eot_id|>","<|begin_of_text|><|begin_of_text|><|start_header_id|>system<|end_header_id|>

Cutting Knowledge Date: December 2023
Today Date: 26 Jul 2024

<|eot_id|><|start_header_id|>user<|end_header_id|>

Analyze this negotiation, given in the format <buyer target, seller target, [negotiation], [summary]> and predict the projected sale price that lies between the buyer and seller targets. Provide only the final answer in the format 'FINAL_PRICE: [number]'
INPUT: <$25, $50, [Seller: Hey there, are you interested in the wall cabinet?, Buyer: Yes very much so, Seller: Great. It's in pretty good condition, Buyer: I think it would be perfect for my daughters room., Seller: Awesome, perfect use for it. It has so much storage space.], [Summary: The conversation begins with mutual interest and enthusiasm as the buyer expresses keen interest in the wall cabinet, and the seller responds positively. The seller maintains a persuasive and supportive tone, emphasizing the cabinet's good condition and suitability for the buyer's needs. The buyer's sentiment remains positive, envisioning the cabinet's use, while the seller reinforces the item's benefits, aiming to solidify the buyer's decision.]><|eot_id|><|begin_of_text|><|start_header_id|>system<|end_header_id|>

Cutting Knowledge Date: December 2023
Today Date: 26 Jul 2024

FINAL_PRICE: $35.0<|eot_id|>",25,50,30.0,35.0,0.2,0.4,0.8333333333333334
C_5a82918d43894f379a82e2abdb216899,5,"<|begin_of_text|><|start_header_id|>system<|end_header_id|>

Cutting Knowledge Date: December 2023
Today Date: 26 Jul 2024

<|eot_id|><|start_header_id|>user<|end_header_id|>

Analyze this negotiation, given in the format <buyer target, seller target, [negotiation], [summary]> and predict the projected sale price that lies between the buyer and seller targets. Provide only the final answer in the format 'FINAL_PRICE: [number]'
INPUT: <$5950, $8500, [Seller: Hi. Are you interested in the car?, Buyer: Yes I really like it. does it have alot of miles on it? how is the condition?, Seller: It's in great condition, and I've had stuff replaced, so it has mostly new parts. All the paperwork has been prepared by and it has been inspected within the last month.], [Summary: The conversation begins with the seller initiating contact and the buyer expressing interest in the car. The buyer's questions indicate a cautious approach, seeking reassurance about the car's mileage and condition. The seller responds confidently, emphasizing the car's excellent condition and recent maintenance, aiming to build trust and persuade the buyer of the car's value. The seller maintains a positive and informative tone to address potential concerns and facilitate the sale.]><|eot_id|>","<|begin_of_text|><|begin_of_text|><|start_header_id|>system<|end_header_id|>

Cutting Knowledge Date: December 2023
Today Date: 26 Jul 2024

<|eot_id|><|start_header_id|>user<|end_header_id|>

Analyze this negotiation, given in the format <buyer target, seller target, [negotiation], [summary]> and predict the projected sale price that lies between the buyer and seller targets. Provide only the final answer in the format 'FINAL_PRICE: [number]'
INPUT: <$5950, $8500, [Seller: Hi. Are you interested in the car?, Buyer: Yes I really like it. does it have alot of miles on it? how is the condition?, Seller: It's in great condition, and I've had stuff replaced, so it has mostly new parts. All the paperwork has been prepared by and it has been inspected within the last month.], [Summary: The conversation begins with the seller initiating contact and the buyer expressing interest in the car. The buyer's questions indicate a cautious approach, seeking reassurance about the car's mileage and condition. The seller responds confidently, emphasizing the car's excellent condition and recent maintenance, aiming to build trust and persuade the buyer of the car's value. The seller maintains a positive and informative tone to address potential concerns and facilitate the sale.]><|eot_id|><|begin_of_text|><|start_header_id|>system<|end_header_id|>

Cutting Knowledge Date: December 2023
Today Date: 26 Jul 2024

FINAL_PRICE: $7500.0<|eot_id|>",5950,8500,7200.0,7500.0,0.49019607843137253,0.6078431372549019,12.5
C_5ab730e282e249fb99c841dc54bd3a87,5,"<|begin_of_text|><|start_header_id|>system<|end_header_id|>

Cutting Knowledge Date: December 2023
Today Date: 26 Jul 2024

<|eot_id|><|start_header_id|>user<|end_header_id|>

Analyze this negotiation, given in the format <buyer target, seller target, [negotiation], [summary]> and predict the projected sale price that lies between the buyer and seller targets. Provide only the final answer in the format 'FINAL_PRICE: [number]'
INPUT: <$1382, $1975, [Buyer: Hello, I am interested in the one bedroom appt you have listed., Seller: You will love it. It has central air and assigned off street parking. the kitchen is large with lots of counterspace., Buyer: Great, I love a nice kitchen. Is it furnished by chance?], [Summary: The conversation begins with the buyer expressing interest in an apartment, prompting the seller to highlight its appealing features enthusiastically. The buyer responds positively, particularly to the kitchen, and inquires further about the furnishing. The buyer's interest and engagement remain consistent, while the seller maintains a persuasive and informative approach to showcase the apartment's attributes.]><|eot_id|>","<|begin_of_text|><|begin_of_text|><|start_header_id|>system<|end_header_id|>

Cutting Knowledge Date: December 2023
Today Date: 26 Jul 2024

<|eot_id|><|start_header_id|>user<|end_header_id|>

Analyze this negotiation, given in the format <buyer target, seller target, [negotiation], [summary]> and predict the projected sale price that lies between the buyer and seller targets. Provide only the final answer in the format 'FINAL_PRICE: [number]'
INPUT: <$1382, $1975, [Buyer: Hello, I am interested in the one bedroom appt you have listed., Seller: You will love it. It has central air and assigned off street parking. the kitchen is large with lots of counterspace., Buyer: Great, I love a nice kitchen. Is it furnished by chance?], [Summary: The conversation begins with the buyer expressing interest in an apartment, prompting the seller to highlight its appealing features enthusiastically. The buyer responds positively, particularly to the kitchen, and inquires further about the furnishing. The buyer's interest and engagement remain consistent, while the seller maintains a persuasive and informative approach to showcase the apartment's attributes.]><|eot_id|><|begin_of_text|><|start_header_id|>system<|end_header_id|>

Cutting Knowledge Date: December 2023
Today Date: 26 Jul 2024

FINAL_PRICE: $1750.0<|eot_id|>",1382,1975,1700.0,1750.0,0.5362563237774031,0.6205733558178752,1.4705882352941178
C_5bbc701998fa4199859174b1b75b083f,5,"<|begin_of_text|><|start_header_id|>system<|end_header_id|>

Cutting Knowledge Date: December 2023
Today Date: 26 Jul 2024

<|eot_id|><|start_header_id|>user<|end_header_id|>

Analyze this negotiation, given in the format <buyer target, seller target, [negotiation], [summary]> and predict the projected sale price that lies between the buyer and seller targets. Provide only the final answer in the format 'FINAL_PRICE: [number]'
INPUT: <$114, $150, [Seller: Hi, are you interested?, Buyer: Hi. I'm very interested in your add. Can you tell me a bit more about this bed frame? How long ago have you purchased it?, Seller: Yes, got it a year ago., Buyer: What are the dimensions of it?], [Summary: The conversation begins with the buyer expressing interest and seeking more information about the bed frame. The seller responds promptly, providing initial details about the purchase timeline. The buyer continues to engage by asking for specific dimensions, indicating a persistent interest and a desire for detailed information to make an informed decision. The seller maintains a straightforward and responsive approach, aiming to provide the necessary details to facilitate the buyer's decision-making process.]><|eot_id|>","<|begin_of_text|><|begin_of_text|><|start_header_id|>system<|end_header_id|>

Cutting Knowledge Date: December 2023
Today Date: 26 Jul 2024

<|eot_id|><|start_header_id|>user<|end_header_id|>

Analyze this negotiation, given in the format <buyer target, seller target, [negotiation], [summary]> and predict the projected sale price that lies between the buyer and seller targets. Provide only the final answer in the format 'FINAL_PRICE: [number]'
INPUT: <$114, $150, [Seller: Hi, are you interested?, Buyer: Hi. I'm very interested in your add. Can you tell me a bit more about this bed frame? How long ago have you purchased it?, Seller: Yes, got it a year ago., Buyer: What are the dimensions of it?], [Summary: The conversation begins with the buyer expressing interest and seeking more information about the bed frame. The seller responds promptly, providing initial details about the purchase timeline. The buyer continues to engage by asking for specific dimensions, indicating a persistent interest and a desire for detailed information to make an informed decision. The seller maintains a straightforward and responsive approach, aiming to provide the necessary details to facilitate the buyer's decision-making process.]><|eot_id|><|begin_of_text|><|start_header_id|>system<|end_header_id|>

Cutting Knowledge Date: December 2023
Today Date: 26 Jul 2024

FINAL_PRICE: $130.0<|eot_id|>",114,150,114.0,130.0,0.0,0.4444444444444444,2.245614035087719
C_6052f0ae28934ef58480cf43fbbc9184,5,"<|begin_of_text|><|start_header_id|>system<|end_header_id|>

Cutting Knowledge Date: December 2023
Today Date: 26 Jul 2024

<|eot_id|><|start_header_id|>user<|end_header_id|>

Analyze this negotiation, given in the format <buyer target, seller target, [negotiation], [summary]> and predict the projected sale price that lies between the buyer and seller targets. Provide only the final answer in the format 'FINAL_PRICE: [number]'
INPUT: <$228, $300, [Seller: how we doing today, Buyer: hey, Seller: so what can I do for you today, Buyer: i'm looking for a good deal on a laptop], [Summary: The conversation begins with a casual and friendly tone as the seller greets the buyer and inquires about their needs. The buyer responds with a simple greeting, maintaining a neutral tone. The seller then shifts to a service-oriented approach, asking how they can assist the buyer. The buyer clearly states their intention to find a good deal on a laptop, indicating a straightforward and goal-oriented interaction.]><|eot_id|>","<|begin_of_text|><|begin_of_text|><|start_header_id|>system<|end_header_id|>

Cutting Knowledge Date: December 2023
Today Date: 26 Jul 2024

<|eot_id|><|start_header_id|>user<|end_header_id|>

Analyze this negotiation, given in the format <buyer target, seller target, [negotiation], [summary]> and predict the projected sale price that lies between the buyer and seller targets. Provide only the final answer in the format 'FINAL_PRICE: [number]'
INPUT: <$228, $300, [Seller: how we doing today, Buyer: hey, Seller: so what can I do for you today, Buyer: i'm looking for a good deal on a laptop], [Summary: The conversation begins with a casual and friendly tone as the seller greets the buyer and inquires about their needs. The buyer responds with a simple greeting, maintaining a neutral tone. The seller then shifts to a service-oriented approach, asking how they can assist the buyer. The buyer clearly states their intention to find a good deal on a laptop, indicating a straightforward and goal-oriented interaction.]><|eot_id|><|begin_of_text|><|start_header_id|>system<|end_header_id|>

Cutting Knowledge Date: December 2023
Today Date: 26 Jul 2024

FINAL_PRICE: $260.0<|eot_id|>",228,300,250.0,260.0,0.3055555555555556,0.4444444444444444,0.4
C_628238c80e844ba1aeeb65208e3abf2a,5,"<|begin_of_text|><|start_header_id|>system<|end_header_id|>

Cutting Knowledge Date: December 2023
Today Date: 26 Jul 2024

<|eot_id|><|start_header_id|>user<|end_header_id|>

Analyze this negotiation, given in the format <buyer target, seller target, [negotiation], [summary]> and predict the projected sale price that lies between the buyer and seller targets. Provide only the final answer in the format 'FINAL_PRICE: [number]'
INPUT: <$196, $280, [Seller: Hi, Buyer: Hello!  Does this phone come with a case or screen protection?, Seller: No it doesn't but I would be happy to give you one. I can give you both for $280, Buyer: Great...is the phone used?  How'sx the condition of the case?], [Summary: The conversation begins with a straightforward inquiry from the buyer about additional items included with the phone. The seller responds positively, offering to include a case and screen protection for an additional cost. The buyer expresses interest but seeks further clarification on the phone's condition, indicating a cautious yet engaged approach. The seller maintains a cooperative and accommodating stance throughout, aiming to facilitate the sale by addressing the buyer's concerns.]><|eot_id|>","<|begin_of_text|><|begin_of_text|><|start_header_id|>system<|end_header_id|>

Cutting Knowledge Date: December 2023
Today Date: 26 Jul 2024

<|eot_id|><|start_header_id|>user<|end_header_id|>

Analyze this negotiation, given in the format <buyer target, seller target, [negotiation], [summary]> and predict the projected sale price that lies between the buyer and seller targets. Provide only the final answer in the format 'FINAL_PRICE: [number]'
INPUT: <$196, $280, [Seller: Hi, Buyer: Hello!  Does this phone come with a case or screen protection?, Seller: No it doesn't but I would be happy to give you one. I can give you both for $280, Buyer: Great...is the phone used?  How'sx the condition of the case?], [Summary: The conversation begins with a straightforward inquiry from the buyer about additional items included with the phone. The seller responds positively, offering to include a case and screen protection for an additional cost. The buyer expresses interest but seeks further clarification on the phone's condition, indicating a cautious yet engaged approach. The seller maintains a cooperative and accommodating stance throughout, aiming to facilitate the sale by addressing the buyer's concerns.]><|eot_id|><|begin_of_text|><|start_header_id|>system<|end_header_id|>

Cutting Knowledge Date: December 2023
Today Date: 26 Jul 2024

FINAL_PRICE: $240.0<|eot_id|>",196,280,200.0,240.0,0.047619047619047616,0.5238095238095238,8.0
C_6300024eacba499c959580a63fbdf45a,5,"<|begin_of_text|><|start_header_id|>system<|end_header_id|>

Cutting Knowledge Date: December 2023
Today Date: 26 Jul 2024

<|eot_id|><|start_header_id|>user<|end_header_id|>

Analyze this negotiation, given in the format <buyer target, seller target, [negotiation], [summary]> and predict the projected sale price that lies between the buyer and seller targets. Provide only the final answer in the format 'FINAL_PRICE: [number]'
INPUT: <$72, $80, [Buyer: Hello. Is the bike still available?, Seller: Yes it is still available and its listed for $80, Buyer: Thanks. Is there anything wrong with it?], [Summary: The conversation begins with the buyer expressing interest in the bike and inquiring about its availability, indicating a potential purchase intention. The seller responds affirmatively and provides the price, maintaining a straightforward and informative tone. The buyer then seeks more information about the bike's condition, suggesting a cautious approach and a desire for transparency before proceeding further. The interaction remains polite and focused on gathering essential details.]><|eot_id|>","<|begin_of_text|><|begin_of_text|><|start_header_id|>system<|end_header_id|>

Cutting Knowledge Date: December 2023
Today Date: 26 Jul 2024

<|eot_id|><|start_header_id|>user<|end_header_id|>

Analyze this negotiation, given in the format <buyer target, seller target, [negotiation], [summary]> and predict the projected sale price that lies between the buyer and seller targets. Provide only the final answer in the format 'FINAL_PRICE: [number]'
INPUT: <$72, $80, [Buyer: Hello. Is the bike still available?, Seller: Yes it is still available and its listed for $80, Buyer: Thanks. Is there anything wrong with it?], [Summary: The conversation begins with the buyer expressing interest in the bike and inquiring about its availability, indicating a potential purchase intention. The seller responds affirmatively and provides the price, maintaining a straightforward and informative tone. The buyer then seeks more information about the bike's condition, suggesting a cautious approach and a desire for transparency before proceeding further. The interaction remains polite and focused on gathering essential details.]><|eot_id|><|begin_of_text|><|start_header_id|>system<|end_header_id|>

Cutting Knowledge Date: December 2023
Today Date: 26 Jul 2024

FINAL_PRICE: $75.0<|eot_id|>",72,80,75.0,75.0,0.375,0.375,0.0
C_63300d2af24e49549f0e3db6390b1756,5,"<|begin_of_text|><|start_header_id|>system<|end_header_id|>

Cutting Knowledge Date: December 2023
Today Date: 26 Jul 2024

<|eot_id|><|start_header_id|>user<|end_header_id|>

Analyze this negotiation, given in the format <buyer target, seller target, [negotiation], [summary]> and predict the projected sale price that lies between the buyer and seller targets. Provide only the final answer in the format 'FINAL_PRICE: [number]'
INPUT: <$85, $95, [Seller: Hi, are you interested in this item?, Buyer: Yes I am. Are they still avaible?, Seller: Yes., Buyer: Ok great. I have Verizon, will the phones be able to be activated with my service?], [Summary: The conversation begins with the seller initiating contact to gauge the buyer's interest. The buyer responds positively, expressing interest and inquiring about availability. Upon confirmation from the seller, the buyer's focus shifts to compatibility concerns, indicating a practical and detail-oriented approach. The seller maintains a straightforward and responsive demeanor throughout, aiming to facilitate the transaction by addressing the buyer's queries. The interaction is characterized by a cooperative and goal-oriented tone.]><|eot_id|>","<|begin_of_text|><|begin_of_text|><|start_header_id|>system<|end_header_id|>

Cutting Knowledge Date: December 2023
Today Date: 26 Jul 2024

<|eot_id|><|start_header_id|>user<|end_header_id|>

Analyze this negotiation, given in the format <buyer target, seller target, [negotiation], [summary]> and predict the projected sale price that lies between the buyer and seller targets. Provide only the final answer in the format 'FINAL_PRICE: [number]'
INPUT: <$85, $95, [Seller: Hi, are you interested in this item?, Buyer: Yes I am. Are they still avaible?, Seller: Yes., Buyer: Ok great. I have Verizon, will the phones be able to be activated with my service?], [Summary: The conversation begins with the seller initiating contact to gauge the buyer's interest. The buyer responds positively, expressing interest and inquiring about availability. Upon confirmation from the seller, the buyer's focus shifts to compatibility concerns, indicating a practical and detail-oriented approach. The seller maintains a straightforward and responsive demeanor throughout, aiming to facilitate the transaction by addressing the buyer's queries. The interaction is characterized by a cooperative and goal-oriented tone.]><|eot_id|><|begin_of_text|><|start_header_id|>system<|end_header_id|>

Cutting Knowledge Date: December 2023
Today Date: 26 Jul 2024

FINAL_PRICE: $90.0<|eot_id|>",85,95,85.0,90.0,0.0,0.5,0.29411764705882354
C_64e788658a174e4b81d965d0bf2a8043,5,"<|begin_of_text|><|start_header_id|>system<|end_header_id|>

Cutting Knowledge Date: December 2023
Today Date: 26 Jul 2024

<|eot_id|><|start_header_id|>user<|end_header_id|>

Analyze this negotiation, given in the format <buyer target, seller target, [negotiation], [summary]> and predict the projected sale price that lies between the buyer and seller targets. Provide only the final answer in the format 'FINAL_PRICE: [number]'
INPUT: <$600, $1000, [Seller: Hi there., Buyer: how we doing today, Seller: Good thanks. How can I help you?, Buyer: i am really intereted in your bike, however, I do have some financial problems at the moment], [Summary: The conversation begins with a polite exchange, establishing a cordial tone. The seller is open and ready to assist, while the buyer expresses interest but also introduces a personal financial constraint. This indicates a potential negotiation or discussion about pricing or payment options may follow, with the buyer possibly seeking flexibility or understanding from the seller. The buyer's candidness about their situation suggests a desire for empathy or accommodation.]><|eot_id|>","<|begin_of_text|><|begin_of_text|><|start_header_id|>system<|end_header_id|>

Cutting Knowledge Date: December 2023
Today Date: 26 Jul 2024

<|eot_id|><|start_header_id|>user<|end_header_id|>

Analyze this negotiation, given in the format <buyer target, seller target, [negotiation], [summary]> and predict the projected sale price that lies between the buyer and seller targets. Provide only the final answer in the format 'FINAL_PRICE: [number]'
INPUT: <$600, $1000, [Seller: Hi there., Buyer: how we doing today, Seller: Good thanks. How can I help you?, Buyer: i am really intereted in your bike, however, I do have some financial problems at the moment], [Summary: The conversation begins with a polite exchange, establishing a cordial tone. The seller is open and ready to assist, while the buyer expresses interest but also introduces a personal financial constraint. This indicates a potential negotiation or discussion about pricing or payment options may follow, with the buyer possibly seeking flexibility or understanding from the seller. The buyer's candidness about their situation suggests a desire for empathy or accommodation.]><|eot_id|><|begin_of_text|><|start_header_id|>system<|end_header_id|>

Cutting Knowledge Date: December 2023
Today Date: 26 Jul 2024

FINAL_PRICE: $700.0<|eot_id|>",600,1000,700.0,700.0,0.25,0.25,0.0
C_669dfa75876e4d0a9f706c45936ed1b3,5,"<|begin_of_text|><|start_header_id|>system<|end_header_id|>

Cutting Knowledge Date: December 2023
Today Date: 26 Jul 2024

<|eot_id|><|start_header_id|>user<|end_header_id|>

Analyze this negotiation, given in the format <buyer target, seller target, [negotiation], [summary]> and predict the projected sale price that lies between the buyer and seller targets. Provide only the final answer in the format 'FINAL_PRICE: [number]'
INPUT: <$10400, $20800, [Buyer: hello, would you take 10k for this?, Seller: No, I'm sorry that is just too low for a car in this condition, Buyer: I see you are selling at the blue book value. what is your bottom dollar?, Seller: Here's the deal. If you can meet up with me tomorrow morning and we take care of the paperwork. I can let it go for 19000.], [Summary: The conversation begins with the buyer making a low offer, which the seller promptly rejects, maintaining a firm stance on the car's value. The buyer then inquires about the lowest acceptable price, prompting the seller to propose a conditional offer. The seller remains firm but shows some flexibility by offering a slightly reduced price if the buyer agrees to a quick transaction, indicating a willingness to negotiate under specific conditions.]><|eot_id|>","<|begin_of_text|><|begin_of_text|><|start_header_id|>system<|end_header_id|>

Cutting Knowledge Date: December 2023
Today Date: 26 Jul 2024

<|eot_id|><|start_header_id|>user<|end_header_id|>

Analyze this negotiation, given in the format <buyer target, seller target, [negotiation], [summary]> and predict the projected sale price that lies between the buyer and seller targets. Provide only the final answer in the format 'FINAL_PRICE: [number]'
INPUT: <$10400, $20800, [Buyer: hello, would you take 10k for this?, Seller: No, I'm sorry that is just too low for a car in this condition, Buyer: I see you are selling at the blue book value. what is your bottom dollar?, Seller: Here's the deal. If you can meet up with me tomorrow morning and we take care of the paperwork. I can let it go for 19000.], [Summary: The conversation begins with the buyer making a low offer, which the seller promptly rejects, maintaining a firm stance on the car's value. The buyer then inquires about the lowest acceptable price, prompting the seller to propose a conditional offer. The seller remains firm but shows some flexibility by offering a slightly reduced price if the buyer agrees to a quick transaction, indicating a willingness to negotiate under specific conditions.]><|eot_id|><|begin_of_text|><|start_header_id|>system<|end_header_id|>

Cutting Knowledge Date: December 2023
Today Date: 26 Jul 2024

FINAL_PRICE: $18000.0<|eot_id|>",10400,20800,16000.0,18000.0,0.5384615384615384,0.7307692307692307,250.0
C_67e4101720264981ab1a51cf982c251d,5,"<|begin_of_text|><|start_header_id|>system<|end_header_id|>

Cutting Knowledge Date: December 2023
Today Date: 26 Jul 2024

<|eot_id|><|start_header_id|>user<|end_header_id|>

Analyze this negotiation, given in the format <buyer target, seller target, [negotiation], [summary]> and predict the projected sale price that lies between the buyer and seller targets. Provide only the final answer in the format 'FINAL_PRICE: [number]'
INPUT: <$1618, $2698, [Buyer: Hi! I saw your post about the apartment?, Seller: Hello, yes. The rent is $2698 monthly with all the included amenities., Buyer: I have to admit, that stretches my budget to a point of discomfort. I'm not sold on the location. I'll have a bit of a commute., Seller: If it helps a bit, the apartment would be fully furnished. It really is a great deal especially for the location you will be in.], [Summary: The conversation begins with the buyer expressing interest but quickly shifts to hesitation due to budget concerns and location inconvenience. The seller responds by emphasizing the value of the offer, highlighting the apartment's furnishings and the benefits of the location. The seller maintains a persuasive tone, aiming to alleviate the buyer's concerns and underscore the deal's attractiveness, while the buyer remains cautious about the financial and logistical implications.]><|eot_id|>","<|begin_of_text|><|begin_of_text|><|start_header_id|>system<|end_header_id|>

Cutting Knowledge Date: December 2023
Today Date: 26 Jul 2024

<|eot_id|><|start_header_id|>user<|end_header_id|>

Analyze this negotiation, given in the format <buyer target, seller target, [negotiation], [summary]> and predict the projected sale price that lies between the buyer and seller targets. Provide only the final answer in the format 'FINAL_PRICE: [number]'
INPUT: <$1618, $2698, [Buyer: Hi! I saw your post about the apartment?, Seller: Hello, yes. The rent is $2698 monthly with all the included amenities., Buyer: I have to admit, that stretches my budget to a point of discomfort. I'm not sold on the location. I'll have a bit of a commute., Seller: If it helps a bit, the apartment would be fully furnished. It really is a great deal especially for the location you will be in.], [Summary: The conversation begins with the buyer expressing interest but quickly shifts to hesitation due to budget concerns and location inconvenience. The seller responds by emphasizing the value of the offer, highlighting the apartment's furnishings and the benefits of the location. The seller maintains a persuasive tone, aiming to alleviate the buyer's concerns and underscore the deal's attractiveness, while the buyer remains cautious about the financial and logistical implications.]><|eot_id|><|begin_of_text|><|start_header_id|>system<|end_header_id|>

Cutting Knowledge Date: December 2023
Today Date: 26 Jul 2024

FINAL_PRICE: $1900.0<|eot_id|>",1618,2698,2300.0,1900.0,0.6314814814814815,0.2611111111111111,69.56521739130434
C_694a463529204fd98d5c98d9e5b9a5fd,5,"<|begin_of_text|><|start_header_id|>system<|end_header_id|>

Cutting Knowledge Date: December 2023
Today Date: 26 Jul 2024

<|eot_id|><|start_header_id|>user<|end_header_id|>

Analyze this negotiation, given in the format <buyer target, seller target, [negotiation], [summary]> and predict the projected sale price that lies between the buyer and seller targets. Provide only the final answer in the format 'FINAL_PRICE: [number]'
INPUT: <$70, $100, [Buyer: Is the theatre system still available?, Seller: Yes. and It's for pick up only, Buyer: Fair enough, I can come and pick them up. No problem. Just a question or two. Do they work?], [Summary: The conversation begins with the buyer expressing interest in the theatre system, and the seller confirming its availability with a condition for pickup. The buyer readily agrees to this condition, indicating a willingness to proceed. The buyer then shifts to a cautious approach, seeking assurance about the system's functionality. The seller's initial response is straightforward, while the buyer remains engaged and inquisitive, balancing enthusiasm with due diligence.]><|eot_id|>","<|begin_of_text|><|begin_of_text|><|start_header_id|>system<|end_header_id|>

Cutting Knowledge Date: December 2023
Today Date: 26 Jul 2024

<|eot_id|><|start_header_id|>user<|end_header_id|>

Analyze this negotiation, given in the format <buyer target, seller target, [negotiation], [summary]> and predict the projected sale price that lies between the buyer and seller targets. Provide only the final answer in the format 'FINAL_PRICE: [number]'
INPUT: <$70, $100, [Buyer: Is the theatre system still available?, Seller: Yes. and It's for pick up only, Buyer: Fair enough, I can come and pick them up. No problem. Just a question or two. Do they work?], [Summary: The conversation begins with the buyer expressing interest in the theatre system, and the seller confirming its availability with a condition for pickup. The buyer readily agrees to this condition, indicating a willingness to proceed. The buyer then shifts to a cautious approach, seeking assurance about the system's functionality. The seller's initial response is straightforward, while the buyer remains engaged and inquisitive, balancing enthusiasm with due diligence.]><|eot_id|><|begin_of_text|><|start_header_id|>system<|end_header_id|>

Cutting Knowledge Date: December 2023
Today Date: 26 Jul 2024

FINAL_PRICE: $85.0<|eot_id|>",70,100,70.0,85.0,0.0,0.5,3.2142857142857144
C_695bfd880612492b825d9bc4f38c0efb,5,"<|begin_of_text|><|start_header_id|>system<|end_header_id|>

Cutting Knowledge Date: December 2023
Today Date: 26 Jul 2024

<|eot_id|><|start_header_id|>user<|end_header_id|>

Analyze this negotiation, given in the format <buyer target, seller target, [negotiation], [summary]> and predict the projected sale price that lies between the buyer and seller targets. Provide only the final answer in the format 'FINAL_PRICE: [number]'
INPUT: <$900, $1500, [Seller: Hello, are you looking to rent out my inlaw?, Buyer: Yes. Would $900.00 be agreeable?, Seller: No, I'm afraid $900 would be far too low. This is in a very desirable area of Oakland, and it even comes with a shared on site laundry.], [Summary: The conversation begins with the seller's inquiry about the buyer's interest, followed by the buyer's attempt to negotiate a lower price. The seller responds firmly, rejecting the offer and emphasizing the property's value and desirable features. The seller maintains a strong stance on the price, highlighting the property's advantages to justify their position, while the buyer's initial approach suggests an intention to negotiate.]><|eot_id|>","<|begin_of_text|><|begin_of_text|><|start_header_id|>system<|end_header_id|>

Cutting Knowledge Date: December 2023
Today Date: 26 Jul 2024

<|eot_id|><|start_header_id|>user<|end_header_id|>

Analyze this negotiation, given in the format <buyer target, seller target, [negotiation], [summary]> and predict the projected sale price that lies between the buyer and seller targets. Provide only the final answer in the format 'FINAL_PRICE: [number]'
INPUT: <$900, $1500, [Seller: Hello, are you looking to rent out my inlaw?, Buyer: Yes. Would $900.00 be agreeable?, Seller: No, I'm afraid $900 would be far too low. This is in a very desirable area of Oakland, and it even comes with a shared on site laundry.], [Summary: The conversation begins with the seller's inquiry about the buyer's interest, followed by the buyer's attempt to negotiate a lower price. The seller responds firmly, rejecting the offer and emphasizing the property's value and desirable features. The seller maintains a strong stance on the price, highlighting the property's advantages to justify their position, while the buyer's initial approach suggests an intention to negotiate.]><|eot_id|><|begin_of_text|><|start_header_id|>system<|end_header_id|>

Cutting Knowledge Date: December 2023
Today Date: 26 Jul 2024

FINAL_PRICE: $1000.0<|eot_id|>",900,1500,1200.0,1000.0,0.5,0.16666666666666666,33.333333333333336
C_69dc95591fa44720a78a9986f6a5117c,5,"<|begin_of_text|><|start_header_id|>system<|end_header_id|>

Cutting Knowledge Date: December 2023
Today Date: 26 Jul 2024

<|eot_id|><|start_header_id|>user<|end_header_id|>

Analyze this negotiation, given in the format <buyer target, seller target, [negotiation], [summary]> and predict the projected sale price that lies between the buyer and seller targets. Provide only the final answer in the format 'FINAL_PRICE: [number]'
INPUT: <$6440, $9200, [Seller: Are you still interested in my 2015 Prius?, Buyer: YEs, I am, waht color is the interior?, Seller: It's a mid-gray shade., Buyer: Cloth interior?, Seller: Yes, cloth interior. No stains or tears.], [Summary: The conversation maintains a straightforward and informative tone, with the seller providing clear answers to the buyer's inquiries about the car's interior. The buyer's interest is evident through their questions, while the seller's responses aim to reassure and provide relevant details. Both parties remain focused on exchanging information, with the seller emphasizing the car's good condition to maintain the buyer's interest.]><|eot_id|>","<|begin_of_text|><|begin_of_text|><|start_header_id|>system<|end_header_id|>

Cutting Knowledge Date: December 2023
Today Date: 26 Jul 2024

<|eot_id|><|start_header_id|>user<|end_header_id|>

Analyze this negotiation, given in the format <buyer target, seller target, [negotiation], [summary]> and predict the projected sale price that lies between the buyer and seller targets. Provide only the final answer in the format 'FINAL_PRICE: [number]'
INPUT: <$6440, $9200, [Seller: Are you still interested in my 2015 Prius?, Buyer: YEs, I am, waht color is the interior?, Seller: It's a mid-gray shade., Buyer: Cloth interior?, Seller: Yes, cloth interior. No stains or tears.], [Summary: The conversation maintains a straightforward and informative tone, with the seller providing clear answers to the buyer's inquiries about the car's interior. The buyer's interest is evident through their questions, while the seller's responses aim to reassure and provide relevant details. Both parties remain focused on exchanging information, with the seller emphasizing the car's good condition to maintain the buyer's interest.]><|eot_id|><|begin_of_text|><|start_header_id|>system<|end_header_id|>

Cutting Knowledge Date: December 2023
Today Date: 26 Jul 2024

FINAL_PRICE: $7000.0<|eot_id|>",6440,9200,7850.0,7000.0,0.5108695652173914,0.2028985507246377,92.03821656050955
C_6ffce542a6b14b0381d3ddf2417428f2,5,"<|begin_of_text|><|start_header_id|>system<|end_header_id|>

Cutting Knowledge Date: December 2023
Today Date: 26 Jul 2024

<|eot_id|><|start_header_id|>user<|end_header_id|>

Analyze this negotiation, given in the format <buyer target, seller target, [negotiation], [summary]> and predict the projected sale price that lies between the buyer and seller targets. Provide only the final answer in the format 'FINAL_PRICE: [number]'
INPUT: <$930, $1861, [Seller: Good afternoon!, Buyer: Hello! Your place looks great!, Seller: Thank you so much!  It's more than just a wonderful place to live-- it also offers a variety of entertainment and shopping options., Buyer: Wow! How many rooms are there?, Seller: That depends on what size would best suit you-- we have layouts with 1, 2, or 3 bedrooms, plus walk-in pantries in some units.  Quite spacious.], [Summary: The conversation begins with a friendly and positive exchange, with the buyer complimenting the seller's property. The seller responds with gratitude and enthusiasm, highlighting the property's benefits. As the conversation progresses, the buyer shows interest by asking about specific details, and the seller maintains a persuasive and accommodating tone, offering various options to suit the buyer's needs. The interaction remains cordial and informative, focusing on matching the buyer's preferences.]><|eot_id|>","<|begin_of_text|><|begin_of_text|><|start_header_id|>system<|end_header_id|>

Cutting Knowledge Date: December 2023
Today Date: 26 Jul 2024

<|eot_id|><|start_header_id|>user<|end_header_id|>

Analyze this negotiation, given in the format <buyer target, seller target, [negotiation], [summary]> and predict the projected sale price that lies between the buyer and seller targets. Provide only the final answer in the format 'FINAL_PRICE: [number]'
INPUT: <$930, $1861, [Seller: Good afternoon!, Buyer: Hello! Your place looks great!, Seller: Thank you so much!  It's more than just a wonderful place to live-- it also offers a variety of entertainment and shopping options., Buyer: Wow! How many rooms are there?, Seller: That depends on what size would best suit you-- we have layouts with 1, 2, or 3 bedrooms, plus walk-in pantries in some units.  Quite spacious.], [Summary: The conversation begins with a friendly and positive exchange, with the buyer complimenting the seller's property. The seller responds with gratitude and enthusiasm, highlighting the property's benefits. As the conversation progresses, the buyer shows interest by asking about specific details, and the seller maintains a persuasive and accommodating tone, offering various options to suit the buyer's needs. The interaction remains cordial and informative, focusing on matching the buyer's preferences.]><|eot_id|><|begin_of_text|><|start_header_id|>system<|end_header_id|>

Cutting Knowledge Date: December 2023
Today Date: 26 Jul 2024

Cutting Knowledge Date: December 2023
Today Date: 26 Jul 2024

FINAL_PRICE: $1300.0<|eot_id|>",930,1861,1600.0,1300.0,0.719656283566058,0.39742212674543503,56.25
C_71bd0d14dcfa40bea6abb07483c5cfd6,5,"<|begin_of_text|><|start_header_id|>system<|end_header_id|>

Cutting Knowledge Date: December 2023
Today Date: 26 Jul 2024

<|eot_id|><|start_header_id|>user<|end_header_id|>

Analyze this negotiation, given in the format <buyer target, seller target, [negotiation], [summary]> and predict the projected sale price that lies between the buyer and seller targets. Provide only the final answer in the format 'FINAL_PRICE: [number]'
INPUT: <$184, $200, [Seller: Hello! I am selling a night stand from a store called The Crate & Barrel. It is a very nice night stand!, Buyer: hi! i am interested in buying but how good is the condition?, Seller: It is very good. It is actually a family heirloom passed down by my grandmother and she recently passed away 2 days ago. The nightstand is empty however. Her stuff have been emptied., Buyer: im sorry to hear to that. for how much do you wanna give it away?], [Summary: The conversation begins with the seller introducing the nightstand for sale, emphasizing its quality. The buyer expresses interest but seeks assurance about its condition. The seller responds by sharing a personal story, adding sentimental value to the item. The buyer acknowledges the seller's loss with empathy and shifts focus to negotiating the price, indicating a respectful yet transactional approach. The conversation maintains a polite and considerate tone throughout.]><|eot_id|>","<|begin_of_text|><|begin_of_text|><|start_header_id|>system<|end_header_id|>

Cutting Knowledge Date: December 2023
Today Date: 26 Jul 2024

<|eot_id|><|start_header_id|>user<|end_header_id|>

Analyze this negotiation, given in the format <buyer target, seller target, [negotiation], [summary]> and predict the projected sale price that lies between the buyer and seller targets. Provide only the final answer in the format 'FINAL_PRICE: [number]'
INPUT: <$184, $200, [Seller: Hello! I am selling a night stand from a store called The Crate & Barrel. It is a very nice night stand!, Buyer: hi! i am interested in buying but how good is the condition?, Seller: It is very good. It is actually a family heirloom passed down by my grandmother and she recently passed away 2 days ago. The nightstand is empty however. Her stuff have been emptied., Buyer: im sorry to hear to that. for how much do you wanna give it away?], [Summary: The conversation begins with the seller introducing the nightstand for sale, emphasizing its quality. The buyer expresses interest but seeks assurance about its condition. The seller responds by sharing a personal story, adding sentimental value to the item. The buyer acknowledges the seller's loss with empathy and shifts focus to negotiating the price, indicating a respectful yet transactional approach. The conversation maintains a polite and considerate tone throughout.]><|eot_id|><|begin_of_text|><|start_header_id|>system<|end_header_id|>

Cutting Knowledge Date: December 2023
Today Date: 26 Jul 2024

FINAL_PRICE: $190.0<|eot_id|>",184,200,190.0,190.0,0.375,0.375,0.0
C_759b07225d1b400da39e17768bb98119,5,"<|begin_of_text|><|start_header_id|>system<|end_header_id|>

Cutting Knowledge Date: December 2023
Today Date: 26 Jul 2024

<|eot_id|><|start_header_id|>user<|end_header_id|>

Analyze this negotiation, given in the format <buyer target, seller target, [negotiation], [summary]> and predict the projected sale price that lies between the buyer and seller targets. Provide only the final answer in the format 'FINAL_PRICE: [number]'
INPUT: <$119, $130, [Seller: helo, Buyer: Hi I am interested in buying a GoPro, can you tell me about the one you have for sale..., Seller: ya sure, Buyer: Please do], [Summary: The conversation begins with the buyer expressing interest in purchasing a GoPro and seeking information from the seller. The seller responds affirmatively, indicating a willingness to provide details. The buyer's approach is straightforward and focused on obtaining specific information, while the seller's responses are brief but accommodating, suggesting a readiness to engage further in the transaction. The interaction is characterized by a cooperative and goal-oriented tone from both parties.]><|eot_id|>","<|begin_of_text|><|begin_of_text|><|start_header_id|>system<|end_header_id|>

Cutting Knowledge Date: December 2023
Today Date: 26 Jul 2024

<|eot_id|><|start_header_id|>user<|end_header_id|>

Analyze this negotiation, given in the format <buyer target, seller target, [negotiation], [summary]> and predict the projected sale price that lies between the buyer and seller targets. Provide only the final answer in the format 'FINAL_PRICE: [number]'
INPUT: <$119, $130, [Seller: helo, Buyer: Hi I am interested in buying a GoPro, can you tell me about the one you have for sale..., Seller: ya sure, Buyer: Please do], [Summary: The conversation begins with the buyer expressing interest in purchasing a GoPro and seeking information from the seller. The seller responds affirmatively, indicating a willingness to provide details. The buyer's approach is straightforward and focused on obtaining specific information, while the seller's responses are brief but accommodating, suggesting a readiness to engage further in the transaction. The interaction is characterized by a cooperative and goal-oriented tone from both parties.]><|eot_id|><|begin_of_text|><|start_header_id|>system<|end_header_id|>

Cutting Knowledge Date: December 2023
Today Date: 26 Jul 2024

FINAL_PRICE: $125.0<|eot_id|>",119,130,120.0,125.0,0.09090909090909091,0.5454545454545454,0.20833333333333334
C_75fb854e6fc943f1ba5cad9ed943acc1,5,"<|begin_of_text|><|start_header_id|>system<|end_header_id|>

Cutting Knowledge Date: December 2023
Today Date: 26 Jul 2024

<|eot_id|><|start_header_id|>user<|end_header_id|>

Analyze this negotiation, given in the format <buyer target, seller target, [negotiation], [summary]> and predict the projected sale price that lies between the buyer and seller targets. Provide only the final answer in the format 'FINAL_PRICE: [number]'
INPUT: <$228, $300, [Buyer: Hi there , I am interested in the galaxy tab you have for sale., Seller: Hello. How are you today! Sure thing. I am glad that this ad caught your attention :), Buyer: sure  did, just curious about a few details.. has it been used, and if so for how long?, Seller: Sure. No its not used its new and very good condition], [Summary: The conversation begins with a friendly and polite tone as the buyer expresses interest in a product. The seller responds warmly, showing enthusiasm and gratitude for the buyer's interest. The buyer then shifts to a more inquisitive approach, seeking specific details about the product's condition. The seller maintains a positive and reassuring tone, providing clear and concise information to address the buyer's inquiries, aiming to build trust and facilitate the sale.]><|eot_id|>","<|begin_of_text|><|begin_of_text|><|start_header_id|>system<|end_header_id|>

Cutting Knowledge Date: December 2023
Today Date: 26 Jul 2024

<|eot_id|><|start_header_id|>user<|end_header_id|>

Analyze this negotiation, given in the format <buyer target, seller target, [negotiation], [summary]> and predict the projected sale price that lies between the buyer and seller targets. Provide only the final answer in the format 'FINAL_PRICE: [number]'
INPUT: <$228, $300, [Buyer: Hi there, I am interested in the galaxy tab you have for sale., Seller: Hello. How are you today! Sure thing. I am glad that this ad caught your attention :), Buyer: sure  did, just curious about a few details.. has it been used, and if so for how long?, Seller: Sure. No its not used its new and very good condition], [Summary: The conversation begins with a friendly and polite tone as the buyer expresses interest in a product. The seller responds warmly, showing enthusiasm and gratitude for the buyer's interest. The buyer then shifts to a more inquisitive approach, seeking specific details about the product's condition. The seller maintains a positive and reassuring tone, providing clear and concise information to address the buyer's inquiries, aiming to build trust and facilitate the sale.]><|eot_id|><|begin_of_text|><|start_header_id|>system<|end_header_id|>

Cutting Knowledge Date: December 2023
Today Date: 26 Jul 2024

FINAL_PRICE: $250.0<|eot_id|>",228,300,250.0,250.0,0.3055555555555556,0.3055555555555556,0.0
C_768f18fabf7f4bcca4a0046e14e637c7,5,"<|begin_of_text|><|start_header_id|>system<|end_header_id|>

Cutting Knowledge Date: December 2023
Today Date: 26 Jul 2024

<|eot_id|><|start_header_id|>user<|end_header_id|>

Analyze this negotiation, given in the format <buyer target, seller target, [negotiation], [summary]> and predict the projected sale price that lies between the buyer and seller targets. Provide only the final answer in the format 'FINAL_PRICE: [number]'
INPUT: <$4450, $8900, [Buyer: Hello. I am interested in this vehicle. How is thetransmission?, Seller: It is an automatic and in good workin order, never had a problem with it, Buyer: Ok great. When's the last time it had a tune up?, Seller: umm I think it was at 125,000 miles... I know that sounds like a lot but it is in really good condition], [Summary: The conversation begins with the buyer expressing interest and inquiring about the vehicle's condition, focusing on the transmission. The seller responds positively, emphasizing the reliability of the transmission. As the buyer asks about the vehicle's maintenance history, the seller hesitates slightly but reassures the buyer by emphasizing the vehicle's overall good condition despite the mileage. The seller maintains a persuasive and reassuring tone throughout, aiming to alleviate any concerns the buyer might have.]><|eot_id|>","<|begin_of_text|><|begin_of_text|><|start_header_id|>system<|end_header_id|>

Cutting Knowledge Date: December 2023
Today Date: 26 Jul 2024

<|eot_id|><|start_header_id|>user<|end_header_id|>

Analyze this negotiation, given in the format <buyer target, seller target, [negotiation], [summary]> and predict the projected sale price that lies between the buyer and seller targets. Provide only the final answer in the format 'FINAL_PRICE: [number]'
INPUT: <$4450, $8900, [Buyer: Hello. I am interested in this vehicle. How is thetransmission?, Seller: It is an automatic and in good workin order, never had a problem with it, Buyer: Ok great. When's the last time it had a tune up?, Seller: umm I think it was at 125,000 miles... I know that sounds like a lot but it is in really good condition], [Summary: The conversation begins with the buyer expressing interest and inquiring about the vehicle's condition, focusing on the transmission. The seller responds positively, emphasizing the reliability of the transmission. As the buyer asks about the vehicle's maintenance history, the seller hesitates slightly but reassures the buyer by emphasizing the vehicle's overall good condition despite the mileage. The seller maintains a persuasive and reassuring tone throughout, aiming to alleviate any concerns the buyer might have.]><|eot_id|><|begin_of_text|><|start_header_id|>system<|end_header_id|>

Cutting Knowledge Date: December 2023
Today Date: 26 Jul 2024

FINAL_PRICE: $7500.0<|eot_id|>",4450,8900,7500.0,7500.0,0.6853932584269663,0.6853932584269663,0.0
C_76a72e4441e14ea48caecb40a1467978,5,"<|begin_of_text|><|start_header_id|>system<|end_header_id|>

Cutting Knowledge Date: December 2023
Today Date: 26 Jul 2024

<|eot_id|><|start_header_id|>user<|end_header_id|>

Analyze this negotiation, given in the format <buyer target, seller target, [negotiation], [summary]> and predict the projected sale price that lies between the buyer and seller targets. Provide only the final answer in the format 'FINAL_PRICE: [number]'
INPUT: <$8284, $10900, [Seller: Hi, Buyer: I like the Dodge. What are you asking?, Seller: 10,900 still runs really well, Buyer: For a salvage title? With 87,000 miles? What happened to it? Was it in an accident?], [Summary: The conversation begins with the buyer expressing interest in the seller's vehicle. The seller responds with a price and a positive remark about the car's condition. The buyer then questions the value due to the salvage title and mileage, seeking more information about the car's history and any accidents. The buyer's tone shifts from interest to skepticism, indicating a need for reassurance or negotiation.]><|eot_id|>","<|begin_of_text|><|begin_of_text|><|start_header_id|>system<|end_header_id|>

Cutting Knowledge Date: December 2023
Today Date: 26 Jul 2024

<|eot_id|><|start_header_id|>user<|end_header_id|>

Analyze this negotiation, given in the format <buyer target, seller target, [negotiation], [summary]> and predict the projected sale price that lies between the buyer and seller targets. Provide only the final answer in the format 'FINAL_PRICE: [number]'
INPUT: <$8284, $10900, [Seller: Hi, Buyer: I like the Dodge. What are you asking?, Seller: 10,900 still runs really well, Buyer: For a salvage title? With 87,000 miles? What happened to it? Was it in an accident?], [Summary: The conversation begins with the buyer expressing interest in the seller's vehicle. The seller responds with a price and a positive remark about the car's condition. The buyer then questions the value due to the salvage title and mileage, seeking more information about the car's history and any accidents. The buyer's tone shifts from interest to skepticism, indicating a need for reassurance or negotiation.]><|eot_id|><|begin_of_text|><|start_header_id|>system<|end_header_id|>

Cutting Knowledge Date: December 2023
Today Date: 26 Jul 2024

FINAL_PRICE: $9000.0<|eot_id|>",8284,10900,9500.0,9000.0,0.4648318042813456,0.27370030581039756,26.31578947368421
C_79eebd02c22048c19beb051dbf0276ac,5,"<|begin_of_text|><|start_header_id|>system<|end_header_id|>

Cutting Knowledge Date: December 2023
Today Date: 26 Jul 2024

<|eot_id|><|start_header_id|>user<|end_header_id|>

Analyze this negotiation, given in the format <buyer target, seller target, [negotiation], [summary]> and predict the projected sale price that lies between the buyer and seller targets. Provide only the final answer in the format 'FINAL_PRICE: [number]'
INPUT: <$25650, $28500, [Buyer: Hello, Seller: Hi, how are you doing today?, Buyer: Good thanks. I was looking at your listing for the Mustang... is that the original paint ?, Seller: No thats a special paintjob.       Its an upgraded metallic paint.    Paint job alone cost me $600  bucks], [Summary: The conversation begins with a polite greeting and inquiry from the buyer, who is interested in the details of a car listing. The buyer's question about the paint indicates a focus on specifics, while the seller responds with informative details, emphasizing the value of the paint job. The seller's strategy is to highlight the investment made in the car, potentially to justify the price or enhance the car's appeal.]><|eot_id|>","<|begin_of_text|><|begin_of_text|><|start_header_id|>system<|end_header_id|>

Cutting Knowledge Date: December 2023
Today Date: 26 Jul 2024

<|eot_id|><|start_header_id|>user<|end_header_id|>

Analyze this negotiation, given in the format <buyer target, seller target, [negotiation], [summary]> and predict the projected sale price that lies between the buyer and seller targets. Provide only the final answer in the format 'FINAL_PRICE: [number]'
INPUT: <$25650, $28500, [Buyer: Hello, Seller: Hi, how are you doing today?, Buyer: Good thanks. I was looking at your listing for the Mustang... is that the original paint?, Seller: No thats a special paintjob.       Its an upgraded metallic paint.    Paint job alone cost me $600  bucks], [Summary: The conversation begins with a polite greeting and inquiry from the buyer, who is interested in the details of a car listing. The buyer's question about the paint indicates a focus on specifics, while the seller responds with informative details, emphasizing the value of the paint job. The seller's strategy is to highlight the investment made in the car, potentially to justify the price or enhance the car's appeal.]><|eot_id|><|begin_of_text|><|start_header_id|>system<|end_header_id|>

Cutting Knowledge Date: December 2023
Today Date: 26 Jul 2024

FINAL_PRICE: $26000.0<|eot_id|>",25650,28500,27000.0,26000.0,0.47368421052631576,0.12280701754385964,37.03703703703704
C_7b1966da91eb41d6ba3ef0bdcb34d222,5,"<|begin_of_text|><|start_header_id|>system<|end_header_id|>

Cutting Knowledge Date: December 2023
Today Date: 26 Jul 2024

<|eot_id|><|start_header_id|>user<|end_header_id|>

Analyze this negotiation, given in the format <buyer target, seller target, [negotiation], [summary]> and predict the projected sale price that lies between the buyer and seller targets. Provide only the final answer in the format 'FINAL_PRICE: [number]'
INPUT: <$224, $320, [Seller: Hey there! Got your email about being interested in the iphone. I'm looking to get 350 for it., Buyer: Hi, yes I'm interested but 350 is a little out of my price range for a used phone., Seller: I understand. The good news is that it is almost new condition. I'm definitely willing to negotiate a little. What is your price range?], [Summary: The conversation begins with the seller expressing interest in negotiating the sale of an iPhone, initially setting a price. The buyer responds with a concern about the price being too high, indicating a budget constraint. The seller acknowledges this and maintains a cooperative tone, emphasizing the phone's condition and showing willingness to negotiate. The interaction is characterized by a mutual interest in reaching an agreement, with both parties open to discussion and compromise.]><|eot_id|>","<|begin_of_text|><|begin_of_text|><|start_header_id|>system<|end_header_id|>

Cutting Knowledge Date: December 2023
Today Date: 26 Jul 2024

<|eot_id|><|start_header_id|>user<|end_header_id|>

Analyze this negotiation, given in the format <buyer target, seller target, [negotiation], [summary]> and predict the projected sale price that lies between the buyer and seller targets. Provide only the final answer in the format 'FINAL_PRICE: [number]'
INPUT: <$224, $320, [Seller: Hey there! Got your email about being interested in the iphone. I'm looking to get 350 for it., Buyer: Hi, yes I'm interested but 350 is a little out of my price range for a used phone., Seller: I understand. The good news is that it is almost new condition. I'm definitely willing to negotiate a little. What is your price range?], [Summary: The conversation begins with the seller expressing interest in negotiating the sale of an iPhone, initially setting a price. The buyer responds with a concern about the price being too high, indicating a budget constraint. The seller acknowledges this and maintains a cooperative tone, emphasizing the phone's condition and showing willingness to negotiate. The interaction is characterized by a mutual interest in reaching an agreement, with both parties open to discussion and compromise.]><|eot_id|><|begin_of_text|><|start_header_id|>system<|end_header_id|>

Cutting Knowledge Date: December 2023
Today Date: 26 Jul 2024

FINAL_PRICE: $275.0<|eot_id|>",224,320,275.0,275.0,0.53125,0.53125,0.0
C_7da4e09d9f13426db57569f32ea5cfad,5,"<|begin_of_text|><|start_header_id|>system<|end_header_id|>

Cutting Knowledge Date: December 2023
Today Date: 26 Jul 2024

<|eot_id|><|start_header_id|>user<|end_header_id|>

Analyze this negotiation, given in the format <buyer target, seller target, [negotiation], [summary]> and predict the projected sale price that lies between the buyer and seller targets. Provide only the final answer in the format 'FINAL_PRICE: [number]'
INPUT: <$42, $60, [Buyer: Hi there is this bicycle avaiulable>, Seller: Yes, it's still available!, Buyer: Is it new?], [Summary: The conversation begins with the buyer expressing interest in purchasing a bicycle, indicated by their inquiry about its availability. The seller responds positively, confirming the bicycle is still available, which maintains an open and engaging tone. The buyer then seeks more information about the bicycle's condition, suggesting a cautious and detail-oriented approach. The seller's initial response suggests a willingness to engage and provide the necessary details to facilitate the transaction.]><|eot_id|>","<|begin_of_text|><|begin_of_text|><|start_header_id|>system<|end_header_id|>

Cutting Knowledge Date: December 2023
Today Date: 26 Jul 2024

<|eot_id|><|start_header_id|>user<|end_header_id|>

Analyze this negotiation, given in the format <buyer target, seller target, [negotiation], [summary]> and predict the projected sale price that lies between the buyer and seller targets. Provide only the final answer in the format 'FINAL_PRICE: [number]'
INPUT: <$42, $60, [Buyer: Hi there is this bicycle avaiulable>, Seller: Yes, it's still available!, Buyer: Is it new?], [Summary: The conversation begins with the buyer expressing interest in purchasing a bicycle, indicated by their inquiry about its availability. The seller responds positively, confirming the bicycle is still available, which maintains an open and engaging tone. The buyer then seeks more information about the bicycle's condition, suggesting a cautious and detail-oriented approach. The seller's initial response suggests a willingness to engage and provide the necessary details to facilitate the transaction.]><|eot_id|><|begin_of_text|><|start_header_id|>system<|end_header_id|>

Cutting Knowledge Date: December 2023
Today Date: 26 Jul 2024

FINAL_PRICE: $50.0<|eot_id|>",42,60,50.0,50.0,0.4444444444444444,0.4444444444444444,0.0
C_80f7a289c98c4131863cede7a9b3fa28,5,"<|begin_of_text|><|start_header_id|>system<|end_header_id|>

Cutting Knowledge Date: December 2023
Today Date: 26 Jul 2024

<|eot_id|><|start_header_id|>user<|end_header_id|>

Analyze this negotiation, given in the format <buyer target, seller target, [negotiation], [summary]> and predict the projected sale price that lies between the buyer and seller targets. Provide only the final answer in the format 'FINAL_PRICE: [number]'
INPUT: <$300, $600, [Seller: Hello, Buyer: I'm somewhat interested in your product. Can you give me some more information on it?, Seller: It is an IPhone 7 brand new], [Summary: The conversation begins with a polite greeting from the seller, followed by the buyer expressing tentative interest and requesting more information. The seller responds with a straightforward, factual statement about the product. The exchange is brief, with the seller maintaining a neutral and informative tone, while the buyer's initial curiosity suggests a potential for further engagement. The interaction remains transactional and focused on information exchange.]><|eot_id|>","<|begin_of_text|><|begin_of_text|><|start_header_id|>system<|end_header_id|>

Cutting Knowledge Date: December 2023
Today Date: 26 Jul 2024

<|eot_id|><|start_header_id|>user<|end_header_id|>

Analyze this negotiation, given in the format <buyer target, seller target, [negotiation], [summary]> and predict the projected sale price that lies between the buyer and seller targets. Provide only the final answer in the format 'FINAL_PRICE: [number]'
INPUT: <$300, $600, [Seller: Hello, Buyer: I'm somewhat interested in your product. Can you give me some more information on it?, Seller: It is an IPhone 7 brand new], [Summary: The conversation begins with a polite greeting from the seller, followed by the buyer expressing tentative interest and requesting more information. The seller responds with a straightforward, factual statement about the product. The exchange is brief, with the seller maintaining a neutral and informative tone, while the buyer's initial curiosity suggests a potential for further engagement. The interaction remains transactional and focused on information exchange.]><|eot_id|><|begin_of_text|><|start_header_id|>system<|end_header_id|>

Cutting Knowledge Date: December 2023
Today Date: 26 Jul 2024

FINAL_PRICE: $350.0<|eot_id|>",300,600,500.0,350.0,0.6666666666666666,0.16666666666666666,45.0
C_83a8ab7b3ce14e70857450c4906c01ea,5,"<|begin_of_text|><|start_header_id|>system<|end_header_id|>

Cutting Knowledge Date: December 2023
Today Date: 26 Jul 2024

<|eot_id|><|start_header_id|>user<|end_header_id|>

Analyze this negotiation, given in the format <buyer target, seller target, [negotiation], [summary]> and predict the projected sale price that lies between the buyer and seller targets. Provide only the final answer in the format 'FINAL_PRICE: [number]'
INPUT: <$21, $30, [Buyer: Hi! I'm interested in your storage drawers!, Seller: This item is still available., Buyer: Is it able to be locked?], [Summary: The conversation begins with the buyer expressing interest in the seller's item, indicating a positive and curious sentiment. The seller responds promptly and positively, confirming availability, which maintains an open and engaging tone. The buyer then inquires about a specific feature, suggesting a more focused and evaluative approach. The conversation trajectory shows a shift from general interest to specific inquiry, with both parties maintaining a cooperative and informative exchange.]><|eot_id|>","<|begin_of_text|><|begin_of_text|><|start_header_id|>system<|end_header_id|>

Cutting Knowledge Date: December 2023
Today Date: 26 Jul 2024

<|eot_id|><|start_header_id|>user<|end_header_id|>

Analyze this negotiation, given in the format <buyer target, seller target, [negotiation], [summary]> and predict the projected sale price that lies between the buyer and seller targets. Provide only the final answer in the format 'FINAL_PRICE: [number]'
INPUT: <$21, $30, [Buyer: Hi! I'm interested in your storage drawers!, Seller: This item is still available., Buyer: Is it able to be locked?], [Summary: The conversation begins with the buyer expressing interest in the seller's item, indicating a positive and curious sentiment. The seller responds promptly and positively, confirming availability, which maintains an open and engaging tone. The buyer then inquires about a specific feature, suggesting a more focused and evaluative approach. The conversation trajectory shows a shift from general interest to specific inquiry, with both parties maintaining a cooperative and informative exchange.]><|eot_id|><|begin_of_text|><|start_header_id|>system<|end_header_id|>

Cutting Knowledge Date: December 2023
Today Date: 26 Jul 2024

FINAL_PRICE: $25.0<|eot_id|>",21,30,25.0,25.0,0.4444444444444444,0.4444444444444444,0.0
C_8412c758ec8c4fe9b1b47a2e9a123ac6,5,"<|begin_of_text|><|start_header_id|>system<|end_header_id|>

Cutting Knowledge Date: December 2023
Today Date: 26 Jul 2024

<|eot_id|><|start_header_id|>user<|end_header_id|>

Analyze this negotiation, given in the format <buyer target, seller target, [negotiation], [summary]> and predict the projected sale price that lies between the buyer and seller targets. Provide only the final answer in the format 'FINAL_PRICE: [number]'
INPUT: <$2340, $2600, [Seller: Hello, Buyer: Hi, I saw your posing and I would like to buy your San Lorenzo Home., Seller: Great. It is a really great home, lots of space and a very nice quiet neighborhood.], [Summary: The conversation begins with a straightforward and positive interaction between the seller and buyer. The buyer expresses interest in purchasing the home, and the seller responds enthusiastically, highlighting the home's appealing features. The seller's strategy is to emphasize the home's advantages, maintaining a positive and persuasive tone to encourage the buyer's interest. The trajectory suggests a mutual interest in moving forward with the transaction.]><|eot_id|>","<|begin_of_text|><|begin_of_text|><|start_header_id|>system<|end_header_id|>

Cutting Knowledge Date: December 2023
Today Date: 26 Jul 2024

<|eot_id|><|start_header_id|>user<|end_header_id|>

Analyze this negotiation, given in the format <buyer target, seller target, [negotiation], [summary]> and predict the projected sale price that lies between the buyer and seller targets. Provide only the final answer in the format 'FINAL_PRICE: [number]'
INPUT: <$2340, $2600, [Seller: Hello, Buyer: Hi, I saw your posing and I would like to buy your San Lorenzo Home., Seller: Great. It is a really great home, lots of space and a very nice quiet neighborhood.], [Summary: The conversation begins with a straightforward and positive interaction between the seller and buyer. The buyer expresses interest in purchasing the home, and the seller responds enthusiastically, highlighting the home's appealing features. The seller's strategy is to emphasize the home's advantages, maintaining a positive and persuasive tone to encourage the buyer's interest. The trajectory suggests a mutual interest in moving forward with the transaction.]><|eot_id|><|begin_of_text|><|start_header_id|>system<|end_header_id|>

Cutting Knowledge Date: December 2023
Today Date: 26 Jul 2024

FINAL_PRICE: $2400.0<|eot_id|>",2340,2600,2340.0,2400.0,0.0,0.23076923076923078,1.5384615384615385
C_8412f82f01c040be824397795f054c61,5,"<|begin_of_text|><|start_header_id|>system<|end_header_id|>

Cutting Knowledge Date: December 2023
Today Date: 26 Jul 2024

<|eot_id|><|start_header_id|>user<|end_header_id|>

Analyze this negotiation, given in the format <buyer target, seller target, [negotiation], [summary]> and predict the projected sale price that lies between the buyer and seller targets. Provide only the final answer in the format 'FINAL_PRICE: [number]'
INPUT: <$192, $275, [Buyer: Do you still have the phone for sale?, Seller: Hi yes I do. Its the last one left, Buyer: Thats gold. Can you tell me is it unlocked?], [Summary: The conversation begins with the buyer expressing interest in purchasing a phone, while the seller responds positively, indicating availability and urgency by mentioning it's the last one. The buyer's enthusiasm is evident as they inquire further about the phone's specifications, specifically whether it is unlocked. The interaction is straightforward, with the buyer seeking information and the seller providing responses, maintaining a cooperative and transactional tone throughout.]><|eot_id|>","<|begin_of_text|><|begin_of_text|><|start_header_id|>system<|end_header_id|>

Cutting Knowledge Date: December 2023
Today Date: 26 Jul 2024

<|eot_id|><|start_header_id|>user<|end_header_id|>

Analyze this negotiation, given in the format <buyer target, seller target, [negotiation], [summary]> and predict the projected sale price that lies between the buyer and seller targets. Provide only the final answer in the format 'FINAL_PRICE: [number]'
INPUT: <$192, $275, [Buyer: Do you still have the phone for sale?, Seller: Hi yes I do. Its the last one left, Buyer: Thats gold. Can you tell me is it unlocked?], [Summary: The conversation begins with the buyer expressing interest in purchasing a phone, while the seller responds positively, indicating availability and urgency by mentioning it's the last one. The buyer's enthusiasm is evident as they inquire further about the phone's specifications, specifically whether it is unlocked. The interaction is straightforward, with the buyer seeking information and the seller providing responses, maintaining a cooperative and transactional tone throughout.]><|eot_id|><|begin_of_text|><|start_header_id|>system<|end_header_id|>

Cutting Knowledge Date: December 2023
Today Date: 26 Jul 2024

FINAL_PRICE: $200.0<|eot_id|>",192,275,200.0,200.0,0.0963855421686747,0.0963855421686747,0.0
C_865884f10a4b487a90010ccce82ff33c,5,"<|begin_of_text|><|start_header_id|>system<|end_header_id|>

Cutting Knowledge Date: December 2023
Today Date: 26 Jul 2024

<|eot_id|><|start_header_id|>user<|end_header_id|>

Analyze this negotiation, given in the format <buyer target, seller target, [negotiation], [summary]> and predict the projected sale price that lies between the buyer and seller targets. Provide only the final answer in the format 'FINAL_PRICE: [number]'
INPUT: <$1687, $1875, [Buyer: Hello, Seller: Hi! Are you here to sign a lease?, Buyer: Yes, I am interested in the apartment. Is it a nice area?], [Summary: The conversation begins with a polite exchange as the buyer expresses interest in leasing an apartment. The buyer's inquiry about the area's quality suggests a cautious and evaluative approach, indicating a need for reassurance before proceeding. The seller's initial response is welcoming, aiming to facilitate the leasing process. The buyer's questions imply a desire for more information, while the seller's role likely involves providing positive assurances to persuade the buyer to finalize the lease.]><|eot_id|>","<|begin_of_text|><|begin_of_text|><|start_header_id|>system<|end_header_id|>

Cutting Knowledge Date: December 2023
Today Date: 26 Jul 2024

<|eot_id|><|start_header_id|>user<|end_header_id|>

Analyze this negotiation, given in the format <buyer target, seller target, [negotiation], [summary]> and predict the projected sale price that lies between the buyer and seller targets. Provide only the final answer in the format 'FINAL_PRICE: [number]'
INPUT: <$1687, $1875, [Buyer: Hello, Seller: Hi! Are you here to sign a lease?, Buyer: Yes, I am interested in the apartment. Is it a nice area?], [Summary: The conversation begins with a polite exchange as the buyer expresses interest in leasing an apartment. The buyer's inquiry about the area's quality suggests a cautious and evaluative approach, indicating a need for reassurance before proceeding. The seller's initial response is welcoming, aiming to facilitate the leasing process. The buyer's questions imply a desire for more information, while the seller's role likely involves providing positive assurances to persuade the buyer to finalize the lease.]><|eot_id|><|begin_of_text|><|start_header_id|>system<|end_header_id|>

Cutting Knowledge Date: December 2023
Today Date: 26 Jul 2024

FINAL_PRICE: $1700.0<|eot_id|>",1687,1875,1800.0,1700.0,0.601063829787234,0.06914893617021277,5.555555555555555
C_88f5a934396f4b56bcf794b24328ea2c,5,"<|begin_of_text|><|start_header_id|>system<|end_header_id|>

Cutting Knowledge Date: December 2023
Today Date: 26 Jul 2024

<|eot_id|><|start_header_id|>user<|end_header_id|>

Analyze this negotiation, given in the format <buyer target, seller target, [negotiation], [summary]> and predict the projected sale price that lies between the buyer and seller targets. Provide only the final answer in the format 'FINAL_PRICE: [number]'
INPUT: <$165, $275, [Seller: Hello. I need to get rid of this item asap. Are you interested in it/, Buyer: Yes very much.Do you know how much it would cost to fix it?, Seller: I think fixing it would cost $50, so I could subtract that from the asking price, if you'd like., Buyer: Whats your bottom dollar on it?], [Summary: The conversation begins with the seller expressing urgency to sell an item, while the buyer shows interest. The seller adopts a cooperative strategy by offering to reduce the price to account for repair costs. The buyer, maintaining a focus on price negotiation, seeks further clarification on the lowest possible price. Both parties remain engaged, with the seller aiming to facilitate a sale and the buyer concentrating on securing a favorable deal.]><|eot_id|>","<|begin_of_text|><|begin_of_text|><|start_header_id|>system<|end_header_id|>

Cutting Knowledge Date: December 2023
Today Date: 26 Jul 2024

<|eot_id|><|start_header_id|>user<|end_header_id|>

Analyze this negotiation, given in the format <buyer target, seller target, [negotiation], [summary]> and predict the projected sale price that lies between the buyer and seller targets. Provide only the final answer in the format 'FINAL_PRICE: [number]'
INPUT: <$165, $275, [Seller: Hello. I need to get rid of this item asap. Are you interested in it/, Buyer: Yes very much.Do you know how much it would cost to fix it?, Seller: I think fixing it would cost $50, so I could subtract that from the asking price, if you'd like., Buyer: Whats your bottom dollar on it?], [Summary: The conversation begins with the seller expressing urgency to sell an item, while the buyer shows interest. The seller adopts a cooperative strategy by offering to reduce the price to account for repair costs. The buyer, maintaining a focus on price negotiation, seeks further clarification on the lowest possible price. Both parties remain engaged, with the seller aiming to facilitate a sale and the buyer concentrating on securing a favorable deal.]><|eot_id|><|begin_of_text|><|start_header_id|>system<|end_header_id|>

Cutting Knowledge Date: December 2023
Today Date: 26 Jul 2024

FINAL_PRICE: $175.0<|eot_id|>",165,275,212.0,175.0,0.42727272727272725,0.09090909090909091,6.4575471698113205
C_8961f0c5e6b1441d96aa4dc7b5ad4a7c,5,"<|begin_of_text|><|start_header_id|>system<|end_header_id|>

Cutting Knowledge Date: December 2023
Today Date: 26 Jul 2024

<|eot_id|><|start_header_id|>user<|end_header_id|>

Analyze this negotiation, given in the format <buyer target, seller target, [negotiation], [summary]> and predict the projected sale price that lies between the buyer and seller targets. Provide only the final answer in the format 'FINAL_PRICE: [number]'
INPUT: <$118, $170, [Buyer: Hi is the bike still available?, Seller: Hi, are you interested in this bike? Yes, it is still available., Buyer: Yes I am. So are you only getting rid of it because it is too small for you? No other issues?, Seller: Yes. It is in great condition still and I barely used it., Buyer: but it was used when you bought it off craigslist, correct?, Seller: I bought it new], [Summary: The conversation begins with the buyer expressing interest and verifying the bike's availability. The seller responds positively, aiming to reassure the buyer about the bike's condition. The buyer probes further, seeking clarification on the bike's history and potential issues. The seller maintains a consistent, reassuring tone, emphasizing the bike's good condition and clarifying its purchase history to address the buyer's concerns. The interaction remains polite and focused on transparency.]><|eot_id|>","<|begin_of_text|><|begin_of_text|><|start_header_id|>system<|end_header_id|>

Cutting Knowledge Date: December 2023
Today Date: 26 Jul 2024

<|eot_id|><|start_header_id|>user<|end_header_id|>

Analyze this negotiation, given in the format <buyer target, seller target, [negotiation], [summary]> and predict the projected sale price that lies between the buyer and seller targets. Provide only the final answer in the format 'FINAL_PRICE: [number]'
INPUT: <$118, $170, [Buyer: Hi is the bike still available?, Seller: Hi, are you interested in this bike? Yes, it is still available., Buyer: Yes I am. So are you only getting rid of it because it is too small for you? No other issues?, Seller: Yes. It is in great condition still and I barely used it., Buyer: but it was used when you bought it off craigslist, correct?, Seller: I bought it new], [Summary: The conversation begins with the buyer expressing interest and verifying the bike's availability. The seller responds positively, aiming to reassure the buyer about the bike's condition. The buyer probes further, seeking clarification on the bike's history and potential issues. The seller maintains a consistent, reassuring tone, emphasizing the bike's good condition and clarifying its purchase history to address the buyer's concerns. The interaction remains polite and focused on transparency.]><|eot_id|><|begin_of_text|><|start_header_id|>system<|end_header_id|>

Cutting Knowledge Date: December 2023
Today Date: 26 Jul 2024

FINAL_PRICE: $150.0<|eot_id|>",118,170,120.0,150.0,0.038461538461538464,0.6153846153846154,7.5
C_8b7d23c0f5944ff0a3280ed0da303399,5,"<|begin_of_text|><|start_header_id|>system<|end_header_id|>

Cutting Knowledge Date: December 2023
Today Date: 26 Jul 2024

<|eot_id|><|start_header_id|>user<|end_header_id|>

Analyze this negotiation, given in the format <buyer target, seller target, [negotiation], [summary]> and predict the projected sale price that lies between the buyer and seller targets. Provide only the final answer in the format 'FINAL_PRICE: [number]'
INPUT: <$300, $600, [Seller: Hello, Buyer: hey, since it's used how about half price?, Seller: How much would you like to buy this for?, Buyer: could you do 250], [Summary: The conversation begins with the buyer expressing interest in purchasing an item at a reduced price due to its used condition. The seller responds by inviting the buyer to propose a specific offer, indicating a willingness to negotiate. The buyer then suggests a price of $250, demonstrating their intention to reach a mutually agreeable deal. The interaction is characterized by a cooperative tone, with both parties open to negotiation.]><|eot_id|>","<|begin_of_text|><|begin_of_text|><|start_header_id|>system<|end_header_id|>

Cutting Knowledge Date: December 2023
Today Date: 26 Jul 2024

<|eot_id|><|start_header_id|>user<|end_header_id|>

Analyze this negotiation, given in the format <buyer target, seller target, [negotiation], [summary]> and predict the projected sale price that lies between the buyer and seller targets. Provide only the final answer in the format 'FINAL_PRICE: [number]'
INPUT: <$300, $600, [Seller: Hello, Buyer: hey, since it's used how about half price?, Seller: How much would you like to buy this for?, Buyer: could you do 250], [Summary: The conversation begins with the buyer expressing interest in purchasing an item at a reduced price due to its used condition. The seller responds by inviting the buyer to propose a specific offer, indicating a willingness to negotiate. The buyer then suggests a price of $250, demonstrating their intention to reach a mutually agreeable deal. The interaction is characterized by a cooperative tone, with both parties open to negotiation.]><|eot_id|><|begin_of_text|><|start_header_id|>system<|end_header_id|>

Cutting Knowledge Date: December 2023
Today Date: 26 Jul 2024

FINAL_PRICE: $400.0<|eot_id|>",300,600,350.0,400.0,0.16666666666666666,0.3333333333333333,7.142857142857143
C_8bcde152a6324703b0fc7ad86ef84011,5,"<|begin_of_text|><|start_header_id|>system<|end_header_id|>

Cutting Knowledge Date: December 2023
Today Date: 26 Jul 2024

<|eot_id|><|start_header_id|>user<|end_header_id|>

Analyze this negotiation, given in the format <buyer target, seller target, [negotiation], [summary]> and predict the projected sale price that lies between the buyer and seller targets. Provide only the final answer in the format 'FINAL_PRICE: [number]'
INPUT: <$721, $949, [Buyer: Hi, Seller: Hello, how are you?, Buyer: good thanks, interested in the amp., Seller: Great! The amp is in mint condition. It even has  built in wifi and blue tooth], [Summary: The conversation begins with a polite exchange of greetings, establishing a friendly tone. The buyer expresses interest in purchasing an item, specifically an amp. The seller responds enthusiastically, highlighting the amp's excellent condition and additional features. The seller's strategy is to emphasize the product's quality and modern capabilities, aiming to persuade the buyer of its value. The interaction remains positive and focused on facilitating a potential sale.]><|eot_id|>","<|begin_of_text|><|begin_of_text|><|start_header_id|>system<|end_header_id|>

Cutting Knowledge Date: December 2023
Today Date: 26 Jul 2024

<|eot_id|><|start_header_id|>user<|end_header_id|>

Analyze this negotiation, given in the format <buyer target, seller target, [negotiation], [summary]> and predict the projected sale price that lies between the buyer and seller targets. Provide only the final answer in the format 'FINAL_PRICE: [number]'
INPUT: <$721, $949, [Buyer: Hi, Seller: Hello, how are you?, Buyer: good thanks, interested in the amp., Seller: Great! The amp is in mint condition. It even has  built in wifi and blue tooth], [Summary: The conversation begins with a polite exchange of greetings, establishing a friendly tone. The buyer expresses interest in purchasing an item, specifically an amp. The seller responds enthusiastically, highlighting the amp's excellent condition and additional features. The seller's strategy is to emphasize the product's quality and modern capabilities, aiming to persuade the buyer of its value. The interaction remains positive and focused on facilitating a potential sale.]><|eot_id|><|begin_of_text|><|start_header_id|>system<|end_header_id|>

Cutting Knowledge Date: December 2023
Today Date: 26 Jul 2024

FINAL_PRICE: $800.0<|eot_id|>",721,949,721.0,800.0,0.0,0.34649122807017546,8.656033287101248
C_8c342b65e72e4956afe3b89b5d17eb22,5,"<|begin_of_text|><|start_header_id|>system<|end_header_id|>

Cutting Knowledge Date: December 2023
Today Date: 26 Jul 2024

<|eot_id|><|start_header_id|>user<|end_header_id|>

Analyze this negotiation, given in the format <buyer target, seller target, [negotiation], [summary]> and predict the projected sale price that lies between the buyer and seller targets. Provide only the final answer in the format 'FINAL_PRICE: [number]'
INPUT: <$30, $50, [Buyer: Hey there how are you?, Seller: I'm fine, thank you., Buyer: I see you have that nice sub box, how low are you willing to go on it?], [Summary: The conversation begins with a polite exchange of greetings, establishing a friendly tone. The buyer then shifts the focus to negotiating the price of an item, indicating an intention to engage in a transaction. The buyer's approach is direct and seeks to explore the seller's flexibility, suggesting a strategy aimed at reaching a mutually agreeable deal. The seller's response is not included, so their strategy and sentiment remain unknown.]><|eot_id|>","<|begin_of_text|><|begin_of_text|><|start_header_id|>system<|end_header_id|>

Cutting Knowledge Date: December 2023
Today Date: 26 Jul 2024

<|eot_id|><|start_header_id|>user<|end_header_id|>

Analyze this negotiation, given in the format <buyer target, seller target, [negotiation], [summary]> and predict the projected sale price that lies between the buyer and seller targets. Provide only the final answer in the format 'FINAL_PRICE: [number]'
INPUT: <$30, $50, [Buyer: Hey there how are you?, Seller: I'm fine, thank you., Buyer: I see you have that nice sub box, how low are you willing to go on it?], [Summary: The conversation begins with a polite exchange of greetings, establishing a friendly tone. The buyer then shifts the focus to negotiating the price of an item, indicating an intention to engage in a transaction. The buyer's approach is direct and seeks to explore the seller's flexibility, suggesting a strategy aimed at reaching a mutually agreeable deal. The seller's response is not included, so their strategy and sentiment remain unknown.]><|eot_id|><|begin_of_text|><|start_header_id|>system<|end_header_id|>

Cutting Knowledge Date: December 2023
Today Date: 26 Jul 2024

Cutting Knowledge Date: December 2023
Today Date: 26 Jul 2024

FINAL_PRICE: $40.0<|eot_id|>",30,50,30.0,40.0,0.0,0.5,3.3333333333333335
C_94d4155e2c254de79a40654553e3d82a,5,"<|begin_of_text|><|start_header_id|>system<|end_header_id|>

Cutting Knowledge Date: December 2023
Today Date: 26 Jul 2024

<|eot_id|><|start_header_id|>user<|end_header_id|>

Analyze this negotiation, given in the format <buyer target, seller target, [negotiation], [summary]> and predict the projected sale price that lies between the buyer and seller targets. Provide only the final answer in the format 'FINAL_PRICE: [number]'
INPUT: <$45, $75, [Buyer: Hello, Seller: hello I am selling my casio ex word data plus japanese dictionary, Buyer: Does it have to be connected to the Internet to work?, Seller: it comes with USB cable so it will need to be connected], [Summary: The conversation begins with a straightforward inquiry from the buyer about the product's functionality. The seller responds with a factual clarification, indicating that the device requires a USB connection to operate. The exchange is brief and focused, with both parties maintaining a neutral and informative tone. The buyer seeks specific information, while the seller provides a direct answer, suggesting a straightforward transactional interaction without any evident shift in sentiment or strategy.]><|eot_id|>","<|begin_of_text|><|begin_of_text|><|start_header_id|>system<|end_header_id|>

Cutting Knowledge Date: December 2023
Today Date: 26 Jul 2024

<|eot_id|><|start_header_id|>user<|end_header_id|>

Analyze this negotiation, given in the format <buyer target, seller target, [negotiation], [summary]> and predict the projected sale price that lies between the buyer and seller targets. Provide only the final answer in the format 'FINAL_PRICE: [number]'
INPUT: <$45, $75, [Buyer: Hello, Seller: hello I am selling my casio ex word data plus japanese dictionary, Buyer: Does it have to be connected to the Internet to work?, Seller: it comes with USB cable so it will need to be connected], [Summary: The conversation begins with a straightforward inquiry from the buyer about the product's functionality. The seller responds with a factual clarification, indicating that the device requires a USB connection to operate. The exchange is brief and focused, with both parties maintaining a neutral and informative tone. The buyer seeks specific information, while the seller provides a direct answer, suggesting a straightforward transactional interaction without any evident shift in sentiment or strategy.]><|eot_id|><|begin_of_text|><|start_header_id|>system<|end_header_id|>

Cutting Knowledge Date: December 2023
Today Date: 26 Jul 2024

FINAL_PRICE: $50.0<|eot_id|>",45,75,50.0,50.0,0.16666666666666666,0.16666666666666666,0.0
C_97344a43625645f38cf6158c8fa1006d,5,"<|begin_of_text|><|start_header_id|>system<|end_header_id|>

Cutting Knowledge Date: December 2023
Today Date: 26 Jul 2024

<|eot_id|><|start_header_id|>user<|end_header_id|>

Analyze this negotiation, given in the format <buyer target, seller target, [negotiation], [summary]> and predict the projected sale price that lies between the buyer and seller targets. Provide only the final answer in the format 'FINAL_PRICE: [number]'
INPUT: <$937, $1875, [Buyer: HI, Seller: Hello! Could I interest you in this lovely place!, Buyer: YES! Can you tell me the smoking policy?, Seller: There is no smoking allowed on our property.], [Summary: The conversation begins with a friendly greeting from both parties, indicating openness and interest. The buyer expresses enthusiasm and curiosity about the property, specifically inquiring about the smoking policy. The seller responds promptly and clearly, maintaining a professional and informative tone. The interaction is straightforward, with the buyer's interest and the seller's helpfulness persisting throughout the exchange.]><|eot_id|>","<|begin_of_text|><|begin_of_text|><|start_header_id|>system<|end_header_id|>

Cutting Knowledge Date: December 2023
Today Date: 26 Jul 2024

<|eot_id|><|start_header_id|>user<|end_header_id|>

Analyze this negotiation, given in the format <buyer target, seller target, [negotiation], [summary]> and predict the projected sale price that lies between the buyer and seller targets. Provide only the final answer in the format 'FINAL_PRICE: [number]'
INPUT: <$937, $1875, [Buyer: HI, Seller: Hello! Could I interest you in this lovely place!, Buyer: YES! Can you tell me the smoking policy?, Seller: There is no smoking allowed on our property.], [Summary: The conversation begins with a friendly greeting from both parties, indicating openness and interest. The buyer expresses enthusiasm and curiosity about the property, specifically inquiring about the smoking policy. The seller responds promptly and clearly, maintaining a professional and informative tone. The interaction is straightforward, with the buyer's interest and the seller's helpfulness persisting throughout the exchange.]><|eot_id|><|begin_of_text|><|start_header_id|>system<|end_header_id|>

Cutting Knowledge Date: December 2023
Today Date: 26 Jul 2024

FINAL_PRICE: $1500.0<|eot_id|>",937,1875,1250.0,1500.0,0.3336886993603412,0.6002132196162047,50.0
C_97acd5cc34674d95a44aa75f8b634019,5,"<|begin_of_text|><|start_header_id|>system<|end_header_id|>

Cutting Knowledge Date: December 2023
Today Date: 26 Jul 2024

<|eot_id|><|start_header_id|>user<|end_header_id|>

Analyze this negotiation, given in the format <buyer target, seller target, [negotiation], [summary]> and predict the projected sale price that lies between the buyer and seller targets. Provide only the final answer in the format 'FINAL_PRICE: [number]'
INPUT: <$4408, $5800, [Buyer: Hi, I am interested in the car you have advertise, Seller: Okay, do you have any questions about it?, Buyer: What is the mechanical condition? Any issues with the interior? Any issues with paint? Why are you selling it?, Seller: I'm selling it because I never drive it anymore, but it's in fine condition for a 12 year old car with 149,500 miles on it.], [Summary: The conversation begins with the buyer expressing interest and asking detailed questions about the car's condition and the reason for selling. The seller responds with a straightforward explanation, addressing the buyer's inquiries and providing context for the sale. The exchange reflects a transactional tone, with the buyer seeking assurance and the seller maintaining a factual, informative stance to facilitate the potential sale.]><|eot_id|>","<|begin_of_text|><|begin_of_text|><|start_header_id|>system<|end_header_id|>

Cutting Knowledge Date: December 2023
Today Date: 26 Jul 2024

<|eot_id|><|start_header_id|>user<|end_header_id|>

Analyze this negotiation, given in the format <buyer target, seller target, [negotiation], [summary]> and predict the projected sale price that lies between the buyer and seller targets. Provide only the final answer in the format 'FINAL_PRICE: [number]'
INPUT: <$4408, $5800, [Buyer: Hi, I am interested in the car you have advertise, Seller: Okay, do you have any questions about it?, Buyer: What is the mechanical condition? Any issues with the interior? Any issues with paint? Why are you selling it?, Seller: I'm selling it because I never drive it anymore, but it's in fine condition for a 12 year old car with 149,500 miles on it.], [Summary: The conversation begins with the buyer expressing interest and asking detailed questions about the car's condition and the reason for selling. The seller responds with a straightforward explanation, addressing the buyer's inquiries and providing context for the sale. The exchange reflects a transactional tone, with the buyer seeking assurance and the seller maintaining a factual, informative stance to facilitate the potential sale.]><|eot_id|><|begin_of_text|><|start_header_id|>system<|end_header_id|>

Cutting Knowledge Date: December 2023
Today Date: 26 Jul 2024

FINAL_PRICE: $4500.0<|eot_id|>",4408,5800,4850.0,4500.0,0.3175287356321839,0.06609195402298851,25.257731958762886
C_9c06739e4d404908a8079a183c71b220,5,"<|begin_of_text|><|start_header_id|>system<|end_header_id|>

Cutting Knowledge Date: December 2023
Today Date: 26 Jul 2024

<|eot_id|><|start_header_id|>user<|end_header_id|>

Analyze this negotiation, given in the format <buyer target, seller target, [negotiation], [summary]> and predict the projected sale price that lies between the buyer and seller targets. Provide only the final answer in the format 'FINAL_PRICE: [number]'
INPUT: <$250, $500, [Buyer: hello, Seller: Hi!, Buyer: im interested in your bed, Seller: yes thank you for your interest, I am selling a dollhouse princess bunk bed which can fit a full size bed down and twin on top, Buyer: is anything wrong with it?, Seller: nothing at all. It's about 5 years old and really solid], [Summary: The conversation begins with the buyer expressing interest in the seller's item, indicating a potential purchase. The seller responds positively and provides a brief description of the product. The buyer then seeks reassurance about the item's condition, to which the seller confidently responds, emphasizing the item's solid state despite its age. The interaction maintains a polite and informative tone, with the seller aiming to reassure and persuade the buyer of the item's quality.]><|eot_id|>","<|begin_of_text|><|begin_of_text|><|start_header_id|>system<|end_header_id|>

Cutting Knowledge Date: December 2023
Today Date: 26 Jul 2024

<|eot_id|><|start_header_id|>user<|end_header_id|>

Analyze this negotiation, given in the format <buyer target, seller target, [negotiation], [summary]> and predict the projected sale price that lies between the buyer and seller targets. Provide only the final answer in the format 'FINAL_PRICE: [number]'
INPUT: <$250, $500, [Buyer: hello, Seller: Hi!, Buyer: im interested in your bed, Seller: yes thank you for your interest, I am selling a dollhouse princess bunk bed which can fit a full size bed down and twin on top, Buyer: is anything wrong with it?, Seller: nothing at all. It's about 5 years old and really solid], [Summary: The conversation begins with the buyer expressing interest in the seller's item, indicating a potential purchase. The seller responds positively and provides a brief description of the product. The buyer then seeks reassurance about the item's condition, to which the seller confidently responds, emphasizing the item's solid state despite its age. The interaction maintains a polite and informative tone, with the seller aiming to reassure and persuade the buyer of the item's quality.]><|eot_id|><|begin_of_text|><|start_header_id|>system<|end_header_id|>

Cutting Knowledge Date: December 2023
Today Date: 26 Jul 2024

FINAL_PRICE: $350.0<|eot_id|>",250,500,300.0,350.0,0.2,0.4,8.333333333333334
C_9e5503d6553b4c7e8fef40743a5c0645,5,"<|begin_of_text|><|start_header_id|>system<|end_header_id|>

Cutting Knowledge Date: December 2023
Today Date: 26 Jul 2024

<|eot_id|><|start_header_id|>user<|end_header_id|>

Analyze this negotiation, given in the format <buyer target, seller target, [negotiation], [summary]> and predict the projected sale price that lies between the buyer and seller targets. Provide only the final answer in the format 'FINAL_PRICE: [number]'
INPUT: <$73, $80, [Seller: Hi, any questions about the listing?, Buyer: Yes, how old is the lamp?, Seller: I received it as a gift recently. It's practically new, as stated in the advert.], [Summary: The conversation begins with the seller offering assistance, indicating a willingness to engage. The buyer's inquiry about the lamp's age suggests interest but also a need for reassurance. The seller responds by emphasizing the lamp's newness and aligning with the advertisement, maintaining a positive and informative tone. Throughout, the seller remains consistent in their intent to reassure the buyer, while the buyer's approach is cautious but curious.]><|eot_id|>","<|begin_of_text|><|begin_of_text|><|start_header_id|>system<|end_header_id|>

Cutting Knowledge Date: December 2023
Today Date: 26 Jul 2024

<|eot_id|><|start_header_id|>user<|end_header_id|>

Analyze this negotiation, given in the format <buyer target, seller target, [negotiation], [summary]> and predict the projected sale price that lies between the buyer and seller targets. Provide only the final answer in the format 'FINAL_PRICE: [number]'
INPUT: <$73, $80, [Seller: Hi, any questions about the listing?, Buyer: Yes, how old is the lamp?, Seller: I received it as a gift recently. It's practically new, as stated in the advert.], [Summary: The conversation begins with the seller offering assistance, indicating a willingness to engage. The buyer's inquiry about the lamp's age suggests interest but also a need for reassurance. The seller responds by emphasizing the lamp's newness and aligning with the advertisement, maintaining a positive and informative tone. Throughout, the seller remains consistent in their intent to reassure the buyer, while the buyer's approach is cautious but curious.]><|eot_id|><|begin_of_text|><|start_header_id|>system<|end_header_id|>

Cutting Knowledge Date: December 2023
Today Date: 26 Jul 2024

FINAL_PRICE: $75.0<|eot_id|>",73,80,75.0,75.0,0.2857142857142857,0.2857142857142857,0.0
C_9fb266a846b94398a10960454571c139,5,"<|begin_of_text|><|start_header_id|>system<|end_header_id|>

Cutting Knowledge Date: December 2023
Today Date: 26 Jul 2024

<|eot_id|><|start_header_id|>user<|end_header_id|>

Analyze this negotiation, given in the format <buyer target, seller target, [negotiation], [summary]> and predict the projected sale price that lies between the buyer and seller targets. Provide only the final answer in the format 'FINAL_PRICE: [number]'
INPUT: <$360, $600, [Seller: Hey, Buyer: hello is the price on the bike negotiable, Seller: What do you have in mind?], [Summary: The conversation begins with a straightforward greeting, followed by the buyer expressing interest in negotiating the bike's price. The seller responds with openness, inviting the buyer to propose an offer. This indicates a willingness to engage in a negotiation process, with both parties maintaining a polite and cooperative tone. The seller's response suggests a flexible approach, while the buyer's inquiry signals an intention to discuss terms further.]><|eot_id|>","<|begin_of_text|><|begin_of_text|><|start_header_id|>system<|end_header_id|>

Cutting Knowledge Date: December 2023
Today Date: 26 Jul 2024

<|eot_id|><|start_header_id|>user<|end_header_id|>

Analyze this negotiation, given in the format <buyer target, seller target, [negotiation], [summary]> and predict the projected sale price that lies between the buyer and seller targets. Provide only the final answer in the format 'FINAL_PRICE: [number]'
INPUT: <$360, $600, [Seller: Hey, Buyer: hello is the price on the bike negotiable, Seller: What do you have in mind?], [Summary: The conversation begins with a straightforward greeting, followed by the buyer expressing interest in negotiating the bike's price. The seller responds with openness, inviting the buyer to propose an offer. This indicates a willingness to engage in a negotiation process, with both parties maintaining a polite and cooperative tone. The seller's response suggests a flexible approach, while the buyer's inquiry signals an intention to discuss terms further.]><|eot_id|><|begin_of_text|><|start_header_id|>system<|end_header_id|>

Cutting Knowledge Date: December 2023
Today Date: 26 Jul 2024

FINAL_PRICE: $425.0<|eot_id|>",360,600,500.0,425.0,0.5833333333333334,0.2708333333333333,11.25
C_a39bea3a0f1c49bc8f233ce7a10f68a4,5,"<|begin_of_text|><|start_header_id|>system<|end_header_id|>

Cutting Knowledge Date: December 2023
Today Date: 26 Jul 2024

<|eot_id|><|start_header_id|>user<|end_header_id|>

Analyze this negotiation, given in the format <buyer target, seller target, [negotiation], [summary]> and predict the projected sale price that lies between the buyer and seller targets. Provide only the final answer in the format 'FINAL_PRICE: [number]'
INPUT: <$26500, $53000, [Seller: Hello, Buyer: Hello. Beautiful car!, Seller: Thanks, it is a great little car., Buyer: What's the milage on it?, Seller: It only has 15k miles on it. I only drive it on weekends., Buyer: Are you the orignal owner?], [Summary: The conversation begins with a friendly exchange, with the buyer expressing admiration for the car. The seller responds positively, highlighting the car's appeal. The buyer then shifts to a more inquisitive tone, asking about the car's mileage and ownership history, indicating a growing interest and intent to gather more information. The seller maintains a cooperative and informative stance, aiming to reassure and provide details to facilitate the buyer's decision-making process.]><|eot_id|>","<|begin_of_text|><|begin_of_text|><|start_header_id|>system<|end_header_id|>

Cutting Knowledge Date: December 2023
Today Date: 26 Jul 2024

<|eot_id|><|start_header_id|>user<|end_header_id|>

Analyze this negotiation, given in the format <buyer target, seller target, [negotiation], [summary]> and predict the projected sale price that lies between the buyer and seller targets. Provide only the final answer in the format 'FINAL_PRICE: [number]'
INPUT: <$26500, $53000, [Seller: Hello, Buyer: Hello. Beautiful car!, Seller: Thanks, it is a great little car., Buyer: What's the milage on it?, Seller: It only has 15k miles on it. I only drive it on weekends., Buyer: Are you the orignal owner?], [Summary: The conversation begins with a friendly exchange, with the buyer expressing admiration for the car. The seller responds positively, highlighting the car's appeal. The buyer then shifts to a more inquisitive tone, asking about the car's mileage and ownership history, indicating a growing interest and intent to gather more information. The seller maintains a cooperative and informative stance, aiming to reassure and provide details to facilitate the buyer's decision-making process.]><|eot_id|><|begin_of_text|><|start_header_id|>system<|end_header_id|>

Cutting Knowledge Date: December 2023
Today Date: 26 Jul 2024

FINAL_PRICE: $31500.0<|eot_id|>",26500,53000,50000.0,31500.0,0.8867924528301887,0.18867924528301888,6845.0
C_a4ae7a36b0e44789b719f10dc977daa0,5,"<|begin_of_text|><|start_header_id|>system<|end_header_id|>

Cutting Knowledge Date: December 2023
Today Date: 26 Jul 2024

<|eot_id|><|start_header_id|>user<|end_header_id|>

Analyze this negotiation, given in the format <buyer target, seller target, [negotiation], [summary]> and predict the projected sale price that lies between the buyer and seller targets. Provide only the final answer in the format 'FINAL_PRICE: [number]'
INPUT: <$1651, $1795, [Seller: hello, Buyer: Hi, I'm interested in renting your apartment., Seller: Great!  I've had a lot of people looking at it.  Utilities are paid by the renter, it has new floors and the kitchen has a stainless steel stove, a microwave and refrigerator.], [Summary: The conversation begins with the buyer expressing interest in renting the apartment, while the seller responds enthusiastically, highlighting the apartment's features and mentioning its popularity. The seller's strategy is to create urgency and showcase the apartment's appeal, aiming to persuade the buyer of its value. The buyer's initial interest sets a positive tone, and the seller maintains this by emphasizing desirable aspects and the competitive interest in the property.]><|eot_id|>","<|begin_of_text|><|begin_of_text|><|start_header_id|>system<|end_header_id|>

Cutting Knowledge Date: December 2023
Today Date: 26 Jul 2024

<|eot_id|><|start_header_id|>user<|end_header_id|>

Analyze this negotiation, given in the format <buyer target, seller target, [negotiation], [summary]> and predict the projected sale price that lies between the buyer and seller targets. Provide only the final answer in the format 'FINAL_PRICE: [number]'
INPUT: <$1651, $1795, [Seller: hello, Buyer: Hi, I'm interested in renting your apartment., Seller: Great!  I've had a lot of people looking at it.  Utilities are paid by the renter, it has new floors and the kitchen has a stainless steel stove, a microwave and refrigerator.], [Summary: The conversation begins with the buyer expressing interest in renting the apartment, while the seller responds enthusiastically, highlighting the apartment's features and mentioning its popularity. The seller's strategy is to create urgency and showcase the apartment's appeal, aiming to persuade the buyer of its value. The buyer's initial interest sets a positive tone, and the seller maintains this by emphasizing desirable aspects and the competitive interest in the property.]><|eot_id|><|begin_of_text|><|start_header_id|>system<|end_header_id|>

Cutting Knowledge Date: December 2023
Today Date: 26 Jul 2024

FINAL_PRICE: $1651.0<|eot_id|>",1651,1795,1651.0,1651.0,0.0,0.0,0.0
C_a4ca81848d9f48c69fc14efd59670f6d,5,"<|begin_of_text|><|start_header_id|>system<|end_header_id|>

Cutting Knowledge Date: December 2023
Today Date: 26 Jul 2024

<|eot_id|><|start_header_id|>user<|end_header_id|>

Analyze this negotiation, given in the format <buyer target, seller target, [negotiation], [summary]> and predict the projected sale price that lies between the buyer and seller targets. Provide only the final answer in the format 'FINAL_PRICE: [number]'
INPUT: <$15200, $20000, [Buyer: Hi. How many miles are on this car?, Seller: 65000 original miles. It has been well maintained and I have all the records., Buyer: Great! Last week I saw a similar vehicle with 70000 miles for 14,500. So 20000 is too high for me. Would you be willing to take $15200?], [Summary: The conversation begins with the buyer inquiring about the car's mileage, to which the seller responds positively, emphasizing the car's maintenance and records. The buyer then shifts to a negotiation strategy, referencing a similar vehicle to justify a lower offer. The buyer's tone remains polite but firm, aiming to persuade the seller to consider a reduced price. The seller's initial response is not included, but the buyer's approach suggests a willingness to negotiate.]><|eot_id|>","<|begin_of_text|><|begin_of_text|><|start_header_id|>system<|end_header_id|>

Cutting Knowledge Date: December 2023
Today Date: 26 Jul 2024

<|eot_id|><|start_header_id|>user<|end_header_id|>

Analyze this negotiation, given in the format <buyer target, seller target, [negotiation], [summary]> and predict the projected sale price that lies between the buyer and seller targets. Provide only the final answer in the format 'FINAL_PRICE: [number]'
INPUT: <$15200, $20000, [Buyer: Hi. How many miles are on this car?, Seller: 65000 original miles. It has been well maintained and I have all the records., Buyer: Great! Last week I saw a similar vehicle with 70000 miles for 14,500. So 20000 is too high for me. Would you be willing to take $15200?], [Summary: The conversation begins with the buyer inquiring about the car's mileage, to which the seller responds positively, emphasizing the car's maintenance and records. The buyer then shifts to a negotiation strategy, referencing a similar vehicle to justify a lower offer. The buyer's tone remains polite but firm, aiming to persuade the seller to consider a reduced price. The seller's initial response is not included, but the buyer's approach suggests a willingness to negotiate.]><|eot_id|><|begin_of_text|><|start_header_id|>system<|end_header_id|>

Cutting Knowledge Date: December 2023
Today Date: 26 Jul 2024

FINAL_PRICE: $16500.0<|eot_id|>",15200,20000,18000.0,16500.0,0.5833333333333334,0.2708333333333333,125.0
C_a6b82bd32468454ca055b415aaeb3827,5,"<|begin_of_text|><|start_header_id|>system<|end_header_id|>

Cutting Knowledge Date: December 2023
Today Date: 26 Jul 2024

<|eot_id|><|start_header_id|>user<|end_header_id|>

Analyze this negotiation, given in the format <buyer target, seller target, [negotiation], [summary]> and predict the projected sale price that lies between the buyer and seller targets. Provide only the final answer in the format 'FINAL_PRICE: [number]'
INPUT: <$947, $1895, [Seller: Hello, Buyer: Hi there, Seller: Interested in this property?, Buyer: Yeah, but it looks like it might need some work that I would have to pay for, so I was hoping I could get it for $850, Seller: I can't do that. It's been updated recently and has stainless steel appliances. It's a beautiful studio in a great neighborhood. 1895 is a steal], [Summary: The conversation begins with a polite exchange of greetings, followed by the buyer expressing interest but also concern about potential costs, using this as a basis to negotiate a lower price. The seller responds firmly, emphasizing the property's recent updates and desirable features to justify the asking price, maintaining a strong stance against lowering it. The interaction reflects a negotiation dynamic, with the buyer seeking a deal and the seller reinforcing the property's value.]><|eot_id|>","<|begin_of_text|><|begin_of_text|><|start_header_id|>system<|end_header_id|>

Cutting Knowledge Date: December 2023
Today Date: 26 Jul 2024

<|eot_id|><|start_header_id|>user<|end_header_id|>

Analyze this negotiation, given in the format <buyer target, seller target, [negotiation], [summary]> and predict the projected sale price that lies between the buyer and seller targets. Provide only the final answer in the format 'FINAL_PRICE: [number]'
INPUT: <$947, $1895, [Seller: Hello, Buyer: Hi there, Seller: Interested in this property?, Buyer: Yeah, but it looks like it might need some work that I would have to pay for, so I was hoping I could get it for $850, Seller: I can't do that. It's been updated recently and has stainless steel appliances. It's a beautiful studio in a great neighborhood. 1895 is a steal], [Summary: The conversation begins with a polite exchange of greetings, followed by the buyer expressing interest but also concern about potential costs, using this as a basis to negotiate a lower price. The seller responds firmly, emphasizing the property's recent updates and desirable features to justify the asking price, maintaining a strong stance against lowering it. The interaction reflects a negotiation dynamic, with the buyer seeking a deal and the seller reinforcing the property's value.]><|eot_id|><|begin_of_text|><|start_header_id|>system<|end_header_id|>

Cutting Knowledge Date: December 2023
Today Date: 26 Jul 2024

FINAL_PRICE: $1500.0<|eot_id|>",947,1895,1300.0,1500.0,0.37236286919831224,0.5833333333333334,30.76923076923077
C_a85d50e268084b3eacb598fbb51afbb0,5,"<|begin_of_text|><|start_header_id|>system<|end_header_id|>

Cutting Knowledge Date: December 2023
Today Date: 26 Jul 2024

<|eot_id|><|start_header_id|>user<|end_header_id|>

Analyze this negotiation, given in the format <buyer target, seller target, [negotiation], [summary]> and predict the projected sale price that lies between the buyer and seller targets. Provide only the final answer in the format 'FINAL_PRICE: [number]'
INPUT: <$82, $138, [Buyer: Hi, interested in the motor., Seller: Thanks. I'm listing it for $138, Buyer: Ya I saw that, any wiggle room on that price?, Seller: As you know, it will be delivered speedily but I'm willing to take $130], [Summary: The conversation begins with the buyer expressing interest in the motor and inquiring about price flexibility. The seller maintains a polite and open stance, emphasizing the value of speedy delivery while showing a willingness to negotiate by reducing the price slightly. The exchange reflects a cooperative tone, with both parties engaging in a typical buyer-seller negotiation, where the buyer seeks a better deal and the seller remains accommodating yet firm on the product's value.]><|eot_id|>","<|begin_of_text|><|begin_of_text|><|start_header_id|>system<|end_header_id|>

Cutting Knowledge Date: December 2023
Today Date: 26 Jul 2024

<|eot_id|><|start_header_id|>user<|end_header_id|>

Analyze this negotiation, given in the format <buyer target, seller target, [negotiation], [summary]> and predict the projected sale price that lies between the buyer and seller targets. Provide only the final answer in the format 'FINAL_PRICE: [number]'
INPUT: <$82, $138, [Buyer: Hi, interested in the motor., Seller: Thanks. I'm listing it for $138, Buyer: Ya I saw that, any wiggle room on that price?, Seller: As you know, it will be delivered speedily but I'm willing to take $130], [Summary: The conversation begins with the buyer expressing interest in the motor and inquiring about price flexibility. The seller maintains a polite and open stance, emphasizing the value of speedy delivery while showing a willingness to negotiate by reducing the price slightly. The exchange reflects a cooperative tone, with both parties engaging in a typical buyer-seller negotiation, where the buyer seeks a better deal and the seller remains accommodating yet firm on the product's value.]><|eot_id|><|begin_of_text|><|start_header_id|>system<|end_header_id|>

Cutting Knowledge Date: December 2023
Today Date: 26 Jul 2024

FINAL_PRICE: $82.0<|eot_id|>",82,138,115.0,82.0,0.5892857142857143,0.0,9.469565217391304
C_a90036bbce214ed3ac7bfef9b86f9dfb,5,"<|begin_of_text|><|start_header_id|>system<|end_header_id|>

Cutting Knowledge Date: December 2023
Today Date: 26 Jul 2024

<|eot_id|><|start_header_id|>user<|end_header_id|>

Analyze this negotiation, given in the format <buyer target, seller target, [negotiation], [summary]> and predict the projected sale price that lies between the buyer and seller targets. Provide only the final answer in the format 'FINAL_PRICE: [number]'
INPUT: <$1260, $1400, [Buyer: Hi is the studio still available?, Seller: hi yes its absolutely available, Buyer: Ok are utilities included in the $1400 asking price?, Seller: yes they are], [Summary: The conversation begins with the buyer inquiring about the availability of a studio, to which the seller responds positively and affirmatively. The buyer then seeks clarification on the inclusion of utilities in the asking price, and the seller promptly confirms their inclusion. Throughout the exchange, both parties maintain a straightforward and cooperative tone, with the buyer seeking specific information and the seller providing clear and concise responses.]><|eot_id|>","<|begin_of_text|><|begin_of_text|><|start_header_id|>system<|end_header_id|>

Cutting Knowledge Date: December 2023
Today Date: 26 Jul 2024

<|eot_id|><|start_header_id|>user<|end_header_id|>

Analyze this negotiation, given in the format <buyer target, seller target, [negotiation], [summary]> and predict the projected sale price that lies between the buyer and seller targets. Provide only the final answer in the format 'FINAL_PRICE: [number]'
INPUT: <$1260, $1400, [Buyer: Hi is the studio still available?, Seller: hi yes its absolutely available, Buyer: Ok are utilities included in the $1400 asking price?, Seller: yes they are], [Summary: The conversation begins with the buyer inquiring about the availability of a studio, to which the seller responds positively and affirmatively. The buyer then seeks clarification on the inclusion of utilities in the asking price, and the seller promptly confirms their inclusion. Throughout the exchange, both parties maintain a straightforward and cooperative tone, with the buyer seeking specific information and the seller providing clear and concise responses.]><|eot_id|><|begin_of_text|><|start_header_id|>system<|end_header_id|>

Cutting Knowledge Date: December 2023
Today Date: 26 Jul 2024

FINAL_PRICE: $1300.0<|eot_id|>",1260,1400,1260.0,1300.0,0.0,0.2857142857142857,1.2698412698412698
C_a92eec65ac1a4e0799a56c07303ef8f6,5,"<|begin_of_text|><|start_header_id|>system<|end_header_id|>

Cutting Knowledge Date: December 2023
Today Date: 26 Jul 2024

<|eot_id|><|start_header_id|>user<|end_header_id|>

Analyze this negotiation, given in the format <buyer target, seller target, [negotiation], [summary]> and predict the projected sale price that lies between the buyer and seller targets. Provide only the final answer in the format 'FINAL_PRICE: [number]'
INPUT: <$49, $55, [Buyer: Hey does this phone work?, Seller: absolutely, very little wear and tear, Buyer: And there is no cracks on it at all, right?], [Summary: The conversation begins with the buyer expressing curiosity and seeking assurance about the phone's condition. The seller responds positively, aiming to reassure the buyer by emphasizing the phone's minimal wear. The buyer continues to seek confirmation, focusing on the phone's physical condition, indicating a cautious and detail-oriented approach. The seller's strategy remains consistent, providing affirmative responses to maintain the buyer's interest and trust.]><|eot_id|>","<|begin_of_text|><|begin_of_text|><|start_header_id|>system<|end_header_id|>

Cutting Knowledge Date: December 2023
Today Date: 26 Jul 2024

<|eot_id|><|start_header_id|>user<|end_header_id|>

Analyze this negotiation, given in the format <buyer target, seller target, [negotiation], [summary]> and predict the projected sale price that lies between the buyer and seller targets. Provide only the final answer in the format 'FINAL_PRICE: [number]'
INPUT: <$49, $55, [Buyer: Hey does this phone work?, Seller: absolutely, very little wear and tear, Buyer: And there is no cracks on it at all, right?], [Summary: The conversation begins with the buyer expressing curiosity and seeking assurance about the phone's condition. The seller responds positively, aiming to reassure the buyer by emphasizing the phone's minimal wear. The buyer continues to seek confirmation, focusing on the phone's physical condition, indicating a cautious and detail-oriented approach. The seller's strategy remains consistent, providing affirmative responses to maintain the buyer's interest and trust.]><|eot_id|><|begin_of_text|><|start_header_id|>system<|end_header_id|>

Cutting Knowledge Date: December 2023
Today Date: 26 Jul 2024

FINAL_PRICE: $50.0<|eot_id|>",49,55,50.0,50.0,0.16666666666666666,0.16666666666666666,0.0
C_b3debfd6fb904d77bf3b6e3c08584eaf,5,"<|begin_of_text|><|start_header_id|>system<|end_header_id|>

Cutting Knowledge Date: December 2023
Today Date: 26 Jul 2024

<|eot_id|><|start_header_id|>user<|end_header_id|>

Analyze this negotiation, given in the format <buyer target, seller target, [negotiation], [summary]> and predict the projected sale price that lies between the buyer and seller targets. Provide only the final answer in the format 'FINAL_PRICE: [number]'
INPUT: <$76, $100, [Buyer: Hello. I am interested in buying the sofa and the chair, Seller: $100 and it's yours.  it's a great deal to receive both items for that price., Buyer: That's too much and I can't afford that, but before we get down to the price as mentioned in the listing the sofa was from Costco. Would you happen to have any warranty with it?, Seller: no, there's no warranty], [Summary: The conversation begins with the buyer expressing interest in purchasing items, while the seller sets a firm price, emphasizing the value of the deal. The buyer counters by expressing financial constraints and shifts focus to inquire about a warranty, indicating a strategy to assess value beyond price. The seller responds directly, maintaining a straightforward approach without offering additional incentives or flexibility. The buyer's strategy suggests a need for negotiation, while the seller remains firm and factual.]><|eot_id|>","<|begin_of_text|><|begin_of_text|><|start_header_id|>system<|end_header_id|>

Cutting Knowledge Date: December 2023
Today Date: 26 Jul 2024

<|eot_id|><|start_header_id|>user<|end_header_id|>

Analyze this negotiation, given in the format <buyer target, seller target, [negotiation], [summary]> and predict the projected sale price that lies between the buyer and seller targets. Provide only the final answer in the format 'FINAL_PRICE: [number]'
INPUT: <$76, $100, [Buyer: Hello. I am interested in buying the sofa and the chair, Seller: $100 and it's yours.  it's a great deal to receive both items for that price., Buyer: That's too much and I can't afford that, but before we get down to the price as mentioned in the listing the sofa was from Costco. Would you happen to have any warranty with it?, Seller: no, there's no warranty], [Summary: The conversation begins with the buyer expressing interest in purchasing items, while the seller sets a firm price, emphasizing the value of the deal. The buyer counters by expressing financial constraints and shifts focus to inquire about a warranty, indicating a strategy to assess value beyond price. The seller responds directly, maintaining a straightforward approach without offering additional incentives or flexibility. The buyer's strategy suggests a need for negotiation, while the seller remains firm and factual.]><|eot_id|><|begin_of_text|><|start_header_id|>system<|end_header_id|>

Cutting Knowledge Date: December 2023
Today Date: 26 Jul 2024

FINAL_PRICE: $90.0<|eot_id|>",76,100,95.0,90.0,0.7916666666666666,0.5833333333333334,0.2631578947368421
C_bd6c3da5b9744b5a95fa3c6d0c625a07,5,"<|begin_of_text|><|start_header_id|>system<|end_header_id|>

Cutting Knowledge Date: December 2023
Today Date: 26 Jul 2024

<|eot_id|><|start_header_id|>user<|end_header_id|>

Analyze this negotiation, given in the format <buyer target, seller target, [negotiation], [summary]> and predict the projected sale price that lies between the buyer and seller targets. Provide only the final answer in the format 'FINAL_PRICE: [number]'
INPUT: <$57, $75, [Buyer: Hello what can you tell me about this product?, Seller: Hi! I have a 200 MB SanDisk microSD card available. Unopened and brand new., Buyer: Does it come with 1 or 2 cards?, Seller: One card, but at 200 MB, that's the only one you will need!], [Summary: The conversation begins with the buyer seeking information about a product. The seller responds with a straightforward description, emphasizing the product's new condition. The buyer inquires further about the quantity, indicating a need for clarity. The seller reassures the buyer by emphasizing the sufficiency of a single card, adopting a persuasive tone to highlight the product's adequacy. Throughout, the seller maintains a positive and informative approach to address the buyer's queries.]><|eot_id|>","<|begin_of_text|><|begin_of_text|><|start_header_id|>system<|end_header_id|>

Cutting Knowledge Date: December 2023
Today Date: 26 Jul 2024

<|eot_id|><|start_header_id|>user<|end_header_id|>

Analyze this negotiation, given in the format <buyer target, seller target, [negotiation], [summary]> and predict the projected sale price that lies between the buyer and seller targets. Provide only the final answer in the format 'FINAL_PRICE: [number]'
INPUT: <$57, $75, [Buyer: Hello what can you tell me about this product?, Seller: Hi! I have a 200 MB SanDisk microSD card available. Unopened and brand new., Buyer: Does it come with 1 or 2 cards?, Seller: One card, but at 200 MB, that's the only one you will need!], [Summary: The conversation begins with the buyer seeking information about a product. The seller responds with a straightforward description, emphasizing the product's new condition. The buyer inquires further about the quantity, indicating a need for clarity. The seller reassures the buyer by emphasizing the sufficiency of a single card, adopting a persuasive tone to highlight the product's adequacy. Throughout, the seller maintains a positive and informative approach to address the buyer's queries.]><|eot_id|><|begin_of_text|><|start_header_id|>system<|end_header_id|>

Cutting Knowledge Date: December 2023
Today Date: 26 Jul 2024

FINAL_PRICE: $65.0<|eot_id|>",57,75,70.0,65.0,0.7222222222222222,0.4444444444444444,0.35714285714285715
C_bea4e286410542688aa03718bbf88e8b,5,"<|begin_of_text|><|start_header_id|>system<|end_header_id|>

Cutting Knowledge Date: December 2023
Today Date: 26 Jul 2024

<|eot_id|><|start_header_id|>user<|end_header_id|>

Analyze this negotiation, given in the format <buyer target, seller target, [negotiation], [summary]> and predict the projected sale price that lies between the buyer and seller targets. Provide only the final answer in the format 'FINAL_PRICE: [number]'
INPUT: <$150, $250, [Seller: Hello. I am asking $250 for radar., Buyer: what are some of the features on it, Seller: It detects up to 5 miles away. It is also blutooth enabled so that you can make all changes through your car controls, Buyer: can you lower the price on it, Seller: I could do $240 and transfer the warranty to you. It still has a year on the warranty.], [Summary: The conversation begins with the seller presenting a firm price and highlighting the radar's features to entice the buyer. The buyer shows interest but shifts the focus to negotiating a lower price. The seller remains accommodating, offering a slight price reduction and an additional incentive by transferring the warranty, indicating a willingness to negotiate while maintaining the value proposition.]><|eot_id|>","<|begin_of_text|><|begin_of_text|><|start_header_id|>system<|end_header_id|>

Cutting Knowledge Date: December 2023
Today Date: 26 Jul 2024

<|eot_id|><|start_header_id|>user<|end_header_id|>

Analyze this negotiation, given in the format <buyer target, seller target, [negotiation], [summary]> and predict the projected sale price that lies between the buyer and seller targets. Provide only the final answer in the format 'FINAL_PRICE: [number]'
INPUT: <$150, $250, [Seller: Hello. I am asking $250 for radar., Buyer: what are some of the features on it, Seller: It detects up to 5 miles away. It is also blutooth enabled so that you can make all changes through your car controls, Buyer: can you lower the price on it, Seller: I could do $240 and transfer the warranty to you. It still has a year on the warranty.], [Summary: The conversation begins with the seller presenting a firm price and highlighting the radar's features to entice the buyer. The buyer shows interest but shifts the focus to negotiating a lower price. The seller remains accommodating, offering a slight price reduction and an additional incentive by transferring the warranty, indicating a willingness to negotiate while maintaining the value proposition.]><|eot_id|><|begin_of_text|><|start_header_id|>system<|end_header_id|>

Cutting Knowledge Date: December 2023
Today Date: 26 Jul 2024

FINAL_PRICE: $200.0<|eot_id|>",150,250,200.0,200.0,0.5,0.5,0.0
C_c0ce24441bd64d6bac142e7d535595b5,5,"<|begin_of_text|><|start_header_id|>system<|end_header_id|>

Cutting Knowledge Date: December 2023
Today Date: 26 Jul 2024

<|eot_id|><|start_header_id|>user<|end_header_id|>

Analyze this negotiation, given in the format <buyer target, seller target, [negotiation], [summary]> and predict the projected sale price that lies between the buyer and seller targets. Provide only the final answer in the format 'FINAL_PRICE: [number]'
INPUT: <$2025, $2250, [Seller: Hello!, Buyer: Hello, can you tell me more about this place?, Seller: Yes..., Buyer: How big is the space?], [Summary: The conversation begins with a polite greeting and a request for information, indicating the buyer's interest and the seller's willingness to provide details. The buyer's questions suggest a focus on gathering specific information, while the seller remains responsive and open to sharing. The interaction is straightforward, with the buyer driving the conversation through inquiries, and the seller maintaining a helpful and informative stance throughout.]><|eot_id|>","<|begin_of_text|><|begin_of_text|><|start_header_id|>system<|end_header_id|>

Cutting Knowledge Date: December 2023
Today Date: 26 Jul 2024

<|eot_id|><|start_header_id|>user<|end_header_id|>

Analyze this negotiation, given in the format <buyer target, seller target, [negotiation], [summary]> and predict the projected sale price that lies between the buyer and seller targets. Provide only the final answer in the format 'FINAL_PRICE: [number]'
INPUT: <$2025, $2250, [Seller: Hello!, Buyer: Hello, can you tell me more about this place?, Seller: Yes..., Buyer: How big is the space?], [Summary: The conversation begins with a polite greeting and a request for information, indicating the buyer's interest and the seller's willingness to provide details. The buyer's questions suggest a focus on gathering specific information, while the seller remains responsive and open to sharing. The interaction is straightforward, with the buyer driving the conversation through inquiries, and the seller maintaining a helpful and informative stance throughout.]><|eot_id|><|begin_of_text|><|start_header_id|>system<|end_header_id|>

Cutting Knowledge Date: December 2023
Today Date: 26 Jul 2024

FINAL_PRICE: $2200.0<|eot_id|>",2025,2250,2100.0,2200.0,0.3333333333333333,0.7777777777777778,4.761904761904762
C_c29c8c3f79e9470f96e9498e03e83647,5,"<|begin_of_text|><|start_header_id|>system<|end_header_id|>

Cutting Knowledge Date: December 2023
Today Date: 26 Jul 2024

<|eot_id|><|start_header_id|>user<|end_header_id|>

Analyze this negotiation, given in the format <buyer target, seller target, [negotiation], [summary]> and predict the projected sale price that lies between the buyer and seller targets. Provide only the final answer in the format 'FINAL_PRICE: [number]'
INPUT: <$168, $280, [Buyer: Hi, Seller: Hi, Buyer: Is this phone new or used?, Seller: It is used, but is in perfect condion.], [Summary: The conversation begins with a straightforward inquiry from the buyer, seeking information about the product's condition. The seller responds promptly and honestly, clarifying that the phone is used but emphasizing its excellent condition. The seller's strategy is to reassure the buyer by highlighting the quality of the item despite its used status. The interaction remains polite and focused, with both parties maintaining a clear and concise exchange of information.]><|eot_id|>","<|begin_of_text|><|begin_of_text|><|start_header_id|>system<|end_header_id|>

Cutting Knowledge Date: December 2023
Today Date: 26 Jul 2024

<|eot_id|><|start_header_id|>user<|end_header_id|>

Analyze this negotiation, given in the format <buyer target, seller target, [negotiation], [summary]> and predict the projected sale price that lies between the buyer and seller targets. Provide only the final answer in the format 'FINAL_PRICE: [number]'
INPUT: <$168, $280, [Buyer: Hi, Seller: Hi, Buyer: Is this phone new or used?, Seller: It is used, but is in perfect condion.], [Summary: The conversation begins with a straightforward inquiry from the buyer, seeking information about the product's condition. The seller responds promptly and honestly, clarifying that the phone is used but emphasizing its excellent condition. The seller's strategy is to reassure the buyer by highlighting the quality of the item despite its used status. The interaction remains polite and focused, with both parties maintaining a clear and concise exchange of information.]><|eot_id|><|begin_of_text|><|start_header_id|>system<|end_header_id|>

Cutting Knowledge Date: December 2023
Today Date: 26 Jul 2024

FINAL_PRICE: $200.0<|eot_id|>",168,280,240.0,200.0,0.6428571428571429,0.2857142857142857,6.666666666666667
C_c48564c3c9ae469882768dc35fac04c1,5,"<|begin_of_text|><|start_header_id|>system<|end_header_id|>

Cutting Knowledge Date: December 2023
Today Date: 26 Jul 2024

<|eot_id|><|start_header_id|>user<|end_header_id|>

Analyze this negotiation, given in the format <buyer target, seller target, [negotiation], [summary]> and predict the projected sale price that lies between the buyer and seller targets. Provide only the final answer in the format 'FINAL_PRICE: [number]'
INPUT: <$184, $200, [Buyer: This looks nice but the price seems a bit high., Seller: Yes definitely but its pricey because of its quality., Buyer: Are the tires full or flat?, Seller: they're full and in great condition], [Summary: The conversation begins with the buyer expressing concern over the high price, indicating a potential barrier to purchase. The seller responds by emphasizing the quality to justify the cost, maintaining a positive and reassuring tone. The buyer then shifts focus to a specific detail, the condition of the tires, suggesting interest but also scrutiny. The seller promptly reassures the buyer about the tires' good condition, maintaining a consistent strategy of highlighting product quality.]><|eot_id|>","<|begin_of_text|><|begin_of_text|><|start_header_id|>system<|end_header_id|>

Cutting Knowledge Date: December 2023
Today Date: 26 Jul 2024

<|eot_id|><|start_header_id|>user<|end_header_id|>

Analyze this negotiation, given in the format <buyer target, seller target, [negotiation], [summary]> and predict the projected sale price that lies between the buyer and seller targets. Provide only the final answer in the format 'FINAL_PRICE: [number]'
INPUT: <$184, $200, [Buyer: This looks nice but the price seems a bit high., Seller: Yes definitely but its pricey because of its quality., Buyer: Are the tires full or flat?, Seller: they're full and in great condition], [Summary: The conversation begins with the buyer expressing concern over the high price, indicating a potential barrier to purchase. The seller responds by emphasizing the quality to justify the cost, maintaining a positive and reassuring tone. The buyer then shifts focus to a specific detail, the condition of the tires, suggesting interest but also scrutiny. The seller promptly reassures the buyer about the tires' good condition, maintaining a consistent strategy of highlighting product quality.]><|eot_id|><|begin_of_text|><|start_header_id|>system<|end_header_id|>

Cutting Knowledge Date: December 2023
Today Date: 26 Jul 2024

FINAL_PRICE: $190.0<|eot_id|>",184,200,190.0,190.0,0.375,0.375,0.0
C_c6feb4a5a7234051adcccf4d2741014b,5,"<|begin_of_text|><|start_header_id|>system<|end_header_id|>

Cutting Knowledge Date: December 2023
Today Date: 26 Jul 2024

<|eot_id|><|start_header_id|>user<|end_header_id|>

Analyze this negotiation, given in the format <buyer target, seller target, [negotiation], [summary]> and predict the projected sale price that lies between the buyer and seller targets. Provide only the final answer in the format 'FINAL_PRICE: [number]'
INPUT: <$1491, $2130, [Seller: Hello, are you interested in leasing my apartment?, Buyer: Yes.  I would like to know something about it.  What's the sq ft and how many bedrooms?, Seller: sure.  1 bdrm, 1 bath approx. 65 sq ft, Buyer: 65 sq ft?  Is it more like a studio?], [Summary: The conversation begins with the seller initiating contact and the buyer expressing interest. The buyer seeks more information, prompting the seller to provide details about the apartment. As the conversation progresses, the buyer questions the size of the apartment, indicating skepticism or confusion. The seller's responses are straightforward, while the buyer's inquiries suggest a need for clarification or further persuasion to maintain interest.]><|eot_id|>","<|begin_of_text|><|begin_of_text|><|start_header_id|>system<|end_header_id|>

Cutting Knowledge Date: December 2023
Today Date: 26 Jul 2024

<|eot_id|><|start_header_id|>user<|end_header_id|>

Analyze this negotiation, given in the format <buyer target, seller target, [negotiation], [summary]> and predict the projected sale price that lies between the buyer and seller targets. Provide only the final answer in the format 'FINAL_PRICE: [number]'
INPUT: <$1491, $2130, [Seller: Hello, are you interested in leasing my apartment?, Buyer: Yes.  I would like to know something about it.  What's the sq ft and how many bedrooms?, Seller: sure.  1 bdrm, 1 bath approx. 65 sq ft, Buyer: 65 sq ft?  Is it more like a studio?], [Summary: The conversation begins with the seller initiating contact and the buyer expressing interest. The buyer seeks more information, prompting the seller to provide details about the apartment. As the conversation progresses, the buyer questions the size of the apartment, indicating skepticism or confusion. The seller's responses are straightforward, while the buyer's inquiries suggest a need for clarification or further persuasion to maintain interest.]><|eot_id|><|begin_of_text|><|start_header_id|>system<|end_header_id|>

Cutting Knowledge Date: December 2023
Today Date: 26 Jul 2024

FINAL_PRICE: $1900.0<|eot_id|>",1491,2130,2000.0,1900.0,0.7965571205007824,0.6400625978090767,5.0
C_c7154d8a2b2d40ffaa9b1336556b803b,5,"<|begin_of_text|><|start_header_id|>system<|end_header_id|>

Cutting Knowledge Date: December 2023
Today Date: 26 Jul 2024

<|eot_id|><|start_header_id|>user<|end_header_id|>

Analyze this negotiation, given in the format <buyer target, seller target, [negotiation], [summary]> and predict the projected sale price that lies between the buyer and seller targets. Provide only the final answer in the format 'FINAL_PRICE: [number]'
INPUT: <$1364, $1795, [Seller: Hello. Are you interested?, Buyer: Yes I am, Seller: Its fully remodeled and its in a great location. You could find more details by visiting our website at www.smcrents.com if you're interested., Buyer: Really?  What's the credit check like?  Deposit?], [Summary: The conversation begins with mutual interest, as the seller introduces the property and encourages the buyer to explore further details online. The seller maintains a positive and informative tone, aiming to persuade the buyer. The buyer expresses curiosity and seeks specific information about the credit check and deposit, indicating a cautious yet interested approach. The conversation reflects a typical inquiry process, with the seller providing information and the buyer evaluating the terms.]><|eot_id|>","<|begin_of_text|><|begin_of_text|><|start_header_id|>system<|end_header_id|>

Cutting Knowledge Date: December 2023
Today Date: 26 Jul 2024

<|eot_id|><|start_header_id|>user<|end_header_id|>

Analyze this negotiation, given in the format <buyer target, seller target, [negotiation], [summary]> and predict the projected sale price that lies between the buyer and seller targets. Provide only the final answer in the format 'FINAL_PRICE: [number]'
INPUT: <$1364, $1795, [Seller: Hello. Are you interested?, Buyer: Yes I am, Seller: Its fully remodeled and its in a great location. You could find more details by visiting our website at www.smcrents.com if you're interested., Buyer: Really?  What's the credit check like?  Deposit?], [Summary: The conversation begins with mutual interest, as the seller introduces the property and encourages the buyer to explore further details online. The seller maintains a positive and informative tone, aiming to persuade the buyer. The buyer expresses curiosity and seeks specific information about the credit check and deposit, indicating a cautious yet interested approach. The conversation reflects a typical inquiry process, with the seller providing information and the buyer evaluating the terms.]><|eot_id|><|begin_of_text|><|start_header_id|>system<|end_header_id|>

Cutting Knowledge Date: December 2023
Today Date: 26 Jul 2024

FINAL_PRICE: $1550.0<|eot_id|>",1364,1795,1500.0,1550.0,0.31554524361948955,0.43155452436194897,1.6666666666666667
C_ceed4eac3cdf4b4f84dee1c042364bd6,5,"<|begin_of_text|><|start_header_id|>system<|end_header_id|>

Cutting Knowledge Date: December 2023
Today Date: 26 Jul 2024

<|eot_id|><|start_header_id|>user<|end_header_id|>

Analyze this negotiation, given in the format <buyer target, seller target, [negotiation], [summary]> and predict the projected sale price that lies between the buyer and seller targets. Provide only the final answer in the format 'FINAL_PRICE: [number]'
INPUT: <$42, $70, [Buyer: Hello, how big is the mirror?, Seller: Hi. Its 51 inches tall, 29 1/4 inches  wide.  Nice size, Buyer: Does it have any defects and is it framed in the same material as the table?], [Summary: The conversation begins with the buyer inquiring about the size of a mirror, indicating an interest in purchasing. The seller responds with specific dimensions, maintaining a positive tone by describing it as a ""nice size."" The buyer then seeks further details about potential defects and the framing material, suggesting a cautious approach and desire for assurance. The seller's response will likely aim to address these concerns to facilitate the sale.]><|eot_id|>","<|begin_of_text|><|begin_of_text|><|start_header_id|>system<|end_header_id|>

Cutting Knowledge Date: December 2023
Today Date: 26 Jul 2024

<|eot_id|><|start_header_id|>user<|end_header_id|>

Analyze this negotiation, given in the format <buyer target, seller target, [negotiation], [summary]> and predict the projected sale price that lies between the buyer and seller targets. Provide only the final answer in the format 'FINAL_PRICE: [number]'
INPUT: <$42, $70, [Buyer: Hello, how big is the mirror?, Seller: Hi. Its 51 inches tall, 29 1/4 inches  wide.  Nice size, Buyer: Does it have any defects and is it framed in the same material as the table?], [Summary: The conversation begins with the buyer inquiring about the size of a mirror, indicating an interest in purchasing. The seller responds with specific dimensions, maintaining a positive tone by describing it as a ""nice size."" The buyer then seeks further details about potential defects and the framing material, suggesting a cautious approach and desire for assurance. The seller's response will likely aim to address these concerns to facilitate the sale.]><|eot_id|><|begin_of_text|><|start_header_id|>system<|end_header_id|>

Cutting Knowledge Date: December 2023
Today Date: 26 Jul 2024

FINAL_PRICE: $50.0<|eot_id|>",42,70,47.0,50.0,0.17857142857142858,0.2857142857142857,0.19148936170212766
C_cf2143e0c75542bd8fe9ce5997dcb779,5,"<|begin_of_text|><|start_header_id|>system<|end_header_id|>

Cutting Knowledge Date: December 2023
Today Date: 26 Jul 2024

<|eot_id|><|start_header_id|>user<|end_header_id|>

Analyze this negotiation, given in the format <buyer target, seller target, [negotiation], [summary]> and predict the projected sale price that lies between the buyer and seller targets. Provide only the final answer in the format 'FINAL_PRICE: [number]'
INPUT: <$7, $8, [Seller: Are you real?, Buyer: Yes sir. I am also very interested in this case, Seller: Thank god, is $8 too much for you?], [Summary: The conversation begins with the seller verifying the buyer's authenticity, indicating initial skepticism. The buyer responds affirmatively and expresses interest, which seems to reassure the seller. The seller then shifts to a transactional focus, inquiring about the buyer's willingness to pay a specific price. The interaction moves from establishing trust and interest to negotiating terms, with the seller's tone becoming more business-oriented as the conversation progresses.]><|eot_id|>","<|begin_of_text|><|begin_of_text|><|start_header_id|>system<|end_header_id|>

Cutting Knowledge Date: December 2023
Today Date: 26 Jul 2024

<|eot_id|><|start_header_id|>user<|end_header_id|>

Analyze this negotiation, given in the format <buyer target, seller target, [negotiation], [summary]> and predict the projected sale price that lies between the buyer and seller targets. Provide only the final answer in the format 'FINAL_PRICE: [number]'
INPUT: <$7, $8, [Seller: Are you real?, Buyer: Yes sir. I am also very interested in this case, Seller: Thank god, is $8 too much for you?], [Summary: The conversation begins with the seller verifying the buyer's authenticity, indicating initial skepticism. The buyer responds affirmatively and expresses interest, which seems to reassure the seller. The seller then shifts to a transactional focus, inquiring about the buyer's willingness to pay a specific price. The interaction moves from establishing trust and interest to negotiating terms, with the seller's tone becoming more business-oriented as the conversation progresses.]><|eot_id|><|begin_of_text|><|start_header_id|>system<|end_header_id|>

Cutting Knowledge Date: December 2023
Today Date: 26 Jul 2024

FINAL_PRICE: $7.0<|eot_id|>",7,8,7.0,7.0,0.0,0.0,0.0
C_d19620c4839a4786847543c6443c6023,5,"<|begin_of_text|><|start_header_id|>system<|end_header_id|>

Cutting Knowledge Date: December 2023
Today Date: 26 Jul 2024

<|eot_id|><|start_header_id|>user<|end_header_id|>

Analyze this negotiation, given in the format <buyer target, seller target, [negotiation], [summary]> and predict the projected sale price that lies between the buyer and seller targets. Provide only the final answer in the format 'FINAL_PRICE: [number]'
INPUT: <$944, $1350, [Buyer: Hello, saw your ad on craigslist., Seller: Great are you looking to buy now, Buyer: Absolutely. I have cash on hand. Love everything about it. I was hoping you could do $944, thats all I have on hand. I do have a bike I could add to the trade as well. My trek FX7.3 hybrid. I've only rode it for 6 months., Seller: I actually and not looking for trades but we can still make a deal], [Summary: The conversation begins with the buyer expressing strong interest and readiness to purchase, emphasizing their enthusiasm and immediate availability of funds. They attempt to negotiate the price by offering a combination of cash and a trade. The seller remains focused on a cash transaction, politely declining the trade but showing willingness to negotiate further, indicating an openness to reaching a mutually agreeable deal.]><|eot_id|>","<|begin_of_text|><|begin_of_text|><|start_header_id|>system<|end_header_id|>

Cutting Knowledge Date: December 2023
Today Date: 26 Jul 2024

<|eot_id|><|start_header_id|>user<|end_header_id|>

Analyze this negotiation, given in the format <buyer target, seller target, [negotiation], [summary]> and predict the projected sale price that lies between the buyer and seller targets. Provide only the final answer in the format 'FINAL_PRICE: [number]'
INPUT: <$944, $1350, [Buyer: Hello, saw your ad on craigslist., Seller: Great are you looking to buy now, Buyer: Absolutely. I have cash on hand. Love everything about it. I was hoping you could do $944, thats all I have on hand. I do have a bike I could add to the trade as well. My trek FX7.3 hybrid. I've only rode it for 6 months., Seller: I actually and not looking for trades but we can still make a deal], [Summary: The conversation begins with the buyer expressing strong interest and readiness to purchase, emphasizing their enthusiasm and immediate availability of funds. They attempt to negotiate the price by offering a combination of cash and a trade. The seller remains focused on a cash transaction, politely declining the trade but showing willingness to negotiate further, indicating an openness to reaching a mutually agreeable deal.]><|eot_id|><|begin_of_text|><|start_header_id|>system<|end_header_id|>

Cutting Knowledge Date: December 2023
Today Date: 26 Jul 2024

FINAL_PRICE: $1100.0<|eot_id|>",944,1350,1150.0,1100.0,0.5073891625615764,0.3842364532019704,2.1739130434782608
C_d29e35334fea4fccbb5e9fe492b6f339,5,"<|begin_of_text|><|start_header_id|>system<|end_header_id|>

Cutting Knowledge Date: December 2023
Today Date: 26 Jul 2024

<|eot_id|><|start_header_id|>user<|end_header_id|>

Analyze this negotiation, given in the format <buyer target, seller target, [negotiation], [summary]> and predict the projected sale price that lies between the buyer and seller targets. Provide only the final answer in the format 'FINAL_PRICE: [number]'
INPUT: <$474, $949, [Seller: Hello!  Looks like you're in the market for an amplifier!, Buyer: Hi, can you tell me how long youu have had the amplifier?, Seller: I've had it a year or so.  We got another one and although we could still use this, we don't need two., Buyer: That makes sense. What kind of accessories come with it?, Seller: You'll be set -- it comes with an analog to HDMI conversion.  You'll be able to connect to just about any network.], [Summary: The conversation begins with a friendly and informative tone, as the seller greets the buyer and acknowledges their interest. The buyer's inquiries are met with straightforward and reassuring responses from the seller, who provides details about the product's history and accessories. The seller maintains a persuasive strategy by emphasizing the amplifier's versatility and readiness for use, aiming to build the buyer's confidence in the purchase.]><|eot_id|>","<|begin_of_text|><|begin_of_text|><|start_header_id|>system<|end_header_id|>

Cutting Knowledge Date: December 2023
Today Date: 26 Jul 2024

<|eot_id|><|start_header_id|>user<|end_header_id|>

Analyze this negotiation, given in the format <buyer target, seller target, [negotiation], [summary]> and predict the projected sale price that lies between the buyer and seller targets. Provide only the final answer in the format 'FINAL_PRICE: [number]'
INPUT: <$474, $949, [Seller: Hello!  Looks like you're in the market for an amplifier!, Buyer: Hi, can you tell me how long youu have had the amplifier?, Seller: I've had it a year or so.  We got another one and although we could still use this, we don't need two., Buyer: That makes sense. What kind of accessories come with it?, Seller: You'll be set -- it comes with an analog to HDMI conversion.  You'll be able to connect to just about any network.], [Summary: The conversation begins with a friendly and informative tone, as the seller greets the buyer and acknowledges their interest. The buyer's inquiries are met with straightforward and reassuring responses from the seller, who provides details about the product's history and accessories. The seller maintains a persuasive strategy by emphasizing the amplifier's versatility and readiness for use, aiming to build the buyer's confidence in the purchase.]><|eot_id|><|begin_of_text|><|start_header_id|>system<|end_header_id|>

Cutting Knowledge Date: December 2023
Today Date: 26 Jul 2024

Cutting Knowledge Date: December 2023
Today Date: 26 Jul 2024

FINAL_PRICE: $500.0<|eot_id|>",474,949,650.0,500.0,0.3705263157894737,0.05473684210526316,34.61538461538461
C_d3cbfc4bbdfe4c738d60ae83a09abb65,5,"<|begin_of_text|><|start_header_id|>system<|end_header_id|>

Cutting Knowledge Date: December 2023
Today Date: 26 Jul 2024

<|eot_id|><|start_header_id|>user<|end_header_id|>

Analyze this negotiation, given in the format <buyer target, seller target, [negotiation], [summary]> and predict the projected sale price that lies between the buyer and seller targets. Provide only the final answer in the format 'FINAL_PRICE: [number]'
INPUT: <$7, $12, [Seller: Hello, Buyer: Hello there. I'm sorry if I'm a little awkward. I never expected my dreams to come true this way. My very own antenna..., Seller: I understand, it can be quite overwhelming the first time...], [Summary: The conversation begins with the buyer expressing excitement and nervousness about a significant purchase, while the seller responds with understanding and reassurance. As the dialogue progresses, the seller maintains a supportive and empathetic tone, aiming to ease the buyer's apprehension. The buyer's initial awkwardness gradually shifts towards comfort and enthusiasm, encouraged by the seller's patient and accommodating approach. Overall, the interaction reflects a positive and supportive dynamic, with the seller guiding the buyer through their emotions.]><|eot_id|>","<|begin_of_text|><|begin_of_text|><|start_header_id|>system<|end_header_id|>

Cutting Knowledge Date: December 2023
Today Date: 26 Jul 2024

<|eot_id|><|start_header_id|>user<|end_header_id|>

Analyze this negotiation, given in the format <buyer target, seller target, [negotiation], [summary]> and predict the projected sale price that lies between the buyer and seller targets. Provide only the final answer in the format 'FINAL_PRICE: [number]'
INPUT: <$7, $12, [Seller: Hello, Buyer: Hello there. I'm sorry if I'm a little awkward. I never expected my dreams to come true this way. My very own antenna..., Seller: I understand, it can be quite overwhelming the first time...], [Summary: The conversation begins with the buyer expressing excitement and nervousness about a significant purchase, while the seller responds with understanding and reassurance. As the dialogue progresses, the seller maintains a supportive and empathetic tone, aiming to ease the buyer's apprehension. The buyer's initial awkwardness gradually shifts towards comfort and enthusiasm, encouraged by the seller's patient and accommodating approach. Overall, the interaction reflects a positive and supportive dynamic, with the seller guiding the buyer through their emotions.]><|eot_id|><|begin_of_text|><|start_header_id|>system<|end_header_id|>

Cutting Knowledge Date: December 2023
Today Date: 26 Jul 2024

FINAL_PRICE: $7.0<|eot_id|>",7,12,10.0,7.0,0.6,0.0,0.9
C_d4da9040855442b3a36ef7f9b466ec15,5,"<|begin_of_text|><|start_header_id|>system<|end_header_id|>

Cutting Knowledge Date: December 2023
Today Date: 26 Jul 2024

<|eot_id|><|start_header_id|>user<|end_header_id|>

Analyze this negotiation, given in the format <buyer target, seller target, [negotiation], [summary]> and predict the projected sale price that lies between the buyer and seller targets. Provide only the final answer in the format 'FINAL_PRICE: [number]'
INPUT: <$3800, $5000, [Buyer: Hello, I am interested in your Chevy. I see that you are asking $5,000, is the price negotiable?, Seller: I have a little wiggle room., Buyer: Is there any body damage?], [Summary: The conversation begins with the buyer expressing interest and inquiring about price flexibility, indicating a desire to negotiate. The seller responds with openness to negotiation, suggesting a willingness to engage. The buyer then shifts focus to the car's condition, specifically asking about body damage, which suggests an intention to assess value and possibly leverage this information in further negotiations. The interaction remains cordial and exploratory, with both parties showing interest in reaching a potential agreement.]><|eot_id|>","<|begin_of_text|><|begin_of_text|><|start_header_id|>system<|end_header_id|>

Cutting Knowledge Date: December 2023
Today Date: 26 Jul 2024

<|eot_id|><|start_header_id|>user<|end_header_id|>

Analyze this negotiation, given in the format <buyer target, seller target, [negotiation], [summary]> and predict the projected sale price that lies between the buyer and seller targets. Provide only the final answer in the format 'FINAL_PRICE: [number]'
INPUT: <$3800, $5000, [Buyer: Hello, I am interested in your Chevy. I see that you are asking $5,000, is the price negotiable?, Seller: I have a little wiggle room., Buyer: Is there any body damage?], [Summary: The conversation begins with the buyer expressing interest and inquiring about price flexibility, indicating a desire to negotiate. The seller responds with openness to negotiation, suggesting a willingness to engage. The buyer then shifts focus to the car's condition, specifically asking about body damage, which suggests an intention to assess value and possibly leverage this information in further negotiations. The interaction remains cordial and exploratory, with both parties showing interest in reaching a potential agreement.]><|eot_id|><|begin_of_text|><|start_header_id|>system<|end_header_id|>

Cutting Knowledge Date: December 2023
Today Date: 26 Jul 2024

FINAL_PRICE: $3800.0<|eot_id|>",3800,5000,3800.0,3800.0,0.0,0.0,0.0
C_d63781a4f4be4db387b20dcb5f0afdeb,5,"<|begin_of_text|><|start_header_id|>system<|end_header_id|>

Cutting Knowledge Date: December 2023
Today Date: 26 Jul 2024

<|eot_id|><|start_header_id|>user<|end_header_id|>

Analyze this negotiation, given in the format <buyer target, seller target, [negotiation], [summary]> and predict the projected sale price that lies between the buyer and seller targets. Provide only the final answer in the format 'FINAL_PRICE: [number]'
INPUT: <$1924, $2750, [Buyer: Hi, I am interested in your property, Seller: Okay we are asking 2750.  It is fully furnished and the price includes the cleaning services., Buyer: Would you be willing to negotiate the price?], [Summary: The conversation begins with the buyer expressing interest in the property, and the seller providing details about the price and included services. The buyer then shifts the conversation towards negotiation by inquiring about the possibility of a price reduction. The seller's initial response is straightforward, focusing on the property's value, while the buyer's approach suggests a desire to explore flexibility in the pricing. The interaction is polite and business-oriented, with both parties maintaining a professional tone.]><|eot_id|>","<|begin_of_text|><|begin_of_text|><|start_header_id|>system<|end_header_id|>

Cutting Knowledge Date: December 2023
Today Date: 26 Jul 2024

<|eot_id|><|start_header_id|>user<|end_header_id|>

Analyze this negotiation, given in the format <buyer target, seller target, [negotiation], [summary]> and predict the projected sale price that lies between the buyer and seller targets. Provide only the final answer in the format 'FINAL_PRICE: [number]'
INPUT: <$1924, $2750, [Buyer: Hi, I am interested in your property, Seller: Okay we are asking 2750.  It is fully furnished and the price includes the cleaning services., Buyer: Would you be willing to negotiate the price?], [Summary: The conversation begins with the buyer expressing interest in the property, and the seller providing details about the price and included services. The buyer then shifts the conversation towards negotiation by inquiring about the possibility of a price reduction. The seller's initial response is straightforward, focusing on the property's value, while the buyer's approach suggests a desire to explore flexibility in the pricing. The interaction is polite and business-oriented, with both parties maintaining a professional tone.]><|eot_id|><|begin_of_text|><|start_header_id|>system<|end_header_id|>

Cutting Knowledge Date: December 2023
Today Date: 26 Jul 2024

FINAL_PRICE: $2100.0<|eot_id|>",1924,2750,2500.0,2100.0,0.6973365617433414,0.21307506053268765,64.0
C_d7c0cefeb960431aad154c4f71993066,5,"<|begin_of_text|><|start_header_id|>system<|end_header_id|>

Cutting Knowledge Date: December 2023
Today Date: 26 Jul 2024

<|eot_id|><|start_header_id|>user<|end_header_id|>

Analyze this negotiation, given in the format <buyer target, seller target, [negotiation], [summary]> and predict the projected sale price that lies between the buyer and seller targets. Provide only the final answer in the format 'FINAL_PRICE: [number]'
INPUT: <$75, $150, [Seller: Hello, Buyer: Hello! I'm interested in this bike for my girlfriend. She loves vintage stuff., Seller: great choice! It is in a very good condition and very durable, Buyer: I worry about these old bikes, though. I don't want it to fall apart on her right after she gets it. Can you come down on the price at all?], [Summary: The conversation begins with a friendly exchange, with the buyer expressing interest in a vintage bike for his girlfriend. The seller responds positively, emphasizing the bike's quality. The buyer then shifts to expressing concern about the bike's durability, using this as a strategy to negotiate the price. The conversation moves from initial interest and positive sentiment to a more cautious tone as the buyer seeks reassurance and a better deal.]><|eot_id|>","<|begin_of_text|><|begin_of_text|><|start_header_id|>system<|end_header_id|>

Cutting Knowledge Date: December 2023
Today Date: 26 Jul 2024

<|eot_id|><|start_header_id|>user<|end_header_id|>

Analyze this negotiation, given in the format <buyer target, seller target, [negotiation], [summary]> and predict the projected sale price that lies between the buyer and seller targets. Provide only the final answer in the format 'FINAL_PRICE: [number]'
INPUT: <$75, $150, [Seller: Hello, Buyer: Hello! I'm interested in this bike for my girlfriend. She loves vintage stuff., Seller: great choice! It is in a very good condition and very durable, Buyer: I worry about these old bikes, though. I don't want it to fall apart on her right after she gets it. Can you come down on the price at all?], [Summary: The conversation begins with a friendly exchange, with the buyer expressing interest in a vintage bike for his girlfriend. The seller responds positively, emphasizing the bike's quality. The buyer then shifts to expressing concern about the bike's durability, using this as a strategy to negotiate the price. The conversation moves from initial interest and positive sentiment to a more cautious tone as the buyer seeks reassurance and a better deal.]><|eot_id|><|begin_of_text|><|start_header_id|>system<|end_header_id|>

Cutting Knowledge Date: December 2023
Today Date: 26 Jul 2024

Cutting Knowledge Date: December 2023
Today Date: 26 Jul 2024

FINAL_PRICE: $120.0<|eot_id|>",75,150,125.0,120.0,0.6666666666666666,0.6,0.2
C_d809b9fb8c354c809ca1d829cb42bf55,5,"<|begin_of_text|><|start_header_id|>system<|end_header_id|>

Cutting Knowledge Date: December 2023
Today Date: 26 Jul 2024

<|eot_id|><|start_header_id|>user<|end_header_id|>

Analyze this negotiation, given in the format <buyer target, seller target, [negotiation], [summary]> and predict the projected sale price that lies between the buyer and seller targets. Provide only the final answer in the format 'FINAL_PRICE: [number]'
INPUT: <$200, $400, [Seller: Hello, are you interested in my phone?, Buyer: Yes. Could you tell me why you are getting rid of it, Seller: I switched to AT&T and can't use the phone since it is for Verizon., Buyer: Makes sense. So there is nothing actually wrong with the phone itself that I should know about?], [Summary: The conversation begins with the seller initiating contact and the buyer expressing interest. The buyer seeks reassurance about the phone's condition, prompting the seller to provide a reason for selling that isn't related to the phone's functionality. The buyer's approach is cautious and inquisitive, aiming to ensure transparency, while the seller maintains a straightforward and honest demeanor to build trust and facilitate the sale.]><|eot_id|>","<|begin_of_text|><|begin_of_text|><|start_header_id|>system<|end_header_id|>

Cutting Knowledge Date: December 2023
Today Date: 26 Jul 2024

<|eot_id|><|start_header_id|>user<|end_header_id|>

Analyze this negotiation, given in the format <buyer target, seller target, [negotiation], [summary]> and predict the projected sale price that lies between the buyer and seller targets. Provide only the final answer in the format 'FINAL_PRICE: [number]'
INPUT: <$200, $400, [Seller: Hello, are you interested in my phone?, Buyer: Yes. Could you tell me why you are getting rid of it, Seller: I switched to AT&T and can't use the phone since it is for Verizon., Buyer: Makes sense. So there is nothing actually wrong with the phone itself that I should know about?], [Summary: The conversation begins with the seller initiating contact and the buyer expressing interest. The buyer seeks reassurance about the phone's condition, prompting the seller to provide a reason for selling that isn't related to the phone's functionality. The buyer's approach is cautious and inquisitive, aiming to ensure transparency, while the seller maintains a straightforward and honest demeanor to build trust and facilitate the sale.]><|eot_id|><|begin_of_text|><|start_header_id|>system<|end_header_id|>

Cutting Knowledge Date: December 2023
Today Date: 26 Jul 2024

FINAL_PRICE: $300.0<|eot_id|>",200,400,380.0,300.0,0.9,0.5,16.842105263157894
C_da5f389c955c4dd79c397582a7ac2d7b,5,"<|begin_of_text|><|start_header_id|>system<|end_header_id|>

Cutting Knowledge Date: December 2023
Today Date: 26 Jul 2024

<|eot_id|><|start_header_id|>user<|end_header_id|>

Analyze this negotiation, given in the format <buyer target, seller target, [negotiation], [summary]> and predict the projected sale price that lies between the buyer and seller targets. Provide only the final answer in the format 'FINAL_PRICE: [number]'
INPUT: <$31, $45, [Buyer: Hello, I am interested in buying your product., Seller: Great!, Buyer: Will you describe your product to me?, Seller: Sure. It's Fender Champion amplifier. Aside from some slight rust on the corners, it's in great condition.], [Summary: The conversation begins with the buyer expressing interest in the seller's product, setting a positive and engaging tone. The seller responds enthusiastically, indicating a willingness to provide information. As the buyer requests a description, the seller maintains a cooperative and informative approach, offering details about the product while acknowledging minor imperfections. The interaction remains cordial and focused on facilitating the buyer's understanding and potential purchase.]><|eot_id|>","<|begin_of_text|><|begin_of_text|><|start_header_id|>system<|end_header_id|>

Cutting Knowledge Date: December 2023
Today Date: 26 Jul 2024

<|eot_id|><|start_header_id|>user<|end_header_id|>

Analyze this negotiation, given in the format <buyer target, seller target, [negotiation], [summary]> and predict the projected sale price that lies between the buyer and seller targets. Provide only the final answer in the format 'FINAL_PRICE: [number]'
INPUT: <$31, $45, [Buyer: Hello, I am interested in buying your product., Seller: Great!, Buyer: Will you describe your product to me?, Seller: Sure. It's Fender Champion amplifier. Aside from some slight rust on the corners, it's in great condition.], [Summary: The conversation begins with the buyer expressing interest in the seller's product, setting a positive and engaging tone. The seller responds enthusiastically, indicating a willingness to provide information. As the buyer requests a description, the seller maintains a cooperative and informative approach, offering details about the product while acknowledging minor imperfections. The interaction remains cordial and focused on facilitating the buyer's understanding and potential purchase.]><|eot_id|><|begin_of_text|><|start_header_id|>system<|end_header_id|>

Cutting Knowledge Date: December 2023
Today Date: 26 Jul 2024

FINAL_PRICE: $35.0<|eot_id|>",31,45,37.0,35.0,0.42857142857142855,0.2857142857142857,0.10810810810810811
C_dbc6f660a83b4a6cb2ce8a7a9e5d5bfc,5,"<|begin_of_text|><|start_header_id|>system<|end_header_id|>

Cutting Knowledge Date: December 2023
Today Date: 26 Jul 2024

<|eot_id|><|start_header_id|>user<|end_header_id|>

Analyze this negotiation, given in the format <buyer target, seller target, [negotiation], [summary]> and predict the projected sale price that lies between the buyer and seller targets. Provide only the final answer in the format 'FINAL_PRICE: [number]'
INPUT: <$6500, $13000, [Seller: Hello. Thanks for viewing the listing., Buyer: You are welcome. Is the car a 5 speed?, Seller: No, it is automatic.], [Summary: The conversation begins with a polite exchange, as the seller expresses gratitude for the buyer's interest. The buyer responds courteously and inquires about a specific feature of the car, indicating interest and a desire for more information. The seller provides a straightforward response, maintaining a factual and neutral tone. The interaction is brief and focused on clarifying details, with both parties remaining polite and direct throughout.]><|eot_id|>","<|begin_of_text|><|begin_of_text|><|start_header_id|>system<|end_header_id|>

Cutting Knowledge Date: December 2023
Today Date: 26 Jul 2024

<|eot_id|><|start_header_id|>user<|end_header_id|>

Analyze this negotiation, given in the format <buyer target, seller target, [negotiation], [summary]> and predict the projected sale price that lies between the buyer and seller targets. Provide only the final answer in the format 'FINAL_PRICE: [number]'
INPUT: <$6500, $13000, [Seller: Hello. Thanks for viewing the listing., Buyer: You are welcome. Is the car a 5 speed?, Seller: No, it is automatic.], [Summary: The conversation begins with a polite exchange, as the seller expresses gratitude for the buyer's interest. The buyer responds courteously and inquires about a specific feature of the car, indicating interest and a desire for more information. The seller provides a straightforward response, maintaining a factual and neutral tone. The interaction is brief and focused on clarifying details, with both parties remaining polite and direct throughout.]><|eot_id|><|begin_of_text|><|start_header_id|>system<|end_header_id|>

Cutting Knowledge Date: December 2023
Today Date: 26 Jul 2024

FINAL_PRICE: $10500.0<|eot_id|>",6500,13000,8550.0,10500.0,0.3153846153846154,0.6153846153846154,444.7368421052632
C_dd75d00f42624cab96be0ceff396b122,5,"<|begin_of_text|><|start_header_id|>system<|end_header_id|>

Cutting Knowledge Date: December 2023
Today Date: 26 Jul 2024

<|eot_id|><|start_header_id|>user<|end_header_id|>

Analyze this negotiation, given in the format <buyer target, seller target, [negotiation], [summary]> and predict the projected sale price that lies between the buyer and seller targets. Provide only the final answer in the format 'FINAL_PRICE: [number]'
INPUT: <$75, $150, [Buyer: Hi, how big would you say this hutch is?, Seller: It is pretty big but beautiful and worth having, Buyer: How long have you had it?, Seller: I had it a few months it is in great condition], [Summary: The conversation begins with the buyer inquiring about the size of the hutch, indicating interest and seeking specific information. The seller responds with a general positive description, emphasizing the hutch's beauty and value. The buyer then shifts to ask about the duration of ownership, suggesting a concern for the item's condition. The seller reassures the buyer by highlighting the short period of ownership and the hutch's excellent condition, maintaining a positive and persuasive tone.]><|eot_id|>","<|begin_of_text|><|begin_of_text|><|start_header_id|>system<|end_header_id|>

Cutting Knowledge Date: December 2023
Today Date: 26 Jul 2024

<|eot_id|><|start_header_id|>user<|end_header_id|>

Analyze this negotiation, given in the format <buyer target, seller target, [negotiation], [summary]> and predict the projected sale price that lies between the buyer and seller targets. Provide only the final answer in the format 'FINAL_PRICE: [number]'
INPUT: <$75, $150, [Buyer: Hi, how big would you say this hutch is?, Seller: It is pretty big but beautiful and worth having, Buyer: How long have you had it?, Seller: I had it a few months it is in great condition], [Summary: The conversation begins with the buyer inquiring about the size of the hutch, indicating interest and seeking specific information. The seller responds with a general positive description, emphasizing the hutch's beauty and value. The buyer then shifts to ask about the duration of ownership, suggesting a concern for the item's condition. The seller reassures the buyer by highlighting the short period of ownership and the hutch's excellent condition, maintaining a positive and persuasive tone.]><|eot_id|><|begin_of_text|><|start_header_id|>system<|end_header_id|>

Cutting Knowledge Date: December 2023
Today Date: 26 Jul 2024

FINAL_PRICE: $75.0<|eot_id|>",75,150,100.0,75.0,0.3333333333333333,0.0,6.25
C_e2cb742bae1a41bf97e5ebebeb9e33f8,5,"<|begin_of_text|><|start_header_id|>system<|end_header_id|>

Cutting Knowledge Date: December 2023
Today Date: 26 Jul 2024

<|eot_id|><|start_header_id|>user<|end_header_id|>

Analyze this negotiation, given in the format <buyer target, seller target, [negotiation], [summary]> and predict the projected sale price that lies between the buyer and seller targets. Provide only the final answer in the format 'FINAL_PRICE: [number]'
INPUT: <$1215, $2430, [Buyer: Is this for sale or rent?, Seller: It is for rent., Buyer: how many bedrooms are available, Seller: This unit is a 3 bedroom., Buyer: Are any utilities included?, Seller: Utilities are not included in the rent price.], [Summary: The conversation maintains a straightforward and transactional tone, with the buyer inquiring about the rental details and the seller providing clear, factual responses. The buyer's questions are direct and focused on gathering specific information, while the seller consistently offers concise answers. There is no shift in sentiment or strategy, as both parties remain engaged in an information exchange without any persuasive elements or emotional undertones.]><|eot_id|>","<|begin_of_text|><|begin_of_text|><|start_header_id|>system<|end_header_id|>

Cutting Knowledge Date: December 2023
Today Date: 26 Jul 2024

<|eot_id|><|start_header_id|>user<|end_header_id|>

Analyze this negotiation, given in the format <buyer target, seller target, [negotiation], [summary]> and predict the projected sale price that lies between the buyer and seller targets. Provide only the final answer in the format 'FINAL_PRICE: [number]'
INPUT: <$1215, $2430, [Buyer: Is this for sale or rent?, Seller: It is for rent., Buyer: how many bedrooms are available, Seller: This unit is a 3 bedroom., Buyer: Are any utilities included?, Seller: Utilities are not included in the rent price.], [Summary: The conversation maintains a straightforward and transactional tone, with the buyer inquiring about the rental details and the seller providing clear, factual responses. The buyer's questions are direct and focused on gathering specific information, while the seller consistently offers concise answers. There is no shift in sentiment or strategy, as both parties remain engaged in an information exchange without any persuasive elements or emotional undertones.]><|eot_id|><|begin_of_text|><|start_header_id|>system<|end_header_id|>

Cutting Knowledge Date: December 2023
Today Date: 26 Jul 2024

FINAL_PRICE: $2300.0<|eot_id|>",1215,2430,2200.0,2300.0,0.8106995884773662,0.8930041152263375,4.545454545454546
C_ec5662bbf5a0459abff27bdba8513cf4,5,"<|begin_of_text|><|start_header_id|>system<|end_header_id|>

Cutting Knowledge Date: December 2023
Today Date: 26 Jul 2024

<|eot_id|><|start_header_id|>user<|end_header_id|>

Analyze this negotiation, given in the format <buyer target, seller target, [negotiation], [summary]> and predict the projected sale price that lies between the buyer and seller targets. Provide only the final answer in the format 'FINAL_PRICE: [number]'
INPUT: <$160, $320, [Buyer: hi, I am interested in your phone. i have a few questions, Seller: Are you willing to purchase today, Buyer: Does is have any flaws.scrathes? cracked screen?], [Summary: The conversation begins with the buyer expressing interest and seeking information about the phone, indicating a cautious and inquisitive approach. The seller responds with a direct question about the buyer's willingness to purchase immediately, suggesting a focus on closing the sale quickly. The buyer continues to inquire about the phone's condition, maintaining a careful and detail-oriented stance, while the seller's strategy seems to prioritize immediate commitment over addressing specific concerns.]><|eot_id|>","<|begin_of_text|><|begin_of_text|><|start_header_id|>system<|end_header_id|>

Cutting Knowledge Date: December 2023
Today Date: 26 Jul 2024

<|eot_id|><|start_header_id|>user<|end_header_id|>

Analyze this negotiation, given in the format <buyer target, seller target, [negotiation], [summary]> and predict the projected sale price that lies between the buyer and seller targets. Provide only the final answer in the format 'FINAL_PRICE: [number]'
INPUT: <$160, $320, [Buyer: hi, I am interested in your phone. i have a few questions, Seller: Are you willing to purchase today, Buyer: Does is have any flaws.scrathes? cracked screen?], [Summary: The conversation begins with the buyer expressing interest and seeking information about the phone, indicating a cautious and inquisitive approach. The seller responds with a direct question about the buyer's willingness to purchase immediately, suggesting a focus on closing the sale quickly. The buyer continues to inquire about the phone's condition, maintaining a careful and detail-oriented stance, while the seller's strategy seems to prioritize immediate commitment over addressing specific concerns.]><|eot_id|><|begin_of_text|><|start_header_id|>system<|end_header_id|>

Cutting Knowledge Date: December 2023
Today Date: 26 Jul 2024

FINAL_PRICE: $160.0<|eot_id|>",160,320,310.0,160.0,0.9375,0.0,72.58064516129032
C_ecd38bebdde84cc48aee2ae5214e4ba8,5,"<|begin_of_text|><|start_header_id|>system<|end_header_id|>

Cutting Knowledge Date: December 2023
Today Date: 26 Jul 2024

<|eot_id|><|start_header_id|>user<|end_header_id|>

Analyze this negotiation, given in the format <buyer target, seller target, [negotiation], [summary]> and predict the projected sale price that lies between the buyer and seller targets. Provide only the final answer in the format 'FINAL_PRICE: [number]'
INPUT: <$608, $800, [Buyer: Good morning.  Can you tell me about the mountain bike you have listed?, Seller: Sure. Shame to let it go because of how much I love it, but it's great if you wanna go downhill. It has a raceface handlebars and stem evolve, WTB seat, moto and cranks and Maxxis high roller tires., Buyer: How long have you owned it for?   Are you the original owner?], [Summary: The conversation begins with a polite inquiry from the buyer, who is interested in learning more about the mountain bike. The seller responds enthusiastically, expressing a sentimental attachment to the bike while highlighting its features. The buyer then shifts to a more investigative approach, asking questions about the bike's ownership history. The seller's initial enthusiasm suggests a persuasive strategy to emphasize the bike's value, while the buyer's questions indicate a cautious and thorough approach.]><|eot_id|>","<|begin_of_text|><|begin_of_text|><|start_header_id|>system<|end_header_id|>

Cutting Knowledge Date: December 2023
Today Date: 26 Jul 2024

<|eot_id|><|start_header_id|>user<|end_header_id|>

Analyze this negotiation, given in the format <buyer target, seller target, [negotiation], [summary]> and predict the projected sale price that lies between the buyer and seller targets. Provide only the final answer in the format 'FINAL_PRICE: [number]'
INPUT: <$608, $800, [Buyer: Good morning.  Can you tell me about the mountain bike you have listed?, Seller: Sure. Shame to let it go because of how much I love it, but it's great if you wanna go downhill. It has a raceface handlebars and stem evolve, WTB seat, moto and cranks and Maxxis high roller tires., Buyer: How long have you owned it for?   Are you the original owner?], [Summary: The conversation begins with a polite inquiry from the buyer, who is interested in learning more about the mountain bike. The seller responds enthusiastically, expressing a sentimental attachment to the bike while highlighting its features. The buyer then shifts to a more investigative approach, asking questions about the bike's ownership history. The seller's initial enthusiasm suggests a persuasive strategy to emphasize the bike's value, while the buyer's questions indicate a cautious and thorough approach.]><|eot_id|><|begin_of_text|><|start_header_id|>system<|end_header_id|>

Cutting Knowledge Date: December 2023
Today Date: 26 Jul 2024

FINAL_PRICE: $700.0<|eot_id|>",608,800,750.0,700.0,0.7395833333333334,0.4791666666666667,3.3333333333333335
C_fb0e8baa3c72429a96ff81f63b9310ec,5,"<|begin_of_text|><|start_header_id|>system<|end_header_id|>

Cutting Knowledge Date: December 2023
Today Date: 26 Jul 2024

<|eot_id|><|start_header_id|>user<|end_header_id|>

Analyze this negotiation, given in the format <buyer target, seller target, [negotiation], [summary]> and predict the projected sale price that lies between the buyer and seller targets. Provide only the final answer in the format 'FINAL_PRICE: [number]'
INPUT: <$75, $150, [Buyer: Hello, I came across your Dining Table and I HAVE to have it. I see you are selling it at $150 but my budget is at $75. Are you willing to work with that?, Seller: Sorry, that's half of what I am hoping to get., Buyer: I can go up to $100 but not more than that. Can you help a brotha out!?, Seller: Are you able to go higher than $100?, Buyer: Unfortunately no I can't. $100 or bust.], [Summary: The conversation begins with the buyer expressing strong interest and a desire to negotiate the price. The seller initially stands firm on their asking price, showing reluctance to meet the buyer's budget. The buyer attempts to persuade the seller by slightly increasing their offer and appealing for flexibility. Despite the buyer's efforts, the seller remains focused on negotiating for a higher price, while the buyer maintains their final offer, leading to a stalemate.]><|eot_id|>","<|begin_of_text|><|begin_of_text|><|start_header_id|>system<|end_header_id|>

Cutting Knowledge Date: December 2023
Today Date: 26 Jul 2024

<|eot_id|><|start_header_id|>user<|end_header_id|>

Analyze this negotiation, given in the format <buyer target, seller target, [negotiation], [summary]> and predict the projected sale price that lies between the buyer and seller targets. Provide only the final answer in the format 'FINAL_PRICE: [number]'
INPUT: <$75, $150, [Buyer: Hello, I came across your Dining Table and I HAVE to have it. I see you are selling it at $150 but my budget is at $75. Are you willing to work with that?, Seller: Sorry, that's half of what I am hoping to get., Buyer: I can go up to $100 but not more than that. Can you help a brotha out!?, Seller: Are you able to go higher than $100?, Buyer: Unfortunately no I can't. $100 or bust.], [Summary: The conversation begins with the buyer expressing strong interest and a desire to negotiate the price. The seller initially stands firm on their asking price, showing reluctance to meet the buyer's budget. The buyer attempts to persuade the seller by slightly increasing their offer and appealing for flexibility. Despite the buyer's efforts, the seller remains focused on negotiating for a higher price, while the buyer maintains their final offer, leading to a stalemate.]><|eot_id|><|begin_of_text|><|start_header_id|>system<|end_header_id|>

Cutting Knowledge Date: December 2023
Today Date: 26 Jul 2024

FINAL_PRICE: $125.0<|eot_id|>",75,150,100.0,125.0,0.3333333333333333,0.6666666666666666,6.25
C_fb33b29d25424ac19bb6f83c4ad471c0,5,"<|begin_of_text|><|start_header_id|>system<|end_header_id|>

Cutting Knowledge Date: December 2023
Today Date: 26 Jul 2024

<|eot_id|><|start_header_id|>user<|end_header_id|>

Analyze this negotiation, given in the format <buyer target, seller target, [negotiation], [summary]> and predict the projected sale price that lies between the buyer and seller targets. Provide only the final answer in the format 'FINAL_PRICE: [number]'
INPUT: <$266, $380, [Buyer: Hello., Seller: hello, Buyer: Yes, I'm interested in the binoculars from your ad?, Seller: Oh, sure!  They are still available, Buyer: Are there any problems with the binoculars?], [Summary: The conversation begins with the buyer expressing interest in the seller's item, indicating a straightforward transactional intent. The seller responds positively, confirming availability, which maintains an open and cooperative tone. The buyer then seeks assurance about the item's condition, suggesting a cautious approach. The seller's response will likely determine if the buyer's interest continues or shifts based on any disclosed issues, reflecting a dynamic of trust-building and negotiation.]><|eot_id|>","<|begin_of_text|><|begin_of_text|><|start_header_id|>system<|end_header_id|>

Cutting Knowledge Date: December 2023
Today Date: 26 Jul 2024

<|eot_id|><|start_header_id|>user<|end_header_id|>

Analyze this negotiation, given in the format <buyer target, seller target, [negotiation], [summary]> and predict the projected sale price that lies between the buyer and seller targets. Provide only the final answer in the format 'FINAL_PRICE: [number]'
INPUT: <$266, $380, [Buyer: Hello., Seller: hello, Buyer: Yes, I'm interested in the binoculars from your ad?, Seller: Oh, sure!  They are still available, Buyer: Are there any problems with the binoculars?], [Summary: The conversation begins with the buyer expressing interest in the seller's item, indicating a straightforward transactional intent. The seller responds positively, confirming availability, which maintains an open and cooperative tone. The buyer then seeks assurance about the item's condition, suggesting a cautious approach. The seller's response will likely determine if the buyer's interest continues or shifts based on any disclosed issues, reflecting a dynamic of trust-building and negotiation.]><|eot_id|><|begin_of_text|><|start_header_id|>system<|end_header_id|>

Cutting Knowledge Date: December 2023
Today Date: 26 Jul 2024

Cutting Knowledge Date: December 2023
Today Date: 26 Jul 2024

FINAL_PRICE: $300.0<|eot_id|>",266,380,300.0,300.0,0.2982456140350877,0.2982456140350877,0.0
C_ff02a55751624199812bc4a6784fe018,5,"<|begin_of_text|><|start_header_id|>system<|end_header_id|>

Cutting Knowledge Date: December 2023
Today Date: 26 Jul 2024

<|eot_id|><|start_header_id|>user<|end_header_id|>

Analyze this negotiation, given in the format <buyer target, seller target, [negotiation], [summary]> and predict the projected sale price that lies between the buyer and seller targets. Provide only the final answer in the format 'FINAL_PRICE: [number]'
INPUT: <$3000, $5000, [Seller: Hello., Buyer: Hello, I have just viewed your advertisement for the white BMW Z3, Seller: Great, any questions?, Buyer: Yes, how many miles are on it?, Seller: 15000, Buyer: Have you done maintenance during the 15000 mile period?, Seller: yes, it is in great conditon., Buyer: That's great to hear! Do you have the maintenance records?, Seller: Yes , of curse, and I also have a warranty on it  for you , good for 5 more years.], [Summary: The conversation begins with a polite exchange and quickly shifts to the buyer's inquiries about the car's details, focusing on mileage and maintenance. The seller responds confidently and positively, emphasizing the car's excellent condition and providing additional assurance with maintenance records and a warranty. Throughout, the buyer's questions are met with reassuring answers, maintaining a constructive and persuasive dialogue aimed at building trust and interest in the car.]><|eot_id|>","<|begin_of_text|><|begin_of_text|><|start_header_id|>system<|end_header_id|>

Cutting Knowledge Date: December 2023
Today Date: 26 Jul 2024

<|eot_id|><|start_header_id|>user<|end_header_id|>

Analyze this negotiation, given in the format <buyer target, seller target, [negotiation], [summary]> and predict the projected sale price that lies between the buyer and seller targets. Provide only the final answer in the format 'FINAL_PRICE: [number]'
INPUT: <$3000, $5000, [Seller: Hello., Buyer: Hello, I have just viewed your advertisement for the white BMW Z3, Seller: Great, any questions?, Buyer: Yes, how many miles are on it?, Seller: 15000, Buyer: Have you done maintenance during the 15000 mile period?, Seller: yes, it is in great conditon., Buyer: That's great to hear! Do you have the maintenance records?, Seller: Yes, of curse, and I also have a warranty on it  for you, good for 5 more years.], [Summary: The conversation begins with a polite exchange and quickly shifts to the buyer's inquiries about the car's details, focusing on mileage and maintenance. The seller responds confidently and positively, emphasizing the car's excellent condition and providing additional assurance with maintenance records and a warranty. Throughout, the buyer's questions are met with reassuring answers, maintaining a constructive and persuasive dialogue aimed at building trust and interest in the car.]><|eot_id|><|begin_of_text|><|start_header_id|>system<|end_header_id|>

Cutting Knowledge Date: December 2023
Today Date: 26 Jul 2024

Cutting Knowledge Date: December 2023
Today Date: 26 Jul 2024

FINAL_PRICE: $3500.0<|eot_id|>",3000,5000,3000.0,3500.0,0.0,0.25,83.33333333333333
C_ff8ffd5898d642cc818a6e67a3bc5378,5,"<|begin_of_text|><|start_header_id|>system<|end_header_id|>

Cutting Knowledge Date: December 2023
Today Date: 26 Jul 2024

<|eot_id|><|start_header_id|>user<|end_header_id|>

Analyze this negotiation, given in the format <buyer target, seller target, [negotiation], [summary]> and predict the projected sale price that lies between the buyer and seller targets. Provide only the final answer in the format 'FINAL_PRICE: [number]'
INPUT: <$4059, $5800, [Seller: Hello, Buyer: Hello, Seller: This is a great Honda; so excellent I'm thinking it's worth $6900., Buyer: I don't think it's worth that much. It's a 12 years old car.], [Summary: The conversation begins with the seller expressing enthusiasm and setting a high price for the car, aiming to persuade the buyer of its value. The buyer responds skeptically, challenging the seller's assessment by highlighting the car's age. This introduces a negotiation dynamic, with the seller likely needing to adjust their strategy to address the buyer's concerns and justify the price, while the buyer maintains a critical stance.]><|eot_id|>","<|begin_of_text|><|begin_of_text|><|start_header_id|>system<|end_header_id|>

Cutting Knowledge Date: December 2023
Today Date: 26 Jul 2024

<|eot_id|><|start_header_id|>user<|end_header_id|>

Analyze this negotiation, given in the format <buyer target, seller target, [negotiation], [summary]> and predict the projected sale price that lies between the buyer and seller targets. Provide only the final answer in the format 'FINAL_PRICE: [number]'
INPUT: <$4059, $5800, [Seller: Hello, Buyer: Hello, Seller: This is a great Honda; so excellent I'm thinking it's worth $6900., Buyer: I don't think it's worth that much. It's a 12 years old car.], [Summary: The conversation begins with the seller expressing enthusiasm and setting a high price for the car, aiming to persuade the buyer of its value. The buyer responds skeptically, challenging the seller's assessment by highlighting the car's age. This introduces a negotiation dynamic, with the seller likely needing to adjust their strategy to address the buyer's concerns and justify the price, while the buyer maintains a critical stance.]><|eot_id|><|begin_of_text|><|start_header_id|>system<|end_header_id|>

Cutting Knowledge Date: December 2023
Today Date: 26 Jul 2024

FINAL_PRICE: $5100.0<|eot_id|>",4059,5800,4100.0,5100.0,0.023549684089603676,0.597932222860425,243.90243902439025
