dialogue_id,fold,prompt,generated_text,agent1_food,agent1_water,agent1_firewood,agent2_food,agent2_water,agent2_firewood,predicted_agent1_food,predicted_agent1_water,predicted_agent1_firewood,predicted_agent2_food,predicted_agent2_water,predicted_agent2_firewood,true_agent1_utility,true_agent2_utility,predicted_agent1_utility,predicted_agent2_utility,utility_mse
2,5,"<|begin_of_text|><|start_header_id|>system<|end_header_id|>

Cutting Knowledge Date: December 2023
Today Date: 26 Jul 2024

<|eot_id|><|start_header_id|>user<|end_header_id|>

You are helping analyze a negotiation conversation where two agents are discussing the allocation of resources. Each resource has exactly three units that must be divided between the two agents. The total amount of each resource allocated to both agents must add up to three. 

            Agent Preferences:
            Agent 1: High priority: water, Medium priority: food, Low priority: firewood
            Agent 2: High priority: water, Medium priority: firewood, Low priority: food

            Conversation with intentions:
            Agent 2: Hey there!, Agent 1: Hi! How are you?! You excited for your camping trip??! I sure am ready to go on mine!, Agent 2: I am very excited, I'm actually going camping in a week. I drink a lot of water so it's important that I bring a lot. What about you? , [Summary: The conversation begins with an enthusiastic exchange about upcoming camping trips, reflecting mutual excitement. Both speakers express positive sentiments and share personal preparations, indicating a shared interest in the topic. The dialogue maintains a friendly and engaging tone, with each participant showing interest in the other's plans. The interaction is characterized by a supportive and enthusiastic atmosphere, with both speakers contributing to a lively and upbeat discussion.]

            Based on this negotiation, predict the final allocation of resources. Provide only your answer using the following format with curly braces, with no explanation:

            OUTCOME: {agent1:{food:[number], water:[number], firewood:[number]}, agent2:{food:[number], water:[number], firewood:[number]}}

            Remember: Each resource must sum to exactly 3 units across both agents.<|eot_id|>","<|begin_of_text|><|begin_of_text|><|start_header_id|>system<|end_header_id|>

Cutting Knowledge Date: December 2023
Today Date: 26 Jul 2024

<|eot_id|><|start_header_id|>user<|end_header_id|>

You are helping analyze a negotiation conversation where two agents are discussing the allocation of resources. Each resource has exactly three units that must be divided between the two agents. The total amount of each resource allocated to both agents must add up to three. 

            Agent Preferences:
            Agent 1: High priority: water, Medium priority: food, Low priority: firewood
            Agent 2: High priority: water, Medium priority: firewood, Low priority: food

            Conversation with intentions:
            Agent 2: Hey there!, Agent 1: Hi! How are you?! You excited for your camping trip??! I sure am ready to go on mine!, Agent 2: I am very excited, I'm actually going camping in a week. I drink a lot of water so it's important that I bring a lot. What about you?, [Summary: The conversation begins with an enthusiastic exchange about upcoming camping trips, reflecting mutual excitement. Both speakers express positive sentiments and share personal preparations, indicating a shared interest in the topic. The dialogue maintains a friendly and engaging tone, with each participant showing interest in the other's plans. The interaction is characterized by a supportive and enthusiastic atmosphere, with both speakers contributing to a lively and upbeat discussion.]

            Based on this negotiation, predict the final allocation of resources. Provide only your answer using the following format with curly braces, with no explanation:

            OUTCOME: {agent1:{food:[number], water:[number], firewood:[number]}, agent2:{food:[number], water:[number], firewood:[number]}}

            Remember: Each resource must sum to exactly 3 units across both agents.<|eot_id|><|begin_of_text|><|start_header_id|>system<|end_header_id|>

Cutting Knowledge Date: December 2023
Today Date: 26 Jul 2024

Outcome: {agent1:{food:2, water:1, firewood:1}, agent2:{food:1, water:2, firewood:2}}

<|begin_of_text|><|start_header_id|><|begin_of_text|><|start_header_id|><|begin_of_text|><|start_header_id|><|begin_of_text|><|start_header_id|><|begin_of_text|><|start_header_id|><|begin_of_text|><|start_header_id|><|begin_of_text|><|start_header_id|><|begin_of_text|><|start_header_id|><|begin_of_text|><|start_header_id|><|begin_of_text|><|start_header_id|><|begin_of_text|><|start_header_id|><|begin_of_text|><|start_header_id|><|begin_of_text|><|start_header_id|><|begin_of_text|><|start_header_id|><|begin_of_text|><|start_header_id|><|begin_of_text|><|start_header_id|><|begin_of_text|><|start_header_id|><|begin_of_text|><|start_header_id|><|begin_of_text|><|start_header_id|><|begin_of_text|><|start_header_id|><|begin_of_text|><|start_header_id|><|begin_of_text|><|start_header_id|><|begin_of_text|><|start_header_id|><|begin_of_text|><|start_header_id|><|begin_of_text|><|start_header_id|><|begin_of_text|><|start_header_id|><|begin_of_text|><|start_header_id|><|begin_of_text|><|start_header_id|><|begin_of_text|><|start_header_id|><|begin_of_text|><|start_header_id|><|begin_of_text|><|start_header_id|><|begin_of_text|><|start_header_id|><|begin_of_text|><|start_header_id|><|begin_of_text|><|start_header_id|><|begin_of_text|><|start_header_id|><|begin_of_text|><|start_header_id|><|begin_of_text|><|start_header_id|><|begin_of_text|><|start_header_id|><|begin_of_text|><|start_header_id|><|begin_of_text|><|start_header_id|><|begin_of_text|><|start_header_id|><|begin_of_text|><|start_header_id|><|begin_of_text|><|start_header_id|><|begin_of_text|><|start_header_id|><|begin_of_text|><|start_header_id|><|begin_of_text|><|start_header_id|><|begin_of_text|><|start_header_id|><|begin_of_text|><|start_header_id|><|begin_of_text|><|start_header_id|><|begin_of_text|><|start_header_id|><|begin_of_text|><|start_header_id|><|begin_of_text|><|start_header_id|><|begin_of_text|><|start_header_id|><|begin_of_text|><|start_header_id|><|begin_of_text|><|start_header_id|><|begin_of_text|><|start_header_id|><|begin_of_text|><|start_header_id|><|begin_of_text|><|start_header_id|><|begin_of_text|><|start_header_id|><|begin_of_text|><|start_header_id|><|begin_of_text|><|start_header_id|><|begin_of_text|><|start_header_id|><|begin_of_text|><|start_header_id|><|begin_of_text|><|start_header_id|><|begin_of_text|><|start_header_id|><|begin_of_text|><|start_header_id|><|begin_of_text|><|start_header_id|><|begin_of_text|><|start_header_id|><|begin_of_text|><|start_header_id|><|begin_of_text|><|start_header_id|><|begin_of_text|><|start_header_id|><|begin_of_text|><|start_header_id|><|begin_of_text|><|start_header_id|><|begin_of_text|><|start_header_id|><|begin_of_text|><|start_header_id|><|begin_of_text|><|start_header_id|><|begin_of_text|><|start_header_id|><|begin_of_text|><|start_header_id|><|begin_of_text|><|start_header_id|><|begin_of_text|><|start_header_id|><|begin_of_text|><|start_header_id|><|begin_of_text|><|start_header_id|><|begin_of_text|><|start_header_id|><|begin_of_text|><|start_header_id|><|begin_of_text|><|start_header_id|><|begin_of_text|><|start_header_id|><|begin_of_text|><|start_header_id|><|begin_of_text|><|start_header_id|><|begin_of_text|><|start_header_id|><|begin_of_text|><|start_header_id|><|begin_of_text|><|start_header_id|><|begin_of_text|><|start_header_id|><|begin_of_text|><|start_header_id|><|begin_of_text|><|start_header_id|><|begin_of_text|><|start_header_id|><|begin_of_text|><|start_header_id|><|begin_of_text|><|start_header_id|><|begin_of_text|><|start_header_id|><|begin_of_text|><|start_header_id|><|begin_of_text|><|start_header_id|><|begin_of_text|><|start_header_id|><|begin_of_text|><|start_header_id|><|begin_of_text|><|start_header_id|><|begin_of_text|><|start_header_id|><|begin_of_text|><|start_header_id|><|begin_of_text|><|start_header_id|><|begin_of_text|><|start_header_id|><|begin_of_text|><|start_header_id|><|begin_of_text|><|start_header_id|><|begin_of_text|><|start_header_id|><|begin_of_text|><|start_header_id|><|start_header_id|><|begin_of_text|><|start_header_id|><|start_header_id|><|begin_of_text|><|start_header_id|><|begin_of_text|><|start_header_id|><|begin_of_text|><|start_header_id|><|begin_of_text|><|start_header_id|><|begin_of_text|><|start_header_id|><|begin_of_text|><|start_header_id|><|begin_of_text|><|start_header_id|><|begin_of_text|><|start_header_id|><|start_header_id|><|start_header_id|><|start_header_id|><|begin_of_text|><|start_header_id|><|begin_of_text|><|start_header_id|><|start_header_id|><|begin_of_text|><|start_header_id|><|start_header_id|><|start_header_id|><|start_header_id|><|begin_of_text|><|start_header_id|><|begin_of_text|><|start_header_id|><|start_header_id|><|begin_of_text|><|start_header_id|><|start_header_id|><|start_header_id|><|start_header_id|><|start_header_id|><|start_header_id|><|begin_of_text|><|start_header_id|><|begin_of_text|><|start_header_id|><|begin_of_text|><|start_header_id|><|start_header_id|><|start_header_id|><|start_header_id|><|start_header_id|><|begin_of_text|><|start_header_id|><|begin_of_text|><|start_header_id|><|start_header_id|><|start_header_id|><|start_header_id|><|begin_of_text|><|start_header_id|><|begin_of_text|><|start_header_id|><|begin_of_text|><|start_header_id|><|start_header_id|><|start_header_id|><|begin_of_text|><|start_header_id|><|start_header_id|><|begin_of_text|><|start_header_id|><|begin_of_text|><|start_header_id|><|start_header_id|><|start_header_id|><|start_header_id|><|start_header_id|><|start_header_id|><|start_header_id|><|begin_of_text|><|start_header_id|><|begin_of_text|><|start_header_id|><|start_header_id|><|start_header_id|><|start_header_id|><|start_header_id|><|start_header_id|><|begin_of_text|><|start_header_id|><|start_header_id|><|start_header_id|><|begin_of_text|><|start_header_id|><|start_header_id|><|start_header_id|><|start_header_id|><|start_header_id|><|start_header_id|><|start_header_id|><|start_header_id|><|start_header_id|><|start_header_id|><|begin_of_text|><|start_header_id|><|start_header_id|><|start_header_id|><|start_header_id|><|start_header_id|><|start_header_id|><|start_header_id|><|start_header_id|><|begin_of_text|><|start_header_id|><|start_header_id|><|start_header_id|><|start_header_id|><|start_header_id|><|start_header_id|><|start_header_id|><|start_header_id|><|start_header_id|><|begin_of_text|><|start_header_id|><|start_header_id|><|start_header_id|><|start_header_id|><|start_header_id|><|start_header_id|><|start_header_id|><|start_header_id|><|start_header_id|><|start_header_id|><|start_header_id|><|start_header_id|><|start_header_id|><|start_header_id|><|start_header_id|><|start_header_id|><|start_header_id|><|start_header_id|><|start_header_id|><|start_header_id|><|start_header_id|><|start_header_id|><|start_header_id|><|start_header_id|><|start_header_id|><|start_header_id|><|start_header_id|><|start_header_id|><|start_header_id|><|start_header_id|><|start_header_id|><|start_header_id|><|start_header_id|><|start_header_id|><|start_header_id|><|start_header_id|><|start_header_id|><|start_header_id|><|start_header_id|><|start_header_id|><|start_header_id|><|start_header_id|><|start_header_id|><|start_header_id|><|start_header_id|><|start_header_id|><|start_header_id|><|start_header_id|><|start_header_id|><|start_header_id|><|start_header_id|><|start_header_id|><|start_header_id|><|start_header_id|><|start_header_id|><|start_header_id|><|start_header_id|><|start_header_id|><|start_header_id|><|start_header_id|><|start_header_id|><|start_header_id|><|start_header_id|><|start_header_id|><|start_header_id|><|start_header_id|><|start_header_id|><|start_header_id|><|start_header_id|><|start_header_id|><|start_header_id|><|start_header_id|><|start_header_id|><|start_header_id|><|start_header_id|><|start_header_id|><|start_header_id|><|start_header_id|><|start_header_id|><|start_header_id|><|start_header_id|><|start_header_id|><|start_header_id|><|start_header_id|><|start_header_id|><|start_header_id|><|start_header_id|><|start_header_id|><|start_header_id|><|start_header_id|><|start_header_id|><|start_header_id|><|start_header_id|><|start_header_id|><|start_header_id|><|start_header_id|><|start_header_id|><|start_header_id|><|start_header_id|><|start_header_id|><|start_header_id|><|start_header_id|><|start_header_id|><|start_header_id|><|start_header_id|><|start_header_id|><|start_header_id|><|start_header_id|><|start_header_id|><|start_header_id|><|start_header_id|><|start_header_id|><|start_header_id|><|start_header_id|><|start_header_id|><|start_header_id|><|start_header_id|><|start_header_id|><|start_header_id|><|start_header_id|><|start_header_id|><|start_header_id|><|start_header_id|><|start_header_id|><|start_header_id|><|start_header_id|><|start_header_id|><|start_header_id|><|start_header_id|><|start_header_id|><|start_header_id|><|start_header_id|><|start_header_id|><|start_header_id|><|start_header_id|><|start_header_id|><|start_header_id|><|start_header_id|><|start_header_id|><|start_header_id|><|start_header_id|><|start_header_id|><|start_header_id|><|start_header_id|><|start_header_id|><|start_header_id|><|start_header_id|><|start_header_id|><|start_header_id|><|start_header_id|><|start_header_id|><|start_header_id|><|start_header_id|><|start_header_id|><|start_header_id|><|start_header_id|><|start_header_id|><|start_header_id|><|start_header_id|><|start_header_id|><|start_header_id|><|start_header_id|><|start_header_id|><|start_header_id|><|start_header_id|><|start_header_id|><|start_header_id|><|start_header_id|><|start_header_id|><|start_header_id|><|start_header_id|><|start_header_id|><|start_header_id|><|start_header_id|><|start_header_id|><|start_header_id|><|start_header_id|><|start_header_id|><|start_header_id|><|start_header_id|><|start_header_id|><|start_header_id|><|start_header_id|><|start_header_id|><|start_header_id|><|start_header_id|><|start_header_id|><|start_header_id|><|start_header_id|><|start_header_id|><|start_header_id|><|start_header_id|><|start_header_id|><|start_header_id|><|start_header_id|><|start_header_id|><|start_header_id|><|start_header_id|><|start_header_id|><|start_header_id|><|start_header_id|><|start_header_id|><|start_header_id|><|start_header_id|><|start_header_id|><|start_header_id|><|start_header_id|><|start_header_id|><|start_header_id|><|start_header_id|><|start_header_id|><|start_header_id|><|start_header_id|><|start_header_id|><|start_header_id|><|start_header_id|><|start_header_id|><|start_header_id|><|start_header_id|><|start_header_id|><|start_header_id|><|start_header_id|><|start_header_id|><|start_header_id|><|start_header_id|><|start_header_id|><|start_header_id|><|start_header_id|><|start_header_id|><|start_header_id|><|start_header_id|><|start_header_id|><|start_header_id|><|start_header_id|><|start_header_id|><|start_header_id|><|start_header_id|><|start_header_id|><|start_header_id|><|start_header_id|><|start_header_id|><|start_header_id|><|start_header_id|><|start_header_id|><|start_header_id|><|start_header_id|><|start_header_id|><|start_header_id|><|start_header_id|><|start_header_id|><|start_header_id|><|start_header_id|><|start_header_id|><|start_header_id|><|start_header_id|><|start_header_id|><|start_header_id|><|start_header_id|><|start_header_id|><|start_header_id|><|start_header_id|><|start_header_id|><|start_header_id|><|start_header_id|><|start_header_id|><|start_header_id|><|start_header_id|><|start_header_id|><|start_header_id|><|start_header_id|><|start_header_id|><|start_header_id|><|start_header_id|><|start_header_id|><|start_header_id|><|start_header_id|><|start_header_id|><|start_header_id|><|start_header_id|><|start_header_id|><|start_header_id|><|start_header_id|><|start_header_id|><|start_header_id|><|start_header_id|><|start_header_id|><|start_header_id|><|start_header_id|><|start_header_id|><|start_header_id|><|start_header_id|><|start_header_id|><|start_header_id|><|start_header_id|><|start_header_id|><|start_header_id|><|start_header_id|><|start_header_id|><|start_header_id|><|start_header_id|><|start_header_id|><|start_header_id|><|start_header_id|><|start_header_id|><|start_header_id|><|start_header_id|><|start_header_id|><|start_header_id|><|start_header_id|><|start_header_id|><|start_header_id|><|start_header_id|><|start_header_id|><|start_header_id|><|start_header_id|><|start_header_id|><|start_header_id|><|start_header_id|><|start_header_id|><|start_header_id|><|start_header_id|><|start_header_id|><|start_header_id|><|start_header_id|><|start_header_id|><|start_header_id|><|start_header_id|><|start_header_id|><|start_header_id|><|start_header_id|><|start_header_id|><|start_header_id|><|start_header_id|><|start_header_id|><|start_header_id|><|start_header_id|><|start_header_id|><|start_header_id|><|start_header_id|><|start_header_id|><|start_header_id|><|start_header_id|><|start_header_id|><|start_header_id|><|start_header_id|><|start_header_id|><|start_header_id|><|start_header_id|><|start_header_id|><|start_header_id|><|start_header_id|><|start_header_id|><|start_header_id|><|start_header_id|><|start_header_id|><|start_header_id|><|start_header_id|><|start_header_id|><|start_header_id|><|start_header_id|><|start_header_id|><|start_header_id|><|start_header_id|><|start_header_id|><|start_header_id|><|start_header_id|><|start_header_id|><|start_header_id|><|start_header_id|><|start_header_id|><|start_header_id|><|start_header_id|><|start_header_id|><|start_header_id|><|start_header_id|><|start_header_id|><|start_header_id|><|start_header_id|><|start_header_id|><|start_header_id|><|start_header_id|><|start_header_id|><|start_header_id|><|start_header_id|><|start_header_id|><|start_header_id|><|start_header_id|><|start_header_id|><|start_header_id|><|start_header_id|><|start_header_id|><|start_header_id|><|start_header_id|><|start_header_id|><|start_header_id|><|start_header_id|><|start_header_id|><|start_header_id|><|start_header_id|><|start_header_id|><|start_header_id|><|start_header_id|><|start_header_id|><|start_header_id|><|start_header_id|><|start_header_id|><|start_header_id|><|start_header_id|><|start_header_id|><|start_header_id|><|start_header_id|><|start_header_id|><|start_header_id|><|start_header_id|><|start_header_id|><|start_header_id|><|start_header_id|><|start_header_id|><|start_header_id|><|start_header_id|><|start_header_id|><|start_header_id|><|start_header_id|><|start_header_id|><|start_header_id|><|start_header_id|><|start_header_id|><|start_header_id|><|start_header_id|><|start_header_id|><|start_header_id|><|start_header_id|><|start_header_id|><|start_header_id|><|start_header_id|><|start_header_id|><|start_header_id|><|start_header_id|><|start_header_id|><|start_header_id|><|start_header_id|><|start_header_id|><|start_header_id|><|start_header_id|><|start_header_id|><|start_header_id|><|start_header_id|><|start_header_id|><|start_header_id|><|start_header_id|><|start_header_id|><|start_header_id|><|start_header_id|><|start_header_id|><|start_header_id|><|start_header_id|><|start_header_id|><|start_header_id|><|start_header_id|><|start_header_id|><|start_header_id|><|start_header_id|><|start_header_id|><|start_header_id|><|start_header_id|><|start_header_id|><|start_header_id|><|start_header_id|><|start_header_id|><|start_header_id|><|start_header_id|><|start_header_id|><|start_header_id|><|start_header_id|><|start_header_id|><|start_header_id|><|start_header_id|><|start_header_id|><|start_header_id|><|start_header_id|><|start_header_id|><|start_header_id|><|start_header_id|><|start_header_id|><|start_header_id|><|start_header_id|><|start_header_id|><|start_header_id|><|start_header_id|><|start_header_id|><|start_header_id|><|start_header_id|><|start_header_id|><|start_header_id|><|start_header_id|><|start_header_id|><|start_header_id|><|start_header_id|><|start_header_id|><|start_header_id|><|start_header_id|><|start_header_id|><|start_header_id|><|start_header_id|><|start_header_id|><|start_header_id|><|start_header_id|><|start_header_id|><|start_header_id|><|start_header_id|><|start_header_id|><|start_header_id|><|start_header_id|><|start_header_id|><|start_header_id|><|start_header_id|><|start_header_id|><|start_header_id|><|start_header_id|><|start_header_id|><|start_header_id|><|start_header_id|><|start_header_id|><|start_header_id|><|start_header_id|><|start_header_id|><|start_header_id|><|start_header_id|><|start_header_id|><|start_header_id|><|start_header_id|><|start_header_id|><|start_header_id|><|start_header_id|><|start_header_id|><|start_header_id|><|start_header_id|><|start_header_id|><|start_header_id|><|start_header_id|><|start_header_id|><|start_header_id|><|start_header_id|><|start_header_id|><|start_header_id|><|start_header_id|><|start_header_id|><|start_header_id|><|start_header_id|><|start_header_id|><|start_header_id|><|start_header_id|><|start_header_id|><|start_header_id|><|start_header_id|><|start_header_id|><|start_header_id|><|start_header_id|><|start_header_id|><|start_header_id|><|start_header_id|><|start_header_id|><|start_header_id|><|start_header_id|><|start_header_id|><|start_header_id|><|start_header_id|><|start_header_id|><|start_header_id|><|start_header_id|><|start_header_id|><|start_header_id|><|start_header_id|><|start_header_id|><|start_header_id|><|start_header_id|><|start_header_id|><|start_header_id|><|start_header_id|><|start_header_id|><|start_header_id|><|start_header_id|><|start_header_id|><|start_header_id|><|start_header_id|><|start_header_id|><|start_header_id|><|start_header_id|><|start_header_id|><|start_header_id|><|start_header_id|><|start_header_id|><|start_header_id|><|start_header_id|><|start_header_id|><|start_header_id|><|start_header_id|><|start_header_id|><|start_header_id|><|start_header_id|><|start_header_id|><|start_header_id|><|start_header_id|><|start_header_id|><|start_header_id|><|start_header_id|><|start_header_id|><|start_header_id|><|start_header_id|><|start_header_id|><|start_header_id|><|start_header_id|><|start_header_id|><|start_header_id|><|start_header_id|>",1,2,0,2,1,3,2.0,1.0,1.0,1.0,2.0,2.0,14,23,16.0,21.0,4.0
4,5,"<|begin_of_text|><|start_header_id|>system<|end_header_id|>

Cutting Knowledge Date: December 2023
Today Date: 26 Jul 2024

<|eot_id|><|start_header_id|>user<|end_header_id|>

You are helping analyze a negotiation conversation where two agents are discussing the allocation of resources. Each resource has exactly three units that must be divided between the two agents. The total amount of each resource allocated to both agents must add up to three. 

            Agent Preferences:
            Agent 1: High priority: food, Medium priority: firewood, Low priority: water
            Agent 2: High priority: food, Medium priority: firewood, Low priority: water

            Conversation with intentions:
            Agent 2: What are you most interested in getting?, Agent 1: I think food is my highest priority, What about you?, Agent 2: Food is also my highest priority, but firewood is also pretty close for me. , [Summary: The conversation begins with both speakers expressing their priorities, with a shared focus on food. The first speaker directly states their interest, prompting the second speaker to reveal a similar priority but also introduces an additional concern. The exchange is collaborative, with both speakers aligning on a primary interest while the second speaker subtly expands the discussion to include another priority, indicating a slight divergence in their immediate needs.]

            Based on this negotiation, predict the final allocation of resources. Provide only your answer using the following format with curly braces, with no explanation:

            OUTCOME: {agent1:{food:[number], water:[number], firewood:[number]}, agent2:{food:[number], water:[number], firewood:[number]}}

            Remember: Each resource must sum to exactly 3 units across both agents.<|eot_id|>","<|begin_of_text|><|begin_of_text|><|start_header_id|>system<|end_header_id|>

Cutting Knowledge Date: December 2023
Today Date: 26 Jul 2024

<|eot_id|><|start_header_id|>user<|end_header_id|>

You are helping analyze a negotiation conversation where two agents are discussing the allocation of resources. Each resource has exactly three units that must be divided between the two agents. The total amount of each resource allocated to both agents must add up to three. 

            Agent Preferences:
            Agent 1: High priority: food, Medium priority: firewood, Low priority: water
            Agent 2: High priority: food, Medium priority: firewood, Low priority: water

            Conversation with intentions:
            Agent 2: What are you most interested in getting?, Agent 1: I think food is my highest priority, What about you?, Agent 2: Food is also my highest priority, but firewood is also pretty close for me., [Summary: The conversation begins with both speakers expressing their priorities, with a shared focus on food. The first speaker directly states their interest, prompting the second speaker to reveal a similar priority but also introduces an additional concern. The exchange is collaborative, with both speakers aligning on a primary interest while the second speaker subtly expands the discussion to include another priority, indicating a slight divergence in their immediate needs.]

            Based on this negotiation, predict the final allocation of resources. Provide only your answer using the following format with curly braces, with no explanation:

            OUTCOME: {agent1:{food:[number], water:[number], firewood:[number]}, agent2:{food:[number], water:[number], firewood:[number]}}

            Remember: Each resource must sum to exactly 3 units across both agents.<|eot_id|><|begin_of_text|><|start_header_id|>system<|end_header_id|>

Cutting Knowledge Date: December 2023
Today Date: 26 Jul 2024

Outcome: {agent1:{food:2, water:1, firewood:2}, agent2:{food:1, water:2, firewood:1}}

<|begin_of_text|><|start_header_id|><|begin_of_text|><|start_header_id|><|begin_of_text|><|start_header_id|><|begin_of_text|><|start_header_id|><|begin_of_text|><|start_header_id|><|begin_of_text|><|start_header_id|><|begin_of_text|><|start_header_id|><|begin_of_text|><|start_header_id|><|begin_of_text|><|start_header_id|><|begin_of_text|><|start_header_id|><|begin_of_text|><|start_header_id|><|begin_of_text|><|start_header_id|><|begin_of_text|><|start_header_id|><|begin_of_text|><|start_header_id|><|begin_of_text|><|start_header_id|><|begin_of_text|><|start_header_id|><|begin_of_text|><|start_header_id|><|begin_of_text|><|start_header_id|><|begin_of_text|><|start_header_id|><|begin_of_text|><|start_header_id|><|begin_of_text|><|start_header_id|><|begin_of_text|><|start_header_id|><|begin_of_text|><|start_header_id|><|begin_of_text|><|start_header_id|><|begin_of_text|><|start_header_id|><|begin_of_text|><|start_header_id|><|begin_of_text|><|start_header_id|><|begin_of_text|><|start_header_id|><|begin_of_text|><|start_header_id|><|begin_of_text|><|start_header_id|><|begin_of_text|><|start_header_id|><|begin_of_text|><|start_header_id|><|begin_of_text|><|start_header_id|><|begin_of_text|><|start_header_id|><|begin_of_text|><|start_header_id|><|begin_of_text|><|start_header_id|><|begin_of_text|><|start_header_id|><|begin_of_text|><|start_header_id|><|begin_of_text|><|start_header_id|><|begin_of_text|><|start_header_id|><|begin_of_text|><|start_header_id|><|begin_of_text|><|start_header_id|><|begin_of_text|><|start_header_id|><|begin_of_text|><|start_header_id|><|begin_of_text|><|start_header_id|><|begin_of_text|><|start_header_id|><|begin_of_text|><|start_header_id|><|begin_of_text|><|start_header_id|><|begin_of_text|><|start_header_id|><|begin_of_text|><|start_header_id|><|begin_of_text|><|start_header_id|><|begin_of_text|><|start_header_id|><|begin_of_text|><|start_header_id|><|begin_of_text|><|start_header_id|><|begin_of_text|><|start_header_id|><|begin_of_text|><|start_header_id|><|begin_of_text|><|start_header_id|><|begin_of_text|><|start_header_id|><|begin_of_text|><|start_header_id|><|begin_of_text|><|start_header_id|><|begin_of_text|><|start_header_id|><|begin_of_text|><|start_header_id|><|begin_of_text|><|start_header_id|><|begin_of_text|><|start_header_id|><|begin_of_text|><|start_header_id|><|begin_of_text|><|start_header_id|><|begin_of_text|><|start_header_id|><|begin_of_text|><|start_header_id|><|begin_of_text|><|start_header_id|><|begin_of_text|><|start_header_id|><|begin_of_text|><|start_header_id|><|begin_of_text|><|start_header_id|><|begin_of_text|><|start_header_id|><|begin_of_text|><|start_header_id|><|begin_of_text|><|start_header_id|><|begin_of_text|><|start_header_id|><|begin_of_text|><|start_header_id|><|begin_of_text|><|start_header_id|><|begin_of_text|><|start_header_id|><|begin_of_text|><|start_header_id|><|begin_of_text|><|start_header_id|><|begin_of_text|><|start_header_id|><|begin_of_text|><|start_header_id|><|begin_of_text|><|start_header_id|><|begin_of_text|><|start_header_id|><|begin_of_text|><|start_header_id|><|begin_of_text|><|start_header_id|><|begin_of_text|><|start_header_id|><|begin_of_text|><|start_header_id|><|begin_of_text|><|start_header_id|><|begin_of_text|><|start_header_id|><|begin_of_text|><|start_header_id|><|begin_of_text|><|start_header_id|><|begin_of_text|><|start_header_id|><|begin_of_text|><|start_header_id|><|begin_of_text|><|start_header_id|><|begin_of_text|><|start_header_id|><|begin_of_text|><|start_header_id|><|begin_of_text|><|start_header_id|><|begin_of_text|><|start_header_id|><|begin_of_text|><|start_header_id|><|begin_of_text|><|start_header_id|><|begin_of_text|><|start_header_id|><|begin_of_text|><|start_header_id|><|begin_of_text|><|start_header_id|><|begin_of_text|><|start_header_id|><|begin_of_text|><|start_header_id|><|begin_of_text|><|start_header_id|><|begin_of_text|><|start_header_id|><|begin_of_text|><|start_header_id|><|begin_of_text|><|start_header_id|><|start_header_id|><|begin_of_text|><|start_header_id|><|begin_of_text|><|start_header_id|><|start_header_id|><|begin_of_text|><|start_header_id|><|begin_of_text|><|start_header_id|><|begin_of_text|><|start_header_id|><|start_header_id|><|start_header_id|><|begin_of_text|><|start_header_id|><|start_header_id|><|begin_of_text|><|start_header_id|><|begin_of_text|><|start_header_id|><|begin_of_text|><|start_header_id|><|start_header_id|><|begin_of_text|><|start_header_id|><|begin_of_text|><|start_header_id|><|begin_of_text|><|start_header_id|><|begin_of_text|><|start_header_id|><|start_header_id|><|start_header_id|><|begin_of_text|><|start_header_id|><|start_header_id|><|begin_of_text|><|start_header_id|><|begin_of_text|><|begin_of_text|><|start_header_id|><|start_header_id|><|begin_of_text|><|start_header_id|><|start_header_id|><|start_header_id|><|begin_of_text|><|start_header_id|><|start_header_id|><|begin_of_text|><|start_header_id|><|begin_of_text|><|start_header_id|><|start_header_id|><|start_header_id|><|start_header_id|><|start_header_id|><|start_header_id|><|start_header_id|><|begin_of_text|><|start_header_id|><|start_header_id|><|start_header_id|><|start_header_id|><|start_header_id|><|start_header_id|><|begin_of_text|><|start_header_id|><|start_header_id|><|start_header_id|><|start_header_id|><|start_header_id|><|start_header_id|><|begin_of_text|><|begin_of_text|><|start_header_id|><|begin_of_text|><|start_header_id|><|begin_of_text|><|start_header_id|><|start_header_id|><|start_header_id|><|start_header_id|><|start_header_id|><|start_header_id|><|start_header_id|><|start_header_id|><|start_header_id|><|start_header_id|><|start_header_id|><|start_header_id|><|start_header_id|><|start_header_id|><|start_header_id|><|start_header_id|><|start_header_id|><|start_header_id|><|start_header_id|><|start_header_id|><|start_header_id|><|start_header_id|><|start_header_id|><|start_header_id|><|start_header_id|><|start_header_id|><|start_header_id|><|start_header_id|><|start_header_id|><|start_header_id|><|start_header_id|><|start_header_id|><|start_header_id|><|start_header_id|><|start_header_id|><|start_header_id|><|start_header_id|><|start_header_id|><|start_header_id|><|start_header_id|><|start_header_id|><|start_header_id|><|start_header_id|><|start_header_id|><|start_header_id|><|start_header_id|><|start_header_id|><|begin_of_text|><|start_header_id|><|start_header_id|><|start_header_id|><|start_header_id|><|start_header_id|><|start_header_id|><|start_header_id|><|start_header_id|><|start_header_id|><|start_header_id|><|start_header_id|><|start_header_id|><|start_header_id|><|start_header_id|><|start_header_id|><|start_header_id|><|start_header_id|><|start_header_id|><|start_header_id|><|start_header_id|><|start_header_id|><|start_header_id|><|start_header_id|><|start_header_id|><|start_header_id|><|start_header_id|><|start_header_id|><|start_header_id|><|start_header_id|><|start_header_id|><|start_header_id|><|start_header_id|><|start_header_id|><|start_header_id|><|start_header_id|><|start_header_id|><|start_header_id|><|start_header_id|><|start_header_id|><|start_header_id|><|start_header_id|><|start_header_id|><|start_header_id|><|start_header_id|><|start_header_id|><|start_header_id|><|start_header_id|><|start_header_id|><|start_header_id|><|start_header_id|><|start_header_id|><|start_header_id|><|start_header_id|><|start_header_id|><|start_header_id|><|start_header_id|><|start_header_id|><|start_header_id|><|start_header_id|><|start_header_id|><|start_header_id|><|start_header_id|><|start_header_id|><|start_header_id|><|start_header_id|><|start_header_id|><|start_header_id|><|start_header_id|><|start_header_id|><|start_header_id|><|start_header_id|><|start_header_id|><|start_header_id|><|start_header_id|><|start_header_id|><|start_header_id|><|start_header_id|><|start_header_id|><|start_header_id|><|start_header_id|><|start_header_id|><|start_header_id|><|start_header_id|><|start_header_id|><|start_header_id|><|start_header_id|><|start_header_id|><|start_header_id|><|start_header_id|><|start_header_id|><|start_header_id|><|start_header_id|><|start_header_id|><|start_header_id|><|start_header_id|><|start_header_id|><|start_header_id|><|start_header_id|><|start_header_id|><|start_header_id|><|start_header_id|><|start_header_id|><|start_header_id|><|start_header_id|><|start_header_id|><|start_header_id|><|start_header_id|><|start_header_id|><|start_header_id|><|start_header_id|><|start_header_id|><|start_header_id|><|start_header_id|><|start_header_id|><|start_header_id|><|start_header_id|><|start_header_id|><|start_header_id|><|start_header_id|><|start_header_id|><|start_header_id|><|start_header_id|><|start_header_id|><|start_header_id|><|start_header_id|><|start_header_id|><|start_header_id|><|start_header_id|><|start_header_id|><|start_header_id|><|start_header_id|><|start_header_id|><|start_header_id|><|start_header_id|><|start_header_id|><|start_header_id|><|start_header_id|><|start_header_id|><|start_header_id|><|start_header_id|><|start_header_id|><|start_header_id|><|start_header_id|><|start_header_id|><|start_header_id|><|start_header_id|><|start_header_id|><|start_header_id|><|start_header_id|><|start_header_id|><|start_header_id|><|start_header_id|><|start_header_id|><|start_header_id|><|start_header_id|><|start_header_id|><|start_header_id|><|start_header_id|><|start_header_id|><|start_header_id|><|start_header_id|><|start_header_id|><|start_header_id|><|start_header_id|><|start_header_id|><|start_header_id|><|start_header_id|><|start_header_id|><|start_header_id|><|start_header_id|><|start_header_id|><|start_header_id|><|start_header_id|><|start_header_id|><|start_header_id|><|start_header_id|><|start_header_id|><|start_header_id|><|start_header_id|><|start_header_id|><|start_header_id|><|start_header_id|><|start_header_id|><|start_header_id|><|start_header_id|><|start_header_id|><|start_header_id|><|start_header_id|><|start_header_id|><|start_header_id|><|start_header_id|><|start_header_id|><|start_header_id|><|start_header_id|><|start_header_id|><|start_header_id|><|start_header_id|><|start_header_id|><|start_header_id|><|start_header_id|><|start_header_id|><|start_header_id|><|start_header_id|><|start_header_id|><|start_header_id|><|start_header_id|><|start_header_id|><|start_header_id|><|start_header_id|><|start_header_id|><|start_header_id|><|start_header_id|><|start_header_id|><|start_header_id|><|start_header_id|><|start_header_id|><|start_header_id|><|start_header_id|><|start_header_id|><|start_header_id|><|start_header_id|><|start_header_id|><|start_header_id|><|start_header_id|><|start_header_id|><|start_header_id|><|start_header_id|><|start_header_id|><|start_header_id|><|start_header_id|><|start_header_id|><|start_header_id|><|start_header_id|><|start_header_id|><|start_header_id|><|start_header_id|><|start_header_id|><|start_header_id|><|start_header_id|><|start_header_id|><|start_header_id|><|start_header_id|><|start_header_id|><|start_header_id|><|start_header_id|><|start_header_id|><|start_header_id|><|start_header_id|><|start_header_id|><|start_header_id|><|start_header_id|><|start_header_id|><|start_header_id|><|start_header_id|><|start_header_id|><|start_header_id|><|start_header_id|><|start_header_id|><|start_header_id|><|start_header_id|><|start_header_id|><|start_header_id|><|start_header_id|><|start_header_id|><|start_header_id|><|start_header_id|><|start_header_id|><|start_header_id|><|start_header_id|><|start_header_id|><|start_header_id|><|start_header_id|><|start_header_id|><|start_header_id|><|start_header_id|><|start_header_id|><|start_header_id|><|start_header_id|><|start_header_id|><|start_header_id|><|start_header_id|><|start_header_id|><|start_header_id|><|start_header_id|><|start_header_id|><|start_header_id|><|start_header_id|><|start_header_id|><|start_header_id|><|start_header_id|><|start_header_id|><|start_header_id|><|start_header_id|><|start_header_id|><|start_header_id|><|start_header_id|><|start_header_id|><|start_header_id|><|start_header_id|><|start_header_id|><|start_header_id|><|start_header_id|><|start_header_id|><|start_header_id|><|start_header_id|><|start_header_id|><|start_header_id|><|start_header_id|><|start_header_id|><|start_header_id|><|start_header_id|><|start_header_id|><|start_header_id|><|start_header_id|><|start_header_id|><|start_header_id|><|start_header_id|><|start_header_id|><|start_header_id|><|start_header_id|><|start_header_id|><|start_header_id|><|start_header_id|><|start_header_id|><|start_header_id|><|start_header_id|><|start_header_id|><|start_header_id|><|start_header_id|><|start_header_id|><|start_header_id|><|start_header_id|><|start_header_id|><|start_header_id|><|start_header_id|><|start_header_id|><|start_header_id|><|start_header_id|><|start_header_id|><|start_header_id|><|start_header_id|><|start_header_id|><|start_header_id|><|start_header_id|><|start_header_id|><|start_header_id|><|start_header_id|><|start_header_id|><|start_header_id|><|start_header_id|><|start_header_id|><|start_header_id|><|start_header_id|><|start_header_id|><|start_header_id|><|start_header_id|><|start_header_id|><|start_header_id|><|start_header_id|><|start_header_id|><|start_header_id|><|start_header_id|><|start_header_id|><|start_header_id|><|start_header_id|><|start_header_id|><|start_header_id|><|start_header_id|><|start_header_id|><|start_header_id|><|start_header_id|><|start_header_id|><|start_header_id|><|start_header_id|><|start_header_id|><|start_header_id|><|start_header_id|><|start_header_id|><|start_header_id|><|start_header_id|><|start_header_id|><|start_header_id|><|start_header_id|><|start_header_id|><|start_header_id|><|start_header_id|><|start_header_id|><|start_header_id|><|start_header_id|><|start_header_id|><|start_header_id|><|start_header_id|><|start_header_id|><|start_header_id|><|start_header_id|><|start_header_id|><|start_header_id|><|start_header_id|><|start_header_id|><|start_header_id|><|start_header_id|><|start_header_id|><|start_header_id|><|start_header_id|><|start_header_id|><|start_header_id|><|start_header_id|><|start_header_id|><|start_header_id|><|start_header_id|><|start_header_id|><|start_header_id|><|start_header_id|><|start_header_id|><|start_header_id|><|start_header_id|><|start_header_id|><|start_header_id|><|start_header_id|><|start_header_id|><|start_header_id|><|start_header_id|><|start_header_id|><|start_header_id|><|start_header_id|><|start_header_id|><|start_header_id|><|start_header_id|><|start_header_id|><|start_header_id|><|start_header_id|><|start_header_id|><|start_header_id|><|start_header_id|><|start_header_id|><|start_header_id|><|start_header_id|><|start_header_id|><|start_header_id|><|start_header_id|><|start_header_id|><|start_header_id|><|start_header_id|><|start_header_id|><|start_header_id|><|start_header_id|><|start_header_id|><|start_header_id|><|start_header_id|><|start_header_id|><|start_header_id|><|start_header_id|><|start_header_id|><|start_header_id|><|start_header_id|><|start_header_id|><|start_header_id|><|start_header_id|><|start_header_id|><|start_header_id|><|start_header_id|><|start_header_id|><|start_header_id|><|start_header_id|><|start_header_id|><|start_header_id|><|start_header_id|><|start_header_id|><|start_header_id|><|start_header_id|><|start_header_id|><|start_header_id|><|start_header_id|><|start_header_id|><|start_header_id|><|start_header_id|><|start_header_id|><|start_header_id|><|start_header_id|><|start_header_id|><|start_header_id|><|start_header_id|><|start_header_id|><|start_header_id|><|start_header_id|><|start_header_id|><|start_header_id|><|start_header_id|><|start_header_id|><|start_header_id|><|start_header_id|><|start_header_id|><|start_header_id|><|start_header_id|><|start_header_id|><|start_header_id|><|start_header_id|><|start_header_id|><|start_header_id|><|start_header_id|><|start_header_id|><|start_header_id|><|start_header_id|><|start_header_id|><|start_header_id|><|start_header_id|><|start_header_id|><|start_header_id|><|start_header_id|><|start_header_id|><|start_header_id|><|start_header_id|><|start_header_id|><|start_header_id|><|start_header_id|><|start_header_id|><|start_header_id|><|start_header_id|><|start_header_id|><|start_header_id|><|start_header_id|><|start_header_id|><|start_header_id|><|start_header_id|><|start_header_id|><|start_header_id|><|start_header_id|><|start_header_id|><|start_header_id|><|start_header_id|><|start_header_id|><|start_header_id|><|start_header_id|><|start_header_id|><|start_header_id|><|start_header_id|><|start_header_id|><|start_header_id|><|start_header_id|><|start_header_id|><|start_header_id|><|start_header_id|><|start_header_id|><|start_header_id|><|start_header_id|><|start_header_id|><|start_header_id|><|start_header_id|><|start_header_id|><|start_header_id|><|start_header_id|><|start_header_id|><|start_header_id|><|start_header_id|><|start_header_id|><|start_header_id|><|start_header_id|><|start_header_id|><|start_header_id|><|start_header_id|><|start_header_id|><|start_header_id|><|start_header_id|><|start_header_id|><|start_header_id|><|start_header_id|><|start_header_id|><|start_header_id|><|start_header_id|><|start_header_id|><|start_header_id|><|start_header_id|><|start_header_id|><|start_header_id|><|start_header_id|><|start_header_id|><|start_header_id|><|start_header_id|><|start_header_id|><|start_header_id|><|start_header_id|><|start_header_id|><|start_header_id|><|start_header_id|><|start_header_id|><|start_header_id|><|start_header_id|><|start_header_id|><|start_header_id|><|start_header_id|><|start_header_id|><|start_header_id|><|start_header_id|><|start_header_id|><|start_header_id|><|start_header_id|><|start_header_id|><|start_header_id|><|start_header_id|><|start_header_id|><|start_header_id|><|start_header_id|><|start_header_id|><|start_header_id|><|start_header_id|><|start_header_id|><|start_header_id|><|start_header_id|><|start_header_id|><|start_header_id|><|start_header_id|><|start_header_id|><|start_header_id|><|start_header_id|>",2,1,1,1,2,2,2.0,1.0,2.0,1.0,2.0,1.0,17,19,21.0,15.0,16.0
11,5,"<|begin_of_text|><|start_header_id|>system<|end_header_id|>

Cutting Knowledge Date: December 2023
Today Date: 26 Jul 2024

<|eot_id|><|start_header_id|>user<|end_header_id|>

You are helping analyze a negotiation conversation where two agents are discussing the allocation of resources. Each resource has exactly three units that must be divided between the two agents. The total amount of each resource allocated to both agents must add up to three. 

            Agent Preferences:
            Agent 1: High priority: food, Medium priority: firewood, Low priority: water
            Agent 2: High priority: food, Medium priority: firewood, Low priority: water

            Conversation with intentions:
            Agent 1: hi how are you are you ready for your trip, Agent 2: I'm ready, I just would like to have a little extra stuff. How about you?, Agent 1: yes I could use some extra food since i am hiking with my kids and they all have a friend that comes along...lol , [Summary: The conversation begins with a friendly and casual tone as both speakers express readiness for an upcoming trip. The sentiment is light-hearted, with one speaker mentioning a desire for extra supplies and the other humorously noting the need for additional food due to accompanying children and their friends. The exchange maintains a relaxed and jovial atmosphere, focusing on shared experiences and preparations.]

            Based on this negotiation, predict the final allocation of resources. Provide only your answer using the following format with curly braces, with no explanation:

            OUTCOME: {agent1:{food:[number], water:[number], firewood:[number]}, agent2:{food:[number], water:[number], firewood:[number]}}

            Remember: Each resource must sum to exactly 3 units across both agents.<|eot_id|>","<|begin_of_text|><|begin_of_text|><|start_header_id|>system<|end_header_id|>

Cutting Knowledge Date: December 2023
Today Date: 26 Jul 2024

<|eot_id|><|start_header_id|>user<|end_header_id|>

You are helping analyze a negotiation conversation where two agents are discussing the allocation of resources. Each resource has exactly three units that must be divided between the two agents. The total amount of each resource allocated to both agents must add up to three. 

            Agent Preferences:
            Agent 1: High priority: food, Medium priority: firewood, Low priority: water
            Agent 2: High priority: food, Medium priority: firewood, Low priority: water

            Conversation with intentions:
            Agent 1: hi how are you are you ready for your trip, Agent 2: I'm ready, I just would like to have a little extra stuff. How about you?, Agent 1: yes I could use some extra food since i am hiking with my kids and they all have a friend that comes along...lol, [Summary: The conversation begins with a friendly and casual tone as both speakers express readiness for an upcoming trip. The sentiment is light-hearted, with one speaker mentioning a desire for extra supplies and the other humorously noting the need for additional food due to accompanying children and their friends. The exchange maintains a relaxed and jovial atmosphere, focusing on shared experiences and preparations.]

            Based on this negotiation, predict the final allocation of resources. Provide only your answer using the following format with curly braces, with no explanation:

            OUTCOME: {agent1:{food:[number], water:[number], firewood:[number]}, agent2:{food:[number], water:[number], firewood:[number]}}

            Remember: Each resource must sum to exactly 3 units across both agents.<|eot_id|><|begin_of_text|><|start_header_id|>system<|end_header_id|>

Cutting Knowledge Date: December 2023
Today Date: 26 Jul 2024

Outcome: {agent1:{food:2, water:2, firewood:1}, agent2:{food:1, water:1, firewood:2}}<|eot_id|>",1,2,2,2,1,1,2.0,2.0,1.0,1.0,1.0,2.0,19,17,20.0,16.0,1.0
12,5,"<|begin_of_text|><|start_header_id|>system<|end_header_id|>

Cutting Knowledge Date: December 2023
Today Date: 26 Jul 2024

<|eot_id|><|start_header_id|>user<|end_header_id|>

You are helping analyze a negotiation conversation where two agents are discussing the allocation of resources. Each resource has exactly three units that must be divided between the two agents. The total amount of each resource allocated to both agents must add up to three. 

            Agent Preferences:
            Agent 1: High priority: water, Medium priority: firewood, Low priority: food
            Agent 2: High priority: water, Medium priority: firewood, Low priority: food

            Conversation with intentions:
            Agent 1: Hi. I'm most interested in water. What's your highest priority?, Agent 2: I really need water too. I have a young baby and will do a lot of washing., Agent 1: Okay. I'm not especially worried about food. What's your lowest priority?, Agent 2: I have enough food too. Can I take 2 water, 1 firewood and 2 food? , [Summary: The conversation begins with both speakers expressing a shared interest in water, with mturk_agent_2 emphasizing a personal need due to having a young baby. Mturk_agent_1 is flexible about food, while mturk_agent_2 proposes a specific allocation of resources. The interaction is cooperative, with mturk_agent_2 clearly stating their needs and mturk_agent_1 showing openness to negotiation, indicating a mutual understanding and willingness to accommodate each other's priorities.]

            Based on this negotiation, predict the final allocation of resources. Provide only your answer using the following format with curly braces, with no explanation:

            OUTCOME: {agent1:{food:[number], water:[number], firewood:[number]}, agent2:{food:[number], water:[number], firewood:[number]}}

            Remember: Each resource must sum to exactly 3 units across both agents.<|eot_id|>","<|begin_of_text|><|begin_of_text|><|start_header_id|>system<|end_header_id|>

Cutting Knowledge Date: December 2023
Today Date: 26 Jul 2024

<|eot_id|><|start_header_id|>user<|end_header_id|>

You are helping analyze a negotiation conversation where two agents are discussing the allocation of resources. Each resource has exactly three units that must be divided between the two agents. The total amount of each resource allocated to both agents must add up to three. 

            Agent Preferences:
            Agent 1: High priority: water, Medium priority: firewood, Low priority: food
            Agent 2: High priority: water, Medium priority: firewood, Low priority: food

            Conversation with intentions:
            Agent 1: Hi. I'm most interested in water. What's your highest priority?, Agent 2: I really need water too. I have a young baby and will do a lot of washing., Agent 1: Okay. I'm not especially worried about food. What's your lowest priority?, Agent 2: I have enough food too. Can I take 2 water, 1 firewood and 2 food?, [Summary: The conversation begins with both speakers expressing a shared interest in water, with mturk_agent_2 emphasizing a personal need due to having a young baby. Mturk_agent_1 is flexible about food, while mturk_agent_2 proposes a specific allocation of resources. The interaction is cooperative, with mturk_agent_2 clearly stating their needs and mturk_agent_1 showing openness to negotiation, indicating a mutual understanding and willingness to accommodate each other's priorities.]

            Based on this negotiation, predict the final allocation of resources. Provide only your answer using the following format with curly braces, with no explanation:

            OUTCOME: {agent1:{food:[number], water:[number], firewood:[number]}, agent2:{food:[number], water:[number], firewood:[number]}}

            Remember: Each resource must sum to exactly 3 units across both agents.<|eot_id|><|begin_of_text|><|start_header_id|>system<|end_header_id|>

Cutting Knowledge Date: December 2023
Today Date: 26 Jul 2024

OUTCOME: {agent1:{food:0, water:2, firewood:1}, agent2:{food:3, water:1, firewood:2}}<|eot_id|>",2,1,2,1,2,1,0.0,2.0,1.0,3.0,1.0,2.0,19,17,14.0,22.0,25.0
13,5,"<|begin_of_text|><|start_header_id|>system<|end_header_id|>

Cutting Knowledge Date: December 2023
Today Date: 26 Jul 2024

<|eot_id|><|start_header_id|>user<|end_header_id|>

You are helping analyze a negotiation conversation where two agents are discussing the allocation of resources. Each resource has exactly three units that must be divided between the two agents. The total amount of each resource allocated to both agents must add up to three. 

            Agent Preferences:
            Agent 1: High priority: water, Medium priority: firewood, Low priority: food
            Agent 2: High priority: food, Medium priority: water, Low priority: firewood

            Conversation with intentions:
            Agent 2: Hello there...! Are you excited for the camp, Agent 1: Hey, I am really excited! 🙂, Agent 2: Wow.. Cool, Agent 1: Are you prepared for the camp?, Agent 2: Yes A little.. But I would need extra camping items , [Summary: The conversation begins with mutual excitement about an upcoming camp, establishing a positive and enthusiastic tone. One speaker expresses readiness and curiosity about the other's preparedness, prompting a response that mixes confidence with a hint of concern over needing additional supplies. The interaction maintains a friendly and supportive atmosphere, with both participants sharing their feelings and intentions openly, fostering a sense of camaraderie and mutual anticipation.]

            Based on this negotiation, predict the final allocation of resources. Provide only your answer using the following format with curly braces, with no explanation:

            OUTCOME: {agent1:{food:[number], water:[number], firewood:[number]}, agent2:{food:[number], water:[number], firewood:[number]}}

            Remember: Each resource must sum to exactly 3 units across both agents.<|eot_id|>","<|begin_of_text|><|begin_of_text|><|start_header_id|>system<|end_header_id|>

Cutting Knowledge Date: December 2023
Today Date: 26 Jul 2024

<|eot_id|><|start_header_id|>user<|end_header_id|>

You are helping analyze a negotiation conversation where two agents are discussing the allocation of resources. Each resource has exactly three units that must be divided between the two agents. The total amount of each resource allocated to both agents must add up to three. 

            Agent Preferences:
            Agent 1: High priority: water, Medium priority: firewood, Low priority: food
            Agent 2: High priority: food, Medium priority: water, Low priority: firewood

            Conversation with intentions:
            Agent 2: Hello there...! Are you excited for the camp, Agent 1: Hey, I am really excited! 🙂, Agent 2: Wow.. Cool, Agent 1: Are you prepared for the camp?, Agent 2: Yes A little.. But I would need extra camping items, [Summary: The conversation begins with mutual excitement about an upcoming camp, establishing a positive and enthusiastic tone. One speaker expresses readiness and curiosity about the other's preparedness, prompting a response that mixes confidence with a hint of concern over needing additional supplies. The interaction maintains a friendly and supportive atmosphere, with both participants sharing their feelings and intentions openly, fostering a sense of camaraderie and mutual anticipation.]

            Based on this negotiation, predict the final allocation of resources. Provide only your answer using the following format with curly braces, with no explanation:

            OUTCOME: {agent1:{food:[number], water:[number], firewood:[number]}, agent2:{food:[number], water:[number], firewood:[number]}}

            Remember: Each resource must sum to exactly 3 units across both agents.<|eot_id|><|begin_of_text|><|start_header_id|>system<|end_header_id|>

Cutting Knowledge Date: December 2023
Today Date: 26 Jul 2024

OUTCOME: {agent1:{food:0, water:2, firewood:2}, agent2:{food:3, water:1, firewood:1}}<|eot_id|>",0,1,3,3,2,0,0.0,2.0,2.0,3.0,1.0,1.0,17,23,18.0,22.0,1.0
18,5,"<|begin_of_text|><|start_header_id|>system<|end_header_id|>

Cutting Knowledge Date: December 2023
Today Date: 26 Jul 2024

<|eot_id|><|start_header_id|>user<|end_header_id|>

You are helping analyze a negotiation conversation where two agents are discussing the allocation of resources. Each resource has exactly three units that must be divided between the two agents. The total amount of each resource allocated to both agents must add up to three. 

            Agent Preferences:
            Agent 1: High priority: food, Medium priority: water, Low priority: firewood
            Agent 2: High priority: firewood, Medium priority: water, Low priority: food

            Conversation with intentions:
            Agent 1: Hello, what are your preferences for food, water, and firewood?, Agent 2: Hey, nice getting to interact with you. I would like to have additional packages of firewood and water, Agent 1: Okay, I would like to have additional packages of food and water., Agent 2: I would take 2 packages of firewood and 1 each of water and food. Let me know your thoughts., Agent 1: I actually need 2 packages of firewood for making more fires when camping., Agent 2: I can't take cold and would badly need to have more firewood. , [Summary: The conversation begins with a polite exchange as both participants express their preferences for resources. Initially, both parties state their needs, with one focusing on food and water, and the other on firewood and water. As the conversation progresses, both individuals assert their requirements more firmly, particularly regarding firewood, revealing a potential conflict due to overlapping needs. The discussion remains cordial but becomes more focused on negotiating their respective priorities.]

            Based on this negotiation, predict the final allocation of resources. Provide only your answer using the following format with curly braces, with no explanation:

            OUTCOME: {agent1:{food:[number], water:[number], firewood:[number]}, agent2:{food:[number], water:[number], firewood:[number]}}

            Remember: Each resource must sum to exactly 3 units across both agents.<|eot_id|>","<|begin_of_text|><|begin_of_text|><|start_header_id|>system<|end_header_id|>

Cutting Knowledge Date: December 2023
Today Date: 26 Jul 2024

<|eot_id|><|start_header_id|>user<|end_header_id|>

You are helping analyze a negotiation conversation where two agents are discussing the allocation of resources. Each resource has exactly three units that must be divided between the two agents. The total amount of each resource allocated to both agents must add up to three. 

            Agent Preferences:
            Agent 1: High priority: food, Medium priority: water, Low priority: firewood
            Agent 2: High priority: firewood, Medium priority: water, Low priority: food

            Conversation with intentions:
            Agent 1: Hello, what are your preferences for food, water, and firewood?, Agent 2: Hey, nice getting to interact with you. I would like to have additional packages of firewood and water, Agent 1: Okay, I would like to have additional packages of food and water., Agent 2: I would take 2 packages of firewood and 1 each of water and food. Let me know your thoughts., Agent 1: I actually need 2 packages of firewood for making more fires when camping., Agent 2: I can't take cold and would badly need to have more firewood., [Summary: The conversation begins with a polite exchange as both participants express their preferences for resources. Initially, both parties state their needs, with one focusing on food and water, and the other on firewood and water. As the conversation progresses, both individuals assert their requirements more firmly, particularly regarding firewood, revealing a potential conflict due to overlapping needs. The discussion remains cordial but becomes more focused on negotiating their respective priorities.]

            Based on this negotiation, predict the final allocation of resources. Provide only your answer using the following format with curly braces, with no explanation:

            OUTCOME: {agent1:{food:[number], water:[number], firewood:[number]}, agent2:{food:[number], water:[number], firewood:[number]}}

            Remember: Each resource must sum to exactly 3 units across both agents.<|eot_id|><|begin_of_text|><|start_header_id|>system<|end_header_id|>

Cutting Knowledge Date: December 2023
Today Date: 26 Jul 2024

OUTCOME: {agent1:{food:2, water:2, firewood:1}, agent2:{food:1, water:1, firewood:2}}<|eot_id|>",2,2,1,1,1,2,2.0,2.0,1.0,1.0,1.0,2.0,21,17,21.0,17.0,0.0
24,5,"<|begin_of_text|><|start_header_id|>system<|end_header_id|>

Cutting Knowledge Date: December 2023
Today Date: 26 Jul 2024

<|eot_id|><|start_header_id|>user<|end_header_id|>

You are helping analyze a negotiation conversation where two agents are discussing the allocation of resources. Each resource has exactly three units that must be divided between the two agents. The total amount of each resource allocated to both agents must add up to three. 

            Agent Preferences:
            Agent 1: High priority: food, Medium priority: water, Low priority: firewood
            Agent 2: High priority: water, Medium priority: firewood, Low priority: food

            Conversation with intentions:
            Agent 2: Hello there., Agent 1: hi, Agent 2: So I plan to go hiking a lot this trip and I would appreciate a majority of the water and firewood if possible. , [Summary: The conversation begins with a casual greeting, establishing a friendly tone. One speaker then expresses a clear intention to go hiking and makes a specific request for resources, indicating a shift to a more goal-oriented and persuasive approach. The speaker's strategy involves stating their plans and needs directly, suggesting a focus on negotiation or collaboration to achieve their desired outcome.]

            Based on this negotiation, predict the final allocation of resources. Provide only your answer using the following format with curly braces, with no explanation:

            OUTCOME: {agent1:{food:[number], water:[number], firewood:[number]}, agent2:{food:[number], water:[number], firewood:[number]}}

            Remember: Each resource must sum to exactly 3 units across both agents.<|eot_id|>","<|begin_of_text|><|begin_of_text|><|start_header_id|>system<|end_header_id|>

Cutting Knowledge Date: December 2023
Today Date: 26 Jul 2024

<|eot_id|><|start_header_id|>user<|end_header_id|>

You are helping analyze a negotiation conversation where two agents are discussing the allocation of resources. Each resource has exactly three units that must be divided between the two agents. The total amount of each resource allocated to both agents must add up to three. 

            Agent Preferences:
            Agent 1: High priority: food, Medium priority: water, Low priority: firewood
            Agent 2: High priority: water, Medium priority: firewood, Low priority: food

            Conversation with intentions:
            Agent 2: Hello there., Agent 1: hi, Agent 2: So I plan to go hiking a lot this trip and I would appreciate a majority of the water and firewood if possible., [Summary: The conversation begins with a casual greeting, establishing a friendly tone. One speaker then expresses a clear intention to go hiking and makes a specific request for resources, indicating a shift to a more goal-oriented and persuasive approach. The speaker's strategy involves stating their plans and needs directly, suggesting a focus on negotiation or collaboration to achieve their desired outcome.]

            Based on this negotiation, predict the final allocation of resources. Provide only your answer using the following format with curly braces, with no explanation:

            OUTCOME: {agent1:{food:[number], water:[number], firewood:[number]}, agent2:{food:[number], water:[number], firewood:[number]}}

            Remember: Each resource must sum to exactly 3 units across both agents.<|eot_id|><|begin_of_text|><|start_header_id|>system<|end_header_id|>

Cutting Knowledge Date: December 2023
Today Date: 26 Jul 2024

OUTCOME: {agent1:{food:2, water:0, firewood:2}, agent2:{food:1, water:3, firewood:1}}<|eot_id|>",3,1,0,0,2,3,2.0,0.0,2.0,1.0,3.0,1.0,19,22,16.0,22.0,9.0
29,5,"<|begin_of_text|><|start_header_id|>system<|end_header_id|>

Cutting Knowledge Date: December 2023
Today Date: 26 Jul 2024

<|eot_id|><|start_header_id|>user<|end_header_id|>

You are helping analyze a negotiation conversation where two agents are discussing the allocation of resources. Each resource has exactly three units that must be divided between the two agents. The total amount of each resource allocated to both agents must add up to three. 

            Agent Preferences:
            Agent 1: High priority: water, Medium priority: food, Low priority: firewood
            Agent 2: High priority: food, Medium priority: water, Low priority: firewood

            Conversation with intentions:
            Agent 1: Hey there! I'm assuming you enjoy going camping?, Agent 2: Yes I do, I am going this weekend. Are you going camping too?, Agent 1: Same! I try to go every other weekend. , [Summary: The conversation begins with a friendly inquiry, establishing a shared interest in camping. Both speakers express enthusiasm and personal engagement with the activity, creating a sense of camaraderie. The dialogue remains light-hearted and positive, with each participant showing genuine interest in the other's plans. The interaction maintains a consistent tone of mutual enjoyment and shared experience, fostering a connection based on common recreational interests.]

            Based on this negotiation, predict the final allocation of resources. Provide only your answer using the following format with curly braces, with no explanation:

            OUTCOME: {agent1:{food:[number], water:[number], firewood:[number]}, agent2:{food:[number], water:[number], firewood:[number]}}

            Remember: Each resource must sum to exactly 3 units across both agents.<|eot_id|>","<|begin_of_text|><|begin_of_text|><|start_header_id|>system<|end_header_id|>

Cutting Knowledge Date: December 2023
Today Date: 26 Jul 2024

<|eot_id|><|start_header_id|>user<|end_header_id|>

You are helping analyze a negotiation conversation where two agents are discussing the allocation of resources. Each resource has exactly three units that must be divided between the two agents. The total amount of each resource allocated to both agents must add up to three. 

            Agent Preferences:
            Agent 1: High priority: water, Medium priority: food, Low priority: firewood
            Agent 2: High priority: food, Medium priority: water, Low priority: firewood

            Conversation with intentions:
            Agent 1: Hey there! I'm assuming you enjoy going camping?, Agent 2: Yes I do, I am going this weekend. Are you going camping too?, Agent 1: Same! I try to go every other weekend., [Summary: The conversation begins with a friendly inquiry, establishing a shared interest in camping. Both speakers express enthusiasm and personal engagement with the activity, creating a sense of camaraderie. The dialogue remains light-hearted and positive, with each participant showing genuine interest in the other's plans. The interaction maintains a consistent tone of mutual enjoyment and shared experience, fostering a connection based on common recreational interests.]

            Based on this negotiation, predict the final allocation of resources. Provide only your answer using the following format with curly braces, with no explanation:

            OUTCOME: {agent1:{food:[number], water:[number], firewood:[number]}, agent2:{food:[number], water:[number], firewood:[number]}}

            Remember: Each resource must sum to exactly 3 units across both agents.<|eot_id|><|begin_of_text|><|start_header_id|>system<|end_header_id|>

Cutting Knowledge Date: December 2023
Today Date: 26 Jul 2024

OUTCOME: {agent1:{food:0, water:2, firewood:2}, agent2:{food:3, water:1, firewood:1}}<|eot_id|>",1,2,1,2,1,2,0.0,2.0,2.0,3.0,1.0,1.0,17,20,16.0,22.0,1.0
39,5,"<|begin_of_text|><|start_header_id|>system<|end_header_id|>

Cutting Knowledge Date: December 2023
Today Date: 26 Jul 2024

<|eot_id|><|start_header_id|>user<|end_header_id|>

You are helping analyze a negotiation conversation where two agents are discussing the allocation of resources. Each resource has exactly three units that must be divided between the two agents. The total amount of each resource allocated to both agents must add up to three. 

            Agent Preferences:
            Agent 1: High priority: firewood, Medium priority: food, Low priority: water
            Agent 2: High priority: water, Medium priority: firewood, Low priority: food

            Conversation with intentions:
            Agent 2: Hi there! How are you today?, Agent 1: Good!  How are you?, Agent 2: I'm doing well! Almost ready for my camping trip. Need some more supplies though. , [Summary: The conversation begins with a friendly exchange of pleasantries, establishing a positive and cordial tone. As it progresses, mturk_agent_2 shares a personal update about preparing for a camping trip, indicating a shift towards a more personal and engaging interaction. The sentiment remains positive and light-hearted, with mturk_agent_2 expressing enthusiasm and a sense of anticipation for their upcoming plans.]

            Based on this negotiation, predict the final allocation of resources. Provide only your answer using the following format with curly braces, with no explanation:

            OUTCOME: {agent1:{food:[number], water:[number], firewood:[number]}, agent2:{food:[number], water:[number], firewood:[number]}}

            Remember: Each resource must sum to exactly 3 units across both agents.<|eot_id|>","<|begin_of_text|><|begin_of_text|><|start_header_id|>system<|end_header_id|>

Cutting Knowledge Date: December 2023
Today Date: 26 Jul 2024

<|eot_id|><|start_header_id|>user<|end_header_id|>

You are helping analyze a negotiation conversation where two agents are discussing the allocation of resources. Each resource has exactly three units that must be divided between the two agents. The total amount of each resource allocated to both agents must add up to three. 

            Agent Preferences:
            Agent 1: High priority: firewood, Medium priority: food, Low priority: water
            Agent 2: High priority: water, Medium priority: firewood, Low priority: food

            Conversation with intentions:
            Agent 2: Hi there! How are you today?, Agent 1: Good!  How are you?, Agent 2: I'm doing well! Almost ready for my camping trip. Need some more supplies though., [Summary: The conversation begins with a friendly exchange of pleasantries, establishing a positive and cordial tone. As it progresses, mturk_agent_2 shares a personal update about preparing for a camping trip, indicating a shift towards a more personal and engaging interaction. The sentiment remains positive and light-hearted, with mturk_agent_2 expressing enthusiasm and a sense of anticipation for their upcoming plans.]

            Based on this negotiation, predict the final allocation of resources. Provide only your answer using the following format with curly braces, with no explanation:

            OUTCOME: {agent1:{food:[number], water:[number], firewood:[number]}, agent2:{food:[number], water:[number], firewood:[number]}}

            Remember: Each resource must sum to exactly 3 units across both agents.<|eot_id|><|begin_of_text|><|start_header_id|>system<|end_header_id|>

Cutting Knowledge Date: December 2023
Today Date: 26 Jul 2024

Outcome: {agent1:{food:3, water:0, firewood:3}, agent2:{food:0, water:3, firewood:0}}

<|begin_of_text|><|start_header_id|><|begin_of_text|><|start_header_id|><|begin_of_text|><|start_header_id|><|begin_of_text|><|start_header_id|><|begin_of_text|><|start_header_id|><|begin_of_text|><|start_header_id|><|begin_of_text|><|start_header_id|><|begin_of_text|><|start_header_id|><|begin_of_text|><|start_header_id|><|begin_of_text|><|start_header_id|><|begin_of_text|><|start_header_id|><|begin_of_text|><|start_header_id|><|begin_of_text|><|start_header_id|><|begin_of_text|><|start_header_id|><|begin_of_text|><|start_header_id|><|begin_of_text|><|start_header_id|><|begin_of_text|><|start_header_id|><|begin_of_text|><|start_header_id|><|begin_of_text|><|start_header_id|><|begin_of_text|><|start_header_id|><|begin_of_text|><|start_header_id|><|begin_of_text|><|start_header_id|><|begin_of_text|><|start_header_id|><|begin_of_text|><|start_header_id|><|begin_of_text|><|start_header_id|><|begin_of_text|><|start_header_id|><|begin_of_text|><|start_header_id|><|begin_of_text|><|start_header_id|><|begin_of_text|><|start_header_id|><|begin_of_text|><|start_header_id|><|begin_of_text|><|start_header_id|><|begin_of_text|><|start_header_id|><|begin_of_text|><|start_header_id|><|begin_of_text|><|start_header_id|><|begin_of_text|><|start_header_id|><|begin_of_text|><|start_header_id|><|begin_of_text|><|start_header_id|><|begin_of_text|><|start_header_id|><|begin_of_text|><|start_header_id|><|begin_of_text|><|start_header_id|><|begin_of_text|><|start_header_id|><|begin_of_text|><|start_header_id|><|begin_of_text|><|start_header_id|><|begin_of_text|><|start_header_id|><|begin_of_text|><|start_header_id|><|begin_of_text|><|start_header_id|><|begin_of_text|><|start_header_id|><|begin_of_text|><|start_header_id|><|begin_of_text|><|start_header_id|><|begin_of_text|><|start_header_id|><|begin_of_text|><|start_header_id|><|begin_of_text|><|start_header_id|><|begin_of_text|><|start_header_id|><|begin_of_text|><|start_header_id|><|begin_of_text|><|start_header_id|><|begin_of_text|><|start_header_id|><|begin_of_text|><|start_header_id|><|begin_of_text|><|start_header_id|><|begin_of_text|><|start_header_id|><|begin_of_text|><|start_header_id|><|begin_of_text|><|start_header_id|><|begin_of_text|><|start_header_id|><|begin_of_text|><|start_header_id|><|begin_of_text|><|start_header_id|><|begin_of_text|><|start_header_id|><|begin_of_text|><|start_header_id|><|begin_of_text|><|start_header_id|><|begin_of_text|><|start_header_id|><|begin_of_text|><|start_header_id|><|begin_of_text|><|start_header_id|><|begin_of_text|><|start_header_id|><|begin_of_text|><|start_header_id|><|begin_of_text|><|start_header_id|><|begin_of_text|><|start_header_id|><|begin_of_text|><|start_header_id|><|begin_of_text|><|start_header_id|><|begin_of_text|><|start_header_id|><|begin_of_text|><|start_header_id|><|begin_of_text|><|start_header_id|><|begin_of_text|><|start_header_id|><|begin_of_text|><|start_header_id|><|begin_of_text|><|start_header_id|><|begin_of_text|><|start_header_id|><|begin_of_text|><|start_header_id|><|begin_of_text|><|start_header_id|><|begin_of_text|><|start_header_id|><|begin_of_text|><|start_header_id|><|begin_of_text|><|start_header_id|><|begin_of_text|><|start_header_id|><|begin_of_text|><|start_header_id|><|begin_of_text|><|start_header_id|><|begin_of_text|><|start_header_id|><|begin_of_text|><|start_header_id|><|begin_of_text|><|start_header_id|><|begin_of_text|><|start_header_id|><|begin_of_text|><|start_header_id|><|begin_of_text|><|start_header_id|><|begin_of_text|><|start_header_id|><|begin_of_text|><|start_header_id|><|begin_of_text|><|start_header_id|><|begin_of_text|><|start_header_id|><|begin_of_text|><|start_header_id|><|begin_of_text|><|start_header_id|><|begin_of_text|><|start_header_id|><|begin_of_text|><|start_header_id|><|begin_of_text|><|start_header_id|><|begin_of_text|><|start_header_id|><|begin_of_text|><|start_header_id|><|begin_of_text|><|start_header_id|><|begin_of_text|><|start_header_id|><|begin_of_text|><|start_header_id|><|start_header_id|><|start_header_id|><|begin_of_text|><|start_header_id|><|begin_of_text|><|start_header_id|><|begin_of_text|><|start_header_id|><|begin_of_text|><|start_header_id|><|begin_of_text|><|start_header_id|><|start_header_id|><|begin_of_text|><|start_header_id|><|begin_of_text|><|start_header_id|><|begin_of_text|><|start_header_id|><|start_header_id|><|begin_of_text|><|start_header_id|><|begin_of_text|><|start_header_id|><|start_header_id|><|begin_of_text|><|start_header_id|><|begin_of_text|><|start_header_id|><|start_header_id|><|begin_of_text|><|start_header_id|><|begin_of_text|><|start_header_id|><|start_header_id|><|start_header_id|><|begin_of_text|><|start_header_id|><|start_header_id|><|start_header_id|><|begin_of_text|><|start_header_id|><|begin_of_text|><|start_header_id|><|start_header_id|><|start_header_id|><|start_header_id|><|start_header_id|><|start_header_id|><|begin_of_text|><|start_header_id|><|begin_of_text|><|start_header_id|><|start_header_id|><|start_header_id|><|begin_of_text|><|start_header_id|><|start_header_id|><|begin_of_text|><|start_header_id|><|start_header_id|><|start_header_id|><|start_header_id|><|begin_of_text|><|start_header_id|><|begin_of_text|><|start_header_id|><|begin_of_text|><|start_header_id|><|start_header_id|><|begin_of_text|><|start_header_id|><|start_header_id|><|start_header_id|><|start_header_id|><|start_header_id|><|start_header_id|><|begin_of_text|><|begin_of_text|><|start_header_id|><|start_header_id|><|start_header_id|><|start_header_id|><|start_header_id|><|start_header_id|><|start_header_id|><|start_header_id|><|start_header_id|><|begin_of_text|><|start_header_id|><|start_header_id|><|start_header_id|><|start_header_id|><|start_header_id|><|start_header_id|><|start_header_id|><|start_header_id|><|start_header_id|><|start_header_id|><|start_header_id|><|start_header_id|><|begin_of_text|><|begin_of_text|><|begin_of_text|><|start_header_id|><|start_header_id|><|start_header_id|><|start_header_id|><|start_header_id|><|start_header_id|><|start_header_id|><|start_header_id|><|start_header_id|><|begin_of_text|><|start_header_id|><|start_header_id|><|start_header_id|><|start_header_id|><|start_header_id|><|start_header_id|><|start_header_id|><|start_header_id|><|start_header_id|><|start_header_id|><|start_header_id|><|start_header_id|><|start_header_id|><|start_header_id|><|start_header_id|><|start_header_id|><|start_header_id|><|start_header_id|><|start_header_id|><|start_header_id|><|start_header_id|><|start_header_id|><|start_header_id|><|start_header_id|><|start_header_id|><|start_header_id|><|start_header_id|><|start_header_id|><|start_header_id|><|start_header_id|><|start_header_id|><|start_header_id|><|start_header_id|><|start_header_id|><|start_header_id|><|start_header_id|><|start_header_id|><|start_header_id|><|start_header_id|><|start_header_id|><|start_header_id|><|start_header_id|><|start_header_id|><|start_header_id|><|start_header_id|><|start_header_id|><|start_header_id|><|start_header_id|><|start_header_id|><|start_header_id|><|start_header_id|><|start_header_id|><|start_header_id|><|start_header_id|><|start_header_id|><|start_header_id|><|start_header_id|><|start_header_id|><|start_header_id|><|start_header_id|><|start_header_id|><|start_header_id|><|start_header_id|><|start_header_id|><|start_header_id|><|start_header_id|><|start_header_id|><|start_header_id|><|start_header_id|><|start_header_id|><|start_header_id|><|start_header_id|><|start_header_id|><|start_header_id|><|start_header_id|><|start_header_id|><|start_header_id|><|start_header_id|><|start_header_id|><|start_header_id|><|start_header_id|><|start_header_id|><|start_header_id|><|start_header_id|><|start_header_id|><|start_header_id|><|start_header_id|><|start_header_id|><|start_header_id|><|start_header_id|><|start_header_id|><|start_header_id|><|start_header_id|><|start_header_id|><|start_header_id|><|start_header_id|><|start_header_id|><|start_header_id|><|start_header_id|><|start_header_id|><|start_header_id|><|start_header_id|><|start_header_id|><|start_header_id|><|start_header_id|><|start_header_id|><|start_header_id|><|start_header_id|><|start_header_id|><|start_header_id|><|start_header_id|><|start_header_id|><|start_header_id|><|start_header_id|><|start_header_id|><|start_header_id|><|start_header_id|><|start_header_id|><|start_header_id|><|start_header_id|><|start_header_id|><|start_header_id|><|start_header_id|><|start_header_id|><|start_header_id|><|start_header_id|><|start_header_id|><|start_header_id|><|start_header_id|><|start_header_id|><|start_header_id|><|start_header_id|><|start_header_id|><|start_header_id|><|start_header_id|><|start_header_id|><|start_header_id|><|start_header_id|><|start_header_id|><|start_header_id|><|start_header_id|><|start_header_id|><|start_header_id|><|start_header_id|><|start_header_id|><|start_header_id|><|start_header_id|><|start_header_id|><|start_header_id|><|start_header_id|><|start_header_id|><|start_header_id|><|start_header_id|><|start_header_id|><|start_header_id|><|start_header_id|><|start_header_id|><|start_header_id|><|start_header_id|><|start_header_id|><|start_header_id|><|start_header_id|><|start_header_id|><|start_header_id|><|start_header_id|><|start_header_id|><|start_header_id|><|start_header_id|><|start_header_id|><|start_header_id|><|start_header_id|><|start_header_id|><|start_header_id|><|start_header_id|><|start_header_id|><|start_header_id|><|start_header_id|><|start_header_id|><|start_header_id|><|start_header_id|><|start_header_id|><|start_header_id|><|start_header_id|><|start_header_id|><|start_header_id|><|start_header_id|><|start_header_id|><|start_header_id|><|start_header_id|><|start_header_id|><|start_header_id|><|start_header_id|><|start_header_id|><|start_header_id|><|start_header_id|><|start_header_id|><|start_header_id|><|start_header_id|><|start_header_id|><|start_header_id|><|start_header_id|><|start_header_id|><|start_header_id|><|start_header_id|><|start_header_id|><|start_header_id|><|start_header_id|><|start_header_id|><|start_header_id|><|start_header_id|><|start_header_id|><|start_header_id|><|start_header_id|><|start_header_id|><|start_header_id|><|start_header_id|><|start_header_id|><|start_header_id|><|start_header_id|><|start_header_id|><|start_header_id|><|start_header_id|><|start_header_id|><|start_header_id|><|start_header_id|><|start_header_id|><|start_header_id|><|start_header_id|><|start_header_id|><|start_header_id|><|start_header_id|><|start_header_id|><|start_header_id|><|start_header_id|><|start_header_id|><|start_header_id|><|start_header_id|><|start_header_id|><|start_header_id|><|start_header_id|><|start_header_id|><|start_header_id|><|start_header_id|><|start_header_id|><|start_header_id|><|start_header_id|><|start_header_id|><|start_header_id|><|start_header_id|><|start_header_id|><|start_header_id|><|start_header_id|><|start_header_id|><|start_header_id|><|start_header_id|><|start_header_id|><|start_header_id|><|start_header_id|><|start_header_id|><|start_header_id|><|start_header_id|><|start_header_id|><|start_header_id|><|start_header_id|><|start_header_id|><|start_header_id|><|start_header_id|><|start_header_id|><|start_header_id|><|start_header_id|><|start_header_id|><|start_header_id|><|start_header_id|><|start_header_id|><|start_header_id|><|start_header_id|><|start_header_id|><|start_header_id|><|start_header_id|><|start_header_id|><|start_header_id|><|start_header_id|><|start_header_id|><|start_header_id|><|start_header_id|><|start_header_id|><|start_header_id|><|start_header_id|><|start_header_id|><|start_header_id|><|start_header_id|><|start_header_id|><|start_header_id|><|start_header_id|><|start_header_id|><|start_header_id|><|start_header_id|><|start_header_id|><|start_header_id|><|start_header_id|><|start_header_id|><|start_header_id|><|start_header_id|><|start_header_id|><|start_header_id|><|start_header_id|><|start_header_id|><|start_header_id|><|start_header_id|><|start_header_id|><|start_header_id|><|start_header_id|><|start_header_id|><|start_header_id|><|start_header_id|><|start_header_id|><|start_header_id|><|start_header_id|><|start_header_id|><|start_header_id|><|start_header_id|><|start_header_id|><|start_header_id|><|start_header_id|><|start_header_id|><|start_header_id|><|start_header_id|><|start_header_id|><|start_header_id|><|start_header_id|><|start_header_id|><|start_header_id|><|start_header_id|><|start_header_id|><|start_header_id|><|start_header_id|><|start_header_id|><|start_header_id|><|start_header_id|><|start_header_id|><|start_header_id|><|start_header_id|><|start_header_id|><|start_header_id|><|start_header_id|><|start_header_id|><|start_header_id|><|start_header_id|><|start_header_id|><|start_header_id|><|start_header_id|><|start_header_id|><|start_header_id|><|start_header_id|><|start_header_id|><|start_header_id|><|start_header_id|><|start_header_id|><|start_header_id|><|start_header_id|><|start_header_id|><|start_header_id|><|start_header_id|><|start_header_id|><|start_header_id|><|start_header_id|><|start_header_id|><|start_header_id|><|start_header_id|><|start_header_id|><|start_header_id|><|start_header_id|><|start_header_id|><|start_header_id|><|start_header_id|><|start_header_id|><|start_header_id|><|start_header_id|><|start_header_id|><|start_header_id|><|start_header_id|><|start_header_id|><|start_header_id|><|start_header_id|><|start_header_id|><|start_header_id|><|start_header_id|><|start_header_id|><|start_header_id|><|start_header_id|><|start_header_id|><|start_header_id|><|start_header_id|><|start_header_id|><|start_header_id|><|start_header_id|><|start_header_id|><|start_header_id|><|start_header_id|><|start_header_id|><|start_header_id|><|start_header_id|><|start_header_id|><|start_header_id|><|start_header_id|><|start_header_id|><|start_header_id|><|start_header_id|><|start_header_id|><|start_header_id|><|start_header_id|><|start_header_id|><|start_header_id|><|start_header_id|><|start_header_id|><|start_header_id|><|start_header_id|><|start_header_id|><|start_header_id|><|start_header_id|><|start_header_id|><|start_header_id|><|start_header_id|><|start_header_id|><|start_header_id|><|start_header_id|><|start_header_id|><|start_header_id|><|start_header_id|><|start_header_id|><|start_header_id|><|start_header_id|><|start_header_id|><|start_header_id|><|start_header_id|><|start_header_id|><|start_header_id|><|start_header_id|><|start_header_id|><|start_header_id|><|start_header_id|><|start_header_id|><|start_header_id|><|start_header_id|><|start_header_id|><|start_header_id|><|start_header_id|><|start_header_id|><|start_header_id|><|start_header_id|><|start_header_id|><|start_header_id|><|start_header_id|><|start_header_id|><|start_header_id|><|start_header_id|><|start_header_id|><|start_header_id|><|start_header_id|><|start_header_id|><|start_header_id|><|start_header_id|><|start_header_id|><|start_header_id|><|start_header_id|><|start_header_id|><|start_header_id|><|start_header_id|><|start_header_id|><|start_header_id|><|start_header_id|><|start_header_id|><|start_header_id|><|start_header_id|><|start_header_id|><|start_header_id|><|start_header_id|><|start_header_id|><|start_header_id|><|start_header_id|><|start_header_id|><|start_header_id|><|start_header_id|><|start_header_id|><|start_header_id|><|start_header_id|><|start_header_id|><|start_header_id|><|start_header_id|><|start_header_id|><|start_header_id|><|start_header_id|><|start_header_id|><|start_header_id|><|start_header_id|><|start_header_id|><|start_header_id|><|start_header_id|><|start_header_id|><|start_header_id|><|start_header_id|><|start_header_id|><|start_header_id|><|start_header_id|><|start_header_id|><|start_header_id|><|start_header_id|><|start_header_id|><|start_header_id|><|start_header_id|><|start_header_id|><|start_header_id|><|start_header_id|><|start_header_id|><|start_header_id|><|start_header_id|><|start_header_id|><|start_header_id|><|start_header_id|><|start_header_id|><|start_header_id|><|start_header_id|><|start_header_id|><|start_header_id|><|start_header_id|><|start_header_id|><|start_header_id|><|start_header_id|><|start_header_id|><|start_header_id|><|start_header_id|><|start_header_id|><|start_header_id|><|start_header_id|><|start_header_id|><|start_header_id|><|start_header_id|><|start_header_id|><|start_header_id|><|start_header_id|><|start_header_id|><|start_header_id|><|start_header_id|><|start_header_id|><|start_header_id|><|start_header_id|><|start_header_id|><|start_header_id|><|start_header_id|><|start_header_id|><|start_header_id|><|start_header_id|><|start_header_id|><|start_header_id|><|start_header_id|><|start_header_id|><|start_header_id|><|start_header_id|><|start_header_id|><|start_header_id|><|start_header_id|><|start_header_id|><|start_header_id|><|start_header_id|><|start_header_id|><|start_header_id|><|start_header_id|><|start_header_id|><|start_header_id|><|start_header_id|><|start_header_id|><|start_header_id|><|start_header_id|><|start_header_id|><|start_header_id|><|start_header_id|><|start_header_id|><|start_header_id|><|start_header_id|><|start_header_id|><|start_header_id|><|start_header_id|><|start_header_id|><|start_header_id|><|start_header_id|><|start_header_id|><|start_header_id|><|start_header_id|><|start_header_id|><|start_header_id|><|start_header_id|><|start_header_id|><|start_header_id|><|start_header_id|><|start_header_id|><|start_header_id|><|start_header_id|><|start_header_id|><|start_header_id|><|start_header_id|><|start_header_id|><|start_header_id|><|start_header_id|><|start_header_id|><|start_header_id|><|start_header_id|><|start_header_id|><|start_header_id|><|start_header_id|><|start_header_id|><|start_header_id|><|start_header_id|><|start_header_id|><|start_header_id|><|start_header_id|><|start_header_id|><|start_header_id|><|start_header_id|><|start_header_id|><|start_header_id|><|start_header_id|><|start_header_id|><|start_header_id|><|start_header_id|><|start_header_id|><|start_header_id|><|start_header_id|><|start_header_id|>",3,0,2,0,3,1,3.0,0.0,3.0,0.0,3.0,0.0,22,19,27.0,15.0,25.0
51,5,"<|begin_of_text|><|start_header_id|>system<|end_header_id|>

Cutting Knowledge Date: December 2023
Today Date: 26 Jul 2024

<|eot_id|><|start_header_id|>user<|end_header_id|>

You are helping analyze a negotiation conversation where two agents are discussing the allocation of resources. Each resource has exactly three units that must be divided between the two agents. The total amount of each resource allocated to both agents must add up to three. 

            Agent Preferences:
            Agent 1: High priority: food, Medium priority: firewood, Low priority: water
            Agent 2: High priority: water, Medium priority: food, Low priority: firewood

            Conversation with intentions:
            Agent 1: Hi how are you doing today?, Agent 2: I'm doing well. I'm very excited about our camping trip!, Agent 1: I am too! I have a rather large family and we are looking forward to getting out for some time away!, Agent 2: How nice. I am bringing my daughter and her girl scout troop. I am the co leader. , [Summary: The conversation begins with a friendly exchange of pleasantries, establishing a positive tone. Both speakers express excitement about an upcoming camping trip, sharing personal connections to the event. The dialogue maintains a warm and enthusiastic sentiment, with each participant revealing their involvement and responsibilities, which fosters a sense of shared anticipation and camaraderie. The conversation remains light-hearted and focused on mutual enthusiasm for the upcoming experience.]

            Based on this negotiation, predict the final allocation of resources. Provide only your answer using the following format with curly braces, with no explanation:

            OUTCOME: {agent1:{food:[number], water:[number], firewood:[number]}, agent2:{food:[number], water:[number], firewood:[number]}}

            Remember: Each resource must sum to exactly 3 units across both agents.<|eot_id|>","<|begin_of_text|><|begin_of_text|><|start_header_id|>system<|end_header_id|>

Cutting Knowledge Date: December 2023
Today Date: 26 Jul 2024

<|eot_id|><|start_header_id|>user<|end_header_id|>

You are helping analyze a negotiation conversation where two agents are discussing the allocation of resources. Each resource has exactly three units that must be divided between the two agents. The total amount of each resource allocated to both agents must add up to three. 

            Agent Preferences:
            Agent 1: High priority: food, Medium priority: firewood, Low priority: water
            Agent 2: High priority: water, Medium priority: food, Low priority: firewood

            Conversation with intentions:
            Agent 1: Hi how are you doing today?, Agent 2: I'm doing well. I'm very excited about our camping trip!, Agent 1: I am too! I have a rather large family and we are looking forward to getting out for some time away!, Agent 2: How nice. I am bringing my daughter and her girl scout troop. I am the co leader., [Summary: The conversation begins with a friendly exchange of pleasantries, establishing a positive tone. Both speakers express excitement about an upcoming camping trip, sharing personal connections to the event. The dialogue maintains a warm and enthusiastic sentiment, with each participant revealing their involvement and responsibilities, which fosters a sense of shared anticipation and camaraderie. The conversation remains light-hearted and focused on mutual enthusiasm for the upcoming experience.]

            Based on this negotiation, predict the final allocation of resources. Provide only your answer using the following format with curly braces, with no explanation:

            OUTCOME: {agent1:{food:[number], water:[number], firewood:[number]}, agent2:{food:[number], water:[number], firewood:[number]}}

            Remember: Each resource must sum to exactly 3 units across both agents.<|eot_id|><|begin_of_text|><|start_header_id|>system<|end_header_id|>

Cutting Knowledge Date: December 2023
Today Date: 26 Jul 2024

Outcome: {agent1:{food:2, water:1, firewood:1}, agent2:{food:1, water:2, firewood:2}}<|eot_id|>",1,0,3,2,3,0,2.0,1.0,1.0,1.0,2.0,2.0,17,23,17.0,20.0,0.0
60,5,"<|begin_of_text|><|start_header_id|>system<|end_header_id|>

Cutting Knowledge Date: December 2023
Today Date: 26 Jul 2024

<|eot_id|><|start_header_id|>user<|end_header_id|>

You are helping analyze a negotiation conversation where two agents are discussing the allocation of resources. Each resource has exactly three units that must be divided between the two agents. The total amount of each resource allocated to both agents must add up to three. 

            Agent Preferences:
            Agent 1: High priority: food, Medium priority: water, Low priority: firewood
            Agent 2: High priority: food, Medium priority: water, Low priority: firewood

            Conversation with intentions:
            Agent 1: Hello fellow camper! I am interested to know your preference in items?, Agent 2: Hello! Yes I'm excited for the trip. 🙂 My most important is food. How about you?, Agent 1: I am excited too. I really need food too. What other item is priority for you? , [Summary: The conversation begins with mutual excitement about an upcoming trip, establishing a friendly and enthusiastic tone. Both speakers express a shared interest in food as a priority item, indicating alignment in their preferences. The first speaker maintains an inquisitive approach, seeking to understand the second speaker's priorities further, while the second speaker responds positively, fostering a collaborative and engaging dialogue. The conversation remains light-hearted and focused on shared interests.]

            Based on this negotiation, predict the final allocation of resources. Provide only your answer using the following format with curly braces, with no explanation:

            OUTCOME: {agent1:{food:[number], water:[number], firewood:[number]}, agent2:{food:[number], water:[number], firewood:[number]}}

            Remember: Each resource must sum to exactly 3 units across both agents.<|eot_id|>","<|begin_of_text|><|begin_of_text|><|start_header_id|>system<|end_header_id|>

Cutting Knowledge Date: December 2023
Today Date: 26 Jul 2024

<|eot_id|><|start_header_id|>user<|end_header_id|>

You are helping analyze a negotiation conversation where two agents are discussing the allocation of resources. Each resource has exactly three units that must be divided between the two agents. The total amount of each resource allocated to both agents must add up to three. 

            Agent Preferences:
            Agent 1: High priority: food, Medium priority: water, Low priority: firewood
            Agent 2: High priority: food, Medium priority: water, Low priority: firewood

            Conversation with intentions:
            Agent 1: Hello fellow camper! I am interested to know your preference in items?, Agent 2: Hello! Yes I'm excited for the trip. 🙂 My most important is food. How about you?, Agent 1: I am excited too. I really need food too. What other item is priority for you?, [Summary: The conversation begins with mutual excitement about an upcoming trip, establishing a friendly and enthusiastic tone. Both speakers express a shared interest in food as a priority item, indicating alignment in their preferences. The first speaker maintains an inquisitive approach, seeking to understand the second speaker's priorities further, while the second speaker responds positively, fostering a collaborative and engaging dialogue. The conversation remains light-hearted and focused on shared interests.]

            Based on this negotiation, predict the final allocation of resources. Provide only your answer using the following format with curly braces, with no explanation:

            OUTCOME: {agent1:{food:[number], water:[number], firewood:[number]}, agent2:{food:[number], water:[number], firewood:[number]}}

            Remember: Each resource must sum to exactly 3 units across both agents.<|eot_id|><|begin_of_text|><|start_header_id|>system<|end_header_id|>

Cutting Knowledge Date: December 2023
Today Date: 26 Jul 2024

OUTCOME: {agent1:{food:1, water:2, firewood:2}, agent2:{food:2, water:1, firewood:1}}

<|begin_of_text|><|start_header_id|><|begin_of_text|><|start_header_id|><|begin_of_text|><|start_header_id|><|begin_of_text|><|start_header_id|><|begin_of_text|><|start_header_id|><|begin_of_text|><|start_header_id|><|begin_of_text|><|start_header_id|><|begin_of_text|><|start_header_id|><|begin_of_text|><|start_header_id|><|begin_of_text|><|start_header_id|><|begin_of_text|><|start_header_id|><|begin_of_text|><|start_header_id|><|begin_of_text|><|start_header_id|><|begin_of_text|><|start_header_id|><|begin_of_text|><|start_header_id|><|begin_of_text|><|start_header_id|><|begin_of_text|><|start_header_id|><|begin_of_text|><|start_header_id|><|begin_of_text|><|start_header_id|><|begin_of_text|><|start_header_id|><|begin_of_text|><|start_header_id|><|begin_of_text|><|start_header_id|><|begin_of_text|><|start_header_id|><|begin_of_text|><|start_header_id|><|begin_of_text|><|start_header_id|><|begin_of_text|><|start_header_id|><|begin_of_text|><|start_header_id|><|begin_of_text|><|start_header_id|><|begin_of_text|><|start_header_id|><|begin_of_text|><|start_header_id|><|begin_of_text|><|start_header_id|><|begin_of_text|><|start_header_id|><|begin_of_text|><|start_header_id|><|begin_of_text|><|start_header_id|><|begin_of_text|><|start_header_id|><|begin_of_text|><|start_header_id|><|begin_of_text|><|start_header_id|><|begin_of_text|><|start_header_id|><|begin_of_text|><|start_header_id|><|begin_of_text|><|start_header_id|><|begin_of_text|><|start_header_id|><|begin_of_text|><|start_header_id|><|begin_of_text|><|start_header_id|><|begin_of_text|><|start_header_id|><|begin_of_text|><|start_header_id|><|begin_of_text|><|start_header_id|><|begin_of_text|><|start_header_id|><|begin_of_text|><|start_header_id|><|begin_of_text|><|start_header_id|><|begin_of_text|><|start_header_id|><|begin_of_text|><|start_header_id|><|begin_of_text|><|start_header_id|><|begin_of_text|><|start_header_id|><|begin_of_text|><|start_header_id|><|begin_of_text|><|start_header_id|><|begin_of_text|><|start_header_id|><|begin_of_text|><|start_header_id|><|begin_of_text|><|start_header_id|><|begin_of_text|><|start_header_id|><|begin_of_text|><|start_header_id|><|begin_of_text|><|start_header_id|><|begin_of_text|><|start_header_id|><|begin_of_text|><|start_header_id|><|begin_of_text|><|start_header_id|><|begin_of_text|><|start_header_id|><|begin_of_text|><|start_header_id|><|begin_of_text|><|start_header_id|><|begin_of_text|><|start_header_id|><|begin_of_text|><|start_header_id|><|begin_of_text|><|start_header_id|><|begin_of_text|><|start_header_id|><|begin_of_text|><|start_header_id|><|begin_of_text|><|start_header_id|><|begin_of_text|><|start_header_id|><|begin_of_text|><|start_header_id|><|begin_of_text|><|start_header_id|><|begin_of_text|><|start_header_id|><|begin_of_text|><|start_header_id|><|begin_of_text|><|start_header_id|><|begin_of_text|><|start_header_id|><|begin_of_text|><|start_header_id|><|begin_of_text|><|start_header_id|><|begin_of_text|><|start_header_id|><|begin_of_text|><|start_header_id|><|begin_of_text|><|start_header_id|><|begin_of_text|><|start_header_id|><|begin_of_text|><|start_header_id|><|begin_of_text|><|start_header_id|><|begin_of_text|><|start_header_id|><|begin_of_text|><|start_header_id|><|begin_of_text|><|start_header_id|><|begin_of_text|><|start_header_id|><|begin_of_text|><|start_header_id|><|begin_of_text|><|start_header_id|><|begin_of_text|><|start_header_id|><|begin_of_text|><|start_header_id|><|begin_of_text|><|start_header_id|><|begin_of_text|><|start_header_id|><|begin_of_text|><|start_header_id|><|begin_of_text|><|start_header_id|><|begin_of_text|><|start_header_id|><|begin_of_text|><|start_header_id|><|begin_of_text|><|start_header_id|><|begin_of_text|><|start_header_id|><|begin_of_text|><|start_header_id|><|begin_of_text|><|start_header_id|><|begin_of_text|><|start_header_id|><|begin_of_text|><|start_header_id|><|begin_of_text|><|start_header_id|><|begin_of_text|><|start_header_id|><|begin_of_text|><|start_header_id|><|begin_of_text|><|start_header_id|><|begin_of_text|><|start_header_id|><|begin_of_text|><|start_header_id|><|begin_of_text|><|start_header_id|><|begin_of_text|><|start_header_id|><|begin_of_text|><|start_header_id|><|start_header_id|><|begin_of_text|><|start_header_id|><|begin_of_text|><|start_header_id|><|begin_of_text|><|start_header_id|><|begin_of_text|><|start_header_id|><|begin_of_text|><|start_header_id|><|start_header_id|><|begin_of_text|><|start_header_id|><|begin_of_text|><|start_header_id|><|start_header_id|><|begin_of_text|><|start_header_id|><|begin_of_text|><|start_header_id|><|start_header_id|><|begin_of_text|><|start_header_id|><|begin_of_text|><|start_header_id|><|start_header_id|><|start_header_id|><|start_header_id|><|begin_of_text|><|start_header_id|><|begin_of_text|><|start_header_id|><|start_header_id|><|start_header_id|><|begin_of_text|><|start_header_id|><|start_header_id|><|start_header_id|><|begin_of_text|><|start_header_id|><|begin_of_text|><|start_header_id|><|start_header_id|><|begin_of_text|><|start_header_id|><|start_header_id|><|start_header_id|><|start_header_id|><|start_header_id|><|begin_of_text|><|start_header_id|><|start_header_id|><|begin_of_text|><|start_header_id|><|start_header_id|><|begin_of_text|><|start_header_id|><|start_header_id|><|start_header_id|><|start_header_id|><|start_header_id|><|start_header_id|><|start_header_id|><|begin_of_text|><|start_header_id|><|start_header_id|><|begin_of_text|><|begin_of_text|><|start_header_id|><|begin_of_text|><|begin_of_text|><|start_header_id|><|start_header_id|><|start_header_id|><|start_header_id|><|start_header_id|><|begin_of_text|><|start_header_id|><|start_header_id|><|start_header_id|><|begin_of_text|><|start_header_id|><|start_header_id|><|begin_of_text|><|begin_of_text|><|start_header_id|><|start_header_id|><|start_header_id|><|start_header_id|><|start_header_id|><|start_header_id|><|begin_of_text|><|begin_of_text|><|start_header_id|><|start_header_id|><|start_header_id|><|start_header_id|><|start_header_id|><|start_header_id|><|start_header_id|><|start_header_id|><|start_header_id|><|start_header_id|><|start_header_id|><|begin_of_text|><|start_header_id|><|start_header_id|><|start_header_id|><|start_header_id|><|start_header_id|><|start_header_id|><|start_header_id|><|start_header_id|><|begin_of_text|><|start_header_id|><|start_header_id|><|start_header_id|><|start_header_id|><|start_header_id|><|start_header_id|><|start_header_id|><|start_header_id|><|start_header_id|><|start_header_id|><|start_header_id|><|begin_of_text|><|start_header_id|><|start_header_id|><|start_header_id|><|start_header_id|><|start_header_id|><|start_header_id|><|start_header_id|><|start_header_id|><|start_header_id|><|start_header_id|><|start_header_id|><|start_header_id|><|start_header_id|><|start_header_id|><|start_header_id|><|start_header_id|><|start_header_id|><|start_header_id|><|start_header_id|><|start_header_id|><|start_header_id|><|start_header_id|><|start_header_id|><|start_header_id|><|start_header_id|><|start_header_id|><|start_header_id|><|start_header_id|><|start_header_id|><|start_header_id|><|start_header_id|><|start_header_id|><|start_header_id|><|start_header_id|><|start_header_id|><|start_header_id|><|start_header_id|><|start_header_id|><|start_header_id|><|start_header_id|><|start_header_id|><|start_header_id|><|start_header_id|><|start_header_id|><|start_header_id|><|start_header_id|><|start_header_id|><|start_header_id|><|start_header_id|><|start_header_id|><|start_header_id|><|start_header_id|><|start_header_id|><|start_header_id|><|start_header_id|><|start_header_id|><|start_header_id|><|start_header_id|><|start_header_id|><|start_header_id|><|start_header_id|><|start_header_id|><|start_header_id|><|start_header_id|><|start_header_id|><|start_header_id|><|start_header_id|><|start_header_id|><|start_header_id|><|start_header_id|><|start_header_id|><|start_header_id|><|start_header_id|><|start_header_id|><|start_header_id|><|start_header_id|><|start_header_id|><|start_header_id|><|start_header_id|><|start_header_id|><|start_header_id|><|start_header_id|><|start_header_id|><|start_header_id|><|start_header_id|><|start_header_id|><|start_header_id|><|start_header_id|><|start_header_id|><|start_header_id|><|start_header_id|><|start_header_id|><|start_header_id|><|start_header_id|><|start_header_id|><|start_header_id|><|start_header_id|><|start_header_id|><|start_header_id|><|start_header_id|><|start_header_id|><|start_header_id|><|start_header_id|><|start_header_id|><|start_header_id|><|start_header_id|><|start_header_id|><|start_header_id|><|start_header_id|><|start_header_id|><|start_header_id|><|start_header_id|><|start_header_id|><|start_header_id|><|start_header_id|><|start_header_id|><|start_header_id|><|start_header_id|><|start_header_id|><|start_header_id|><|start_header_id|><|start_header_id|><|start_header_id|><|start_header_id|><|start_header_id|><|start_header_id|><|start_header_id|><|start_header_id|><|start_header_id|><|start_header_id|><|start_header_id|><|start_header_id|><|start_header_id|><|start_header_id|><|start_header_id|><|start_header_id|><|start_header_id|><|start_header_id|><|start_header_id|><|start_header_id|><|start_header_id|><|start_header_id|><|start_header_id|><|start_header_id|><|start_header_id|><|start_header_id|><|start_header_id|><|start_header_id|><|start_header_id|><|start_header_id|><|start_header_id|><|start_header_id|><|start_header_id|><|start_header_id|><|start_header_id|><|start_header_id|><|start_header_id|><|start_header_id|><|start_header_id|><|start_header_id|><|start_header_id|><|start_header_id|><|start_header_id|><|start_header_id|><|start_header_id|><|start_header_id|><|start_header_id|><|start_header_id|><|start_header_id|><|start_header_id|><|start_header_id|><|start_header_id|><|start_header_id|><|start_header_id|><|start_header_id|><|start_header_id|><|start_header_id|><|start_header_id|><|start_header_id|><|start_header_id|><|start_header_id|><|start_header_id|><|start_header_id|><|start_header_id|><|start_header_id|><|start_header_id|><|start_header_id|><|start_header_id|><|start_header_id|><|start_header_id|><|start_header_id|><|start_header_id|><|start_header_id|><|start_header_id|><|start_header_id|><|start_header_id|><|start_header_id|><|start_header_id|><|start_header_id|><|start_header_id|><|start_header_id|><|start_header_id|><|start_header_id|><|start_header_id|><|start_header_id|><|start_header_id|><|start_header_id|><|start_header_id|><|start_header_id|><|start_header_id|><|start_header_id|><|start_header_id|><|start_header_id|><|start_header_id|><|start_header_id|><|start_header_id|><|start_header_id|><|start_header_id|><|start_header_id|><|start_header_id|><|start_header_id|><|start_header_id|><|start_header_id|><|start_header_id|><|start_header_id|><|start_header_id|><|start_header_id|><|start_header_id|><|start_header_id|><|start_header_id|><|start_header_id|><|start_header_id|><|start_header_id|><|start_header_id|><|start_header_id|><|start_header_id|><|start_header_id|><|start_header_id|><|start_header_id|><|start_header_id|><|start_header_id|><|start_header_id|><|start_header_id|><|start_header_id|><|start_header_id|><|start_header_id|><|start_header_id|><|start_header_id|><|start_header_id|><|start_header_id|><|start_header_id|><|start_header_id|><|start_header_id|><|start_header_id|><|start_header_id|><|start_header_id|><|start_header_id|><|start_header_id|><|start_header_id|><|start_header_id|><|start_header_id|><|start_header_id|><|start_header_id|><|start_header_id|><|start_header_id|><|start_header_id|><|start_header_id|><|start_header_id|><|start_header_id|><|start_header_id|><|start_header_id|><|start_header_id|><|start_header_id|><|start_header_id|><|start_header_id|><|start_header_id|><|start_header_id|><|start_header_id|><|start_header_id|><|start_header_id|><|start_header_id|><|start_header_id|><|start_header_id|><|start_header_id|><|start_header_id|><|start_header_id|><|start_header_id|><|start_header_id|><|start_header_id|><|start_header_id|><|start_header_id|><|start_header_id|><|start_header_id|><|start_header_id|><|start_header_id|><|start_header_id|><|start_header_id|><|start_header_id|><|start_header_id|><|start_header_id|><|start_header_id|><|start_header_id|><|start_header_id|><|start_header_id|><|start_header_id|><|start_header_id|><|start_header_id|><|start_header_id|><|start_header_id|><|start_header_id|><|start_header_id|><|start_header_id|><|start_header_id|><|start_header_id|><|start_header_id|><|start_header_id|><|start_header_id|><|start_header_id|><|start_header_id|><|start_header_id|><|start_header_id|><|start_header_id|><|start_header_id|><|start_header_id|><|start_header_id|><|start_header_id|><|start_header_id|><|start_header_id|><|start_header_id|><|start_header_id|><|start_header_id|><|start_header_id|><|start_header_id|><|start_header_id|><|start_header_id|><|start_header_id|><|start_header_id|><|start_header_id|><|start_header_id|><|start_header_id|><|start_header_id|><|start_header_id|><|start_header_id|><|start_header_id|><|start_header_id|><|start_header_id|><|start_header_id|><|start_header_id|><|start_header_id|><|start_header_id|><|start_header_id|><|start_header_id|><|start_header_id|><|start_header_id|><|start_header_id|><|start_header_id|><|start_header_id|><|start_header_id|><|start_header_id|><|start_header_id|><|start_header_id|><|start_header_id|><|start_header_id|><|start_header_id|><|start_header_id|><|start_header_id|><|start_header_id|><|start_header_id|><|start_header_id|><|start_header_id|><|start_header_id|><|start_header_id|><|start_header_id|><|start_header_id|><|start_header_id|><|start_header_id|><|start_header_id|><|start_header_id|><|start_header_id|><|start_header_id|><|start_header_id|><|start_header_id|><|start_header_id|><|start_header_id|><|start_header_id|><|start_header_id|><|start_header_id|><|start_header_id|><|start_header_id|><|start_header_id|><|start_header_id|><|start_header_id|><|start_header_id|><|start_header_id|><|start_header_id|><|start_header_id|><|start_header_id|><|start_header_id|><|start_header_id|><|start_header_id|><|start_header_id|><|start_header_id|><|start_header_id|><|start_header_id|><|start_header_id|><|start_header_id|><|start_header_id|><|start_header_id|><|start_header_id|><|start_header_id|><|start_header_id|><|start_header_id|><|start_header_id|><|start_header_id|><|start_header_id|><|start_header_id|><|start_header_id|><|start_header_id|><|start_header_id|><|start_header_id|><|start_header_id|><|start_header_id|><|start_header_id|><|start_header_id|><|start_header_id|><|start_header_id|><|start_header_id|><|start_header_id|><|start_header_id|><|start_header_id|><|start_header_id|><|start_header_id|><|start_header_id|><|start_header_id|><|start_header_id|><|start_header_id|><|start_header_id|><|start_header_id|><|start_header_id|><|start_header_id|><|start_header_id|><|start_header_id|><|start_header_id|><|start_header_id|><|start_header_id|><|start_header_id|><|start_header_id|><|start_header_id|><|start_header_id|><|start_header_id|><|start_header_id|><|start_header_id|><|start_header_id|><|start_header_id|><|start_header_id|><|start_header_id|><|start_header_id|><|start_header_id|><|start_header_id|><|start_header_id|><|start_header_id|><|start_header_id|><|start_header_id|><|start_header_id|><|start_header_id|><|start_header_id|><|start_header_id|><|start_header_id|><|start_header_id|><|start_header_id|><|start_header_id|><|start_header_id|><|start_header_id|><|start_header_id|><|start_header_id|><|start_header_id|><|start_header_id|><|start_header_id|><|start_header_id|><|start_header_id|><|start_header_id|><|start_header_id|><|start_header_id|><|start_header_id|><|start_header_id|><|start_header_id|><|start_header_id|><|start_header_id|><|start_header_id|><|start_header_id|><|start_header_id|><|start_header_id|><|start_header_id|><|start_header_id|><|start_header_id|><|start_header_id|><|start_header_id|><|start_header_id|><|start_header_id|><|start_header_id|><|start_header_id|><|start_header_id|><|start_header_id|><|start_header_id|><|start_header_id|><|start_header_id|><|start_header_id|><|start_header_id|><|start_header_id|><|start_header_id|><|start_header_id|><|start_header_id|><|start_header_id|><|start_header_id|><|start_header_id|><|start_header_id|><|start_header_id|><|start_header_id|><|start_header_id|><|start_header_id|><|start_header_id|><|start_header_id|><|start_header_id|><|start_header_id|><|start_header_id|><|start_header_id|><|start_header_id|><|start_header_id|><|start_header_id|><|start_header_id|><|start_header_id|><|start_header_id|><|start_header_id|><|start_header_id|><|start_header_id|><|start_header_id|><|start_header_id|><|start_header_id|><|start_header_id|><|start_header_id|><|start_header_id|><|start_header_id|><|start_header_id|><|start_header_id|><|start_header_id|><|start_header_id|><|start_header_id|><|start_header_id|><|start_header_id|><|start_header_id|><|start_header_id|><|start_header_id|><|start_header_id|><|start_header_id|><|start_header_id|><|start_header_id|><|start_header_id|><|start_header_id|><|start_header_id|><|start_header_id|><|start_header_id|><|start_header_id|><|start_header_id|><|start_header_id|><|start_header_id|><|start_header_id|><|start_header_id|><|start_header_id|><|start_header_id|><|start_header_id|><|start_header_id|><|start_header_id|><|start_header_id|><|start_header_id|><|start_header_id|><|start_header_id|><|start_header_id|><|start_header_id|><|start_header_id|><|start_header_id|><|start_header_id|><|start_header_id|><|start_header_id|><|start_header_id|><|start_header_id|><|start_header_id|><|start_header_id|><|start_header_id|><|start_header_id|><|start_header_id|><|start_header_id|><|start_header_id|><|start_header_id|><|start_header_id|><|start_header_id|><|start_header_id|><|start_header_id|><|start_header_id|><|start_header_id|><|start_header_id|><|start_header_id|><|start_header_id|>",2,1,1,1,2,2,1.0,2.0,2.0,2.0,1.0,1.0,17,19,19.0,17.0,4.0
65,5,"<|begin_of_text|><|start_header_id|>system<|end_header_id|>

Cutting Knowledge Date: December 2023
Today Date: 26 Jul 2024

<|eot_id|><|start_header_id|>user<|end_header_id|>

You are helping analyze a negotiation conversation where two agents are discussing the allocation of resources. Each resource has exactly three units that must be divided between the two agents. The total amount of each resource allocated to both agents must add up to three. 

            Agent Preferences:
            Agent 1: High priority: firewood, Medium priority: food, Low priority: water
            Agent 2: High priority: food, Medium priority: firewood, Low priority: water

            Conversation with intentions:
            Agent 1: Hello!  Great to see another camper here going for a hike.  My family is looking forward to a great weekend here.🙂, Agent 2: Mine too! Camping is one of my favorite things to do with my family., Agent 1: It should be a good weekedn for it.  Unfortuately the air;ine loss our luggage with the sleeping bags and food.  Not a good start for us with my mother-in-law along for the first time.  My wife and her is down getting trail maps while I sort out keeping warm tonight and feed after some hiking. , [Summary: The conversation begins with a friendly and enthusiastic exchange about camping, reflecting shared excitement and positive sentiments. However, it quickly shifts as one speaker reveals a setback involving lost luggage, introducing a tone of concern and problem-solving. Despite the challenge, the speaker maintains a focus on managing the situation, indicating a resilient and proactive approach to ensuring a positive experience for their family.]

            Based on this negotiation, predict the final allocation of resources. Provide only your answer using the following format with curly braces, with no explanation:

            OUTCOME: {agent1:{food:[number], water:[number], firewood:[number]}, agent2:{food:[number], water:[number], firewood:[number]}}

            Remember: Each resource must sum to exactly 3 units across both agents.<|eot_id|>","<|begin_of_text|><|begin_of_text|><|start_header_id|>system<|end_header_id|>

Cutting Knowledge Date: December 2023
Today Date: 26 Jul 2024

<|eot_id|><|start_header_id|>user<|end_header_id|>

You are helping analyze a negotiation conversation where two agents are discussing the allocation of resources. Each resource has exactly three units that must be divided between the two agents. The total amount of each resource allocated to both agents must add up to three. 

            Agent Preferences:
            Agent 1: High priority: firewood, Medium priority: food, Low priority: water
            Agent 2: High priority: food, Medium priority: firewood, Low priority: water

            Conversation with intentions:
            Agent 1: Hello!  Great to see another camper here going for a hike.  My family is looking forward to a great weekend here.🙂, Agent 2: Mine too! Camping is one of my favorite things to do with my family., Agent 1: It should be a good weekedn for it.  Unfortuately the air;ine loss our luggage with the sleeping bags and food.  Not a good start for us with my mother-in-law along for the first time.  My wife and her is down getting trail maps while I sort out keeping warm tonight and feed after some hiking., [Summary: The conversation begins with a friendly and enthusiastic exchange about camping, reflecting shared excitement and positive sentiments. However, it quickly shifts as one speaker reveals a setback involving lost luggage, introducing a tone of concern and problem-solving. Despite the challenge, the speaker maintains a focus on managing the situation, indicating a resilient and proactive approach to ensuring a positive experience for their family.]

            Based on this negotiation, predict the final allocation of resources. Provide only your answer using the following format with curly braces, with no explanation:

            OUTCOME: {agent1:{food:[number], water:[number], firewood:[number]}, agent2:{food:[number], water:[number], firewood:[number]}}

            Remember: Each resource must sum to exactly 3 units across both agents.<|eot_id|><|begin_of_text|><|start_header_id|>system<|end_header_id|>

Cutting Knowledge Date: December 2023
Today Date: 26 Jul 2024

Outcome: {agent1:{food:1, water:2, firewood:2}, agent2:{food:2, water:1, firewood:1}}

<|begin_of_text|><|start_header_id|><|begin_of_text|><|start_header_id|><|begin_of_text|><|start_header_id|><|begin_of_text|><|start_header_id|><|begin_of_text|><|start_header_id|><|begin_of_text|><|start_header_id|><|begin_of_text|><|start_header_id|><|begin_of_text|><|start_header_id|><|begin_of_text|><|start_header_id|><|begin_of_text|><|start_header_id|><|begin_of_text|><|start_header_id|><|begin_of_text|><|start_header_id|><|begin_of_text|><|start_header_id|><|begin_of_text|><|start_header_id|><|begin_of_text|><|start_header_id|><|begin_of_text|><|start_header_id|><|begin_of_text|><|start_header_id|><|begin_of_text|><|start_header_id|><|begin_of_text|><|start_header_id|><|begin_of_text|><|start_header_id|><|begin_of_text|><|start_header_id|><|begin_of_text|><|start_header_id|><|begin_of_text|><|start_header_id|><|begin_of_text|><|start_header_id|><|begin_of_text|><|start_header_id|><|begin_of_text|><|start_header_id|><|begin_of_text|><|start_header_id|><|begin_of_text|><|start_header_id|><|begin_of_text|><|start_header_id|><|begin_of_text|><|start_header_id|><|begin_of_text|><|start_header_id|><|begin_of_text|><|start_header_id|><|begin_of_text|><|start_header_id|><|begin_of_text|><|start_header_id|><|begin_of_text|><|start_header_id|><|begin_of_text|><|start_header_id|><|begin_of_text|><|start_header_id|><|begin_of_text|><|start_header_id|><|begin_of_text|><|start_header_id|><|begin_of_text|><|start_header_id|><|begin_of_text|><|start_header_id|><|begin_of_text|><|start_header_id|><|begin_of_text|><|start_header_id|><|begin_of_text|><|start_header_id|><|begin_of_text|><|start_header_id|><|begin_of_text|><|start_header_id|><|begin_of_text|><|start_header_id|><|begin_of_text|><|start_header_id|><|begin_of_text|><|start_header_id|><|begin_of_text|><|start_header_id|><|begin_of_text|><|start_header_id|><|begin_of_text|><|start_header_id|><|begin_of_text|><|start_header_id|><|begin_of_text|><|start_header_id|><|begin_of_text|><|start_header_id|><|begin_of_text|><|start_header_id|><|begin_of_text|><|start_header_id|><|begin_of_text|><|start_header_id|><|begin_of_text|><|start_header_id|><|begin_of_text|><|start_header_id|><|begin_of_text|><|start_header_id|><|begin_of_text|><|start_header_id|><|begin_of_text|><|start_header_id|><|begin_of_text|><|start_header_id|><|begin_of_text|><|start_header_id|><|begin_of_text|><|start_header_id|><|begin_of_text|><|start_header_id|><|begin_of_text|><|start_header_id|><|begin_of_text|><|start_header_id|><|begin_of_text|><|start_header_id|><|begin_of_text|><|start_header_id|><|begin_of_text|><|start_header_id|><|begin_of_text|><|start_header_id|><|begin_of_text|><|start_header_id|><|begin_of_text|><|start_header_id|><|begin_of_text|><|start_header_id|><|begin_of_text|><|start_header_id|><|begin_of_text|><|start_header_id|><|begin_of_text|><|start_header_id|><|begin_of_text|><|start_header_id|><|begin_of_text|><|start_header_id|><|begin_of_text|><|start_header_id|><|begin_of_text|><|start_header_id|><|begin_of_text|><|start_header_id|><|begin_of_text|><|start_header_id|><|begin_of_text|><|start_header_id|><|begin_of_text|><|start_header_id|><|begin_of_text|><|start_header_id|><|begin_of_text|><|start_header_id|><|begin_of_text|><|start_header_id|><|begin_of_text|><|start_header_id|><|begin_of_text|><|start_header_id|><|begin_of_text|><|start_header_id|><|begin_of_text|><|start_header_id|><|begin_of_text|><|start_header_id|><|begin_of_text|><|start_header_id|><|begin_of_text|><|start_header_id|><|begin_of_text|><|start_header_id|><|begin_of_text|><|start_header_id|><|begin_of_text|><|start_header_id|><|begin_of_text|><|start_header_id|><|begin_of_text|><|start_header_id|><|begin_of_text|><|start_header_id|><|begin_of_text|><|start_header_id|><|begin_of_text|><|start_header_id|><|begin_of_text|><|start_header_id|><|begin_of_text|><|start_header_id|><|begin_of_text|><|start_header_id|><|begin_of_text|><|start_header_id|><|begin_of_text|><|start_header_id|><|begin_of_text|><|start_header_id|><|begin_of_text|><|start_header_id|><|start_header_id|><|begin_of_text|><|start_header_id|><|begin_of_text|><|start_header_id|><|begin_of_text|><|start_header_id|><|begin_of_text|><|start_header_id|><|begin_of_text|><|start_header_id|><|begin_of_text|><|start_header_id|><|begin_of_text|><|start_header_id|><|begin_of_text|><|start_header_id|><|begin_of_text|><|start_header_id|><|begin_of_text|><|start_header_id|><|begin_of_text|><|start_header_id|><|begin_of_text|><|start_header_id|><|start_header_id|><|begin_of_text|><|start_header_id|><|start_header_id|><|start_header_id|><|begin_of_text|><|start_header_id|><|begin_of_text|><|start_header_id|><|begin_of_text|><|start_header_id|><|start_header_id|><|begin_of_text|><|start_header_id|><|start_header_id|><|begin_of_text|><|start_header_id|><|start_header_id|><|begin_of_text|><|start_header_id|><|begin_of_text|><|start_header_id|><|begin_of_text|><|start_header_id|><|start_header_id|><|begin_of_text|><|start_header_id|><|begin_of_text|><|start_header_id|><|start_header_id|><|start_header_id|><|start_header_id|><|start_header_id|><|begin_of_text|><|start_header_id|><|start_header_id|><|start_header_id|><|begin_of_text|><|start_header_id|><|start_header_id|><|begin_of_text|><|start_header_id|><|start_header_id|><|start_header_id|><|begin_of_text|><|start_header_id|><|start_header_id|><|begin_of_text|><|start_header_id|><|begin_of_text|><|start_header_id|><|start_header_id|><|start_header_id|><|start_header_id|><|start_header_id|><|start_header_id|><|start_header_id|><|begin_of_text|><|start_header_id|><|start_header_id|><|start_header_id|><|start_header_id|><|start_header_id|><|begin_of_text|><|start_header_id|><|begin_of_text|><|start_header_id|><|start_header_id|><|start_header_id|><|start_header_id|><|begin_of_text|><|start_header_id|><|start_header_id|><|start_header_id|><|begin_of_text|><|start_header_id|><|start_header_id|><|start_header_id|><|start_header_id|><|start_header_id|><|start_header_id|><|begin_of_text|><|start_header_id|><|begin_of_text|><|start_header_id|><|start_header_id|><|start_header_id|><|start_header_id|><|start_header_id|><|start_header_id|><|start_header_id|><|start_header_id|><|start_header_id|><|start_header_id|><|start_header_id|><|start_header_id|><|start_header_id|><|start_header_id|><|begin_of_text|><|start_header_id|><|begin_of_text|><|start_header_id|><|start_header_id|><|start_header_id|><|start_header_id|><|start_header_id|><|start_header_id|><|start_header_id|><|begin_of_text|><|start_header_id|><|begin_of_text|><|start_header_id|><|start_header_id|><|start_header_id|><|start_header_id|><|start_header_id|><|start_header_id|><|start_header_id|><|start_header_id|><|start_header_id|><|begin_of_text|><|start_header_id|><|start_header_id|><|start_header_id|><|start_header_id|><|start_header_id|><|start_header_id|><|start_header_id|><|start_header_id|><|start_header_id|><|start_header_id|><|start_header_id|><|start_header_id|><|start_header_id|><|start_header_id|><|start_header_id|><|start_header_id|><|start_header_id|><|start_header_id|><|start_header_id|><|start_header_id|><|start_header_id|><|start_header_id|><|start_header_id|><|start_header_id|><|start_header_id|><|start_header_id|><|start_header_id|><|start_header_id|><|start_header_id|><|start_header_id|><|start_header_id|><|start_header_id|><|start_header_id|><|start_header_id|><|start_header_id|><|start_header_id|><|start_header_id|><|start_header_id|><|start_header_id|><|start_header_id|><|start_header_id|><|start_header_id|><|start_header_id|><|start_header_id|><|start_header_id|><|start_header_id|><|start_header_id|><|start_header_id|><|start_header_id|><|start_header_id|><|start_header_id|><|start_header_id|><|start_header_id|><|start_header_id|><|start_header_id|><|start_header_id|><|start_header_id|><|start_header_id|><|start_header_id|><|start_header_id|><|start_header_id|><|start_header_id|><|start_header_id|><|start_header_id|><|start_header_id|><|start_header_id|><|start_header_id|><|start_header_id|><|start_header_id|><|start_header_id|><|start_header_id|><|start_header_id|><|start_header_id|><|start_header_id|><|start_header_id|><|start_header_id|><|start_header_id|><|start_header_id|><|start_header_id|><|start_header_id|><|start_header_id|><|start_header_id|><|start_header_id|><|start_header_id|><|start_header_id|><|start_header_id|><|start_header_id|><|start_header_id|><|start_header_id|><|start_header_id|><|start_header_id|><|start_header_id|><|start_header_id|><|start_header_id|><|start_header_id|><|start_header_id|><|start_header_id|><|start_header_id|><|start_header_id|><|start_header_id|><|start_header_id|><|start_header_id|><|start_header_id|><|start_header_id|><|start_header_id|><|start_header_id|><|start_header_id|><|start_header_id|><|start_header_id|><|start_header_id|><|start_header_id|><|start_header_id|><|start_header_id|><|start_header_id|><|start_header_id|><|start_header_id|><|start_header_id|><|start_header_id|><|start_header_id|><|start_header_id|><|start_header_id|><|start_header_id|><|start_header_id|><|start_header_id|><|start_header_id|><|start_header_id|><|start_header_id|><|start_header_id|><|start_header_id|><|start_header_id|><|start_header_id|><|start_header_id|><|start_header_id|><|start_header_id|><|start_header_id|><|start_header_id|><|start_header_id|><|start_header_id|><|start_header_id|><|start_header_id|><|start_header_id|><|start_header_id|><|start_header_id|><|start_header_id|><|start_header_id|><|start_header_id|><|start_header_id|><|start_header_id|><|start_header_id|><|start_header_id|><|start_header_id|><|start_header_id|><|start_header_id|><|start_header_id|><|start_header_id|><|start_header_id|><|start_header_id|><|start_header_id|><|start_header_id|><|start_header_id|><|start_header_id|><|start_header_id|><|start_header_id|><|start_header_id|><|start_header_id|><|start_header_id|><|start_header_id|><|start_header_id|><|start_header_id|><|start_header_id|><|start_header_id|><|start_header_id|><|start_header_id|><|start_header_id|><|start_header_id|><|start_header_id|><|start_header_id|><|start_header_id|><|start_header_id|><|start_header_id|><|start_header_id|><|start_header_id|><|start_header_id|><|start_header_id|><|start_header_id|><|start_header_id|><|start_header_id|><|start_header_id|><|start_header_id|><|start_header_id|><|start_header_id|><|start_header_id|><|start_header_id|><|start_header_id|><|start_header_id|><|start_header_id|><|start_header_id|><|start_header_id|><|start_header_id|><|start_header_id|><|start_header_id|><|start_header_id|><|start_header_id|><|start_header_id|><|start_header_id|><|start_header_id|><|start_header_id|><|start_header_id|><|start_header_id|><|start_header_id|><|start_header_id|><|start_header_id|><|start_header_id|><|start_header_id|><|start_header_id|><|start_header_id|><|start_header_id|><|start_header_id|><|start_header_id|><|start_header_id|><|start_header_id|><|start_header_id|><|start_header_id|><|start_header_id|><|start_header_id|><|start_header_id|><|start_header_id|><|start_header_id|><|start_header_id|><|start_header_id|><|start_header_id|><|start_header_id|><|start_header_id|><|start_header_id|><|start_header_id|><|start_header_id|><|start_header_id|><|start_header_id|><|start_header_id|><|start_header_id|><|start_header_id|><|start_header_id|><|start_header_id|><|start_header_id|><|start_header_id|><|start_header_id|><|start_header_id|><|start_header_id|><|start_header_id|><|start_header_id|><|start_header_id|><|start_header_id|><|start_header_id|><|start_header_id|><|start_header_id|><|start_header_id|><|start_header_id|><|start_header_id|><|start_header_id|><|start_header_id|><|start_header_id|><|start_header_id|><|start_header_id|><|start_header_id|><|start_header_id|><|start_header_id|><|start_header_id|><|start_header_id|><|start_header_id|><|start_header_id|><|start_header_id|><|start_header_id|><|start_header_id|><|start_header_id|><|start_header_id|><|start_header_id|><|start_header_id|><|start_header_id|><|start_header_id|><|start_header_id|><|start_header_id|><|start_header_id|><|start_header_id|><|start_header_id|><|start_header_id|><|start_header_id|><|start_header_id|><|start_header_id|><|start_header_id|><|start_header_id|><|start_header_id|><|start_header_id|><|start_header_id|><|start_header_id|><|start_header_id|><|start_header_id|><|start_header_id|><|start_header_id|><|start_header_id|><|start_header_id|><|start_header_id|><|start_header_id|><|start_header_id|><|start_header_id|><|start_header_id|><|start_header_id|><|start_header_id|><|start_header_id|><|start_header_id|><|start_header_id|><|start_header_id|><|start_header_id|><|start_header_id|><|start_header_id|><|start_header_id|><|start_header_id|><|start_header_id|><|start_header_id|><|start_header_id|><|start_header_id|><|start_header_id|><|start_header_id|><|start_header_id|><|start_header_id|><|start_header_id|><|start_header_id|><|start_header_id|><|start_header_id|><|start_header_id|><|start_header_id|><|start_header_id|><|start_header_id|><|start_header_id|><|start_header_id|><|start_header_id|><|start_header_id|><|start_header_id|><|start_header_id|><|start_header_id|><|start_header_id|><|start_header_id|><|start_header_id|><|start_header_id|><|start_header_id|><|start_header_id|><|start_header_id|><|start_header_id|><|start_header_id|><|start_header_id|><|start_header_id|><|start_header_id|><|start_header_id|><|start_header_id|><|start_header_id|><|start_header_id|><|start_header_id|><|start_header_id|><|start_header_id|><|start_header_id|><|start_header_id|><|start_header_id|><|start_header_id|><|start_header_id|><|start_header_id|><|start_header_id|><|start_header_id|><|start_header_id|><|start_header_id|><|start_header_id|><|start_header_id|><|start_header_id|><|start_header_id|><|start_header_id|><|start_header_id|><|start_header_id|><|start_header_id|><|start_header_id|><|start_header_id|><|start_header_id|><|start_header_id|><|start_header_id|><|start_header_id|><|start_header_id|><|start_header_id|><|start_header_id|><|start_header_id|><|start_header_id|><|start_header_id|><|start_header_id|><|start_header_id|><|start_header_id|><|start_header_id|><|start_header_id|><|start_header_id|><|start_header_id|><|start_header_id|><|start_header_id|><|start_header_id|><|start_header_id|><|start_header_id|><|start_header_id|><|start_header_id|><|start_header_id|><|start_header_id|><|start_header_id|><|start_header_id|><|start_header_id|><|start_header_id|><|start_header_id|><|start_header_id|><|start_header_id|><|start_header_id|><|start_header_id|><|start_header_id|><|start_header_id|><|start_header_id|><|start_header_id|><|start_header_id|><|start_header_id|><|start_header_id|><|start_header_id|><|start_header_id|><|start_header_id|><|start_header_id|><|start_header_id|><|start_header_id|><|start_header_id|><|start_header_id|><|start_header_id|><|start_header_id|><|start_header_id|><|start_header_id|><|start_header_id|><|start_header_id|><|start_header_id|><|start_header_id|><|start_header_id|><|start_header_id|><|start_header_id|><|start_header_id|><|start_header_id|><|start_header_id|><|start_header_id|><|start_header_id|><|start_header_id|><|start_header_id|><|start_header_id|><|start_header_id|><|start_header_id|><|start_header_id|><|start_header_id|><|start_header_id|><|start_header_id|><|start_header_id|><|start_header_id|><|start_header_id|><|start_header_id|><|start_header_id|><|start_header_id|><|start_header_id|><|start_header_id|><|start_header_id|><|start_header_id|><|start_header_id|><|start_header_id|><|start_header_id|><|start_header_id|><|start_header_id|><|start_header_id|><|start_header_id|><|start_header_id|><|start_header_id|><|start_header_id|><|start_header_id|><|start_header_id|><|start_header_id|><|start_header_id|><|start_header_id|><|start_header_id|><|start_header_id|><|start_header_id|><|start_header_id|><|start_header_id|><|start_header_id|><|start_header_id|><|start_header_id|><|start_header_id|><|start_header_id|><|start_header_id|><|start_header_id|><|start_header_id|><|start_header_id|><|start_header_id|><|start_header_id|><|start_header_id|><|start_header_id|><|start_header_id|><|start_header_id|><|start_header_id|><|start_header_id|><|start_header_id|><|start_header_id|><|start_header_id|><|start_header_id|><|start_header_id|><|start_header_id|><|start_header_id|><|start_header_id|><|start_header_id|><|start_header_id|><|start_header_id|><|start_header_id|><|start_header_id|><|start_header_id|><|start_header_id|><|start_header_id|><|start_header_id|><|start_header_id|><|start_header_id|><|start_header_id|><|start_header_id|><|start_header_id|><|start_header_id|><|start_header_id|><|start_header_id|><|start_header_id|><|start_header_id|><|start_header_id|><|start_header_id|><|start_header_id|><|start_header_id|><|start_header_id|><|start_header_id|><|start_header_id|><|start_header_id|><|start_header_id|><|start_header_id|><|start_header_id|><|start_header_id|><|start_header_id|><|start_header_id|><|start_header_id|><|start_header_id|><|start_header_id|><|start_header_id|><|start_header_id|><|start_header_id|><|start_header_id|><|start_header_id|><|start_header_id|><|start_header_id|><|start_header_id|><|start_header_id|><|start_header_id|><|start_header_id|><|start_header_id|><|start_header_id|><|start_header_id|><|start_header_id|><|start_header_id|><|start_header_id|><|start_header_id|><|start_header_id|><|start_header_id|><|start_header_id|><|start_header_id|><|start_header_id|><|start_header_id|><|start_header_id|><|start_header_id|><|start_header_id|><|start_header_id|><|start_header_id|><|start_header_id|><|start_header_id|><|start_header_id|><|start_header_id|><|start_header_id|><|start_header_id|><|start_header_id|><|start_header_id|><|start_header_id|><|start_header_id|><|start_header_id|><|start_header_id|><|start_header_id|><|start_header_id|><|start_header_id|><|start_header_id|><|start_header_id|><|start_header_id|><|start_header_id|><|start_header_id|><|start_header_id|>",2,2,1,1,1,2,1.0,2.0,2.0,2.0,1.0,1.0,19,16,20.0,17.0,1.0
71,5,"<|begin_of_text|><|start_header_id|>system<|end_header_id|>

Cutting Knowledge Date: December 2023
Today Date: 26 Jul 2024

<|eot_id|><|start_header_id|>user<|end_header_id|>

You are helping analyze a negotiation conversation where two agents are discussing the allocation of resources. Each resource has exactly three units that must be divided between the two agents. The total amount of each resource allocated to both agents must add up to three. 

            Agent Preferences:
            Agent 1: High priority: food, Medium priority: water, Low priority: firewood
            Agent 2: High priority: firewood, Medium priority: water, Low priority: food

            Conversation with intentions:
            Agent 2: I have a medical condition that causes my veins to close up when I get too cold. I will thus need the 3 firewood., Agent 1: ☹️Oh, that sounds awful. Are you sure you need all three packages of firewood?, Agent 2: I might be able to get by with just two... I'm on a diet though, so I don't need as much food., Agent 1: That's a relief. I actually have a friend joining me and they don't have their own food supply. I don't have enough for two people. , [Summary: The conversation begins with mturk_agent_2 expressing a personal need, eliciting empathy from mturk_agent_1, who questions the extent of the need. Mturk_agent_2 shows flexibility by adjusting their request, which opens the door for mturk_agent_1 to share their own concern. The dialogue reflects a cooperative tone, with both parties negotiating their needs and showing consideration for each other's situations.]

            Based on this negotiation, predict the final allocation of resources. Provide only your answer using the following format with curly braces, with no explanation:

            OUTCOME: {agent1:{food:[number], water:[number], firewood:[number]}, agent2:{food:[number], water:[number], firewood:[number]}}

            Remember: Each resource must sum to exactly 3 units across both agents.<|eot_id|>","<|begin_of_text|><|begin_of_text|><|start_header_id|>system<|end_header_id|>

Cutting Knowledge Date: December 2023
Today Date: 26 Jul 2024

<|eot_id|><|start_header_id|>user<|end_header_id|>

You are helping analyze a negotiation conversation where two agents are discussing the allocation of resources. Each resource has exactly three units that must be divided between the two agents. The total amount of each resource allocated to both agents must add up to three. 

            Agent Preferences:
            Agent 1: High priority: food, Medium priority: water, Low priority: firewood
            Agent 2: High priority: firewood, Medium priority: water, Low priority: food

            Conversation with intentions:
            Agent 2: I have a medical condition that causes my veins to close up when I get too cold. I will thus need the 3 firewood., Agent 1: ☹️Oh, that sounds awful. Are you sure you need all three packages of firewood?, Agent 2: I might be able to get by with just two... I'm on a diet though, so I don't need as much food., Agent 1: That's a relief. I actually have a friend joining me and they don't have their own food supply. I don't have enough for two people., [Summary: The conversation begins with mturk_agent_2 expressing a personal need, eliciting empathy from mturk_agent_1, who questions the extent of the need. Mturk_agent_2 shows flexibility by adjusting their request, which opens the door for mturk_agent_1 to share their own concern. The dialogue reflects a cooperative tone, with both parties negotiating their needs and showing consideration for each other's situations.]

            Based on this negotiation, predict the final allocation of resources. Provide only your answer using the following format with curly braces, with no explanation:

            OUTCOME: {agent1:{food:[number], water:[number], firewood:[number]}, agent2:{food:[number], water:[number], firewood:[number]}}

            Remember: Each resource must sum to exactly 3 units across both agents.<|eot_id|><|begin_of_text|><|start_header_id|>system<|end_header_id|>

Cutting Knowledge Date: December 2023
Today Date: 26 Jul 2024

Outcome: {agent1:{food:2, water:1, firewood:1}, agent2:{food:1, water:2, firewood:2}}<|eot_id|>",3,2,0,0,1,3,2.0,1.0,1.0,1.0,2.0,2.0,23,19,17.0,21.0,36.0
72,5,"<|begin_of_text|><|start_header_id|>system<|end_header_id|>

Cutting Knowledge Date: December 2023
Today Date: 26 Jul 2024

<|eot_id|><|start_header_id|>user<|end_header_id|>

You are helping analyze a negotiation conversation where two agents are discussing the allocation of resources. Each resource has exactly three units that must be divided between the two agents. The total amount of each resource allocated to both agents must add up to three. 

            Agent Preferences:
            Agent 1: High priority: firewood, Medium priority: water, Low priority: food
            Agent 2: High priority: water, Medium priority: firewood, Low priority: food

            Conversation with intentions:
            Agent 1: hello, Agent 2: Hi, Agent 1: Are you really exciting about camping trip?, Agent 2: yes i am really happy about that camping trip? you also , [Summary: The conversation begins with a casual greeting, followed by one speaker expressing enthusiasm about an upcoming camping trip. The other speaker responds positively, mirroring the excitement and asking for confirmation of shared feelings. The interaction is light-hearted and focused on building a mutual sense of anticipation and camaraderie regarding the trip, with both participants maintaining a positive and engaging tone throughout.]

            Based on this negotiation, predict the final allocation of resources. Provide only your answer using the following format with curly braces, with no explanation:

            OUTCOME: {agent1:{food:[number], water:[number], firewood:[number]}, agent2:{food:[number], water:[number], firewood:[number]}}

            Remember: Each resource must sum to exactly 3 units across both agents.<|eot_id|>","<|begin_of_text|><|begin_of_text|><|start_header_id|>system<|end_header_id|>

Cutting Knowledge Date: December 2023
Today Date: 26 Jul 2024

<|eot_id|><|start_header_id|>user<|end_header_id|>

You are helping analyze a negotiation conversation where two agents are discussing the allocation of resources. Each resource has exactly three units that must be divided between the two agents. The total amount of each resource allocated to both agents must add up to three. 

            Agent Preferences:
            Agent 1: High priority: firewood, Medium priority: water, Low priority: food
            Agent 2: High priority: water, Medium priority: firewood, Low priority: food

            Conversation with intentions:
            Agent 1: hello, Agent 2: Hi, Agent 1: Are you really exciting about camping trip?, Agent 2: yes i am really happy about that camping trip? you also, [Summary: The conversation begins with a casual greeting, followed by one speaker expressing enthusiasm about an upcoming camping trip. The other speaker responds positively, mirroring the excitement and asking for confirmation of shared feelings. The interaction is light-hearted and focused on building a mutual sense of anticipation and camaraderie regarding the trip, with both participants maintaining a positive and engaging tone throughout.]

            Based on this negotiation, predict the final allocation of resources. Provide only your answer using the following format with curly braces, with no explanation:

            OUTCOME: {agent1:{food:[number], water:[number], firewood:[number]}, agent2:{food:[number], water:[number], firewood:[number]}}

            Remember: Each resource must sum to exactly 3 units across both agents.<|eot_id|><|begin_of_text|><|start_header_id|>system<|end_header_id|>

Cutting Knowledge Date: December 2023
Today Date: 26 Jul 2024

Outcome: {agent1:{food:0, water:1, firewood:2}, agent2:{food:3, water:2, firewood:1}}

<|begin_of_text|><|start_header_id|><|begin_of_text|><|start_header_id|><|begin_of_text|><|start_header_id|><|begin_of_text|><|start_header_id|><|begin_of_text|><|start_header_id|><|begin_of_text|><|start_header_id|><|begin_of_text|><|start_header_id|><|begin_of_text|><|start_header_id|><|begin_of_text|><|start_header_id|><|begin_of_text|><|start_header_id|><|begin_of_text|><|start_header_id|><|begin_of_text|><|start_header_id|><|begin_of_text|><|start_header_id|><|begin_of_text|><|start_header_id|><|begin_of_text|><|start_header_id|><|begin_of_text|><|start_header_id|><|begin_of_text|><|start_header_id|><|begin_of_text|><|start_header_id|><|begin_of_text|><|start_header_id|><|begin_of_text|><|start_header_id|><|begin_of_text|><|start_header_id|><|begin_of_text|><|start_header_id|><|begin_of_text|><|start_header_id|><|begin_of_text|><|start_header_id|><|begin_of_text|><|start_header_id|><|begin_of_text|><|start_header_id|><|begin_of_text|><|start_header_id|><|begin_of_text|><|start_header_id|><|begin_of_text|><|start_header_id|><|begin_of_text|><|start_header_id|><|begin_of_text|><|start_header_id|><|begin_of_text|><|start_header_id|><|begin_of_text|><|start_header_id|><|begin_of_text|><|start_header_id|><|begin_of_text|><|start_header_id|><|begin_of_text|><|start_header_id|><|begin_of_text|><|start_header_id|><|begin_of_text|><|start_header_id|><|begin_of_text|><|start_header_id|><|begin_of_text|><|start_header_id|><|begin_of_text|><|start_header_id|><|begin_of_text|><|start_header_id|><|begin_of_text|><|start_header_id|><|begin_of_text|><|start_header_id|><|begin_of_text|><|start_header_id|><|begin_of_text|><|start_header_id|><|begin_of_text|><|start_header_id|><|begin_of_text|><|start_header_id|><|begin_of_text|><|start_header_id|><|begin_of_text|><|start_header_id|><|begin_of_text|><|start_header_id|><|begin_of_text|><|start_header_id|><|begin_of_text|><|start_header_id|><|begin_of_text|><|start_header_id|><|begin_of_text|><|start_header_id|><|begin_of_text|><|start_header_id|><|begin_of_text|><|start_header_id|><|begin_of_text|><|start_header_id|><|begin_of_text|><|start_header_id|><|begin_of_text|><|start_header_id|><|begin_of_text|><|start_header_id|><|begin_of_text|><|start_header_id|><|begin_of_text|><|start_header_id|><|begin_of_text|><|start_header_id|><|begin_of_text|><|start_header_id|><|begin_of_text|><|start_header_id|><|begin_of_text|><|start_header_id|><|begin_of_text|><|start_header_id|><|begin_of_text|><|start_header_id|><|begin_of_text|><|start_header_id|><|begin_of_text|><|start_header_id|><|begin_of_text|><|start_header_id|><|begin_of_text|><|start_header_id|><|begin_of_text|><|start_header_id|><|begin_of_text|><|start_header_id|><|begin_of_text|><|start_header_id|><|begin_of_text|><|start_header_id|><|begin_of_text|><|start_header_id|><|begin_of_text|><|start_header_id|><|begin_of_text|><|start_header_id|><|begin_of_text|><|start_header_id|><|begin_of_text|><|start_header_id|><|begin_of_text|><|start_header_id|><|begin_of_text|><|start_header_id|><|begin_of_text|><|start_header_id|><|begin_of_text|><|start_header_id|><|begin_of_text|><|start_header_id|><|begin_of_text|><|start_header_id|><|begin_of_text|><|start_header_id|><|begin_of_text|><|start_header_id|><|begin_of_text|><|start_header_id|><|begin_of_text|><|start_header_id|><|begin_of_text|><|start_header_id|><|begin_of_text|><|start_header_id|><|begin_of_text|><|start_header_id|><|begin_of_text|><|start_header_id|><|begin_of_text|><|start_header_id|><|begin_of_text|><|start_header_id|><|begin_of_text|><|start_header_id|><|begin_of_text|><|start_header_id|><|begin_of_text|><|start_header_id|><|begin_of_text|><|start_header_id|><|begin_of_text|><|start_header_id|><|begin_of_text|><|start_header_id|><|begin_of_text|><|start_header_id|><|begin_of_text|><|start_header_id|><|begin_of_text|><|start_header_id|><|begin_of_text|><|start_header_id|><|begin_of_text|><|start_header_id|><|begin_of_text|><|start_header_id|><|begin_of_text|><|start_header_id|><|begin_of_text|><|start_header_id|><|begin_of_text|><|start_header_id|><|begin_of_text|><|start_header_id|><|begin_of_text|><|start_header_id|><|begin_of_text|><|start_header_id|><|begin_of_text|><|start_header_id|><|start_header_id|><|start_header_id|><|begin_of_text|><|start_header_id|><|begin_of_text|><|start_header_id|><|begin_of_text|><|start_header_id|><|begin_of_text|><|start_header_id|><|begin_of_text|><|start_header_id|><|begin_of_text|><|start_header_id|><|begin_of_text|><|start_header_id|><|begin_of_text|><|start_header_id|><|start_header_id|><|begin_of_text|><|start_header_id|><|begin_of_text|><|start_header_id|><|begin_of_text|><|start_header_id|><|start_header_id|><|begin_of_text|><|start_header_id|><|start_header_id|><|start_header_id|><|start_header_id|><|start_header_id|><|begin_of_text|><|start_header_id|><|begin_of_text|><|start_header_id|><|start_header_id|><|start_header_id|><|start_header_id|><|start_header_id|><|start_header_id|><|start_header_id|><|start_header_id|><|start_header_id|><|start_header_id|><|start_header_id|><|begin_of_text|><|start_header_id|><|start_header_id|><|begin_of_text|><|start_header_id|><|start_header_id|><|start_header_id|><|start_header_id|><|start_header_id|><|begin_of_text|><|start_header_id|><|start_header_id|><|begin_of_text|><|start_header_id|><|start_header_id|><|start_header_id|><|begin_of_text|><|start_header_id|><|begin_of_text|><|start_header_id|><|start_header_id|><|begin_of_text|><|start_header_id|><|start_header_id|><|start_header_id|><|begin_of_text|><|start_header_id|><|start_header_id|><|begin_of_text|><|start_header_id|><|start_header_id|><|start_header_id|><|start_header_id|><|start_header_id|><|start_header_id|><|begin_of_text|><|start_header_id|><|start_header_id|><|start_header_id|><|begin_of_text|><|start_header_id|><|start_header_id|><|start_header_id|><|start_header_id|><|start_header_id|><|start_header_id|><|begin_of_text|><|begin_of_text|><|start_header_id|><|start_header_id|><|start_header_id|><|start_header_id|><|start_header_id|><|start_header_id|><|start_header_id|><|start_header_id|><|start_header_id|><|begin_of_text|><|start_header_id|><|start_header_id|><|start_header_id|><|start_header_id|><|start_header_id|><|start_header_id|><|start_header_id|><|start_header_id|><|start_header_id|><|start_header_id|><|start_header_id|><|start_header_id|><|start_header_id|><|start_header_id|><|start_header_id|><|start_header_id|><|start_header_id|><|start_header_id|><|start_header_id|><|start_header_id|><|start_header_id|><|start_header_id|><|start_header_id|><|start_header_id|><|start_header_id|><|start_header_id|><|start_header_id|><|start_header_id|><|start_header_id|><|start_header_id|><|start_header_id|><|start_header_id|><|start_header_id|><|start_header_id|><|start_header_id|><|start_header_id|><|start_header_id|><|start_header_id|><|start_header_id|><|start_header_id|><|start_header_id|><|start_header_id|><|start_header_id|><|start_header_id|><|start_header_id|><|start_header_id|><|start_header_id|><|start_header_id|><|start_header_id|><|start_header_id|><|start_header_id|><|start_header_id|><|start_header_id|><|start_header_id|><|start_header_id|><|start_header_id|><|start_header_id|><|start_header_id|><|start_header_id|><|start_header_id|><|start_header_id|><|start_header_id|><|start_header_id|><|start_header_id|><|start_header_id|><|start_header_id|><|start_header_id|><|start_header_id|><|start_header_id|><|start_header_id|><|start_header_id|><|start_header_id|><|start_header_id|><|start_header_id|><|start_header_id|><|start_header_id|><|start_header_id|><|start_header_id|><|start_header_id|><|start_header_id|><|start_header_id|><|start_header_id|><|start_header_id|><|start_header_id|><|start_header_id|><|start_header_id|><|start_header_id|><|start_header_id|><|start_header_id|><|start_header_id|><|start_header_id|><|start_header_id|><|start_header_id|><|start_header_id|><|start_header_id|><|start_header_id|><|start_header_id|><|start_header_id|><|start_header_id|><|start_header_id|><|start_header_id|><|start_header_id|><|start_header_id|><|start_header_id|><|start_header_id|><|start_header_id|><|start_header_id|><|start_header_id|><|start_header_id|><|start_header_id|><|start_header_id|><|start_header_id|><|start_header_id|><|start_header_id|><|start_header_id|><|start_header_id|><|start_header_id|><|start_header_id|><|start_header_id|><|start_header_id|><|start_header_id|><|start_header_id|><|start_header_id|><|start_header_id|><|start_header_id|><|start_header_id|><|start_header_id|><|start_header_id|><|start_header_id|><|start_header_id|><|start_header_id|><|start_header_id|><|start_header_id|><|start_header_id|><|start_header_id|><|start_header_id|><|start_header_id|><|start_header_id|><|start_header_id|><|start_header_id|><|start_header_id|><|start_header_id|><|start_header_id|><|start_header_id|><|start_header_id|><|start_header_id|><|start_header_id|><|start_header_id|><|start_header_id|><|start_header_id|><|start_header_id|><|start_header_id|><|start_header_id|><|start_header_id|><|start_header_id|><|start_header_id|><|start_header_id|><|start_header_id|><|start_header_id|><|start_header_id|><|start_header_id|><|start_header_id|><|start_header_id|><|start_header_id|><|start_header_id|><|start_header_id|><|start_header_id|><|start_header_id|><|start_header_id|><|start_header_id|><|start_header_id|><|start_header_id|><|start_header_id|><|start_header_id|><|start_header_id|><|start_header_id|><|start_header_id|><|start_header_id|><|start_header_id|><|start_header_id|><|start_header_id|><|start_header_id|><|start_header_id|><|start_header_id|><|start_header_id|><|start_header_id|><|start_header_id|><|start_header_id|><|start_header_id|><|start_header_id|><|start_header_id|><|start_header_id|><|start_header_id|><|start_header_id|><|start_header_id|><|start_header_id|><|start_header_id|><|start_header_id|><|start_header_id|><|start_header_id|><|start_header_id|><|start_header_id|><|start_header_id|><|start_header_id|><|start_header_id|><|start_header_id|><|start_header_id|><|start_header_id|><|start_header_id|><|start_header_id|><|start_header_id|><|start_header_id|><|start_header_id|><|start_header_id|><|start_header_id|><|start_header_id|><|start_header_id|><|start_header_id|><|start_header_id|><|start_header_id|><|start_header_id|><|start_header_id|><|start_header_id|><|start_header_id|><|start_header_id|><|start_header_id|><|start_header_id|><|start_header_id|><|start_header_id|><|start_header_id|><|start_header_id|><|start_header_id|><|start_header_id|><|start_header_id|><|start_header_id|><|start_header_id|><|start_header_id|><|start_header_id|><|start_header_id|><|start_header_id|><|start_header_id|><|start_header_id|><|start_header_id|><|start_header_id|><|start_header_id|><|start_header_id|><|start_header_id|><|start_header_id|><|start_header_id|><|start_header_id|><|start_header_id|><|start_header_id|><|start_header_id|><|start_header_id|><|start_header_id|><|start_header_id|><|start_header_id|><|start_header_id|><|start_header_id|><|start_header_id|><|start_header_id|><|start_header_id|><|start_header_id|><|start_header_id|><|start_header_id|><|start_header_id|><|start_header_id|><|start_header_id|><|start_header_id|><|start_header_id|><|start_header_id|><|start_header_id|><|start_header_id|><|start_header_id|><|start_header_id|><|start_header_id|><|start_header_id|><|start_header_id|><|start_header_id|><|start_header_id|><|start_header_id|><|start_header_id|><|start_header_id|><|start_header_id|><|start_header_id|><|start_header_id|><|start_header_id|><|start_header_id|><|start_header_id|><|start_header_id|><|start_header_id|><|start_header_id|><|start_header_id|><|start_header_id|><|start_header_id|><|start_header_id|><|start_header_id|><|start_header_id|><|start_header_id|><|start_header_id|><|start_header_id|><|start_header_id|><|start_header_id|><|start_header_id|><|start_header_id|><|start_header_id|><|start_header_id|><|start_header_id|><|start_header_id|><|start_header_id|><|start_header_id|><|start_header_id|><|start_header_id|><|start_header_id|><|start_header_id|><|start_header_id|><|start_header_id|><|start_header_id|><|start_header_id|><|start_header_id|><|start_header_id|><|start_header_id|><|start_header_id|><|start_header_id|><|start_header_id|><|start_header_id|><|start_header_id|><|start_header_id|><|start_header_id|><|start_header_id|><|start_header_id|><|start_header_id|><|start_header_id|><|start_header_id|><|start_header_id|><|start_header_id|><|start_header_id|><|start_header_id|><|start_header_id|><|start_header_id|><|start_header_id|><|start_header_id|><|start_header_id|><|start_header_id|><|start_header_id|><|start_header_id|><|start_header_id|><|start_header_id|><|start_header_id|><|start_header_id|><|start_header_id|><|start_header_id|><|start_header_id|><|start_header_id|><|start_header_id|><|start_header_id|><|start_header_id|><|start_header_id|><|start_header_id|><|start_header_id|><|start_header_id|><|start_header_id|><|start_header_id|><|start_header_id|><|start_header_id|><|start_header_id|><|start_header_id|><|start_header_id|><|start_header_id|><|start_header_id|><|start_header_id|><|start_header_id|><|start_header_id|><|start_header_id|><|start_header_id|><|start_header_id|><|start_header_id|><|start_header_id|><|start_header_id|><|start_header_id|><|start_header_id|><|start_header_id|><|start_header_id|><|start_header_id|><|start_header_id|><|start_header_id|><|start_header_id|><|start_header_id|><|start_header_id|><|start_header_id|><|start_header_id|><|start_header_id|><|start_header_id|><|start_header_id|><|start_header_id|><|start_header_id|><|start_header_id|><|start_header_id|><|start_header_id|><|start_header_id|><|start_header_id|><|start_header_id|><|start_header_id|><|start_header_id|><|start_header_id|><|start_header_id|><|start_header_id|><|start_header_id|><|start_header_id|><|start_header_id|><|start_header_id|><|start_header_id|><|start_header_id|><|start_header_id|><|start_header_id|><|start_header_id|><|start_header_id|><|start_header_id|><|start_header_id|><|start_header_id|><|start_header_id|><|start_header_id|><|start_header_id|><|start_header_id|><|start_header_id|><|start_header_id|><|start_header_id|><|start_header_id|><|start_header_id|><|start_header_id|><|start_header_id|><|start_header_id|><|start_header_id|><|start_header_id|><|start_header_id|><|start_header_id|><|start_header_id|><|start_header_id|><|start_header_id|><|start_header_id|><|start_header_id|><|start_header_id|><|start_header_id|><|start_header_id|><|start_header_id|><|start_header_id|><|start_header_id|><|start_header_id|><|start_header_id|><|start_header_id|><|start_header_id|><|start_header_id|><|start_header_id|><|start_header_id|><|start_header_id|><|start_header_id|><|start_header_id|><|start_header_id|><|start_header_id|><|start_header_id|><|start_header_id|><|start_header_id|><|start_header_id|><|start_header_id|><|start_header_id|><|start_header_id|><|start_header_id|><|start_header_id|><|start_header_id|><|start_header_id|><|start_header_id|><|start_header_id|><|start_header_id|><|start_header_id|><|start_header_id|><|start_header_id|><|start_header_id|><|start_header_id|><|start_header_id|><|start_header_id|><|start_header_id|><|start_header_id|><|start_header_id|><|start_header_id|><|start_header_id|><|start_header_id|><|start_header_id|><|start_header_id|><|start_header_id|><|start_header_id|><|start_header_id|><|start_header_id|><|start_header_id|><|start_header_id|><|start_header_id|><|start_header_id|><|start_header_id|><|start_header_id|><|start_header_id|><|start_header_id|><|start_header_id|><|start_header_id|><|start_header_id|><|start_header_id|><|start_header_id|><|start_header_id|><|start_header_id|><|start_header_id|><|start_header_id|><|start_header_id|><|start_header_id|><|start_header_id|><|start_header_id|><|start_header_id|><|start_header_id|><|start_header_id|><|start_header_id|><|start_header_id|><|start_header_id|><|start_header_id|><|start_header_id|><|start_header_id|><|start_header_id|><|start_header_id|><|start_header_id|><|start_header_id|><|start_header_id|><|start_header_id|><|start_header_id|><|start_header_id|><|start_header_id|><|start_header_id|><|start_header_id|><|start_header_id|><|start_header_id|><|start_header_id|><|start_header_id|><|start_header_id|><|start_header_id|><|start_header_id|><|start_header_id|><|start_header_id|><|start_header_id|><|start_header_id|><|start_header_id|><|start_header_id|><|start_header_id|><|start_header_id|><|start_header_id|><|start_header_id|><|start_header_id|><|start_header_id|><|start_header_id|><|start_header_id|><|start_header_id|><|start_header_id|><|start_header_id|><|start_header_id|><|start_header_id|><|start_header_id|><|start_header_id|><|start_header_id|><|start_header_id|><|start_header_id|><|start_header_id|><|start_header_id|><|start_header_id|><|start_header_id|><|start_header_id|><|start_header_id|><|start_header_id|><|start_header_id|><|start_header_id|><|start_header_id|><|start_header_id|><|start_header_id|><|start_header_id|><|start_header_id|><|start_header_id|><|start_header_id|><|start_header_id|><|start_header_id|><|start_header_id|><|start_header_id|><|start_header_id|><|start_header_id|><|start_header_id|><|start_header_id|><|start_header_id|><|start_header_id|><|start_header_id|><|start_header_id|><|start_header_id|><|start_header_id|><|start_header_id|><|start_header_id|><|start_header_id|><|start_header_id|><|start_header_id|><|start_header_id|><|start_header_id|><|start_header_id|><|start_header_id|><|start_header_id|><|start_header_id|><|start_header_id|><|start_header_id|><|start_header_id|><|start_header_id|><|start_header_id|><|start_header_id|><|start_header_id|><|start_header_id|><|start_header_id|><|start_header_id|><|start_header_id|><|start_header_id|><|start_header_id|><|start_header_id|><|start_header_id|><|start_header_id|><|start_header_id|><|start_header_id|><|start_header_id|><|start_header_id|><|start_header_id|>",2,1,3,1,2,0,0.0,1.0,2.0,3.0,2.0,1.0,25,13,14.0,23.0,121.0
74,5,"<|begin_of_text|><|start_header_id|>system<|end_header_id|>

Cutting Knowledge Date: December 2023
Today Date: 26 Jul 2024

<|eot_id|><|start_header_id|>user<|end_header_id|>

You are helping analyze a negotiation conversation where two agents are discussing the allocation of resources. Each resource has exactly three units that must be divided between the two agents. The total amount of each resource allocated to both agents must add up to three. 

            Agent Preferences:
            Agent 1: High priority: firewood, Medium priority: food, Low priority: water
            Agent 2: High priority: firewood, Medium priority: water, Low priority: food

            Conversation with intentions:
            Agent 1: Hello How are you? 🙂, Agent 2: Hello there I'm well. How about yourself?, Agent 1: I'm good. I'm excited for the camping trip. I have been planning this for a few weeks. I'm excited to get out into the woods., Agent 2: Oh great! I love getting out into nature. , [Summary: The conversation begins with a friendly exchange of greetings and well-being checks. As it progresses, one speaker expresses excitement about an upcoming camping trip, sharing their anticipation and planning efforts. The other speaker responds with enthusiasm and a shared appreciation for nature, maintaining a positive and supportive tone throughout the interaction. Both speakers exhibit a mutual interest and enjoyment in the topic, fostering a warm and engaging dialogue.]

            Based on this negotiation, predict the final allocation of resources. Provide only your answer using the following format with curly braces, with no explanation:

            OUTCOME: {agent1:{food:[number], water:[number], firewood:[number]}, agent2:{food:[number], water:[number], firewood:[number]}}

            Remember: Each resource must sum to exactly 3 units across both agents.<|eot_id|>","<|begin_of_text|><|begin_of_text|><|start_header_id|>system<|end_header_id|>

Cutting Knowledge Date: December 2023
Today Date: 26 Jul 2024

<|eot_id|><|start_header_id|>user<|end_header_id|>

You are helping analyze a negotiation conversation where two agents are discussing the allocation of resources. Each resource has exactly three units that must be divided between the two agents. The total amount of each resource allocated to both agents must add up to three. 

            Agent Preferences:
            Agent 1: High priority: firewood, Medium priority: food, Low priority: water
            Agent 2: High priority: firewood, Medium priority: water, Low priority: food

            Conversation with intentions:
            Agent 1: Hello How are you? 🙂, Agent 2: Hello there I'm well. How about yourself?, Agent 1: I'm good. I'm excited for the camping trip. I have been planning this for a few weeks. I'm excited to get out into the woods., Agent 2: Oh great! I love getting out into nature., [Summary: The conversation begins with a friendly exchange of greetings and well-being checks. As it progresses, one speaker expresses excitement about an upcoming camping trip, sharing their anticipation and planning efforts. The other speaker responds with enthusiasm and a shared appreciation for nature, maintaining a positive and supportive tone throughout the interaction. Both speakers exhibit a mutual interest and enjoyment in the topic, fostering a warm and engaging dialogue.]

            Based on this negotiation, predict the final allocation of resources. Provide only your answer using the following format with curly braces, with no explanation:

            OUTCOME: {agent1:{food:[number], water:[number], firewood:[number]}, agent2:{food:[number], water:[number], firewood:[number]}}

            Remember: Each resource must sum to exactly 3 units across both agents.<|eot_id|><|begin_of_text|><|start_header_id|>system<|end_header_id|>

Cutting Knowledge Date: December 2023
Today Date: 26 Jul 2024

Outcome: {agent1:{food:1, water:0, firewood:2}, agent2:{food:2, water:3, firewood:1}}<|eot_id|>",1,1,2,2,2,1,1.0,0.0,2.0,2.0,3.0,1.0,17,19,14.0,23.0,9.0
94,5,"<|begin_of_text|><|start_header_id|>system<|end_header_id|>

Cutting Knowledge Date: December 2023
Today Date: 26 Jul 2024

<|eot_id|><|start_header_id|>user<|end_header_id|>

You are helping analyze a negotiation conversation where two agents are discussing the allocation of resources. Each resource has exactly three units that must be divided between the two agents. The total amount of each resource allocated to both agents must add up to three. 

            Agent Preferences:
            Agent 1: High priority: firewood, Medium priority: water, Low priority: food
            Agent 2: High priority: food, Medium priority: water, Low priority: firewood

            Conversation with intentions:
            Agent 2: How are you enjoying the camping trip so far?, Agent 1: Hi. It’s great, but very cold here. How about you?, Agent 2: Yes the cold is hard to adjust to I can't seem to shake the chill., Agent 1: I could really use some extra firewood! , [Summary: The conversation starts with a friendly inquiry about the camping trip, with both participants expressing a shared struggle with the cold. The sentiment is light-hearted but acknowledges discomfort. The first speaker maintains a positive tone despite the cold, while the second speaker echoes the sentiment, hinting at a need for warmth. The conversation ends with a practical suggestion, indicating a shift from sharing feelings to addressing the situation.]

            Based on this negotiation, predict the final allocation of resources. Provide only your answer using the following format with curly braces, with no explanation:

            OUTCOME: {agent1:{food:[number], water:[number], firewood:[number]}, agent2:{food:[number], water:[number], firewood:[number]}}

            Remember: Each resource must sum to exactly 3 units across both agents.<|eot_id|>","<|begin_of_text|><|begin_of_text|><|start_header_id|>system<|end_header_id|>

Cutting Knowledge Date: December 2023
Today Date: 26 Jul 2024

<|eot_id|><|start_header_id|>user<|end_header_id|>

You are helping analyze a negotiation conversation where two agents are discussing the allocation of resources. Each resource has exactly three units that must be divided between the two agents. The total amount of each resource allocated to both agents must add up to three. 

            Agent Preferences:
            Agent 1: High priority: firewood, Medium priority: water, Low priority: food
            Agent 2: High priority: food, Medium priority: water, Low priority: firewood

            Conversation with intentions:
            Agent 2: How are you enjoying the camping trip so far?, Agent 1: Hi. It’s great, but very cold here. How about you?, Agent 2: Yes the cold is hard to adjust to I can't seem to shake the chill., Agent 1: I could really use some extra firewood!, [Summary: The conversation starts with a friendly inquiry about the camping trip, with both participants expressing a shared struggle with the cold. The sentiment is light-hearted but acknowledges discomfort. The first speaker maintains a positive tone despite the cold, while the second speaker echoes the sentiment, hinting at a need for warmth. The conversation ends with a practical suggestion, indicating a shift from sharing feelings to addressing the situation.]

            Based on this negotiation, predict the final allocation of resources. Provide only your answer using the following format with curly braces, with no explanation:

            OUTCOME: {agent1:{food:[number], water:[number], firewood:[number]}, agent2:{food:[number], water:[number], firewood:[number]}}

            Remember: Each resource must sum to exactly 3 units across both agents.<|eot_id|><|begin_of_text|><|start_header_id|>system<|end_header_id|>

Cutting Knowledge Date: December 2023
Today Date: 26 Jul 2024

OUTCOME: {agent1:{food:0, water:1, firewood:3}, agent2:{food:3, water:2, firewood:0}}<|eot_id|>",1,1,2,2,2,1,0.0,1.0,3.0,3.0,2.0,0.0,17,21,19.0,23.0,4.0
95,5,"<|begin_of_text|><|start_header_id|>system<|end_header_id|>

Cutting Knowledge Date: December 2023
Today Date: 26 Jul 2024

<|eot_id|><|start_header_id|>user<|end_header_id|>

You are helping analyze a negotiation conversation where two agents are discussing the allocation of resources. Each resource has exactly three units that must be divided between the two agents. The total amount of each resource allocated to both agents must add up to three. 

            Agent Preferences:
            Agent 1: High priority: water, Medium priority: firewood, Low priority: food
            Agent 2: High priority: water, Medium priority: firewood, Low priority: food

            Conversation with intentions:
            Agent 2: Hi, I will need alot of water as I need it to stay alive., Agent 1: I agree, with camping i feel there are many uncertainties. Finding clean water would be too difficult, best to take as much water as possible., Agent 2: I will also need some Firewood too to start a fire, Agent 1: I feel for firewood we dont need as much, as we are going to be camping, with that means, in my opinion, with branches and brush available, maybe we can take 2 fire woods, what do you think?, Agent 2: Since I got some food already, can I get 3 water, 2 firewood and 0 food then?, Agent 1: can we do at least one food? if thats okay with you? I would like to have extra food in case something happens, i will be able to have the extra supplies. , [Summary: The conversation begins with a mutual agreement on the importance of water, reflecting a shared concern for survival needs. As the discussion progresses, both speakers negotiate the allocation of resources, with one suggesting minimal firewood due to natural availability. The dialogue shifts towards compromise, as one speaker proposes a specific distribution of supplies, while the other seeks reassurance by advocating for additional food. The conversation maintains a collaborative tone, with both parties aiming to reach a consensus.]

            Based on this negotiation, predict the final allocation of resources. Provide only your answer using the following format with curly braces, with no explanation:

            OUTCOME: {agent1:{food:[number], water:[number], firewood:[number]}, agent2:{food:[number], water:[number], firewood:[number]}}

            Remember: Each resource must sum to exactly 3 units across both agents.<|eot_id|>","<|begin_of_text|><|begin_of_text|><|start_header_id|>system<|end_header_id|>

Cutting Knowledge Date: December 2023
Today Date: 26 Jul 2024

<|eot_id|><|start_header_id|>user<|end_header_id|>

You are helping analyze a negotiation conversation where two agents are discussing the allocation of resources. Each resource has exactly three units that must be divided between the two agents. The total amount of each resource allocated to both agents must add up to three. 

            Agent Preferences:
            Agent 1: High priority: water, Medium priority: firewood, Low priority: food
            Agent 2: High priority: water, Medium priority: firewood, Low priority: food

            Conversation with intentions:
            Agent 2: Hi, I will need alot of water as I need it to stay alive., Agent 1: I agree, with camping i feel there are many uncertainties. Finding clean water would be too difficult, best to take as much water as possible., Agent 2: I will also need some Firewood too to start a fire, Agent 1: I feel for firewood we dont need as much, as we are going to be camping, with that means, in my opinion, with branches and brush available, maybe we can take 2 fire woods, what do you think?, Agent 2: Since I got some food already, can I get 3 water, 2 firewood and 0 food then?, Agent 1: can we do at least one food? if thats okay with you? I would like to have extra food in case something happens, i will be able to have the extra supplies., [Summary: The conversation begins with a mutual agreement on the importance of water, reflecting a shared concern for survival needs. As the discussion progresses, both speakers negotiate the allocation of resources, with one suggesting minimal firewood due to natural availability. The dialogue shifts towards compromise, as one speaker proposes a specific distribution of supplies, while the other seeks reassurance by advocating for additional food. The conversation maintains a collaborative tone, with both parties aiming to reach a consensus.]

            Based on this negotiation, predict the final allocation of resources. Provide only your answer using the following format with curly braces, with no explanation:

            OUTCOME: {agent1:{food:[number], water:[number], firewood:[number]}, agent2:{food:[number], water:[number], firewood:[number]}}

            Remember: Each resource must sum to exactly 3 units across both agents.<|eot_id|><|begin_of_text|><|start_header_id|>system<|end_header_id|>

Cutting Knowledge Date: December 2023
Today Date: 26 Jul 2024

Outcome: {agent1:{food:1, water:2, firewood:1}, agent2:{food:2, water:1, firewood:2}}<|eot_id|>",0,2,1,3,1,2,1.0,2.0,1.0,2.0,1.0,2.0,14,22,17.0,19.0,9.0
97,5,"<|begin_of_text|><|start_header_id|>system<|end_header_id|>

Cutting Knowledge Date: December 2023
Today Date: 26 Jul 2024

<|eot_id|><|start_header_id|>user<|end_header_id|>

You are helping analyze a negotiation conversation where two agents are discussing the allocation of resources. Each resource has exactly three units that must be divided between the two agents. The total amount of each resource allocated to both agents must add up to three. 

            Agent Preferences:
            Agent 1: High priority: food, Medium priority: firewood, Low priority: water
            Agent 2: High priority: food, Medium priority: firewood, Low priority: water

            Conversation with intentions:
            Agent 1: Hello there! How are you today?, Agent 2: I am fine . How about you?, Agent 1: I am doing well so far. 🙂 What items are of preference for you today?, Agent 2: I need a lot of food today. I was advised to eat at least 4 times a day so i may need all the food packages., Agent 1: Well that is not going to work well for my family of 8 now is it? Haha. I think we can come to some sort of agreement though.🙂, Agent 2: What do you propose?, Agent 1: I really need food too, but I am willing to deal and let my kids go hungry I guess ☹️ I propose I get one food, 3 firewood and 1 water. , [Summary: The conversation begins with a friendly exchange of pleasantries, establishing a cordial tone. As the discussion progresses, both speakers express their needs, with one emphasizing a significant requirement for food. The other speaker responds with humor and a willingness to negotiate, suggesting a compromise. The tone shifts slightly to a more serious note as they propose a specific distribution of resources, balancing their needs with a hint of sacrifice.]

            Based on this negotiation, predict the final allocation of resources. Provide only your answer using the following format with curly braces, with no explanation:

            OUTCOME: {agent1:{food:[number], water:[number], firewood:[number]}, agent2:{food:[number], water:[number], firewood:[number]}}

            Remember: Each resource must sum to exactly 3 units across both agents.<|eot_id|>","<|begin_of_text|><|begin_of_text|><|start_header_id|>system<|end_header_id|>

Cutting Knowledge Date: December 2023
Today Date: 26 Jul 2024

<|eot_id|><|start_header_id|>user<|end_header_id|>

You are helping analyze a negotiation conversation where two agents are discussing the allocation of resources. Each resource has exactly three units that must be divided between the two agents. The total amount of each resource allocated to both agents must add up to three. 

            Agent Preferences:
            Agent 1: High priority: food, Medium priority: firewood, Low priority: water
            Agent 2: High priority: food, Medium priority: firewood, Low priority: water

            Conversation with intentions:
            Agent 1: Hello there! How are you today?, Agent 2: I am fine. How about you?, Agent 1: I am doing well so far. 🙂 What items are of preference for you today?, Agent 2: I need a lot of food today. I was advised to eat at least 4 times a day so i may need all the food packages., Agent 1: Well that is not going to work well for my family of 8 now is it? Haha. I think we can come to some sort of agreement though.🙂, Agent 2: What do you propose?, Agent 1: I really need food too, but I am willing to deal and let my kids go hungry I guess ☹️ I propose I get one food, 3 firewood and 1 water., [Summary: The conversation begins with a friendly exchange of pleasantries, establishing a cordial tone. As the discussion progresses, both speakers express their needs, with one emphasizing a significant requirement for food. The other speaker responds with humor and a willingness to negotiate, suggesting a compromise. The tone shifts slightly to a more serious note as they propose a specific distribution of resources, balancing their needs with a hint of sacrifice.]

            Based on this negotiation, predict the final allocation of resources. Provide only your answer using the following format with curly braces, with no explanation:

            OUTCOME: {agent1:{food:[number], water:[number], firewood:[number]}, agent2:{food:[number], water:[number], firewood:[number]}}

            Remember: Each resource must sum to exactly 3 units across both agents.<|eot_id|><|begin_of_text|><|start_header_id|>system<|end_header_id|>

Cutting Knowledge Date: December 2023
Today Date: 26 Jul 2024

Outcome: {agent1:{food:1, water:2, firewood:1}, agent2:{food:2, water:1, firewood:2}}<|eot_id|>",1,1,3,2,2,0,1.0,2.0,1.0,2.0,1.0,2.0,20,16,15.0,21.0,25.0
99,5,"<|begin_of_text|><|start_header_id|>system<|end_header_id|>

Cutting Knowledge Date: December 2023
Today Date: 26 Jul 2024

<|eot_id|><|start_header_id|>user<|end_header_id|>

You are helping analyze a negotiation conversation where two agents are discussing the allocation of resources. Each resource has exactly three units that must be divided between the two agents. The total amount of each resource allocated to both agents must add up to three. 

            Agent Preferences:
            Agent 1: High priority: food, Medium priority: firewood, Low priority: water
            Agent 2: High priority: firewood, Medium priority: water, Low priority: food

            Conversation with intentions:
            Agent 2: Hello, how are you doing today?, Agent 1: Hey there, I'm doing well! I'm excited to choose camping supplies., Agent 2: Me too🙂. I packed a lot of food so I have plenty to spare, Agent 1: that's awesome. I think I need more food myself, but I have tons of water. , [Summary: The conversation begins with a friendly and enthusiastic exchange, as both speakers express excitement about preparing for a camping trip. The interaction maintains a positive and collaborative tone, with one speaker offering to share their surplus of food and the other acknowledging their own need for more supplies while having an abundance of water. The dialogue reflects a cooperative spirit and mutual readiness for the upcoming adventure.]

            Based on this negotiation, predict the final allocation of resources. Provide only your answer using the following format with curly braces, with no explanation:

            OUTCOME: {agent1:{food:[number], water:[number], firewood:[number]}, agent2:{food:[number], water:[number], firewood:[number]}}

            Remember: Each resource must sum to exactly 3 units across both agents.<|eot_id|>","<|begin_of_text|><|begin_of_text|><|start_header_id|>system<|end_header_id|>

Cutting Knowledge Date: December 2023
Today Date: 26 Jul 2024

<|eot_id|><|start_header_id|>user<|end_header_id|>

You are helping analyze a negotiation conversation where two agents are discussing the allocation of resources. Each resource has exactly three units that must be divided between the two agents. The total amount of each resource allocated to both agents must add up to three. 

            Agent Preferences:
            Agent 1: High priority: food, Medium priority: firewood, Low priority: water
            Agent 2: High priority: firewood, Medium priority: water, Low priority: food

            Conversation with intentions:
            Agent 2: Hello, how are you doing today?, Agent 1: Hey there, I'm doing well! I'm excited to choose camping supplies., Agent 2: Me too🙂. I packed a lot of food so I have plenty to spare, Agent 1: that's awesome. I think I need more food myself, but I have tons of water., [Summary: The conversation begins with a friendly and enthusiastic exchange, as both speakers express excitement about preparing for a camping trip. The interaction maintains a positive and collaborative tone, with one speaker offering to share their surplus of food and the other acknowledging their own need for more supplies while having an abundance of water. The dialogue reflects a cooperative spirit and mutual readiness for the upcoming adventure.]

            Based on this negotiation, predict the final allocation of resources. Provide only your answer using the following format with curly braces, with no explanation:

            OUTCOME: {agent1:{food:[number], water:[number], firewood:[number]}, agent2:{food:[number], water:[number], firewood:[number]}}

            Remember: Each resource must sum to exactly 3 units across both agents.<|eot_id|><|begin_of_text|><|start_header_id|>system<|end_header_id|>

Cutting Knowledge Date: December 2023
Today Date: 26 Jul 2024

Outcome: {agent1:{food:3, water:0, firewood:0}, agent2:{food:0, water:3, firewood:3}}

<|begin_of_text|><|start_header_id|><|begin_of_text|><|start_header_id|><|begin_of_text|><|start_header_id|><|begin_of_text|><|start_header_id|><|begin_of_text|><|start_header_id|><|begin_of_text|><|start_header_id|><|begin_of_text|><|start_header_id|><|begin_of_text|><|start_header_id|><|begin_of_text|><|start_header_id|><|begin_of_text|><|start_header_id|><|begin_of_text|><|start_header_id|><|begin_of_text|><|start_header_id|><|begin_of_text|><|start_header_id|><|begin_of_text|><|start_header_id|><|begin_of_text|><|start_header_id|><|begin_of_text|><|start_header_id|><|begin_of_text|><|start_header_id|><|begin_of_text|><|start_header_id|><|begin_of_text|><|start_header_id|><|begin_of_text|><|start_header_id|><|begin_of_text|><|start_header_id|><|begin_of_text|><|start_header_id|><|begin_of_text|><|start_header_id|><|begin_of_text|><|start_header_id|><|begin_of_text|><|start_header_id|><|begin_of_text|><|start_header_id|><|begin_of_text|><|start_header_id|><|begin_of_text|><|start_header_id|><|begin_of_text|><|start_header_id|><|begin_of_text|><|start_header_id|><|begin_of_text|><|start_header_id|><|begin_of_text|><|start_header_id|><|begin_of_text|><|start_header_id|><|begin_of_text|><|start_header_id|><|begin_of_text|><|start_header_id|><|begin_of_text|><|start_header_id|><|begin_of_text|><|start_header_id|><|begin_of_text|><|start_header_id|><|begin_of_text|><|start_header_id|><|begin_of_text|><|start_header_id|><|begin_of_text|><|start_header_id|><|begin_of_text|><|start_header_id|><|begin_of_text|><|start_header_id|><|begin_of_text|><|start_header_id|><|begin_of_text|><|start_header_id|><|begin_of_text|><|start_header_id|><|begin_of_text|><|start_header_id|><|begin_of_text|><|start_header_id|><|begin_of_text|><|start_header_id|><|begin_of_text|><|start_header_id|><|begin_of_text|><|start_header_id|><|begin_of_text|><|start_header_id|><|begin_of_text|><|start_header_id|><|begin_of_text|><|start_header_id|><|begin_of_text|><|start_header_id|><|begin_of_text|><|start_header_id|><|begin_of_text|><|start_header_id|><|begin_of_text|><|start_header_id|><|begin_of_text|><|start_header_id|><|begin_of_text|><|start_header_id|><|begin_of_text|><|start_header_id|><|begin_of_text|><|start_header_id|><|begin_of_text|><|start_header_id|><|begin_of_text|><|start_header_id|><|begin_of_text|><|start_header_id|><|begin_of_text|><|start_header_id|><|begin_of_text|><|start_header_id|><|begin_of_text|><|start_header_id|><|begin_of_text|><|start_header_id|><|begin_of_text|><|start_header_id|><|begin_of_text|><|start_header_id|><|begin_of_text|><|start_header_id|><|begin_of_text|><|start_header_id|><|begin_of_text|><|start_header_id|><|begin_of_text|><|start_header_id|><|begin_of_text|><|start_header_id|><|begin_of_text|><|start_header_id|><|begin_of_text|><|start_header_id|><|begin_of_text|><|start_header_id|><|begin_of_text|><|start_header_id|><|begin_of_text|><|start_header_id|><|begin_of_text|><|start_header_id|><|begin_of_text|><|start_header_id|><|begin_of_text|><|start_header_id|><|begin_of_text|><|start_header_id|><|begin_of_text|><|start_header_id|><|begin_of_text|><|start_header_id|><|begin_of_text|><|start_header_id|><|begin_of_text|><|start_header_id|><|begin_of_text|><|start_header_id|><|begin_of_text|><|start_header_id|><|begin_of_text|><|start_header_id|><|begin_of_text|><|start_header_id|><|begin_of_text|><|start_header_id|><|begin_of_text|><|start_header_id|><|begin_of_text|><|start_header_id|><|begin_of_text|><|start_header_id|><|begin_of_text|><|start_header_id|><|begin_of_text|><|start_header_id|><|begin_of_text|><|start_header_id|><|begin_of_text|><|start_header_id|><|begin_of_text|><|start_header_id|><|begin_of_text|><|start_header_id|><|begin_of_text|><|start_header_id|><|begin_of_text|><|start_header_id|><|begin_of_text|><|start_header_id|><|begin_of_text|><|start_header_id|><|begin_of_text|><|start_header_id|><|begin_of_text|><|start_header_id|><|begin_of_text|><|start_header_id|><|begin_of_text|><|start_header_id|><|begin_of_text|><|start_header_id|><|begin_of_text|><|start_header_id|><|begin_of_text|><|start_header_id|><|start_header_id|><|begin_of_text|><|start_header_id|><|start_header_id|><|begin_of_text|><|start_header_id|><|begin_of_text|><|start_header_id|><|start_header_id|><|begin_of_text|><|start_header_id|><|begin_of_text|><|start_header_id|><|begin_of_text|><|start_header_id|><|begin_of_text|><|start_header_id|><|begin_of_text|><|start_header_id|><|start_header_id|><|begin_of_text|><|start_header_id|><|begin_of_text|><|start_header_id|><|start_header_id|><|start_header_id|><|start_header_id|><|begin_of_text|><|start_header_id|><|begin_of_text|><|start_header_id|><|begin_of_text|><|start_header_id|><|start_header_id|><|begin_of_text|><|start_header_id|><|begin_of_text|><|start_header_id|><|begin_of_text|><|start_header_id|><|begin_of_text|><|start_header_id|><|begin_of_text|><|start_header_id|><|begin_of_text|><|start_header_id|><|begin_of_text|><|start_header_id|><|start_header_id|><|begin_of_text|><|start_header_id|><|start_header_id|><|start_header_id|><|start_header_id|><|start_header_id|><|start_header_id|><|begin_of_text|><|start_header_id|><|start_header_id|><|begin_of_text|><|start_header_id|><|start_header_id|><|start_header_id|><|start_header_id|><|start_header_id|><|start_header_id|><|start_header_id|><|start_header_id|><|start_header_id|><|begin_of_text|><|start_header_id|><|begin_of_text|><|start_header_id|><|begin_of_text|><|start_header_id|><|start_header_id|><|start_header_id|><|start_header_id|><|start_header_id|><|start_header_id|><|start_header_id|><|start_header_id|><|start_header_id|><|begin_of_text|><|start_header_id|><|begin_of_text|><|start_header_id|><|start_header_id|><|start_header_id|><|start_header_id|><|start_header_id|><|start_header_id|><|start_header_id|><|start_header_id|><|start_header_id|><|start_header_id|><|start_header_id|><|start_header_id|><|start_header_id|><|begin_of_text|><|start_header_id|><|start_header_id|><|start_header_id|><|start_header_id|><|start_header_id|><|start_header_id|><|start_header_id|><|start_header_id|><|start_header_id|><|start_header_id|><|start_header_id|><|start_header_id|><|start_header_id|><|start_header_id|><|start_header_id|><|start_header_id|><|start_header_id|><|start_header_id|><|start_header_id|><|start_header_id|><|start_header_id|><|start_header_id|><|start_header_id|><|start_header_id|><|start_header_id|><|start_header_id|><|start_header_id|><|start_header_id|><|start_header_id|><|start_header_id|><|start_header_id|><|start_header_id|><|start_header_id|><|start_header_id|><|start_header_id|><|start_header_id|><|start_header_id|><|start_header_id|><|start_header_id|><|start_header_id|><|start_header_id|><|start_header_id|><|start_header_id|><|start_header_id|><|start_header_id|><|start_header_id|><|start_header_id|><|start_header_id|><|start_header_id|><|start_header_id|><|start_header_id|><|start_header_id|><|start_header_id|><|start_header_id|><|start_header_id|><|start_header_id|><|start_header_id|><|start_header_id|><|start_header_id|><|start_header_id|><|start_header_id|><|start_header_id|><|start_header_id|><|start_header_id|><|start_header_id|><|start_header_id|><|start_header_id|><|start_header_id|><|start_header_id|><|start_header_id|><|start_header_id|><|start_header_id|><|start_header_id|><|start_header_id|><|start_header_id|><|start_header_id|><|start_header_id|><|start_header_id|><|start_header_id|><|start_header_id|><|start_header_id|><|start_header_id|><|start_header_id|><|start_header_id|><|start_header_id|><|start_header_id|><|start_header_id|><|start_header_id|><|start_header_id|><|start_header_id|><|start_header_id|><|start_header_id|><|start_header_id|><|start_header_id|><|start_header_id|><|start_header_id|><|start_header_id|><|start_header_id|><|start_header_id|><|start_header_id|><|start_header_id|><|start_header_id|><|start_header_id|><|start_header_id|><|start_header_id|><|start_header_id|><|start_header_id|><|start_header_id|><|start_header_id|><|start_header_id|><|start_header_id|><|start_header_id|><|start_header_id|><|start_header_id|><|start_header_id|><|start_header_id|><|start_header_id|><|start_header_id|><|start_header_id|><|start_header_id|><|start_header_id|><|start_header_id|><|start_header_id|><|start_header_id|><|start_header_id|><|start_header_id|><|start_header_id|><|start_header_id|><|start_header_id|><|start_header_id|><|start_header_id|><|start_header_id|><|start_header_id|><|start_header_id|><|start_header_id|><|start_header_id|><|start_header_id|><|start_header_id|><|start_header_id|><|start_header_id|><|start_header_id|><|start_header_id|><|start_header_id|><|start_header_id|><|start_header_id|><|start_header_id|><|start_header_id|><|start_header_id|><|start_header_id|><|start_header_id|><|start_header_id|><|start_header_id|><|start_header_id|><|start_header_id|><|start_header_id|><|start_header_id|><|start_header_id|><|start_header_id|><|start_header_id|><|start_header_id|><|start_header_id|><|start_header_id|><|start_header_id|><|start_header_id|><|start_header_id|><|start_header_id|><|start_header_id|><|start_header_id|><|start_header_id|><|start_header_id|><|start_header_id|><|start_header_id|><|start_header_id|><|start_header_id|><|start_header_id|><|start_header_id|><|start_header_id|><|start_header_id|><|start_header_id|><|start_header_id|><|start_header_id|><|start_header_id|><|start_header_id|><|start_header_id|><|start_header_id|><|start_header_id|><|start_header_id|><|start_header_id|><|start_header_id|><|start_header_id|><|start_header_id|><|start_header_id|><|start_header_id|><|start_header_id|><|start_header_id|><|start_header_id|><|start_header_id|><|start_header_id|><|start_header_id|><|start_header_id|><|start_header_id|><|start_header_id|><|start_header_id|><|start_header_id|><|start_header_id|><|start_header_id|><|start_header_id|><|start_header_id|><|start_header_id|><|start_header_id|><|start_header_id|><|start_header_id|><|start_header_id|><|start_header_id|><|start_header_id|><|start_header_id|><|start_header_id|><|start_header_id|><|start_header_id|><|start_header_id|><|start_header_id|><|start_header_id|><|start_header_id|><|start_header_id|><|start_header_id|><|start_header_id|><|start_header_id|><|start_header_id|><|start_header_id|><|start_header_id|><|start_header_id|><|start_header_id|><|start_header_id|><|start_header_id|><|start_header_id|><|start_header_id|><|start_header_id|><|start_header_id|><|start_header_id|><|start_header_id|><|start_header_id|><|start_header_id|><|start_header_id|><|start_header_id|><|start_header_id|><|start_header_id|><|start_header_id|><|start_header_id|><|start_header_id|><|start_header_id|><|start_header_id|><|start_header_id|><|start_header_id|><|start_header_id|><|start_header_id|><|start_header_id|><|start_header_id|><|start_header_id|><|start_header_id|><|start_header_id|><|start_header_id|><|start_header_id|><|start_header_id|><|start_header_id|><|start_header_id|><|start_header_id|><|start_header_id|><|start_header_id|><|start_header_id|><|start_header_id|><|start_header_id|><|start_header_id|><|start_header_id|><|start_header_id|><|start_header_id|><|start_header_id|><|start_header_id|><|start_header_id|><|start_header_id|><|start_header_id|><|start_header_id|><|start_header_id|><|start_header_id|><|start_header_id|><|start_header_id|><|start_header_id|><|start_header_id|><|start_header_id|><|start_header_id|><|start_header_id|><|start_header_id|><|start_header_id|><|start_header_id|><|start_header_id|><|start_header_id|><|start_header_id|><|start_header_id|><|start_header_id|><|start_header_id|><|start_header_id|><|start_header_id|><|start_header_id|><|start_header_id|><|start_header_id|><|start_header_id|><|start_header_id|><|start_header_id|><|start_header_id|><|start_header_id|><|start_header_id|><|start_header_id|><|start_header_id|><|start_header_id|><|start_header_id|><|start_header_id|><|start_header_id|><|start_header_id|><|start_header_id|><|start_header_id|><|start_header_id|><|start_header_id|><|start_header_id|><|start_header_id|><|start_header_id|><|start_header_id|><|start_header_id|><|start_header_id|><|start_header_id|><|start_header_id|><|start_header_id|><|start_header_id|><|start_header_id|><|start_header_id|><|start_header_id|><|start_header_id|><|start_header_id|><|start_header_id|><|start_header_id|><|start_header_id|><|start_header_id|><|start_header_id|><|start_header_id|><|start_header_id|><|start_header_id|><|start_header_id|><|start_header_id|><|start_header_id|><|start_header_id|><|start_header_id|><|start_header_id|><|start_header_id|><|start_header_id|><|start_header_id|><|start_header_id|><|start_header_id|><|start_header_id|><|start_header_id|><|start_header_id|><|start_header_id|><|start_header_id|><|start_header_id|><|start_header_id|><|start_header_id|><|start_header_id|><|start_header_id|><|start_header_id|><|start_header_id|><|start_header_id|><|start_header_id|><|start_header_id|><|start_header_id|><|start_header_id|><|start_header_id|><|start_header_id|><|start_header_id|><|start_header_id|><|start_header_id|><|start_header_id|><|start_header_id|><|start_header_id|><|start_header_id|><|start_header_id|><|start_header_id|><|start_header_id|><|start_header_id|><|start_header_id|><|start_header_id|><|start_header_id|><|start_header_id|><|start_header_id|><|start_header_id|><|start_header_id|><|start_header_id|><|start_header_id|><|start_header_id|><|start_header_id|><|start_header_id|><|start_header_id|><|start_header_id|><|start_header_id|><|start_header_id|><|start_header_id|><|start_header_id|><|start_header_id|><|start_header_id|><|start_header_id|><|start_header_id|><|start_header_id|><|start_header_id|><|start_header_id|><|start_header_id|><|start_header_id|><|start_header_id|><|start_header_id|><|start_header_id|><|start_header_id|><|start_header_id|><|start_header_id|><|start_header_id|><|start_header_id|><|start_header_id|><|start_header_id|><|start_header_id|><|start_header_id|><|start_header_id|><|start_header_id|><|start_header_id|><|start_header_id|><|start_header_id|><|start_header_id|><|start_header_id|><|start_header_id|><|start_header_id|><|start_header_id|><|start_header_id|><|start_header_id|><|start_header_id|><|start_header_id|><|start_header_id|><|start_header_id|><|start_header_id|><|start_header_id|><|start_header_id|><|start_header_id|><|start_header_id|><|start_header_id|><|start_header_id|><|start_header_id|><|start_header_id|><|start_header_id|><|start_header_id|><|start_header_id|><|start_header_id|><|start_header_id|><|start_header_id|><|start_header_id|><|start_header_id|><|start_header_id|><|start_header_id|><|start_header_id|><|start_header_id|><|start_header_id|><|start_header_id|><|start_header_id|><|start_header_id|><|start_header_id|><|start_header_id|><|start_header_id|><|start_header_id|><|start_header_id|><|start_header_id|><|start_header_id|><|start_header_id|><|start_header_id|><|start_header_id|><|start_header_id|><|start_header_id|><|start_header_id|><|start_header_id|><|start_header_id|><|start_header_id|><|start_header_id|><|start_header_id|><|start_header_id|><|start_header_id|><|start_header_id|><|start_header_id|><|start_header_id|><|start_header_id|><|start_header_id|><|start_header_id|><|start_header_id|><|start_header_id|><|start_header_id|><|start_header_id|><|start_header_id|><|start_header_id|><|start_header_id|><|start_header_id|><|start_header_id|><|start_header_id|><|start_header_id|><|start_header_id|><|start_header_id|><|start_header_id|><|start_header_id|><|start_header_id|><|start_header_id|><|start_header_id|><|start_header_id|><|start_header_id|><|start_header_id|><|start_header_id|><|start_header_id|><|start_header_id|><|start_header_id|><|start_header_id|><|start_header_id|><|start_header_id|><|start_header_id|><|start_header_id|><|start_header_id|><|start_header_id|><|start_header_id|><|start_header_id|><|start_header_id|><|start_header_id|><|start_header_id|><|start_header_id|><|start_header_id|><|start_header_id|><|start_header_id|><|start_header_id|><|start_header_id|><|start_header_id|><|start_header_id|><|start_header_id|><|start_header_id|><|start_header_id|><|start_header_id|><|start_header_id|><|start_header_id|><|start_header_id|><|start_header_id|><|start_header_id|><|start_header_id|><|start_header_id|><|start_header_id|><|start_header_id|><|start_header_id|><|start_header_id|><|start_header_id|><|start_header_id|><|start_header_id|><|start_header_id|><|start_header_id|><|start_header_id|><|start_header_id|><|start_header_id|><|start_header_id|><|start_header_id|><|start_header_id|><|start_header_id|><|start_header_id|><|start_header_id|><|start_header_id|><|start_header_id|><|start_header_id|><|start_header_id|><|start_header_id|><|start_header_id|><|start_header_id|><|start_header_id|><|start_header_id|><|start_header_id|><|start_header_id|><|start_header_id|><|start_header_id|><|start_header_id|><|start_header_id|><|start_header_id|><|start_header_id|><|start_header_id|><|start_header_id|><|start_header_id|><|start_header_id|><|start_header_id|><|start_header_id|><|start_header_id|><|start_header_id|><|start_header_id|><|start_header_id|><|start_header_id|><|start_header_id|><|start_header_id|><|start_header_id|><|start_header_id|><|start_header_id|><|start_header_id|><|start_header_id|><|start_header_id|><|start_header_id|><|start_header_id|><|start_header_id|><|start_header_id|><|start_header_id|><|start_header_id|><|start_header_id|><|start_header_id|><|start_header_id|><|start_header_id|><|start_header_id|><|start_header_id|><|start_header_id|><|start_header_id|><|start_header_id|><|start_header_id|><|start_header_id|><|start_header_id|><|start_header_id|><|start_header_id|><|start_header_id|><|start_header_id|><|start_header_id|><|start_header_id|><|start_header_id|><|start_header_id|><|start_header_id|><|start_header_id|><|start_header_id|><|start_header_id|><|start_header_id|><|start_header_id|><|start_header_id|><|start_header_id|><|start_header_id|>",3,0,1,0,3,2,3.0,0.0,0.0,0.0,3.0,3.0,19,22,15.0,27.0,16.0
103,5,"<|begin_of_text|><|start_header_id|>system<|end_header_id|>

Cutting Knowledge Date: December 2023
Today Date: 26 Jul 2024

<|eot_id|><|start_header_id|>user<|end_header_id|>

You are helping analyze a negotiation conversation where two agents are discussing the allocation of resources. Each resource has exactly three units that must be divided between the two agents. The total amount of each resource allocated to both agents must add up to three. 

            Agent Preferences:
            Agent 1: High priority: food, Medium priority: water, Low priority: firewood
            Agent 2: High priority: firewood, Medium priority: food, Low priority: water

            Conversation with intentions:
            Agent 1: Hi there.. we're looking forward to this camping trip.. hope you are, too!  Is there anything in particular you guys need / want out of the extra stockpile we've got?, Agent 2: Hello! Which item do you need the most?, Agent 1: Well we actually really NEED all three items.. but I know you might, too - so I want to make a deal that's fair for you.. is there anything in particular your family needs for the trip?, Agent 2: Well, there has to be an item that you need the most. If you tell me what you need the most, we can try to make a deal around it. , [Summary: The conversation begins with a friendly and cooperative tone, as both speakers express enthusiasm for an upcoming camping trip. The first speaker offers to share resources, emphasizing fairness and mutual benefit. The second speaker, however, seeks specificity and attempts to negotiate by prompting the first speaker to prioritize their needs. The exchange remains amicable, with both parties aiming to reach a mutually beneficial agreement, though the second speaker adopts a more strategic approach to negotiation.]

            Based on this negotiation, predict the final allocation of resources. Provide only your answer using the following format with curly braces, with no explanation:

            OUTCOME: {agent1:{food:[number], water:[number], firewood:[number]}, agent2:{food:[number], water:[number], firewood:[number]}}

            Remember: Each resource must sum to exactly 3 units across both agents.<|eot_id|>","<|begin_of_text|><|begin_of_text|><|start_header_id|>system<|end_header_id|>

Cutting Knowledge Date: December 2023
Today Date: 26 Jul 2024

<|eot_id|><|start_header_id|>user<|end_header_id|>

You are helping analyze a negotiation conversation where two agents are discussing the allocation of resources. Each resource has exactly three units that must be divided between the two agents. The total amount of each resource allocated to both agents must add up to three. 

            Agent Preferences:
            Agent 1: High priority: food, Medium priority: water, Low priority: firewood
            Agent 2: High priority: firewood, Medium priority: food, Low priority: water

            Conversation with intentions:
            Agent 1: Hi there.. we're looking forward to this camping trip.. hope you are, too!  Is there anything in particular you guys need / want out of the extra stockpile we've got?, Agent 2: Hello! Which item do you need the most?, Agent 1: Well we actually really NEED all three items.. but I know you might, too - so I want to make a deal that's fair for you.. is there anything in particular your family needs for the trip?, Agent 2: Well, there has to be an item that you need the most. If you tell me what you need the most, we can try to make a deal around it., [Summary: The conversation begins with a friendly and cooperative tone, as both speakers express enthusiasm for an upcoming camping trip. The first speaker offers to share resources, emphasizing fairness and mutual benefit. The second speaker, however, seeks specificity and attempts to negotiate by prompting the first speaker to prioritize their needs. The exchange remains amicable, with both parties aiming to reach a mutually beneficial agreement, though the second speaker adopts a more strategic approach to negotiation.]

            Based on this negotiation, predict the final allocation of resources. Provide only your answer using the following format with curly braces, with no explanation:

            OUTCOME: {agent1:{food:[number], water:[number], firewood:[number]}, agent2:{food:[number], water:[number], firewood:[number]}}

            Remember: Each resource must sum to exactly 3 units across both agents.<|eot_id|><|begin_of_text|><|start_header_id|>system<|end_header_id|>

Cutting Knowledge Date: December 2023
Today Date: 26 Jul 2024

OUTCOME: {agent1:{food:2, water:3, firewood:0}, agent2:{food:1, water:0, firewood:3}}<|eot_id|>",2,2,0,1,1,3,2.0,3.0,0.0,1.0,0.0,3.0,18,22,22.0,19.0,16.0
108,5,"<|begin_of_text|><|start_header_id|>system<|end_header_id|>

Cutting Knowledge Date: December 2023
Today Date: 26 Jul 2024

<|eot_id|><|start_header_id|>user<|end_header_id|>

You are helping analyze a negotiation conversation where two agents are discussing the allocation of resources. Each resource has exactly three units that must be divided between the two agents. The total amount of each resource allocated to both agents must add up to three. 

            Agent Preferences:
            Agent 1: High priority: food, Medium priority: water, Low priority: firewood
            Agent 2: High priority: firewood, Medium priority: water, Low priority: food

            Conversation with intentions:
            Agent 1: Hello, Agent 2: Hi there!, Agent 1: Im really low in food, is it ok if I get 3 Food, 1 water & 1 firewood? What do you think?, Agent 2: With the cool weather in degrees lower than expected, my family of 7 are consuming firewood faster than expected. Thus, I would like all the firewood in exchange for the food , [Summary: The conversation begins with a polite greeting and quickly shifts to a negotiation over resources. The first speaker expresses a need for food, water, and firewood, while the second speaker responds by highlighting their own pressing need for firewood due to unexpected weather conditions. The second speaker proposes a trade, indicating a willingness to negotiate but prioritizing their need for firewood. The interaction is characterized by a cooperative yet self-interested negotiation strategy.]

            Based on this negotiation, predict the final allocation of resources. Provide only your answer using the following format with curly braces, with no explanation:

            OUTCOME: {agent1:{food:[number], water:[number], firewood:[number]}, agent2:{food:[number], water:[number], firewood:[number]}}

            Remember: Each resource must sum to exactly 3 units across both agents.<|eot_id|>","<|begin_of_text|><|begin_of_text|><|start_header_id|>system<|end_header_id|>

Cutting Knowledge Date: December 2023
Today Date: 26 Jul 2024

<|eot_id|><|start_header_id|>user<|end_header_id|>

You are helping analyze a negotiation conversation where two agents are discussing the allocation of resources. Each resource has exactly three units that must be divided between the two agents. The total amount of each resource allocated to both agents must add up to three. 

            Agent Preferences:
            Agent 1: High priority: food, Medium priority: water, Low priority: firewood
            Agent 2: High priority: firewood, Medium priority: water, Low priority: food

            Conversation with intentions:
            Agent 1: Hello, Agent 2: Hi there!, Agent 1: Im really low in food, is it ok if I get 3 Food, 1 water & 1 firewood? What do you think?, Agent 2: With the cool weather in degrees lower than expected, my family of 7 are consuming firewood faster than expected. Thus, I would like all the firewood in exchange for the food, [Summary: The conversation begins with a polite greeting and quickly shifts to a negotiation over resources. The first speaker expresses a need for food, water, and firewood, while the second speaker responds by highlighting their own pressing need for firewood due to unexpected weather conditions. The second speaker proposes a trade, indicating a willingness to negotiate but prioritizing their need for firewood. The interaction is characterized by a cooperative yet self-interested negotiation strategy.]

            Based on this negotiation, predict the final allocation of resources. Provide only your answer using the following format with curly braces, with no explanation:

            OUTCOME: {agent1:{food:[number], water:[number], firewood:[number]}, agent2:{food:[number], water:[number], firewood:[number]}}

            Remember: Each resource must sum to exactly 3 units across both agents.<|eot_id|><|begin_of_text|><|start_header_id|>system<|end_header_id|>

Cutting Knowledge Date: December 2023
Today Date: 26 Jul 2024

OUTCOME: {agent1:{food:3, water:2, firewood:0}, agent2:{food:0, water:1, firewood:3}}<|eot_id|>",3,2,0,0,1,3,3.0,2.0,0.0,0.0,1.0,3.0,23,19,23.0,19.0,0.0
120,5,"<|begin_of_text|><|start_header_id|>system<|end_header_id|>

Cutting Knowledge Date: December 2023
Today Date: 26 Jul 2024

<|eot_id|><|start_header_id|>user<|end_header_id|>

You are helping analyze a negotiation conversation where two agents are discussing the allocation of resources. Each resource has exactly three units that must be divided between the two agents. The total amount of each resource allocated to both agents must add up to three. 

            Agent Preferences:
            Agent 1: High priority: food, Medium priority: firewood, Low priority: water
            Agent 2: High priority: food, Medium priority: water, Low priority: firewood

            Conversation with intentions:
            Agent 2: hi 🙂, Agent 1: I was thinking that you could give me 3 food packages and i will give you 3 water? What do you think?, Agent 2: If I do that I would also like all three firewood , [Summary: The conversation begins with a friendly greeting, followed by a proposal for a straightforward exchange of resources. The second speaker responds by expressing willingness to negotiate but introduces an additional request, indicating a strategic approach to maximize their benefit from the exchange. The interaction suggests a cooperative yet tactical dynamic, with both parties aiming to reach a mutually beneficial agreement while asserting their own interests.]

            Based on this negotiation, predict the final allocation of resources. Provide only your answer using the following format with curly braces, with no explanation:

            OUTCOME: {agent1:{food:[number], water:[number], firewood:[number]}, agent2:{food:[number], water:[number], firewood:[number]}}

            Remember: Each resource must sum to exactly 3 units across both agents.<|eot_id|>","<|begin_of_text|><|begin_of_text|><|start_header_id|>system<|end_header_id|>

Cutting Knowledge Date: December 2023
Today Date: 26 Jul 2024

<|eot_id|><|start_header_id|>user<|end_header_id|>

You are helping analyze a negotiation conversation where two agents are discussing the allocation of resources. Each resource has exactly three units that must be divided between the two agents. The total amount of each resource allocated to both agents must add up to three. 

            Agent Preferences:
            Agent 1: High priority: food, Medium priority: firewood, Low priority: water
            Agent 2: High priority: food, Medium priority: water, Low priority: firewood

            Conversation with intentions:
            Agent 2: hi 🙂, Agent 1: I was thinking that you could give me 3 food packages and i will give you 3 water? What do you think?, Agent 2: If I do that I would also like all three firewood, [Summary: The conversation begins with a friendly greeting, followed by a proposal for a straightforward exchange of resources. The second speaker responds by expressing willingness to negotiate but introduces an additional request, indicating a strategic approach to maximize their benefit from the exchange. The interaction suggests a cooperative yet tactical dynamic, with both parties aiming to reach a mutually beneficial agreement while asserting their own interests.]

            Based on this negotiation, predict the final allocation of resources. Provide only your answer using the following format with curly braces, with no explanation:

            OUTCOME: {agent1:{food:[number], water:[number], firewood:[number]}, agent2:{food:[number], water:[number], firewood:[number]}}

            Remember: Each resource must sum to exactly 3 units across both agents.<|eot_id|><|begin_of_text|><|start_header_id|>system<|end_header_id|>

Cutting Knowledge Date: December 2023
Today Date: 26 Jul 2024

OUTCOME: {agent1:{food:1, water:0, firewood:2}, agent2:{food:2, water:3, firewood:1}}<|eot_id|>",2,1,1,1,2,2,1.0,0.0,2.0,2.0,3.0,1.0,17,19,13.0,25.0,16.0
126,5,"<|begin_of_text|><|start_header_id|>system<|end_header_id|>

Cutting Knowledge Date: December 2023
Today Date: 26 Jul 2024

<|eot_id|><|start_header_id|>user<|end_header_id|>

You are helping analyze a negotiation conversation where two agents are discussing the allocation of resources. Each resource has exactly three units that must be divided between the two agents. The total amount of each resource allocated to both agents must add up to three. 

            Agent Preferences:
            Agent 1: High priority: water, Medium priority: firewood, Low priority: food
            Agent 2: High priority: water, Medium priority: food, Low priority: firewood

            Conversation with intentions:
            Agent 2: Hello🙂, Agent 1: Hi! I'm going camping soon with my family at a lake! We're looking forward to it so much since we haven't been able to get out due to Covid. Are you going camping too?, Agent 2: Yes! I am also going with my family. My husband and I are essential workers but his hours all got cut. I got laid off from my job for part of the time., Agent 1: oh man that sucks ☹️! I know Congress is currently debating all of the unemployment stuff too. Where do you plan to be going camping? , [Summary: The conversation begins with a friendly exchange as both speakers share excitement about upcoming camping trips with their families. The tone shifts slightly to a more empathetic one as mturk_agent_2 shares personal challenges related to employment during the pandemic. Mturk_agent_1 responds with sympathy, acknowledging the difficulties faced. Despite this, the conversation maintains a positive and supportive tone, with mturk_agent_1 steering the discussion back to camping plans, suggesting a focus on shared interests and future activities.]

            Based on this negotiation, predict the final allocation of resources. Provide only your answer using the following format with curly braces, with no explanation:

            OUTCOME: {agent1:{food:[number], water:[number], firewood:[number]}, agent2:{food:[number], water:[number], firewood:[number]}}

            Remember: Each resource must sum to exactly 3 units across both agents.<|eot_id|>","<|begin_of_text|><|begin_of_text|><|start_header_id|>system<|end_header_id|>

Cutting Knowledge Date: December 2023
Today Date: 26 Jul 2024

<|eot_id|><|start_header_id|>user<|end_header_id|>

You are helping analyze a negotiation conversation where two agents are discussing the allocation of resources. Each resource has exactly three units that must be divided between the two agents. The total amount of each resource allocated to both agents must add up to three. 

            Agent Preferences:
            Agent 1: High priority: water, Medium priority: firewood, Low priority: food
            Agent 2: High priority: water, Medium priority: food, Low priority: firewood

            Conversation with intentions:
            Agent 2: Hello🙂, Agent 1: Hi! I'm going camping soon with my family at a lake! We're looking forward to it so much since we haven't been able to get out due to Covid. Are you going camping too?, Agent 2: Yes! I am also going with my family. My husband and I are essential workers but his hours all got cut. I got laid off from my job for part of the time., Agent 1: oh man that sucks ☹️! I know Congress is currently debating all of the unemployment stuff too. Where do you plan to be going camping?, [Summary: The conversation begins with a friendly exchange as both speakers share excitement about upcoming camping trips with their families. The tone shifts slightly to a more empathetic one as mturk_agent_2 shares personal challenges related to employment during the pandemic. Mturk_agent_1 responds with sympathy, acknowledging the difficulties faced. Despite this, the conversation maintains a positive and supportive tone, with mturk_agent_1 steering the discussion back to camping plans, suggesting a focus on shared interests and future activities.]

            Based on this negotiation, predict the final allocation of resources. Provide only your answer using the following format with curly braces, with no explanation:

            OUTCOME: {agent1:{food:[number], water:[number], firewood:[number]}, agent2:{food:[number], water:[number], firewood:[number]}}

            Remember: Each resource must sum to exactly 3 units across both agents.<|eot_id|><|begin_of_text|><|start_header_id|>system<|end_header_id|>

Cutting Knowledge Date: December 2023
Today Date: 26 Jul 2024

Outcome: {agent1:{food:0, water:2, firewood:2}, agent2:{food:3, water:1, firewood:1}}<|eot_id|>",0,3,2,3,0,1,0.0,2.0,2.0,3.0,1.0,1.0,23,15,18.0,20.0,25.0
127,5,"<|begin_of_text|><|start_header_id|>system<|end_header_id|>

Cutting Knowledge Date: December 2023
Today Date: 26 Jul 2024

<|eot_id|><|start_header_id|>user<|end_header_id|>

You are helping analyze a negotiation conversation where two agents are discussing the allocation of resources. Each resource has exactly three units that must be divided between the two agents. The total amount of each resource allocated to both agents must add up to three. 

            Agent Preferences:
            Agent 1: High priority: food, Medium priority: water, Low priority: firewood
            Agent 2: High priority: food, Medium priority: water, Low priority: firewood

            Conversation with intentions:
            Agent 2: Hello, great to see a fellow camper.  Planing on doing any hikes.  My family and mother-in-law are down getting some new trail maps.  We are looking forward to the long camping weekend.  Our bad luck was the airline loss two of our bags that had our food and water.  So i am hoping to get some more.🙂, Agent 1: Hello! Thats terrible that the airline lost your bags! I'm planning on have a large group of friends with me so we need lots of snacks with us. We are scared of fires so we don't want to make campfires., Agent 2: Well maybe we can work something out between us.  Our food and water was in the bags they loss so I really need those.  Do you think you could make do with 1 food and some water?, Agent 1: I really need 2 foods. I can do with 1 water or if you are in a giving mood then maybe I can have 2 waters? 🙂, Agent 2: Looks like we both really need the food.  If you get 2 food I would need 1 food, 2 water and 3 firewood. , [Summary: The conversation begins with a friendly exchange between two campers discussing their plans and challenges. Both express a need for resources due to lost luggage and safety concerns. As the conversation progresses, they explore the possibility of sharing supplies, with each party negotiating their needs and preferences. The dialogue remains cooperative, with both participants expressing their requirements while maintaining a polite and open tone, aiming for a mutually beneficial arrangement.]

            Based on this negotiation, predict the final allocation of resources. Provide only your answer using the following format with curly braces, with no explanation:

            OUTCOME: {agent1:{food:[number], water:[number], firewood:[number]}, agent2:{food:[number], water:[number], firewood:[number]}}

            Remember: Each resource must sum to exactly 3 units across both agents.<|eot_id|>","<|begin_of_text|><|begin_of_text|><|start_header_id|>system<|end_header_id|>

Cutting Knowledge Date: December 2023
Today Date: 26 Jul 2024

<|eot_id|><|start_header_id|>user<|end_header_id|>

You are helping analyze a negotiation conversation where two agents are discussing the allocation of resources. Each resource has exactly three units that must be divided between the two agents. The total amount of each resource allocated to both agents must add up to three. 

            Agent Preferences:
            Agent 1: High priority: food, Medium priority: water, Low priority: firewood
            Agent 2: High priority: food, Medium priority: water, Low priority: firewood

            Conversation with intentions:
            Agent 2: Hello, great to see a fellow camper.  Planing on doing any hikes.  My family and mother-in-law are down getting some new trail maps.  We are looking forward to the long camping weekend.  Our bad luck was the airline loss two of our bags that had our food and water.  So i am hoping to get some more.🙂, Agent 1: Hello! Thats terrible that the airline lost your bags! I'm planning on have a large group of friends with me so we need lots of snacks with us. We are scared of fires so we don't want to make campfires., Agent 2: Well maybe we can work something out between us.  Our food and water was in the bags they loss so I really need those.  Do you think you could make do with 1 food and some water?, Agent 1: I really need 2 foods. I can do with 1 water or if you are in a giving mood then maybe I can have 2 waters? 🙂, Agent 2: Looks like we both really need the food.  If you get 2 food I would need 1 food, 2 water and 3 firewood., [Summary: The conversation begins with a friendly exchange between two campers discussing their plans and challenges. Both express a need for resources due to lost luggage and safety concerns. As the conversation progresses, they explore the possibility of sharing supplies, with each party negotiating their needs and preferences. The dialogue remains cooperative, with both participants expressing their requirements while maintaining a polite and open tone, aiming for a mutually beneficial arrangement.]

            Based on this negotiation, predict the final allocation of resources. Provide only your answer using the following format with curly braces, with no explanation:

            OUTCOME: {agent1:{food:[number], water:[number], firewood:[number]}, agent2:{food:[number], water:[number], firewood:[number]}}

            Remember: Each resource must sum to exactly 3 units across both agents.<|eot_id|><|begin_of_text|><|start_header_id|>system<|end_header_id|>

Cutting Knowledge Date: December 2023
Today Date: 26 Jul 2024

OUTCOME: {agent1:{food:2, water:1, firewood:2}, agent2:{food:1, water:2, firewood:1}}<|eot_id|>",2,1,1,1,2,2,2.0,1.0,2.0,1.0,2.0,1.0,17,19,20.0,16.0,9.0
129,5,"<|begin_of_text|><|start_header_id|>system<|end_header_id|>

Cutting Knowledge Date: December 2023
Today Date: 26 Jul 2024

<|eot_id|><|start_header_id|>user<|end_header_id|>

You are helping analyze a negotiation conversation where two agents are discussing the allocation of resources. Each resource has exactly three units that must be divided between the two agents. The total amount of each resource allocated to both agents must add up to three. 

            Agent Preferences:
            Agent 1: High priority: water, Medium priority: firewood, Low priority: food
            Agent 2: High priority: firewood, Medium priority: food, Low priority: water

            Conversation with intentions:
            Agent 2: Hi, I would like two firewoods and two food. You can take everything else. Does that work for you?, Agent 1: That might work. What reasons do you have for needing those?, Agent 2: I want to make smores and a nice dinner, Agent 1: I feel like I might need more firewood, I'm staying in the desert and it gets cold at night. , [Summary: The conversation begins with mturk_agent_2 proposing a trade, expressing a friendly and cooperative sentiment. mturk_agent_1 responds with openness but seeks justification for the request, indicating a need for understanding. As mturk_agent_2 explains their intentions, mturk_agent_1 shifts to expressing personal needs and concerns, suggesting a potential conflict of interest. The interaction remains polite, with both parties maintaining a willingness to negotiate while expressing their individual requirements.]

            Based on this negotiation, predict the final allocation of resources. Provide only your answer using the following format with curly braces, with no explanation:

            OUTCOME: {agent1:{food:[number], water:[number], firewood:[number]}, agent2:{food:[number], water:[number], firewood:[number]}}

            Remember: Each resource must sum to exactly 3 units across both agents.<|eot_id|>","<|begin_of_text|><|begin_of_text|><|start_header_id|>system<|end_header_id|>

Cutting Knowledge Date: December 2023
Today Date: 26 Jul 2024

<|eot_id|><|start_header_id|>user<|end_header_id|>

You are helping analyze a negotiation conversation where two agents are discussing the allocation of resources. Each resource has exactly three units that must be divided between the two agents. The total amount of each resource allocated to both agents must add up to three. 

            Agent Preferences:
            Agent 1: High priority: water, Medium priority: firewood, Low priority: food
            Agent 2: High priority: firewood, Medium priority: food, Low priority: water

            Conversation with intentions:
            Agent 2: Hi, I would like two firewoods and two food. You can take everything else. Does that work for you?, Agent 1: That might work. What reasons do you have for needing those?, Agent 2: I want to make smores and a nice dinner, Agent 1: I feel like I might need more firewood, I'm staying in the desert and it gets cold at night., [Summary: The conversation begins with mturk_agent_2 proposing a trade, expressing a friendly and cooperative sentiment. mturk_agent_1 responds with openness but seeks justification for the request, indicating a need for understanding. As mturk_agent_2 explains their intentions, mturk_agent_1 shifts to expressing personal needs and concerns, suggesting a potential conflict of interest. The interaction remains polite, with both parties maintaining a willingness to negotiate while expressing their individual requirements.]

            Based on this negotiation, predict the final allocation of resources. Provide only your answer using the following format with curly braces, with no explanation:

            OUTCOME: {agent1:{food:[number], water:[number], firewood:[number]}, agent2:{food:[number], water:[number], firewood:[number]}}

            Remember: Each resource must sum to exactly 3 units across both agents.<|eot_id|><|begin_of_text|><|start_header_id|>system<|end_header_id|>

Cutting Knowledge Date: December 2023
Today Date: 26 Jul 2024

OUTCOME: {agent1:{food:1, water:2, firewood:1}, agent2:{food:2, water:1, firewood:2}}<|eot_id|>",1,3,1,2,0,2,1.0,2.0,1.0,2.0,1.0,2.0,22,18,17.0,21.0,25.0
151,5,"<|begin_of_text|><|start_header_id|>system<|end_header_id|>

Cutting Knowledge Date: December 2023
Today Date: 26 Jul 2024

<|eot_id|><|start_header_id|>user<|end_header_id|>

You are helping analyze a negotiation conversation where two agents are discussing the allocation of resources. Each resource has exactly three units that must be divided between the two agents. The total amount of each resource allocated to both agents must add up to three. 

            Agent Preferences:
            Agent 1: High priority: food, Medium priority: firewood, Low priority: water
            Agent 2: High priority: water, Medium priority: food, Low priority: firewood

            Conversation with intentions:
            Agent 2: Hello!, Agent 1: Hi, how are you today?, Agent 2: I'm good! I'm looking forward to my camping trip this weekend. How about you? , [Summary: The conversation begins with a friendly and positive tone as both speakers exchange greetings and inquire about each other's well-being. One speaker shares their excitement about an upcoming camping trip, maintaining an upbeat and engaging atmosphere. The interaction is characterized by a mutual interest in each other's experiences, suggesting an intention to connect and share personal updates in a lighthearted manner.]

            Based on this negotiation, predict the final allocation of resources. Provide only your answer using the following format with curly braces, with no explanation:

            OUTCOME: {agent1:{food:[number], water:[number], firewood:[number]}, agent2:{food:[number], water:[number], firewood:[number]}}

            Remember: Each resource must sum to exactly 3 units across both agents.<|eot_id|>","<|begin_of_text|><|begin_of_text|><|start_header_id|>system<|end_header_id|>

Cutting Knowledge Date: December 2023
Today Date: 26 Jul 2024

<|eot_id|><|start_header_id|>user<|end_header_id|>

You are helping analyze a negotiation conversation where two agents are discussing the allocation of resources. Each resource has exactly three units that must be divided between the two agents. The total amount of each resource allocated to both agents must add up to three. 

            Agent Preferences:
            Agent 1: High priority: food, Medium priority: firewood, Low priority: water
            Agent 2: High priority: water, Medium priority: food, Low priority: firewood

            Conversation with intentions:
            Agent 2: Hello!, Agent 1: Hi, how are you today?, Agent 2: I'm good! I'm looking forward to my camping trip this weekend. How about you?, [Summary: The conversation begins with a friendly and positive tone as both speakers exchange greetings and inquire about each other's well-being. One speaker shares their excitement about an upcoming camping trip, maintaining an upbeat and engaging atmosphere. The interaction is characterized by a mutual interest in each other's experiences, suggesting an intention to connect and share personal updates in a lighthearted manner.]

            Based on this negotiation, predict the final allocation of resources. Provide only your answer using the following format with curly braces, with no explanation:

            OUTCOME: {agent1:{food:[number], water:[number], firewood:[number]}, agent2:{food:[number], water:[number], firewood:[number]}}

            Remember: Each resource must sum to exactly 3 units across both agents.<|eot_id|><|begin_of_text|><|start_header_id|>system<|end_header_id|>

Cutting Knowledge Date: December 2023
Today Date: 26 Jul 2024

Outcome: {agent1:{food:2, water:1, firewood:1}, agent2:{food:1, water:2, firewood:2}}<|eot_id|>",3,0,2,0,3,1,2.0,1.0,1.0,1.0,2.0,2.0,23,18,17.0,20.0,36.0
155,5,"<|begin_of_text|><|start_header_id|>system<|end_header_id|>

Cutting Knowledge Date: December 2023
Today Date: 26 Jul 2024

<|eot_id|><|start_header_id|>user<|end_header_id|>

You are helping analyze a negotiation conversation where two agents are discussing the allocation of resources. Each resource has exactly three units that must be divided between the two agents. The total amount of each resource allocated to both agents must add up to three. 

            Agent Preferences:
            Agent 1: High priority: water, Medium priority: food, Low priority: firewood
            Agent 2: High priority: water, Medium priority: firewood, Low priority: food

            Conversation with intentions:
            Agent 1: Who is willing to cooperate in a consensual offer so that we can all get fruitful dividends😡, Agent 2: 😮 What is your offer then?, Agent 1: 2 of water, plus 2 of food and 0 of firewood, Agent 2: That doesn't seem totally fair. How about I take 2 water instead?, Agent 1: I would give you 2 water in exchange for 3 food and 1 firewood , [Summary: The conversation begins with mturk_agent_1 expressing frustration and seeking cooperation for mutual benefit. Mturk_agent_2 responds with curiosity and openness to negotiation. As the conversation progresses, mturk_agent_1 presents an initial offer, which mturk_agent_2 questions for fairness. The dialogue shifts into a negotiation phase, with mturk_agent_1 adjusting their offer to reach a more balanced agreement. The exchange reflects a dynamic of bargaining and compromise, with both parties aiming for a satisfactory resolution.]

            Based on this negotiation, predict the final allocation of resources. Provide only your answer using the following format with curly braces, with no explanation:

            OUTCOME: {agent1:{food:[number], water:[number], firewood:[number]}, agent2:{food:[number], water:[number], firewood:[number]}}

            Remember: Each resource must sum to exactly 3 units across both agents.<|eot_id|>","<|begin_of_text|><|begin_of_text|><|start_header_id|>system<|end_header_id|>

Cutting Knowledge Date: December 2023
Today Date: 26 Jul 2024

<|eot_id|><|start_header_id|>user<|end_header_id|>

You are helping analyze a negotiation conversation where two agents are discussing the allocation of resources. Each resource has exactly three units that must be divided between the two agents. The total amount of each resource allocated to both agents must add up to three. 

            Agent Preferences:
            Agent 1: High priority: water, Medium priority: food, Low priority: firewood
            Agent 2: High priority: water, Medium priority: firewood, Low priority: food

            Conversation with intentions:
            Agent 1: Who is willing to cooperate in a consensual offer so that we can all get fruitful dividends😡, Agent 2: 😮 What is your offer then?, Agent 1: 2 of water, plus 2 of food and 0 of firewood, Agent 2: That doesn't seem totally fair. How about I take 2 water instead?, Agent 1: I would give you 2 water in exchange for 3 food and 1 firewood, [Summary: The conversation begins with mturk_agent_1 expressing frustration and seeking cooperation for mutual benefit. Mturk_agent_2 responds with curiosity and openness to negotiation. As the conversation progresses, mturk_agent_1 presents an initial offer, which mturk_agent_2 questions for fairness. The dialogue shifts into a negotiation phase, with mturk_agent_1 adjusting their offer to reach a more balanced agreement. The exchange reflects a dynamic of bargaining and compromise, with both parties aiming for a satisfactory resolution.]

            Based on this negotiation, predict the final allocation of resources. Provide only your answer using the following format with curly braces, with no explanation:

            OUTCOME: {agent1:{food:[number], water:[number], firewood:[number]}, agent2:{food:[number], water:[number], firewood:[number]}}

            Remember: Each resource must sum to exactly 3 units across both agents.<|eot_id|><|begin_of_text|><|start_header_id|>system<|end_header_id|>

Cutting Knowledge Date: December 2023
Today Date: 26 Jul 2024

Outcome: {agent1:{food:1, water:1, firewood:3}, agent2:{food:2, water:2, firewood:0}}

<|begin_of_text|><|start_header_id|><|begin_of_text|><|start_header_id|><|begin_of_text|><|start_header_id|><|begin_of_text|><|start_header_id|><|begin_of_text|><|start_header_id|><|begin_of_text|><|start_header_id|><|begin_of_text|><|start_header_id|><|begin_of_text|><|start_header_id|><|begin_of_text|><|start_header_id|><|begin_of_text|><|start_header_id|><|begin_of_text|><|start_header_id|><|begin_of_text|><|start_header_id|><|begin_of_text|><|start_header_id|><|begin_of_text|><|start_header_id|><|begin_of_text|><|start_header_id|><|begin_of_text|><|start_header_id|><|begin_of_text|><|start_header_id|><|begin_of_text|><|start_header_id|><|begin_of_text|><|start_header_id|><|begin_of_text|><|start_header_id|><|begin_of_text|><|start_header_id|><|begin_of_text|><|start_header_id|><|begin_of_text|><|start_header_id|><|begin_of_text|><|start_header_id|><|begin_of_text|><|start_header_id|><|begin_of_text|><|start_header_id|><|begin_of_text|><|start_header_id|><|begin_of_text|><|start_header_id|><|begin_of_text|><|start_header_id|><|begin_of_text|><|start_header_id|><|begin_of_text|><|start_header_id|><|begin_of_text|><|start_header_id|><|begin_of_text|><|start_header_id|><|begin_of_text|><|start_header_id|><|begin_of_text|><|start_header_id|><|begin_of_text|><|start_header_id|><|begin_of_text|><|start_header_id|><|begin_of_text|><|start_header_id|><|begin_of_text|><|start_header_id|><|begin_of_text|><|start_header_id|><|begin_of_text|><|start_header_id|><|begin_of_text|><|start_header_id|><|begin_of_text|><|start_header_id|><|begin_of_text|><|start_header_id|><|begin_of_text|><|start_header_id|><|begin_of_text|><|start_header_id|><|begin_of_text|><|start_header_id|><|begin_of_text|><|start_header_id|><|begin_of_text|><|start_header_id|><|begin_of_text|><|start_header_id|><|begin_of_text|><|start_header_id|><|begin_of_text|><|start_header_id|><|begin_of_text|><|start_header_id|><|begin_of_text|><|start_header_id|><|begin_of_text|><|start_header_id|><|begin_of_text|><|start_header_id|><|begin_of_text|><|start_header_id|><|begin_of_text|><|start_header_id|><|begin_of_text|><|start_header_id|><|begin_of_text|><|start_header_id|><|begin_of_text|><|start_header_id|><|begin_of_text|><|start_header_id|><|begin_of_text|><|start_header_id|><|begin_of_text|><|start_header_id|><|begin_of_text|><|start_header_id|><|begin_of_text|><|start_header_id|><|begin_of_text|><|start_header_id|><|begin_of_text|><|start_header_id|><|begin_of_text|><|start_header_id|><|begin_of_text|><|start_header_id|><|begin_of_text|><|start_header_id|><|begin_of_text|><|start_header_id|><|begin_of_text|><|start_header_id|><|begin_of_text|><|start_header_id|><|begin_of_text|><|start_header_id|><|begin_of_text|><|start_header_id|><|begin_of_text|><|start_header_id|><|begin_of_text|><|start_header_id|><|begin_of_text|><|start_header_id|><|begin_of_text|><|start_header_id|><|begin_of_text|><|start_header_id|><|begin_of_text|><|start_header_id|><|begin_of_text|><|start_header_id|><|begin_of_text|><|start_header_id|><|begin_of_text|><|start_header_id|><|begin_of_text|><|start_header_id|><|begin_of_text|><|start_header_id|><|begin_of_text|><|start_header_id|><|begin_of_text|><|start_header_id|><|begin_of_text|><|start_header_id|><|begin_of_text|><|start_header_id|><|begin_of_text|><|start_header_id|><|begin_of_text|><|start_header_id|><|begin_of_text|><|start_header_id|><|begin_of_text|><|start_header_id|><|begin_of_text|><|start_header_id|><|begin_of_text|><|start_header_id|><|begin_of_text|><|start_header_id|><|begin_of_text|><|start_header_id|><|begin_of_text|><|start_header_id|><|begin_of_text|><|start_header_id|><|begin_of_text|><|start_header_id|><|begin_of_text|><|start_header_id|><|begin_of_text|><|start_header_id|><|begin_of_text|><|start_header_id|><|begin_of_text|><|start_header_id|><|begin_of_text|><|start_header_id|><|begin_of_text|><|start_header_id|><|begin_of_text|><|start_header_id|><|begin_of_text|><|start_header_id|><|begin_of_text|><|start_header_id|><|begin_of_text|><|start_header_id|><|begin_of_text|><|start_header_id|><|begin_of_text|><|start_header_id|><|begin_of_text|><|start_header_id|><|start_header_id|><|begin_of_text|><|start_header_id|><|begin_of_text|><|start_header_id|><|begin_of_text|><|start_header_id|><|begin_of_text|><|start_header_id|><|begin_of_text|><|start_header_id|><|begin_of_text|><|start_header_id|><|begin_of_text|><|start_header_id|><|begin_of_text|><|start_header_id|><|begin_of_text|><|start_header_id|><|start_header_id|><|begin_of_text|><|start_header_id|><|begin_of_text|><|start_header_id|><|begin_of_text|><|start_header_id|><|start_header_id|><|start_header_id|><|begin_of_text|><|start_header_id|><|begin_of_text|><|start_header_id|><|begin_of_text|><|start_header_id|><|begin_of_text|><|start_header_id|><|start_header_id|><|begin_of_text|><|start_header_id|><|begin_of_text|><|start_header_id|><|start_header_id|><|begin_of_text|><|start_header_id|><|start_header_id|><|begin_of_text|><|start_header_id|><|start_header_id|><|begin_of_text|><|start_header_id|><|start_header_id|><|begin_of_text|><|start_header_id|><|begin_of_text|><|start_header_id|><|start_header_id|><|start_header_id|><|begin_of_text|><|start_header_id|><|start_header_id|><|start_header_id|><|start_header_id|><|start_header_id|><|begin_of_text|><|start_header_id|><|start_header_id|><|begin_of_text|><|start_header_id|><|start_header_id|><|start_header_id|><|start_header_id|><|start_header_id|><|begin_of_text|><|start_header_id|><|begin_of_text|><|begin_of_text|><|start_header_id|><|begin_of_text|><|start_header_id|><|start_header_id|><|begin_of_text|><|start_header_id|><|start_header_id|><|start_header_id|><|start_header_id|><|begin_of_text|><|start_header_id|><|start_header_id|><|start_header_id|><|start_header_id|><|start_header_id|><|start_header_id|><|begin_of_text|><|start_header_id|><|begin_of_text|><|start_header_id|><|start_header_id|><|start_header_id|><|start_header_id|><|begin_of_text|><|start_header_id|><|start_header_id|><|start_header_id|><|start_header_id|><|start_header_id|><|begin_of_text|><|start_header_id|><|start_header_id|><|begin_of_text|><|start_header_id|><|start_header_id|><|start_header_id|><|start_header_id|><|start_header_id|><|begin_of_text|><|start_header_id|><|start_header_id|><|start_header_id|><|start_header_id|><|start_header_id|><|start_header_id|><|start_header_id|><|start_header_id|><|start_header_id|><|start_header_id|><|start_header_id|><|start_header_id|><|start_header_id|><|begin_of_text|><|begin_of_text|><|start_header_id|><|start_header_id|><|start_header_id|><|start_header_id|><|start_header_id|><|start_header_id|><|start_header_id|><|start_header_id|><|start_header_id|><|start_header_id|><|start_header_id|><|start_header_id|><|begin_of_text|><|start_header_id|><|start_header_id|><|begin_of_text|><|start_header_id|><|start_header_id|><|start_header_id|><|start_header_id|><|start_header_id|><|start_header_id|><|start_header_id|><|start_header_id|><|start_header_id|><|start_header_id|><|start_header_id|><|start_header_id|><|start_header_id|><|start_header_id|><|start_header_id|><|start_header_id|><|start_header_id|><|start_header_id|><|start_header_id|><|start_header_id|><|start_header_id|><|start_header_id|><|start_header_id|><|start_header_id|><|start_header_id|><|start_header_id|><|start_header_id|><|start_header_id|><|start_header_id|><|start_header_id|><|start_header_id|><|start_header_id|><|start_header_id|><|start_header_id|><|start_header_id|><|start_header_id|><|start_header_id|><|start_header_id|><|start_header_id|><|start_header_id|><|start_header_id|><|start_header_id|><|start_header_id|><|start_header_id|><|start_header_id|><|start_header_id|><|start_header_id|><|start_header_id|><|start_header_id|><|start_header_id|><|start_header_id|><|start_header_id|><|start_header_id|><|start_header_id|><|start_header_id|><|start_header_id|><|start_header_id|><|start_header_id|><|start_header_id|><|start_header_id|><|start_header_id|><|start_header_id|><|start_header_id|><|start_header_id|><|start_header_id|><|start_header_id|><|start_header_id|><|start_header_id|><|start_header_id|><|start_header_id|><|start_header_id|><|start_header_id|><|start_header_id|><|start_header_id|><|start_header_id|><|start_header_id|><|start_header_id|><|start_header_id|><|start_header_id|><|start_header_id|><|start_header_id|><|start_header_id|><|start_header_id|><|start_header_id|><|start_header_id|><|start_header_id|><|start_header_id|><|start_header_id|><|start_header_id|><|start_header_id|><|start_header_id|><|start_header_id|><|start_header_id|><|start_header_id|><|start_header_id|><|start_header_id|><|start_header_id|><|start_header_id|><|start_header_id|><|start_header_id|><|start_header_id|><|start_header_id|><|start_header_id|><|start_header_id|><|start_header_id|><|start_header_id|><|start_header_id|><|start_header_id|><|start_header_id|><|start_header_id|><|start_header_id|><|start_header_id|><|start_header_id|><|start_header_id|><|start_header_id|><|start_header_id|><|start_header_id|><|start_header_id|><|start_header_id|><|start_header_id|><|start_header_id|><|start_header_id|><|start_header_id|><|start_header_id|><|start_header_id|><|start_header_id|><|start_header_id|><|start_header_id|><|start_header_id|><|start_header_id|><|start_header_id|><|start_header_id|><|start_header_id|><|start_header_id|><|start_header_id|><|start_header_id|><|start_header_id|><|start_header_id|><|start_header_id|><|start_header_id|><|start_header_id|><|start_header_id|><|start_header_id|><|start_header_id|><|start_header_id|><|start_header_id|><|start_header_id|><|start_header_id|><|start_header_id|><|start_header_id|><|start_header_id|><|start_header_id|><|start_header_id|><|start_header_id|><|start_header_id|><|start_header_id|><|start_header_id|><|start_header_id|><|start_header_id|><|start_header_id|><|start_header_id|><|start_header_id|><|start_header_id|><|start_header_id|><|start_header_id|><|start_header_id|><|start_header_id|><|start_header_id|><|start_header_id|><|start_header_id|><|start_header_id|><|start_header_id|><|start_header_id|><|start_header_id|><|start_header_id|><|start_header_id|><|start_header_id|><|start_header_id|><|start_header_id|><|start_header_id|><|start_header_id|><|start_header_id|><|start_header_id|><|start_header_id|><|start_header_id|><|start_header_id|><|start_header_id|><|start_header_id|><|start_header_id|><|start_header_id|><|start_header_id|><|start_header_id|><|start_header_id|><|start_header_id|><|start_header_id|><|start_header_id|><|start_header_id|><|start_header_id|><|start_header_id|><|start_header_id|><|start_header_id|><|start_header_id|><|start_header_id|><|start_header_id|><|start_header_id|><|start_header_id|><|start_header_id|><|start_header_id|><|start_header_id|><|start_header_id|><|start_header_id|><|start_header_id|><|start_header_id|><|start_header_id|><|start_header_id|><|start_header_id|><|start_header_id|><|start_header_id|><|start_header_id|><|start_header_id|><|start_header_id|><|start_header_id|><|start_header_id|><|start_header_id|><|start_header_id|><|start_header_id|><|start_header_id|><|start_header_id|><|start_header_id|><|start_header_id|><|start_header_id|><|start_header_id|><|start_header_id|><|start_header_id|><|start_header_id|><|start_header_id|><|start_header_id|><|start_header_id|><|start_header_id|><|start_header_id|><|start_header_id|><|start_header_id|><|start_header_id|><|start_header_id|><|start_header_id|><|start_header_id|><|start_header_id|><|start_header_id|><|start_header_id|><|start_header_id|><|start_header_id|><|start_header_id|><|start_header_id|><|start_header_id|><|start_header_id|><|start_header_id|><|start_header_id|><|start_header_id|><|start_header_id|><|start_header_id|><|start_header_id|><|start_header_id|><|start_header_id|><|start_header_id|><|start_header_id|><|start_header_id|><|start_header_id|><|start_header_id|><|start_header_id|><|start_header_id|><|start_header_id|><|start_header_id|><|start_header_id|><|start_header_id|><|start_header_id|><|start_header_id|><|start_header_id|><|start_header_id|><|start_header_id|><|start_header_id|><|start_header_id|><|start_header_id|><|start_header_id|><|start_header_id|><|start_header_id|><|start_header_id|><|start_header_id|><|start_header_id|><|start_header_id|><|start_header_id|><|start_header_id|><|start_header_id|><|start_header_id|><|start_header_id|><|start_header_id|><|start_header_id|><|start_header_id|><|start_header_id|><|start_header_id|><|start_header_id|><|start_header_id|><|start_header_id|><|start_header_id|><|start_header_id|><|start_header_id|><|start_header_id|><|start_header_id|><|start_header_id|><|start_header_id|><|start_header_id|><|start_header_id|><|start_header_id|><|start_header_id|><|start_header_id|><|start_header_id|><|start_header_id|><|start_header_id|><|start_header_id|><|start_header_id|><|start_header_id|><|start_header_id|><|start_header_id|><|start_header_id|><|start_header_id|><|start_header_id|><|start_header_id|><|start_header_id|><|start_header_id|><|start_header_id|><|start_header_id|><|start_header_id|><|start_header_id|><|start_header_id|><|start_header_id|><|start_header_id|><|start_header_id|><|start_header_id|><|start_header_id|><|start_header_id|><|start_header_id|><|start_header_id|><|start_header_id|><|start_header_id|><|start_header_id|><|start_header_id|><|start_header_id|><|start_header_id|><|start_header_id|><|start_header_id|><|start_header_id|><|start_header_id|><|start_header_id|><|start_header_id|><|start_header_id|><|start_header_id|><|start_header_id|><|start_header_id|><|start_header_id|><|start_header_id|><|start_header_id|><|start_header_id|><|start_header_id|><|start_header_id|><|start_header_id|><|start_header_id|><|start_header_id|><|start_header_id|><|start_header_id|><|start_header_id|><|start_header_id|><|start_header_id|><|start_header_id|><|start_header_id|><|start_header_id|><|start_header_id|><|start_header_id|><|start_header_id|><|start_header_id|><|start_header_id|><|start_header_id|><|start_header_id|><|start_header_id|><|start_header_id|><|start_header_id|><|start_header_id|><|start_header_id|><|start_header_id|><|start_header_id|><|start_header_id|><|start_header_id|><|start_header_id|><|start_header_id|><|start_header_id|><|start_header_id|><|start_header_id|><|start_header_id|><|start_header_id|><|start_header_id|><|start_header_id|><|start_header_id|><|start_header_id|><|start_header_id|><|start_header_id|><|start_header_id|><|start_header_id|><|start_header_id|><|start_header_id|><|start_header_id|><|start_header_id|><|start_header_id|><|start_header_id|><|start_header_id|><|start_header_id|><|start_header_id|><|start_header_id|><|start_header_id|><|start_header_id|><|start_header_id|><|start_header_id|><|start_header_id|><|start_header_id|><|start_header_id|><|start_header_id|><|start_header_id|><|start_header_id|><|start_header_id|><|start_header_id|><|start_header_id|><|start_header_id|><|start_header_id|><|start_header_id|><|start_header_id|><|start_header_id|><|start_header_id|><|start_header_id|><|start_header_id|><|start_header_id|><|start_header_id|><|start_header_id|><|start_header_id|><|start_header_id|><|start_header_id|><|start_header_id|><|start_header_id|><|start_header_id|><|start_header_id|><|start_header_id|><|start_header_id|><|start_header_id|><|start_header_id|><|start_header_id|><|start_header_id|><|start_header_id|><|start_header_id|><|start_header_id|><|start_header_id|><|start_header_id|><|start_header_id|><|start_header_id|><|start_header_id|><|start_header_id|><|start_header_id|><|start_header_id|><|start_header_id|><|start_header_id|><|start_header_id|><|start_header_id|><|start_header_id|><|start_header_id|><|start_header_id|><|start_header_id|><|start_header_id|><|start_header_id|><|start_header_id|><|start_header_id|><|start_header_id|><|start_header_id|><|start_header_id|><|start_header_id|><|start_header_id|><|start_header_id|><|start_header_id|><|start_header_id|><|start_header_id|><|start_header_id|><|start_header_id|><|start_header_id|><|start_header_id|><|start_header_id|><|start_header_id|><|start_header_id|><|start_header_id|><|start_header_id|><|start_header_id|><|start_header_id|><|start_header_id|><|start_header_id|><|start_header_id|><|start_header_id|><|start_header_id|><|start_header_id|><|start_header_id|><|start_header_id|><|start_header_id|><|start_header_id|><|start_header_id|><|start_header_id|><|start_header_id|><|start_header_id|><|start_header_id|><|start_header_id|><|start_header_id|><|start_header_id|><|start_header_id|><|start_header_id|><|start_header_id|><|start_header_id|><|start_header_id|><|start_header_id|><|start_header_id|><|start_header_id|><|start_header_id|><|start_header_id|><|start_header_id|><|start_header_id|><|start_header_id|><|start_header_id|><|start_header_id|><|start_header_id|><|start_header_id|><|start_header_id|><|start_header_id|><|start_header_id|><|start_header_id|><|start_header_id|><|start_header_id|><|start_header_id|><|start_header_id|><|start_header_id|><|start_header_id|><|start_header_id|><|start_header_id|><|start_header_id|><|start_header_id|><|start_header_id|><|start_header_id|><|start_header_id|><|start_header_id|><|start_header_id|><|start_header_id|><|start_header_id|><|start_header_id|><|start_header_id|><|start_header_id|><|start_header_id|><|start_header_id|><|start_header_id|><|start_header_id|><|start_header_id|><|start_header_id|><|start_header_id|><|start_header_id|><|start_header_id|><|start_header_id|><|start_header_id|><|start_header_id|><|start_header_id|><|start_header_id|><|start_header_id|><|start_header_id|><|start_header_id|><|start_header_id|><|start_header_id|><|start_header_id|><|start_header_id|><|start_header_id|><|start_header_id|><|start_header_id|><|start_header_id|><|start_header_id|><|start_header_id|><|start_header_id|><|start_header_id|><|start_header_id|><|start_header_id|><|start_header_id|><|start_header_id|><|start_header_id|>",2,1,2,1,2,1,1.0,1.0,3.0,2.0,2.0,0.0,19,17,18.0,16.0,1.0
171,5,"<|begin_of_text|><|start_header_id|>system<|end_header_id|>

Cutting Knowledge Date: December 2023
Today Date: 26 Jul 2024

<|eot_id|><|start_header_id|>user<|end_header_id|>

You are helping analyze a negotiation conversation where two agents are discussing the allocation of resources. Each resource has exactly three units that must be divided between the two agents. The total amount of each resource allocated to both agents must add up to three. 

            Agent Preferences:
            Agent 1: High priority: firewood, Medium priority: water, Low priority: food
            Agent 2: High priority: firewood, Medium priority: water, Low priority: food

            Conversation with intentions:
            Agent 1: Hello there. I do not have a large family so i will give up on the food but i do have a medical condition where i have trouble regulating my temperature and need lots of fluids, Agent 2: Okay, I need firewood to stay warm and cook food. I'm willing to give up some water for more firewood., Agent 1: Unfortunately i need the firewood. My body has trouble maintaining heat. I need as much as i can get ☹️ , [Summary: The conversation begins with mturk_agent_1 expressing a personal need for fluids due to a medical condition, while mturk_agent_2 prioritizes firewood for warmth and cooking. As the exchange progresses, mturk_agent_1 emphasizes their necessity for firewood due to difficulty in maintaining body heat, maintaining a consistent focus on their personal needs. Both participants express their needs clearly, but mturk_agent_1's sentiment remains more urgent and personal throughout the interaction.]

            Based on this negotiation, predict the final allocation of resources. Provide only your answer using the following format with curly braces, with no explanation:

            OUTCOME: {agent1:{food:[number], water:[number], firewood:[number]}, agent2:{food:[number], water:[number], firewood:[number]}}

            Remember: Each resource must sum to exactly 3 units across both agents.<|eot_id|>","<|begin_of_text|><|begin_of_text|><|start_header_id|>system<|end_header_id|>

Cutting Knowledge Date: December 2023
Today Date: 26 Jul 2024

<|eot_id|><|start_header_id|>user<|end_header_id|>

You are helping analyze a negotiation conversation where two agents are discussing the allocation of resources. Each resource has exactly three units that must be divided between the two agents. The total amount of each resource allocated to both agents must add up to three. 

            Agent Preferences:
            Agent 1: High priority: firewood, Medium priority: water, Low priority: food
            Agent 2: High priority: firewood, Medium priority: water, Low priority: food

            Conversation with intentions:
            Agent 1: Hello there. I do not have a large family so i will give up on the food but i do have a medical condition where i have trouble regulating my temperature and need lots of fluids, Agent 2: Okay, I need firewood to stay warm and cook food. I'm willing to give up some water for more firewood., Agent 1: Unfortunately i need the firewood. My body has trouble maintaining heat. I need as much as i can get ☹️, [Summary: The conversation begins with mturk_agent_1 expressing a personal need for fluids due to a medical condition, while mturk_agent_2 prioritizes firewood for warmth and cooking. As the exchange progresses, mturk_agent_1 emphasizes their necessity for firewood due to difficulty in maintaining body heat, maintaining a consistent focus on their personal needs. Both participants express their needs clearly, but mturk_agent_1's sentiment remains more urgent and personal throughout the interaction.]

            Based on this negotiation, predict the final allocation of resources. Provide only your answer using the following format with curly braces, with no explanation:

            OUTCOME: {agent1:{food:[number], water:[number], firewood:[number]}, agent2:{food:[number], water:[number], firewood:[number]}}

            Remember: Each resource must sum to exactly 3 units across both agents.<|eot_id|><|begin_of_text|><|start_header_id|>system<|end_header_id|>

Cutting Knowledge Date: December 2023
Today Date: 26 Jul 2024

Outcome: {agent1:{food:0, water:3, firewood:2}, agent2:{food:3, water:0, firewood:1}}

<|begin_of_text|><|start_header_id|><|begin_of_text|><|start_header_id|><|begin_of_text|><|start_header_id|><|begin_of_text|><|start_header_id|><|begin_of_text|><|start_header_id|><|begin_of_text|><|start_header_id|><|begin_of_text|><|start_header_id|><|begin_of_text|><|start_header_id|><|begin_of_text|><|start_header_id|><|begin_of_text|><|start_header_id|><|begin_of_text|><|start_header_id|><|begin_of_text|><|start_header_id|><|begin_of_text|><|start_header_id|><|begin_of_text|><|start_header_id|><|begin_of_text|><|start_header_id|><|begin_of_text|><|start_header_id|><|begin_of_text|><|start_header_id|><|begin_of_text|><|start_header_id|><|begin_of_text|><|start_header_id|><|begin_of_text|><|start_header_id|><|begin_of_text|><|start_header_id|><|begin_of_text|><|start_header_id|><|begin_of_text|><|start_header_id|><|begin_of_text|><|start_header_id|><|begin_of_text|><|start_header_id|><|begin_of_text|><|start_header_id|><|begin_of_text|><|start_header_id|><|begin_of_text|><|start_header_id|><|begin_of_text|><|start_header_id|><|begin_of_text|><|start_header_id|><|begin_of_text|><|start_header_id|><|begin_of_text|><|start_header_id|><|begin_of_text|><|start_header_id|><|begin_of_text|><|start_header_id|><|begin_of_text|><|start_header_id|><|begin_of_text|><|start_header_id|><|begin_of_text|><|start_header_id|><|begin_of_text|><|start_header_id|><|begin_of_text|><|start_header_id|><|begin_of_text|><|start_header_id|><|begin_of_text|><|start_header_id|><|begin_of_text|><|start_header_id|><|begin_of_text|><|start_header_id|><|begin_of_text|><|start_header_id|><|begin_of_text|><|start_header_id|><|begin_of_text|><|start_header_id|><|begin_of_text|><|start_header_id|><|begin_of_text|><|start_header_id|><|begin_of_text|><|start_header_id|><|begin_of_text|><|start_header_id|><|begin_of_text|><|start_header_id|><|begin_of_text|><|start_header_id|><|begin_of_text|><|start_header_id|><|begin_of_text|><|start_header_id|><|begin_of_text|><|start_header_id|><|begin_of_text|><|start_header_id|><|begin_of_text|><|start_header_id|><|begin_of_text|><|start_header_id|><|begin_of_text|><|start_header_id|><|begin_of_text|><|start_header_id|><|begin_of_text|><|start_header_id|><|begin_of_text|><|start_header_id|><|begin_of_text|><|start_header_id|><|begin_of_text|><|start_header_id|><|begin_of_text|><|start_header_id|><|begin_of_text|><|start_header_id|><|begin_of_text|><|start_header_id|><|begin_of_text|><|start_header_id|><|begin_of_text|><|start_header_id|><|begin_of_text|><|start_header_id|><|begin_of_text|><|start_header_id|><|begin_of_text|><|start_header_id|><|begin_of_text|><|start_header_id|><|begin_of_text|><|start_header_id|><|begin_of_text|><|start_header_id|><|begin_of_text|><|start_header_id|><|begin_of_text|><|start_header_id|><|begin_of_text|><|start_header_id|><|begin_of_text|><|start_header_id|><|begin_of_text|><|start_header_id|><|begin_of_text|><|start_header_id|><|begin_of_text|><|start_header_id|><|begin_of_text|><|start_header_id|><|begin_of_text|><|start_header_id|><|begin_of_text|><|start_header_id|><|begin_of_text|><|start_header_id|><|begin_of_text|><|start_header_id|><|begin_of_text|><|start_header_id|><|begin_of_text|><|start_header_id|><|begin_of_text|><|start_header_id|><|begin_of_text|><|start_header_id|><|begin_of_text|><|start_header_id|><|begin_of_text|><|start_header_id|><|begin_of_text|><|start_header_id|><|begin_of_text|><|start_header_id|><|begin_of_text|><|start_header_id|><|begin_of_text|><|start_header_id|><|begin_of_text|><|start_header_id|><|begin_of_text|><|start_header_id|><|begin_of_text|><|start_header_id|><|begin_of_text|><|start_header_id|><|begin_of_text|><|start_header_id|><|begin_of_text|><|start_header_id|><|begin_of_text|><|start_header_id|><|begin_of_text|><|start_header_id|><|begin_of_text|><|start_header_id|><|begin_of_text|><|start_header_id|><|begin_of_text|><|start_header_id|><|begin_of_text|><|start_header_id|><|begin_of_text|><|start_header_id|><|begin_of_text|><|start_header_id|><|begin_of_text|><|start_header_id|><|begin_of_text|><|start_header_id|><|begin_of_text|><|start_header_id|><|begin_of_text|><|start_header_id|><|begin_of_text|><|start_header_id|><|begin_of_text|><|start_header_id|><|begin_of_text|><|start_header_id|><|begin_of_text|><|start_header_id|><|begin_of_text|><|start_header_id|><|begin_of_text|><|start_header_id|><|begin_of_text|><|start_header_id|><|begin_of_text|><|start_header_id|><|begin_of_text|><|start_header_id|><|begin_of_text|><|start_header_id|><|begin_of_text|><|start_header_id|><|begin_of_text|><|start_header_id|><|begin_of_text|><|start_header_id|><|begin_of_text|><|start_header_id|><|begin_of_text|><|start_header_id|><|begin_of_text|><|start_header_id|><|begin_of_text|><|start_header_id|><|begin_of_text|><|start_header_id|><|start_header_id|><|begin_of_text|><|start_header_id|><|begin_of_text|><|start_header_id|><|begin_of_text|><|start_header_id|><|begin_of_text|><|start_header_id|><|begin_of_text|><|start_header_id|><|start_header_id|><|begin_of_text|><|start_header_id|><|start_header_id|><|start_header_id|><|begin_of_text|><|start_header_id|><|begin_of_text|><|start_header_id|><|begin_of_text|><|start_header_id|><|begin_of_text|><|start_header_id|><|begin_of_text|><|start_header_id|><|start_header_id|><|start_header_id|><|start_header_id|><|start_header_id|><|begin_of_text|><|start_header_id|><|begin_of_text|><|start_header_id|><|start_header_id|><|start_header_id|><|start_header_id|><|start_header_id|><|begin_of_text|><|start_header_id|><|begin_of_text|><|start_header_id|><|start_header_id|><|start_header_id|><|begin_of_text|><|start_header_id|><|start_header_id|><|begin_of_text|><|start_header_id|><|start_header_id|><|start_header_id|><|begin_of_text|><|start_header_id|><|start_header_id|><|begin_of_text|><|start_header_id|><|start_header_id|><|start_header_id|><|start_header_id|><|start_header_id|><|start_header_id|><|start_header_id|><|start_header_id|><|start_header_id|><|start_header_id|><|start_header_id|><|start_header_id|><|start_header_id|><|start_header_id|><|start_header_id|><|begin_of_text|><|begin_of_text|><|start_header_id|><|begin_of_text|><|start_header_id|><|start_header_id|><|start_header_id|><|start_header_id|><|start_header_id|><|start_header_id|><|start_header_id|><|start_header_id|><|start_header_id|><|begin_of_text|><|begin_of_text|><|begin_of_text|><|start_header_id|><|start_header_id|><|begin_of_text|><|begin_of_text|><|start_header_id|><|start_header_id|><|start_header_id|><|start_header_id|><|start_header_id|><|start_header_id|><|begin_of_text|><|start_header_id|><|begin_of_text|><|begin_of_text|><|start_header_id|><|start_header_id|><|start_header_id|><|start_header_id|><|start_header_id|><|start_header_id|><|start_header_id|><|start_header_id|><|start_header_id|><|start_header_id|><|start_header_id|><|start_header_id|><|start_header_id|><|start_header_id|><|start_header_id|><|start_header_id|><|start_header_id|><|start_header_id|><|start_header_id|><|start_header_id|><|start_header_id|><|start_header_id|><|start_header_id|><|start_header_id|><|start_header_id|><|start_header_id|><|start_header_id|><|start_header_id|><|start_header_id|><|start_header_id|><|start_header_id|><|start_header_id|><|start_header_id|><|start_header_id|><|start_header_id|><|start_header_id|><|start_header_id|><|start_header_id|><|start_header_id|><|start_header_id|><|start_header_id|><|start_header_id|><|start_header_id|><|start_header_id|><|start_header_id|><|start_header_id|><|start_header_id|><|start_header_id|><|start_header_id|><|start_header_id|><|start_header_id|><|start_header_id|><|start_header_id|><|start_header_id|><|start_header_id|><|start_header_id|><|start_header_id|><|start_header_id|><|start_header_id|><|start_header_id|><|start_header_id|><|start_header_id|><|start_header_id|><|start_header_id|><|start_header_id|><|start_header_id|><|start_header_id|><|start_header_id|><|start_header_id|><|start_header_id|><|start_header_id|><|start_header_id|><|start_header_id|><|start_header_id|><|start_header_id|><|start_header_id|><|start_header_id|><|start_header_id|><|start_header_id|><|start_header_id|><|start_header_id|><|start_header_id|><|start_header_id|><|start_header_id|><|start_header_id|><|start_header_id|><|start_header_id|><|start_header_id|><|start_header_id|><|start_header_id|><|start_header_id|><|start_header_id|><|start_header_id|><|start_header_id|><|start_header_id|><|start_header_id|><|start_header_id|><|start_header_id|><|start_header_id|><|start_header_id|><|start_header_id|><|start_header_id|><|start_header_id|><|start_header_id|><|start_header_id|><|start_header_id|><|start_header_id|><|start_header_id|><|start_header_id|><|start_header_id|><|start_header_id|><|start_header_id|><|start_header_id|><|start_header_id|><|start_header_id|><|start_header_id|><|start_header_id|><|start_header_id|><|start_header_id|><|start_header_id|><|start_header_id|><|start_header_id|><|start_header_id|><|start_header_id|><|start_header_id|><|start_header_id|><|start_header_id|><|start_header_id|><|start_header_id|><|start_header_id|><|start_header_id|><|start_header_id|><|start_header_id|><|start_header_id|><|start_header_id|><|start_header_id|><|start_header_id|><|start_header_id|><|start_header_id|><|start_header_id|><|start_header_id|><|start_header_id|><|start_header_id|><|start_header_id|><|start_header_id|><|start_header_id|><|start_header_id|><|start_header_id|><|start_header_id|><|start_header_id|><|start_header_id|><|start_header_id|><|start_header_id|><|start_header_id|><|start_header_id|><|start_header_id|><|start_header_id|><|start_header_id|><|start_header_id|><|start_header_id|><|start_header_id|><|start_header_id|><|start_header_id|><|start_header_id|><|start_header_id|><|start_header_id|><|start_header_id|><|start_header_id|><|start_header_id|><|start_header_id|><|start_header_id|><|start_header_id|><|start_header_id|><|start_header_id|><|start_header_id|><|start_header_id|><|start_header_id|><|start_header_id|><|start_header_id|><|start_header_id|><|start_header_id|><|start_header_id|><|start_header_id|><|start_header_id|><|start_header_id|><|start_header_id|><|start_header_id|><|start_header_id|><|start_header_id|><|start_header_id|><|start_header_id|><|start_header_id|><|start_header_id|><|start_header_id|><|start_header_id|><|start_header_id|><|start_header_id|><|start_header_id|><|start_header_id|><|start_header_id|><|start_header_id|><|start_header_id|><|start_header_id|><|start_header_id|><|start_header_id|><|start_header_id|><|start_header_id|><|start_header_id|><|start_header_id|><|start_header_id|><|start_header_id|><|start_header_id|><|start_header_id|><|start_header_id|><|start_header_id|><|start_header_id|><|start_header_id|><|start_header_id|><|start_header_id|><|start_header_id|><|start_header_id|><|start_header_id|><|start_header_id|><|start_header_id|><|start_header_id|><|start_header_id|><|start_header_id|><|start_header_id|><|start_header_id|><|start_header_id|><|start_header_id|><|start_header_id|><|start_header_id|><|start_header_id|><|start_header_id|><|start_header_id|><|start_header_id|><|start_header_id|><|start_header_id|><|start_header_id|><|start_header_id|><|start_header_id|><|start_header_id|><|start_header_id|><|start_header_id|><|start_header_id|><|start_header_id|><|start_header_id|><|start_header_id|><|start_header_id|><|start_header_id|><|start_header_id|><|start_header_id|><|start_header_id|><|start_header_id|><|start_header_id|><|start_header_id|><|start_header_id|><|start_header_id|><|start_header_id|><|start_header_id|><|start_header_id|><|start_header_id|><|start_header_id|><|start_header_id|><|start_header_id|><|start_header_id|><|start_header_id|><|start_header_id|><|start_header_id|><|start_header_id|><|start_header_id|><|start_header_id|><|start_header_id|><|start_header_id|><|start_header_id|><|start_header_id|><|start_header_id|><|start_header_id|><|start_header_id|><|start_header_id|><|start_header_id|><|start_header_id|><|start_header_id|><|start_header_id|><|start_header_id|><|start_header_id|><|start_header_id|><|start_header_id|><|start_header_id|><|start_header_id|><|start_header_id|><|start_header_id|><|start_header_id|><|start_header_id|><|start_header_id|><|start_header_id|><|start_header_id|><|start_header_id|><|start_header_id|><|start_header_id|><|start_header_id|><|start_header_id|><|start_header_id|><|start_header_id|><|start_header_id|><|start_header_id|><|start_header_id|><|start_header_id|><|start_header_id|><|start_header_id|><|start_header_id|><|start_header_id|><|start_header_id|><|start_header_id|><|start_header_id|><|start_header_id|><|start_header_id|><|start_header_id|><|start_header_id|><|start_header_id|><|start_header_id|><|start_header_id|><|start_header_id|><|start_header_id|><|start_header_id|><|start_header_id|><|start_header_id|><|start_header_id|><|start_header_id|><|start_header_id|><|start_header_id|><|start_header_id|><|start_header_id|><|start_header_id|><|start_header_id|><|start_header_id|><|start_header_id|><|start_header_id|><|start_header_id|><|start_header_id|><|start_header_id|><|start_header_id|><|start_header_id|><|start_header_id|><|start_header_id|><|start_header_id|><|start_header_id|><|start_header_id|><|start_header_id|><|start_header_id|><|start_header_id|><|start_header_id|><|start_header_id|><|start_header_id|><|start_header_id|><|start_header_id|><|start_header_id|><|start_header_id|><|start_header_id|><|start_header_id|><|start_header_id|><|start_header_id|><|start_header_id|><|start_header_id|><|start_header_id|><|start_header_id|><|start_header_id|><|start_header_id|><|start_header_id|><|start_header_id|><|start_header_id|><|start_header_id|><|start_header_id|><|start_header_id|><|start_header_id|><|start_header_id|><|start_header_id|><|start_header_id|><|start_header_id|><|start_header_id|><|start_header_id|><|start_header_id|><|start_header_id|><|start_header_id|><|start_header_id|><|start_header_id|><|start_header_id|><|start_header_id|><|start_header_id|><|start_header_id|><|start_header_id|><|start_header_id|><|start_header_id|><|start_header_id|><|start_header_id|><|start_header_id|><|start_header_id|><|start_header_id|><|start_header_id|><|start_header_id|><|start_header_id|><|start_header_id|><|start_header_id|><|start_header_id|><|start_header_id|><|start_header_id|><|start_header_id|><|start_header_id|><|start_header_id|><|start_header_id|><|start_header_id|><|start_header_id|><|start_header_id|><|start_header_id|><|start_header_id|><|start_header_id|><|start_header_id|><|start_header_id|><|start_header_id|><|start_header_id|><|start_header_id|><|start_header_id|><|start_header_id|><|start_header_id|><|start_header_id|><|start_header_id|><|start_header_id|><|start_header_id|><|start_header_id|><|start_header_id|><|start_header_id|><|start_header_id|><|start_header_id|><|start_header_id|><|start_header_id|><|start_header_id|><|start_header_id|><|start_header_id|><|start_header_id|><|start_header_id|><|start_header_id|><|start_header_id|><|start_header_id|><|start_header_id|><|start_header_id|><|start_header_id|><|start_header_id|><|start_header_id|><|start_header_id|><|start_header_id|><|start_header_id|><|start_header_id|><|start_header_id|><|start_header_id|><|start_header_id|><|start_header_id|><|start_header_id|><|start_header_id|><|start_header_id|><|start_header_id|><|start_header_id|><|start_header_id|><|start_header_id|><|start_header_id|><|start_header_id|><|start_header_id|><|start_header_id|><|start_header_id|><|start_header_id|><|start_header_id|><|start_header_id|><|start_header_id|><|start_header_id|><|start_header_id|><|start_header_id|><|start_header_id|><|start_header_id|><|start_header_id|><|start_header_id|><|start_header_id|><|start_header_id|><|start_header_id|><|start_header_id|><|start_header_id|><|start_header_id|><|start_header_id|><|start_header_id|><|start_header_id|><|start_header_id|><|start_header_id|><|start_header_id|><|start_header_id|><|start_header_id|><|start_header_id|><|start_header_id|><|start_header_id|><|start_header_id|><|start_header_id|><|start_header_id|><|start_header_id|><|start_header_id|><|start_header_id|><|start_header_id|><|start_header_id|><|start_header_id|><|start_header_id|><|start_header_id|><|start_header_id|><|start_header_id|><|start_header_id|><|start_header_id|><|start_header_id|><|start_header_id|><|start_header_id|><|start_header_id|><|start_header_id|><|start_header_id|><|start_header_id|><|start_header_id|><|start_header_id|><|start_header_id|><|start_header_id|><|start_header_id|><|start_header_id|><|start_header_id|><|start_header_id|><|start_header_id|><|start_header_id|><|start_header_id|><|start_header_id|><|start_header_id|><|start_header_id|><|start_header_id|><|start_header_id|><|start_header_id|><|start_header_id|><|start_header_id|><|start_header_id|><|start_header_id|><|start_header_id|><|start_header_id|><|start_header_id|><|start_header_id|><|start_header_id|><|start_header_id|><|start_header_id|><|start_header_id|><|start_header_id|><|start_header_id|><|start_header_id|><|start_header_id|><|start_header_id|><|start_header_id|><|start_header_id|><|start_header_id|><|start_header_id|><|start_header_id|><|start_header_id|><|start_header_id|><|start_header_id|><|start_header_id|><|start_header_id|><|start_header_id|><|start_header_id|><|start_header_id|><|start_header_id|><|start_header_id|><|start_header_id|><|start_header_id|><|start_header_id|><|start_header_id|><|start_header_id|><|start_header_id|><|start_header_id|><|start_header_id|><|start_header_id|><|start_header_id|><|start_header_id|><|start_header_id|><|start_header_id|><|start_header_id|><|start_header_id|><|start_header_id|><|start_header_id|><|start_header_id|><|start_header_id|><|start_header_id|><|start_header_id|><|start_header_id|><|start_header_id|><|start_header_id|><|start_header_id|><|start_header_id|><|start_header_id|><|start_header_id|><|start_header_id|><|start_header_id|>",1,2,2,2,1,1,0.0,3.0,2.0,3.0,0.0,1.0,21,15,22.0,14.0,1.0
175,5,"<|begin_of_text|><|start_header_id|>system<|end_header_id|>

Cutting Knowledge Date: December 2023
Today Date: 26 Jul 2024

<|eot_id|><|start_header_id|>user<|end_header_id|>

You are helping analyze a negotiation conversation where two agents are discussing the allocation of resources. Each resource has exactly three units that must be divided between the two agents. The total amount of each resource allocated to both agents must add up to three. 

            Agent Preferences:
            Agent 1: High priority: firewood, Medium priority: water, Low priority: food
            Agent 2: High priority: food, Medium priority: water, Low priority: firewood

            Conversation with intentions:
            Agent 1: Hello there, I'm in a lot of need for some firewood! I'd not be against taking most of it if that's alright?, Agent 2: Hi, I need the all food package. I will frequently feel hungry, Agent 1: I can give you two of the packages if you're willing to give me all 3 of the firewood. I left mine out in the rain a couple of nights ago so its all ruined., Agent 2: If I will give 2 firewood for you and I will take all the food package with 2 water. , [Summary: The conversation begins with both speakers expressing their needs and desires for specific resources. Speaker 1 is focused on acquiring firewood, while Speaker 2 prioritizes obtaining food. As the conversation progresses, Speaker 1 proposes a trade, demonstrating a willingness to negotiate. Speaker 2 counters with a different offer, indicating a strategic approach to maximizing their gain. Both speakers maintain a cooperative tone, aiming to reach a mutually beneficial agreement despite differing initial priorities.]

            Based on this negotiation, predict the final allocation of resources. Provide only your answer using the following format with curly braces, with no explanation:

            OUTCOME: {agent1:{food:[number], water:[number], firewood:[number]}, agent2:{food:[number], water:[number], firewood:[number]}}

            Remember: Each resource must sum to exactly 3 units across both agents.<|eot_id|>","<|begin_of_text|><|begin_of_text|><|start_header_id|>system<|end_header_id|>

Cutting Knowledge Date: December 2023
Today Date: 26 Jul 2024

<|eot_id|><|start_header_id|>user<|end_header_id|>

You are helping analyze a negotiation conversation where two agents are discussing the allocation of resources. Each resource has exactly three units that must be divided between the two agents. The total amount of each resource allocated to both agents must add up to three. 

            Agent Preferences:
            Agent 1: High priority: firewood, Medium priority: water, Low priority: food
            Agent 2: High priority: food, Medium priority: water, Low priority: firewood

            Conversation with intentions:
            Agent 1: Hello there, I'm in a lot of need for some firewood! I'd not be against taking most of it if that's alright?, Agent 2: Hi, I need the all food package. I will frequently feel hungry, Agent 1: I can give you two of the packages if you're willing to give me all 3 of the firewood. I left mine out in the rain a couple of nights ago so its all ruined., Agent 2: If I will give 2 firewood for you and I will take all the food package with 2 water., [Summary: The conversation begins with both speakers expressing their needs and desires for specific resources. Speaker 1 is focused on acquiring firewood, while Speaker 2 prioritizes obtaining food. As the conversation progresses, Speaker 1 proposes a trade, demonstrating a willingness to negotiate. Speaker 2 counters with a different offer, indicating a strategic approach to maximizing their gain. Both speakers maintain a cooperative tone, aiming to reach a mutually beneficial agreement despite differing initial priorities.]

            Based on this negotiation, predict the final allocation of resources. Provide only your answer using the following format with curly braces, with no explanation:

            OUTCOME: {agent1:{food:[number], water:[number], firewood:[number]}, agent2:{food:[number], water:[number], firewood:[number]}}

            Remember: Each resource must sum to exactly 3 units across both agents.<|eot_id|><|begin_of_text|><|start_header_id|>system<|end_header_id|>

Cutting Knowledge Date: December 2023
Today Date: 26 Jul 2024

Outcome: {agent1:{food:1, water:1, firewood:2}, agent2:{food:2, water:2, firewood:1}}<|eot_id|>",0,1,3,3,2,0,1.0,1.0,2.0,2.0,2.0,1.0,19,23,17.0,21.0,4.0
176,5,"<|begin_of_text|><|start_header_id|>system<|end_header_id|>

Cutting Knowledge Date: December 2023
Today Date: 26 Jul 2024

<|eot_id|><|start_header_id|>user<|end_header_id|>

You are helping analyze a negotiation conversation where two agents are discussing the allocation of resources. Each resource has exactly three units that must be divided between the two agents. The total amount of each resource allocated to both agents must add up to three. 

            Agent Preferences:
            Agent 1: High priority: water, Medium priority: firewood, Low priority: food
            Agent 2: High priority: water, Medium priority: food, Low priority: firewood

            Conversation with intentions:
            Agent 2: Good evening, how are you doing today?, Agent 1: Welcome to the camping trip Dude!, Agent 2: Welcome! I'm really concerned about our water supply, we are desperately low. We don't have much food, a few protein bars. how are things looking your way?, Agent 1: I haven't got too the site yet but I am almost there.  I can't wait to finally relax!  I have been going nonstop for days.  Good idea to check supplies! , [Summary: The conversation begins with a friendly exchange, with both speakers expressing a welcoming sentiment. One speaker quickly shifts to a tone of concern regarding the supply situation, emphasizing urgency. The other speaker maintains a relaxed and optimistic attitude, focusing on the anticipation of relaxation and acknowledging the importance of checking supplies. The interaction reflects a balance between addressing practical concerns and maintaining a positive outlook.]

            Based on this negotiation, predict the final allocation of resources. Provide only your answer using the following format with curly braces, with no explanation:

            OUTCOME: {agent1:{food:[number], water:[number], firewood:[number]}, agent2:{food:[number], water:[number], firewood:[number]}}

            Remember: Each resource must sum to exactly 3 units across both agents.<|eot_id|>","<|begin_of_text|><|begin_of_text|><|start_header_id|>system<|end_header_id|>

Cutting Knowledge Date: December 2023
Today Date: 26 Jul 2024

<|eot_id|><|start_header_id|>user<|end_header_id|>

You are helping analyze a negotiation conversation where two agents are discussing the allocation of resources. Each resource has exactly three units that must be divided between the two agents. The total amount of each resource allocated to both agents must add up to three. 

            Agent Preferences:
            Agent 1: High priority: water, Medium priority: firewood, Low priority: food
            Agent 2: High priority: water, Medium priority: food, Low priority: firewood

            Conversation with intentions:
            Agent 2: Good evening, how are you doing today?, Agent 1: Welcome to the camping trip Dude!, Agent 2: Welcome! I'm really concerned about our water supply, we are desperately low. We don't have much food, a few protein bars. how are things looking your way?, Agent 1: I haven't got too the site yet but I am almost there.  I can't wait to finally relax!  I have been going nonstop for days.  Good idea to check supplies!, [Summary: The conversation begins with a friendly exchange, with both speakers expressing a welcoming sentiment. One speaker quickly shifts to a tone of concern regarding the supply situation, emphasizing urgency. The other speaker maintains a relaxed and optimistic attitude, focusing on the anticipation of relaxation and acknowledging the importance of checking supplies. The interaction reflects a balance between addressing practical concerns and maintaining a positive outlook.]

            Based on this negotiation, predict the final allocation of resources. Provide only your answer using the following format with curly braces, with no explanation:

            OUTCOME: {agent1:{food:[number], water:[number], firewood:[number]}, agent2:{food:[number], water:[number], firewood:[number]}}

            Remember: Each resource must sum to exactly 3 units across both agents.<|eot_id|><|begin_of_text|><|start_header_id|>system<|end_header_id|>

Cutting Knowledge Date: December 2023
Today Date: 26 Jul 2024

Outcome: {agent1:{food:2, water:1, firewood:2}, agent2:{food:1, water:2, firewood:1}}

<|begin_of_text|><|start_header_id|><|begin_of_text|><|start_header_id|>system<|end_header_id|>

The final answer was determined based on the following logic:

The initial conversation indicates a shift from a friendly exchange to a concern about supplies, with one speaker expressing worry and the other maintaining a relaxed tone. The concern about water and food suggests a need for a cooperative negotiation. The final allocation reflects a compromise, with each participant receiving a moderate amount of resources. The speaker who initially expressed concern receives a greater share of water, while the other participant receives a greater share of food and firewood, indicating a balanced distribution to address both parties' needs. This outcome prioritizes addressing the initial concern while maintaining a fair division of resources.<|eot_id|>",0,1,3,3,2,0,2.0,1.0,2.0,1.0,2.0,1.0,17,22,19.0,17.0,4.0
178,5,"<|begin_of_text|><|start_header_id|>system<|end_header_id|>

Cutting Knowledge Date: December 2023
Today Date: 26 Jul 2024

<|eot_id|><|start_header_id|>user<|end_header_id|>

You are helping analyze a negotiation conversation where two agents are discussing the allocation of resources. Each resource has exactly three units that must be divided between the two agents. The total amount of each resource allocated to both agents must add up to three. 

            Agent Preferences:
            Agent 1: High priority: firewood, Medium priority: food, Low priority: water
            Agent 2: High priority: food, Medium priority: water, Low priority: firewood

            Conversation with intentions:
            Agent 1: Hello, I am very cold and need food and wood to remain warm. How about I get 3 firewood, 3 food and 1 water?, Agent 2: That doesn't really work for me because then I would get only 2 waters and nothing else ☹️. What do you think is your highest priority?, Agent 1: Wood is my highest priority. I need it to stay warm. I'm very cold-natured. What is your highest priority? 🙂, Agent 2: Oh that's good. Wood is not my highest priority since I get hot easily lol. My highest priority is probably food because I have a very high metabolism and get very hungry , [Summary: The conversation begins with mturk_agent_1 expressing a need for resources, specifically firewood, food, and water, and proposing a distribution. Mturk_agent_2 responds by highlighting the imbalance in the proposed distribution and inquires about mturk_agent_1's priorities. Both participants then share their highest priorities, with mturk_agent_1 focusing on warmth and mturk_agent_2 on food due to personal needs. The conversation remains amicable, with both parties expressing understanding and humor while negotiating their needs.]

            Based on this negotiation, predict the final allocation of resources. Provide only your answer using the following format with curly braces, with no explanation:

            OUTCOME: {agent1:{food:[number], water:[number], firewood:[number]}, agent2:{food:[number], water:[number], firewood:[number]}}

            Remember: Each resource must sum to exactly 3 units across both agents.<|eot_id|>","<|begin_of_text|><|begin_of_text|><|start_header_id|>system<|end_header_id|>

Cutting Knowledge Date: December 2023
Today Date: 26 Jul 2024

<|eot_id|><|start_header_id|>user<|end_header_id|>

You are helping analyze a negotiation conversation where two agents are discussing the allocation of resources. Each resource has exactly three units that must be divided between the two agents. The total amount of each resource allocated to both agents must add up to three. 

            Agent Preferences:
            Agent 1: High priority: firewood, Medium priority: food, Low priority: water
            Agent 2: High priority: food, Medium priority: water, Low priority: firewood

            Conversation with intentions:
            Agent 1: Hello, I am very cold and need food and wood to remain warm. How about I get 3 firewood, 3 food and 1 water?, Agent 2: That doesn't really work for me because then I would get only 2 waters and nothing else ☹️. What do you think is your highest priority?, Agent 1: Wood is my highest priority. I need it to stay warm. I'm very cold-natured. What is your highest priority? 🙂, Agent 2: Oh that's good. Wood is not my highest priority since I get hot easily lol. My highest priority is probably food because I have a very high metabolism and get very hungry, [Summary: The conversation begins with mturk_agent_1 expressing a need for resources, specifically firewood, food, and water, and proposing a distribution. Mturk_agent_2 responds by highlighting the imbalance in the proposed distribution and inquires about mturk_agent_1's priorities. Both participants then share their highest priorities, with mturk_agent_1 focusing on warmth and mturk_agent_2 on food due to personal needs. The conversation remains amicable, with both parties expressing understanding and humor while negotiating their needs.]

            Based on this negotiation, predict the final allocation of resources. Provide only your answer using the following format with curly braces, with no explanation:

            OUTCOME: {agent1:{food:[number], water:[number], firewood:[number]}, agent2:{food:[number], water:[number], firewood:[number]}}

            Remember: Each resource must sum to exactly 3 units across both agents.<|eot_id|><|begin_of_text|><|start_header_id|>system<|end_header_id|>

Cutting Knowledge Date: December 2023
Today Date: 26 Jul 2024

Outcome: {agent1:{food:0, water:1, firewood:3}, agent2:{food:3, water:2, firewood:0}}

<|begin_of_text|><|start_header_id|><|begin_of_text|><|start_header_id|><|begin_of_text|><|start_header_id|><|begin_of_text|><|start_header_id|>

Question: The final allocation reflects a shift from the initial request, prioritizing mturk_agent_1's need for warmth and mturk_agent_2's high metabolism. Mturk_agent_1's initial request is compromised, and mturk_agent_2's food needs are prioritized, with mturk_agent_1 receiving water and firewood to address their cold nature. This outcome balances both parties' needs, with mturk_agent_2's food priority accommodated and mturk_agent_1's basic needs met. The conversation's amicable tone and mutual understanding contribute to this compromise. 

Given the constraints and the conversation dynamics, this allocation effectively addresses both participants' needs, ensuring a fair distribution of resources. The final arrangement reflects a collaborative negotiation strategy, prioritizing essential needs while accommodating personal preferences.<|eot_id|>",1,1,3,2,2,0,0.0,1.0,3.0,3.0,2.0,0.0,22,18,18.0,23.0,16.0
188,5,"<|begin_of_text|><|start_header_id|>system<|end_header_id|>

Cutting Knowledge Date: December 2023
Today Date: 26 Jul 2024

<|eot_id|><|start_header_id|>user<|end_header_id|>

You are helping analyze a negotiation conversation where two agents are discussing the allocation of resources. Each resource has exactly three units that must be divided between the two agents. The total amount of each resource allocated to both agents must add up to three. 

            Agent Preferences:
            Agent 1: High priority: food, Medium priority: water, Low priority: firewood
            Agent 2: High priority: food, Medium priority: water, Low priority: firewood

            Conversation with intentions:
            Agent 2: Hi, what is your highest priority item?, Agent 1: I would love to have extra food for my trip, bringing the family! how about you? , [Summary: The conversation begins with a direct inquiry about priorities, indicating a focus on practical needs. The response reveals a personal and familial context, suggesting a shift towards a more personal and relatable tone. The initial exchange sets a cooperative and friendly atmosphere, with both participants showing openness to sharing their priorities and possibly inviting further discussion about their respective needs or plans.]

            Based on this negotiation, predict the final allocation of resources. Provide only your answer using the following format with curly braces, with no explanation:

            OUTCOME: {agent1:{food:[number], water:[number], firewood:[number]}, agent2:{food:[number], water:[number], firewood:[number]}}

            Remember: Each resource must sum to exactly 3 units across both agents.<|eot_id|>","<|begin_of_text|><|begin_of_text|><|start_header_id|>system<|end_header_id|>

Cutting Knowledge Date: December 2023
Today Date: 26 Jul 2024

<|eot_id|><|start_header_id|>user<|end_header_id|>

You are helping analyze a negotiation conversation where two agents are discussing the allocation of resources. Each resource has exactly three units that must be divided between the two agents. The total amount of each resource allocated to both agents must add up to three. 

            Agent Preferences:
            Agent 1: High priority: food, Medium priority: water, Low priority: firewood
            Agent 2: High priority: food, Medium priority: water, Low priority: firewood

            Conversation with intentions:
            Agent 2: Hi, what is your highest priority item?, Agent 1: I would love to have extra food for my trip, bringing the family! how about you?, [Summary: The conversation begins with a direct inquiry about priorities, indicating a focus on practical needs. The response reveals a personal and familial context, suggesting a shift towards a more personal and relatable tone. The initial exchange sets a cooperative and friendly atmosphere, with both participants showing openness to sharing their priorities and possibly inviting further discussion about their respective needs or plans.]

            Based on this negotiation, predict the final allocation of resources. Provide only your answer using the following format with curly braces, with no explanation:

            OUTCOME: {agent1:{food:[number], water:[number], firewood:[number]}, agent2:{food:[number], water:[number], firewood:[number]}}

            Remember: Each resource must sum to exactly 3 units across both agents.<|eot_id|><|begin_of_text|><|start_header_id|>system<|end_header_id|>

Cutting Knowledge Date: December 2023
Today Date: 26 Jul 2024

OUTCOME: {agent1:{food:2, water:2, firewood:1}, agent2:{food:1, water:1, firewood:2}}<|eot_id|>",2,0,2,1,3,1,2.0,2.0,1.0,1.0,1.0,2.0,16,20,21.0,15.0,25.0
191,5,"<|begin_of_text|><|start_header_id|>system<|end_header_id|>

Cutting Knowledge Date: December 2023
Today Date: 26 Jul 2024

<|eot_id|><|start_header_id|>user<|end_header_id|>

You are helping analyze a negotiation conversation where two agents are discussing the allocation of resources. Each resource has exactly three units that must be divided between the two agents. The total amount of each resource allocated to both agents must add up to three. 

            Agent Preferences:
            Agent 1: High priority: firewood, Medium priority: water, Low priority: food
            Agent 2: High priority: food, Medium priority: water, Low priority: firewood

            Conversation with intentions:
            Agent 2: Hello, I'm hopping I could grab most of the food, I have a lot of hungry mouths to feed., Agent 1: Hi - I can understand that. I have quite a few mouths to feed as well, Agent 2: hmmm, well what are you looking to get , [Summary: The conversation begins with one speaker expressing a strong need for resources, emphasizing their situation. The other speaker acknowledges this need by relating to it with their own similar situation. The initial speaker then shifts to a more inquisitive approach, asking the other speaker about their specific needs, suggesting a potential negotiation or compromise. The tone remains understanding, with both speakers expressing their needs while maintaining a cooperative attitude.]

            Based on this negotiation, predict the final allocation of resources. Provide only your answer using the following format with curly braces, with no explanation:

            OUTCOME: {agent1:{food:[number], water:[number], firewood:[number]}, agent2:{food:[number], water:[number], firewood:[number]}}

            Remember: Each resource must sum to exactly 3 units across both agents.<|eot_id|>","<|begin_of_text|><|begin_of_text|><|start_header_id|>system<|end_header_id|>

Cutting Knowledge Date: December 2023
Today Date: 26 Jul 2024

<|eot_id|><|start_header_id|>user<|end_header_id|>

You are helping analyze a negotiation conversation where two agents are discussing the allocation of resources. Each resource has exactly three units that must be divided between the two agents. The total amount of each resource allocated to both agents must add up to three. 

            Agent Preferences:
            Agent 1: High priority: firewood, Medium priority: water, Low priority: food
            Agent 2: High priority: food, Medium priority: water, Low priority: firewood

            Conversation with intentions:
            Agent 2: Hello, I'm hopping I could grab most of the food, I have a lot of hungry mouths to feed., Agent 1: Hi - I can understand that. I have quite a few mouths to feed as well, Agent 2: hmmm, well what are you looking to get, [Summary: The conversation begins with one speaker expressing a strong need for resources, emphasizing their situation. The other speaker acknowledges this need by relating to it with their own similar situation. The initial speaker then shifts to a more inquisitive approach, asking the other speaker about their specific needs, suggesting a potential negotiation or compromise. The tone remains understanding, with both speakers expressing their needs while maintaining a cooperative attitude.]

            Based on this negotiation, predict the final allocation of resources. Provide only your answer using the following format with curly braces, with no explanation:

            OUTCOME: {agent1:{food:[number], water:[number], firewood:[number]}, agent2:{food:[number], water:[number], firewood:[number]}}

            Remember: Each resource must sum to exactly 3 units across both agents.<|eot_id|><|begin_of_text|><|start_header_id|>system<|end_header_id|>

Cutting Knowledge Date: December 2023
Today Date: 26 Jul 2024

Outcome: {agent1:{food:0, water:2, firewood:3}, agent2:{food:3, water:1, firewood:0}}

<|begin_of_text|><|start_header_id|><|begin_of_text|><|start_header_id|><|begin_of_text|><|start_header_id|><|begin_of_text|><|start_header_id|><|begin_of_text|><|start_header_id|><|begin_of_text|><|start_header_id|><|begin_of_text|><|start_header_id|><|begin_of_text|><|start_header_id|><|begin_of_text|><|start_header_id|><|begin_of_text|><|start_header_id|><|begin_of_text|><|start_header_id|><|begin_of_text|><|start_header_id|><|begin_of_text|><|start_header_id|><|begin_of_text|><|start_header_id|><|begin_of_text|><|start_header_id|><|begin_of_text|><|start_header_id|><|begin_of_text|><|start_header_id|><|begin_of_text|><|start_header_id|><|begin_of_text|><|start_header_id|><|begin_of_text|><|start_header_id|><|begin_of_text|><|start_header_id|><|begin_of_text|><|start_header_id|><|begin_of_text|><|start_header_id|><|begin_of_text|><|start_header_id|><|begin_of_text|><|start_header_id|><|begin_of_text|><|start_header_id|><|begin_of_text|><|start_header_id|><|begin_of_text|><|start_header_id|><|begin_of_text|><|start_header_id|><|begin_of_text|><|start_header_id|><|begin_of_text|><|start_header_id|><|begin_of_text|><|start_header_id|><|begin_of_text|><|start_header_id|><|begin_of_text|><|start_header_id|><|begin_of_text|><|start_header_id|><|begin_of_text|><|start_header_id|><|begin_of_text|><|start_header_id|><|begin_of_text|><|start_header_id|><|begin_of_text|><|start_header_id|><|begin_of_text|><|start_header_id|><|begin_of_text|><|start_header_id|><|begin_of_text|><|start_header_id|><|begin_of_text|><|start_header_id|><|begin_of_text|><|start_header_id|><|begin_of_text|><|start_header_id|><|begin_of_text|><|start_header_id|><|begin_of_text|><|start_header_id|><|begin_of_text|><|start_header_id|><|begin_of_text|><|start_header_id|><|begin_of_text|><|start_header_id|><|begin_of_text|><|start_header_id|><|begin_of_text|><|start_header_id|><|begin_of_text|><|start_header_id|><|begin_of_text|><|start_header_id|><|begin_of_text|><|start_header_id|><|begin_of_text|><|start_header_id|><|begin_of_text|><|start_header_id|><|begin_of_text|><|start_header_id|><|begin_of_text|><|start_header_id|><|begin_of_text|><|start_header_id|><|begin_of_text|><|start_header_id|><|begin_of_text|><|start_header_id|><|begin_of_text|><|start_header_id|><|begin_of_text|><|start_header_id|><|begin_of_text|><|start_header_id|><|begin_of_text|><|start_header_id|><|begin_of_text|><|start_header_id|><|begin_of_text|><|start_header_id|><|begin_of_text|><|start_header_id|><|begin_of_text|><|start_header_id|><|begin_of_text|><|start_header_id|><|begin_of_text|><|start_header_id|><|begin_of_text|><|start_header_id|><|begin_of_text|><|start_header_id|><|begin_of_text|><|start_header_id|><|begin_of_text|><|start_header_id|><|begin_of_text|><|start_header_id|><|begin_of_text|><|start_header_id|><|begin_of_text|><|start_header_id|><|begin_of_text|><|start_header_id|><|begin_of_text|><|start_header_id|><|begin_of_text|><|start_header_id|><|begin_of_text|><|start_header_id|><|begin_of_text|><|start_header_id|><|begin_of_text|><|start_header_id|><|begin_of_text|><|start_header_id|><|begin_of_text|><|start_header_id|><|begin_of_text|><|start_header_id|><|begin_of_text|><|start_header_id|><|begin_of_text|><|start_header_id|><|begin_of_text|><|start_header_id|><|begin_of_text|><|start_header_id|><|begin_of_text|><|start_header_id|><|begin_of_text|><|start_header_id|><|begin_of_text|><|start_header_id|><|begin_of_text|><|start_header_id|><|begin_of_text|><|start_header_id|><|begin_of_text|><|start_header_id|><|begin_of_text|><|start_header_id|><|begin_of_text|><|start_header_id|><|begin_of_text|><|start_header_id|><|begin_of_text|><|start_header_id|><|begin_of_text|><|start_header_id|><|begin_of_text|><|start_header_id|><|begin_of_text|><|start_header_id|><|begin_of_text|><|start_header_id|><|begin_of_text|><|start_header_id|><|begin_of_text|><|start_header_id|><|begin_of_text|><|start_header_id|><|begin_of_text|><|start_header_id|><|begin_of_text|><|start_header_id|><|start_header_id|><|begin_of_text|><|start_header_id|><|begin_of_text|><|start_header_id|><|begin_of_text|><|start_header_id|><|begin_of_text|><|start_header_id|><|start_header_id|><|begin_of_text|><|start_header_id|><|begin_of_text|><|start_header_id|><|begin_of_text|><|start_header_id|><|begin_of_text|><|start_header_id|><|begin_of_text|><|start_header_id|><|begin_of_text|><|start_header_id|><|start_header_id|><|begin_of_text|><|start_header_id|><|begin_of_text|><|start_header_id|><|start_header_id|><|start_header_id|><|begin_of_text|><|start_header_id|><|start_header_id|><|start_header_id|><|start_header_id|><|start_header_id|><|begin_of_text|><|start_header_id|><|begin_of_text|><|start_header_id|><|begin_of_text|><|start_header_id|><|start_header_id|><|start_header_id|><|start_header_id|><|begin_of_text|><|start_header_id|><|begin_of_text|><|start_header_id|><|begin_of_text|><|start_header_id|><|start_header_id|><|start_header_id|><|start_header_id|><|start_header_id|><|start_header_id|><|start_header_id|><|start_header_id|><|start_header_id|><|start_header_id|><|begin_of_text|><|start_header_id|><|start_header_id|><|start_header_id|><|begin_of_text|><|start_header_id|><|start_header_id|><|start_header_id|><|start_header_id|><|begin_of_text|><|start_header_id|><|start_header_id|><|start_header_id|><|start_header_id|><|start_header_id|><|begin_of_text|><|start_header_id|><|begin_of_text|><|start_header_id|><|start_header_id|><|start_header_id|><|begin_of_text|><|start_header_id|><|start_header_id|><|start_header_id|><|start_header_id|><|start_header_id|><|start_header_id|><|start_header_id|><|start_header_id|><|start_header_id|><|start_header_id|><|start_header_id|><|start_header_id|><|start_header_id|><|start_header_id|><|start_header_id|><|start_header_id|><|start_header_id|><|start_header_id|><|start_header_id|><|start_header_id|><|start_header_id|><|start_header_id|><|start_header_id|><|start_header_id|><|start_header_id|><|start_header_id|><|start_header_id|><|start_header_id|><|begin_of_text|><|start_header_id|><|start_header_id|><|start_header_id|><|start_header_id|><|start_header_id|><|start_header_id|><|start_header_id|><|start_header_id|><|start_header_id|><|start_header_id|><|start_header_id|><|start_header_id|><|start_header_id|><|start_header_id|><|start_header_id|><|start_header_id|><|start_header_id|><|start_header_id|><|start_header_id|><|start_header_id|><|start_header_id|><|start_header_id|><|start_header_id|><|start_header_id|><|start_header_id|><|start_header_id|><|start_header_id|><|start_header_id|><|start_header_id|><|start_header_id|><|start_header_id|><|start_header_id|><|start_header_id|><|start_header_id|><|start_header_id|><|start_header_id|><|start_header_id|><|start_header_id|><|start_header_id|><|start_header_id|><|start_header_id|><|start_header_id|><|start_header_id|><|start_header_id|><|start_header_id|><|start_header_id|><|start_header_id|><|start_header_id|><|start_header_id|><|start_header_id|><|start_header_id|><|start_header_id|><|start_header_id|><|start_header_id|><|start_header_id|><|start_header_id|><|start_header_id|><|start_header_id|><|start_header_id|><|start_header_id|><|start_header_id|><|start_header_id|><|start_header_id|><|start_header_id|><|start_header_id|><|start_header_id|><|start_header_id|><|start_header_id|><|start_header_id|><|start_header_id|><|start_header_id|><|start_header_id|><|start_header_id|><|start_header_id|><|start_header_id|><|start_header_id|><|start_header_id|><|start_header_id|><|start_header_id|><|start_header_id|><|start_header_id|><|start_header_id|><|start_header_id|><|start_header_id|><|start_header_id|><|start_header_id|><|start_header_id|><|start_header_id|><|start_header_id|><|start_header_id|><|start_header_id|><|start_header_id|><|start_header_id|><|start_header_id|><|start_header_id|><|start_header_id|><|start_header_id|><|start_header_id|><|start_header_id|><|start_header_id|><|start_header_id|><|start_header_id|><|start_header_id|><|start_header_id|><|start_header_id|><|start_header_id|><|start_header_id|><|start_header_id|><|start_header_id|><|start_header_id|><|start_header_id|><|start_header_id|><|start_header_id|><|start_header_id|><|start_header_id|><|start_header_id|><|start_header_id|><|start_header_id|><|start_header_id|><|start_header_id|><|start_header_id|><|start_header_id|><|start_header_id|><|start_header_id|><|start_header_id|><|start_header_id|><|start_header_id|><|start_header_id|><|start_header_id|><|start_header_id|><|start_header_id|><|start_header_id|><|start_header_id|><|start_header_id|><|start_header_id|><|start_header_id|><|start_header_id|><|start_header_id|><|start_header_id|><|start_header_id|><|start_header_id|><|start_header_id|><|start_header_id|><|start_header_id|><|start_header_id|><|start_header_id|><|start_header_id|><|start_header_id|><|start_header_id|><|start_header_id|><|start_header_id|><|start_header_id|><|start_header_id|><|start_header_id|><|start_header_id|><|start_header_id|><|start_header_id|><|start_header_id|><|start_header_id|><|start_header_id|><|start_header_id|><|start_header_id|><|start_header_id|><|start_header_id|><|start_header_id|><|start_header_id|><|start_header_id|><|start_header_id|><|start_header_id|><|start_header_id|><|start_header_id|><|start_header_id|><|start_header_id|><|start_header_id|><|start_header_id|><|start_header_id|><|start_header_id|><|start_header_id|><|start_header_id|><|start_header_id|><|start_header_id|><|start_header_id|><|start_header_id|><|start_header_id|><|start_header_id|><|start_header_id|><|start_header_id|><|start_header_id|><|start_header_id|><|start_header_id|><|start_header_id|><|start_header_id|><|start_header_id|><|start_header_id|><|start_header_id|><|start_header_id|><|start_header_id|><|start_header_id|><|start_header_id|><|start_header_id|><|start_header_id|><|start_header_id|><|start_header_id|><|start_header_id|><|start_header_id|><|start_header_id|><|start_header_id|><|start_header_id|><|start_header_id|><|start_header_id|><|start_header_id|><|start_header_id|><|start_header_id|><|start_header_id|><|start_header_id|><|start_header_id|><|start_header_id|><|start_header_id|><|start_header_id|><|start_header_id|><|start_header_id|><|start_header_id|><|start_header_id|><|start_header_id|><|start_header_id|><|start_header_id|><|start_header_id|><|start_header_id|><|start_header_id|><|start_header_id|><|start_header_id|><|start_header_id|><|start_header_id|><|start_header_id|><|start_header_id|><|start_header_id|><|start_header_id|><|start_header_id|><|start_header_id|><|start_header_id|><|start_header_id|><|start_header_id|><|start_header_id|><|start_header_id|><|start_header_id|><|start_header_id|><|start_header_id|><|start_header_id|><|start_header_id|><|start_header_id|><|start_header_id|><|start_header_id|><|start_header_id|><|start_header_id|><|start_header_id|><|start_header_id|><|start_header_id|><|start_header_id|><|start_header_id|><|start_header_id|><|start_header_id|><|start_header_id|><|start_header_id|><|start_header_id|><|start_header_id|><|start_header_id|><|start_header_id|><|start_header_id|><|start_header_id|><|start_header_id|><|start_header_id|><|start_header_id|><|start_header_id|><|start_header_id|><|start_header_id|><|start_header_id|><|start_header_id|><|start_header_id|><|start_header_id|><|start_header_id|><|start_header_id|><|start_header_id|><|start_header_id|><|start_header_id|><|start_header_id|><|start_header_id|><|start_header_id|><|start_header_id|><|start_header_id|><|start_header_id|><|start_header_id|><|start_header_id|><|start_header_id|><|start_header_id|><|start_header_id|><|start_header_id|><|start_header_id|><|start_header_id|><|start_header_id|><|start_header_id|><|start_header_id|><|start_header_id|><|start_header_id|><|start_header_id|><|start_header_id|><|start_header_id|><|start_header_id|><|start_header_id|><|start_header_id|><|start_header_id|><|start_header_id|><|start_header_id|><|start_header_id|><|start_header_id|><|start_header_id|><|start_header_id|><|start_header_id|><|start_header_id|><|start_header_id|><|start_header_id|><|start_header_id|><|start_header_id|><|start_header_id|><|start_header_id|><|start_header_id|><|start_header_id|><|start_header_id|><|start_header_id|><|start_header_id|><|start_header_id|><|start_header_id|><|start_header_id|><|start_header_id|><|start_header_id|><|start_header_id|><|start_header_id|><|start_header_id|><|start_header_id|><|start_header_id|><|start_header_id|><|start_header_id|><|start_header_id|><|start_header_id|><|start_header_id|><|start_header_id|><|start_header_id|><|start_header_id|><|start_header_id|><|start_header_id|><|start_header_id|><|start_header_id|><|start_header_id|><|start_header_id|><|start_header_id|><|start_header_id|><|start_header_id|><|start_header_id|><|start_header_id|><|start_header_id|><|start_header_id|><|start_header_id|><|start_header_id|><|start_header_id|><|start_header_id|><|start_header_id|><|start_header_id|><|start_header_id|><|start_header_id|><|start_header_id|><|start_header_id|><|start_header_id|><|start_header_id|><|start_header_id|><|start_header_id|><|start_header_id|><|start_header_id|><|start_header_id|><|start_header_id|><|start_header_id|><|start_header_id|><|start_header_id|><|start_header_id|><|start_header_id|><|start_header_id|><|start_header_id|><|start_header_id|><|start_header_id|><|start_header_id|><|start_header_id|><|start_header_id|><|start_header_id|><|start_header_id|><|start_header_id|><|start_header_id|><|start_header_id|><|start_header_id|><|start_header_id|><|start_header_id|><|start_header_id|><|start_header_id|><|start_header_id|><|start_header_id|><|start_header_id|><|start_header_id|><|start_header_id|><|start_header_id|><|start_header_id|><|start_header_id|><|start_header_id|><|start_header_id|><|start_header_id|><|start_header_id|><|start_header_id|><|start_header_id|><|start_header_id|><|start_header_id|><|start_header_id|><|start_header_id|><|start_header_id|><|start_header_id|><|start_header_id|><|start_header_id|><|start_header_id|><|start_header_id|><|start_header_id|><|start_header_id|><|start_header_id|><|start_header_id|><|start_header_id|><|start_header_id|><|start_header_id|><|start_header_id|><|start_header_id|><|start_header_id|><|start_header_id|><|start_header_id|><|start_header_id|><|start_header_id|><|start_header_id|><|start_header_id|><|start_header_id|><|start_header_id|><|start_header_id|><|start_header_id|><|start_header_id|><|start_header_id|><|start_header_id|><|start_header_id|><|start_header_id|><|start_header_id|><|start_header_id|><|start_header_id|><|start_header_id|><|start_header_id|><|start_header_id|><|start_header_id|><|start_header_id|><|start_header_id|><|start_header_id|><|start_header_id|><|start_header_id|><|start_header_id|><|start_header_id|><|start_header_id|><|start_header_id|><|start_header_id|><|start_header_id|><|start_header_id|><|start_header_id|><|start_header_id|><|start_header_id|><|start_header_id|><|start_header_id|><|start_header_id|><|start_header_id|><|start_header_id|><|start_header_id|><|start_header_id|><|start_header_id|><|start_header_id|><|start_header_id|><|start_header_id|><|start_header_id|><|start_header_id|><|start_header_id|><|start_header_id|><|start_header_id|><|start_header_id|><|start_header_id|><|start_header_id|><|start_header_id|><|start_header_id|><|start_header_id|><|start_header_id|><|start_header_id|><|start_header_id|><|start_header_id|><|start_header_id|><|start_header_id|><|start_header_id|><|start_header_id|><|start_header_id|><|start_header_id|><|start_header_id|><|start_header_id|><|start_header_id|><|start_header_id|><|start_header_id|><|start_header_id|><|start_header_id|><|start_header_id|><|start_header_id|><|start_header_id|><|start_header_id|><|start_header_id|><|start_header_id|><|start_header_id|><|start_header_id|><|start_header_id|><|start_header_id|><|start_header_id|><|start_header_id|><|start_header_id|><|start_header_id|><|start_header_id|><|start_header_id|><|start_header_id|><|start_header_id|><|start_header_id|><|start_header_id|><|start_header_id|><|start_header_id|><|start_header_id|><|start_header_id|><|start_header_id|><|start_header_id|><|start_header_id|><|start_header_id|><|start_header_id|><|start_header_id|><|start_header_id|><|start_header_id|><|start_header_id|><|start_header_id|><|start_header_id|><|start_header_id|><|start_header_id|><|start_header_id|><|start_header_id|><|start_header_id|><|start_header_id|><|start_header_id|><|start_header_id|><|start_header_id|><|start_header_id|><|start_header_id|><|start_header_id|><|start_header_id|><|start_header_id|><|start_header_id|><|start_header_id|><|start_header_id|><|start_header_id|><|start_header_id|><|start_header_id|><|start_header_id|><|start_header_id|><|start_header_id|><|start_header_id|><|start_header_id|><|start_header_id|><|start_header_id|><|start_header_id|><|start_header_id|><|start_header_id|><|start_header_id|><|start_header_id|><|start_header_id|><|start_header_id|><|start_header_id|><|start_header_id|><|start_header_id|><|start_header_id|><|start_header_id|><|start_header_id|><|start_header_id|><|start_header_id|><|start_header_id|><|start_header_id|><|start_header_id|><|start_header_id|><|start_header_id|><|start_header_id|><|start_header_id|><|start_header_id|><|start_header_id|><|start_header_id|><|start_header_id|><|start_header_id|><|start_header_id|><|start_header_id|><|start_header_id|><|start_header_id|><|start_header_id|><|start_header_id|><|start_header_id|><|start_header_id|><|start_header_id|><|start_header_id|><|start_header_id|><|start_header_id|><|start_header_id|><|start_header_id|><|start_header_id|><|start_header_id|><|start_header_id|><|start_header_id|><|start_header_id|><|start_header_id|><|start_header_id|><|start_header_id|><|start_header_id|><|start_header_id|><|start_header_id|><|start_header_id|><|start_header_id|><|start_header_id|><|start_header_id|><|start_header_id|><|start_header_id|><|start_header_id|><|start_header_id|>",0,2,3,3,1,0,0.0,2.0,3.0,3.0,1.0,0.0,23,19,23.0,19.0,0.0
215,5,"<|begin_of_text|><|start_header_id|>system<|end_header_id|>

Cutting Knowledge Date: December 2023
Today Date: 26 Jul 2024

<|eot_id|><|start_header_id|>user<|end_header_id|>

You are helping analyze a negotiation conversation where two agents are discussing the allocation of resources. Each resource has exactly three units that must be divided between the two agents. The total amount of each resource allocated to both agents must add up to three. 

            Agent Preferences:
            Agent 1: High priority: food, Medium priority: firewood, Low priority: water
            Agent 2: High priority: food, Medium priority: firewood, Low priority: water

            Conversation with intentions:
            Agent 2: Hello!  It will be so nice to go camping and spend some time in nature during this stressful time., Agent 1: Yes it is. The scenery is beautiful and it is taking my mind off things. So glad to be here., Agent 2: I am working hard around the camp and getting hungry!, Agent 1: You came here to work? I’ve been taking it easy. , [Summary: The conversation begins with both speakers expressing positive sentiments about camping as a stress reliever. The first speaker maintains enthusiasm about the experience, while the second speaker shifts from agreement to surprise upon realizing the first speaker is working hard. This introduces a contrast in their intentions, with one focusing on relaxation and the other on productivity, subtly altering the dynamic from shared enjoyment to differing approaches to the camping experience.]

            Based on this negotiation, predict the final allocation of resources. Provide only your answer using the following format with curly braces, with no explanation:

            OUTCOME: {agent1:{food:[number], water:[number], firewood:[number]}, agent2:{food:[number], water:[number], firewood:[number]}}

            Remember: Each resource must sum to exactly 3 units across both agents.<|eot_id|>","<|begin_of_text|><|begin_of_text|><|start_header_id|>system<|end_header_id|>

Cutting Knowledge Date: December 2023
Today Date: 26 Jul 2024

<|eot_id|><|start_header_id|>user<|end_header_id|>

You are helping analyze a negotiation conversation where two agents are discussing the allocation of resources. Each resource has exactly three units that must be divided between the two agents. The total amount of each resource allocated to both agents must add up to three. 

            Agent Preferences:
            Agent 1: High priority: food, Medium priority: firewood, Low priority: water
            Agent 2: High priority: food, Medium priority: firewood, Low priority: water

            Conversation with intentions:
            Agent 2: Hello!  It will be so nice to go camping and spend some time in nature during this stressful time., Agent 1: Yes it is. The scenery is beautiful and it is taking my mind off things. So glad to be here., Agent 2: I am working hard around the camp and getting hungry!, Agent 1: You came here to work? I’ve been taking it easy., [Summary: The conversation begins with both speakers expressing positive sentiments about camping as a stress reliever. The first speaker maintains enthusiasm about the experience, while the second speaker shifts from agreement to surprise upon realizing the first speaker is working hard. This introduces a contrast in their intentions, with one focusing on relaxation and the other on productivity, subtly altering the dynamic from shared enjoyment to differing approaches to the camping experience.]

            Based on this negotiation, predict the final allocation of resources. Provide only your answer using the following format with curly braces, with no explanation:

            OUTCOME: {agent1:{food:[number], water:[number], firewood:[number]}, agent2:{food:[number], water:[number], firewood:[number]}}

            Remember: Each resource must sum to exactly 3 units across both agents.<|eot_id|><|begin_of_text|><|start_header_id|>system<|end_header_id|>

Cutting Knowledge Date: December 2023
Today Date: 26 Jul 2024

OUTCOME: {agent1:{food:1, water:1, firewood:2}, agent2:{food:2, water:2, firewood:1}}<|eot_id|>",1,0,1,2,3,2,1.0,1.0,2.0,2.0,2.0,1.0,9,27,16.0,20.0,49.0
217,5,"<|begin_of_text|><|start_header_id|>system<|end_header_id|>

Cutting Knowledge Date: December 2023
Today Date: 26 Jul 2024

<|eot_id|><|start_header_id|>user<|end_header_id|>

You are helping analyze a negotiation conversation where two agents are discussing the allocation of resources. Each resource has exactly three units that must be divided between the two agents. The total amount of each resource allocated to both agents must add up to three. 

            Agent Preferences:
            Agent 1: High priority: water, Medium priority: food, Low priority: firewood
            Agent 2: High priority: water, Medium priority: food, Low priority: firewood

            Conversation with intentions:
            Agent 2: Hello, how are you? 🙂, Agent 1: I'm good, how are you doing today?, Agent 2: I'm doing great!  I'm on the first camping trip with my five children., Agent 1: Wow, that's amazing. My parents took me camping when I was young. Now we going hiking every other weekend. What do you plan on doing?, Agent 2: That sounds like so much fun!  I hope we get to hike some.  I have my four month old baby with us which is exciting.  I'm worried I didn't bring enough water for his bottles, though. , [Summary: The conversation begins with a friendly exchange of pleasantries, establishing a positive and engaging tone. As the discussion progresses, both speakers share personal experiences related to outdoor activities, maintaining a warm and enthusiastic atmosphere. The second speaker expresses excitement about their current situation but also reveals a concern, adding a layer of vulnerability. Throughout, the conversation remains supportive and empathetic, with both participants showing interest in each other's experiences and feelings.]

            Based on this negotiation, predict the final allocation of resources. Provide only your answer using the following format with curly braces, with no explanation:

            OUTCOME: {agent1:{food:[number], water:[number], firewood:[number]}, agent2:{food:[number], water:[number], firewood:[number]}}

            Remember: Each resource must sum to exactly 3 units across both agents.<|eot_id|>","<|begin_of_text|><|begin_of_text|><|start_header_id|>system<|end_header_id|>

Cutting Knowledge Date: December 2023
Today Date: 26 Jul 2024

<|eot_id|><|start_header_id|>user<|end_header_id|>

You are helping analyze a negotiation conversation where two agents are discussing the allocation of resources. Each resource has exactly three units that must be divided between the two agents. The total amount of each resource allocated to both agents must add up to three. 

            Agent Preferences:
            Agent 1: High priority: water, Medium priority: food, Low priority: firewood
            Agent 2: High priority: water, Medium priority: food, Low priority: firewood

            Conversation with intentions:
            Agent 2: Hello, how are you? 🙂, Agent 1: I'm good, how are you doing today?, Agent 2: I'm doing great!  I'm on the first camping trip with my five children., Agent 1: Wow, that's amazing. My parents took me camping when I was young. Now we going hiking every other weekend. What do you plan on doing?, Agent 2: That sounds like so much fun!  I hope we get to hike some.  I have my four month old baby with us which is exciting.  I'm worried I didn't bring enough water for his bottles, though., [Summary: The conversation begins with a friendly exchange of pleasantries, establishing a positive and engaging tone. As the discussion progresses, both speakers share personal experiences related to outdoor activities, maintaining a warm and enthusiastic atmosphere. The second speaker expresses excitement about their current situation but also reveals a concern, adding a layer of vulnerability. Throughout, the conversation remains supportive and empathetic, with both participants showing interest in each other's experiences and feelings.]

            Based on this negotiation, predict the final allocation of resources. Provide only your answer using the following format with curly braces, with no explanation:

            OUTCOME: {agent1:{food:[number], water:[number], firewood:[number]}, agent2:{food:[number], water:[number], firewood:[number]}}

            Remember: Each resource must sum to exactly 3 units across both agents.<|eot_id|><|begin_of_text|><|start_header_id|>system<|end_header_id|>

Cutting Knowledge Date: December 2023
Today Date: 26 Jul 2024

Outcome: {agent1:{food:1, water:2, firewood:1}, agent2:{food:2, water:1, firewood:2}}<|eot_id|>",2,1,2,1,2,1,1.0,2.0,1.0,2.0,1.0,2.0,19,17,17.0,19.0,4.0
424,5,"<|begin_of_text|><|start_header_id|>system<|end_header_id|>

Cutting Knowledge Date: December 2023
Today Date: 26 Jul 2024

<|eot_id|><|start_header_id|>user<|end_header_id|>

You are helping analyze a negotiation conversation where two agents are discussing the allocation of resources. Each resource has exactly three units that must be divided between the two agents. The total amount of each resource allocated to both agents must add up to three. 

            Agent Preferences:
            Agent 1: High priority: firewood, Medium priority: food, Low priority: water
            Agent 2: High priority: firewood, Medium priority: water, Low priority: food

            Conversation with intentions:
            Agent 2: Hello how are you?, Agent 1: Hey there fellow camper! I am great! How are you?, Agent 2: I'm doing well and very excited about my camping trip., Agent 1: Me as well. What item is your greatest priority for your trip?, Agent 2: Firewood and my second priority is water.  I'm open to negotiating though. , [Summary: The conversation begins with a friendly and enthusiastic exchange, with both speakers expressing excitement about an upcoming camping trip. As the dialogue progresses, the focus shifts to practical preparations, with one speaker prioritizing essential items and expressing openness to negotiation. The tone remains positive and collaborative, with an underlying intention to plan effectively for the trip.]

            Based on this negotiation, predict the final allocation of resources. Provide only your answer using the following format with curly braces, with no explanation:

            OUTCOME: {agent1:{food:[number], water:[number], firewood:[number]}, agent2:{food:[number], water:[number], firewood:[number]}}

            Remember: Each resource must sum to exactly 3 units across both agents.<|eot_id|>","<|begin_of_text|><|begin_of_text|><|start_header_id|>system<|end_header_id|>

Cutting Knowledge Date: December 2023
Today Date: 26 Jul 2024

<|eot_id|><|start_header_id|>user<|end_header_id|>

You are helping analyze a negotiation conversation where two agents are discussing the allocation of resources. Each resource has exactly three units that must be divided between the two agents. The total amount of each resource allocated to both agents must add up to three. 

            Agent Preferences:
            Agent 1: High priority: firewood, Medium priority: food, Low priority: water
            Agent 2: High priority: firewood, Medium priority: water, Low priority: food

            Conversation with intentions:
            Agent 2: Hello how are you?, Agent 1: Hey there fellow camper! I am great! How are you?, Agent 2: I'm doing well and very excited about my camping trip., Agent 1: Me as well. What item is your greatest priority for your trip?, Agent 2: Firewood and my second priority is water.  I'm open to negotiating though., [Summary: The conversation begins with a friendly and enthusiastic exchange, with both speakers expressing excitement about an upcoming camping trip. As the dialogue progresses, the focus shifts to practical preparations, with one speaker prioritizing essential items and expressing openness to negotiation. The tone remains positive and collaborative, with an underlying intention to plan effectively for the trip.]

            Based on this negotiation, predict the final allocation of resources. Provide only your answer using the following format with curly braces, with no explanation:

            OUTCOME: {agent1:{food:[number], water:[number], firewood:[number]}, agent2:{food:[number], water:[number], firewood:[number]}}

            Remember: Each resource must sum to exactly 3 units across both agents.<|eot_id|><|begin_of_text|><|start_header_id|>system<|end_header_id|>

Cutting Knowledge Date: December 2023
Today Date: 26 Jul 2024

OUTCOME: {agent1:{food:1, water:0, firewood:2}, agent2:{food:2, water:3, firewood:1}}<|eot_id|>",3,1,1,0,2,2,1.0,0.0,2.0,2.0,3.0,1.0,20,18,14.0,23.0,36.0
432,5,"<|begin_of_text|><|start_header_id|>system<|end_header_id|>

Cutting Knowledge Date: December 2023
Today Date: 26 Jul 2024

<|eot_id|><|start_header_id|>user<|end_header_id|>

You are helping analyze a negotiation conversation where two agents are discussing the allocation of resources. Each resource has exactly three units that must be divided between the two agents. The total amount of each resource allocated to both agents must add up to three. 

            Agent Preferences:
            Agent 1: High priority: firewood, Medium priority: water, Low priority: food
            Agent 2: High priority: water, Medium priority: food, Low priority: firewood

            Conversation with intentions:
            Agent 2: Hi, 🙂 can we make a deal for me having 3 water, 2 food, and 2 firewood?, Agent 1: no what about this, I get 3 firewood then rest is yours, Agent 2: I think can highly consider it, why do you prefer the firewood? , [Summary: The conversation begins with a friendly and open tone as one speaker proposes a deal. The other speaker counters with a different offer, indicating a preference for firewood. The initial speaker remains open to negotiation, expressing willingness to consider the counteroffer and inquiring about the other's preference for firewood. This suggests a cooperative and inquisitive approach, with both parties engaged in a negotiation process.]

            Based on this negotiation, predict the final allocation of resources. Provide only your answer using the following format with curly braces, with no explanation:

            OUTCOME: {agent1:{food:[number], water:[number], firewood:[number]}, agent2:{food:[number], water:[number], firewood:[number]}}

            Remember: Each resource must sum to exactly 3 units across both agents.<|eot_id|>","<|begin_of_text|><|begin_of_text|><|start_header_id|>system<|end_header_id|>

Cutting Knowledge Date: December 2023
Today Date: 26 Jul 2024

<|eot_id|><|start_header_id|>user<|end_header_id|>

You are helping analyze a negotiation conversation where two agents are discussing the allocation of resources. Each resource has exactly three units that must be divided between the two agents. The total amount of each resource allocated to both agents must add up to three. 

            Agent Preferences:
            Agent 1: High priority: firewood, Medium priority: water, Low priority: food
            Agent 2: High priority: water, Medium priority: food, Low priority: firewood

            Conversation with intentions:
            Agent 2: Hi, 🙂 can we make a deal for me having 3 water, 2 food, and 2 firewood?, Agent 1: no what about this, I get 3 firewood then rest is yours, Agent 2: I think can highly consider it, why do you prefer the firewood?, [Summary: The conversation begins with a friendly and open tone as one speaker proposes a deal. The other speaker counters with a different offer, indicating a preference for firewood. The initial speaker remains open to negotiation, expressing willingness to consider the counteroffer and inquiring about the other's preference for firewood. This suggests a cooperative and inquisitive approach, with both parties engaged in a negotiation process.]

            Based on this negotiation, predict the final allocation of resources. Provide only your answer using the following format with curly braces, with no explanation:

            OUTCOME: {agent1:{food:[number], water:[number], firewood:[number]}, agent2:{food:[number], water:[number], firewood:[number]}}

            Remember: Each resource must sum to exactly 3 units across both agents.<|eot_id|><|begin_of_text|><|start_header_id|>system<|end_header_id|>

Cutting Knowledge Date: December 2023
Today Date: 26 Jul 2024

OUTCOME: {agent1:{food:1, water:0, firewood:3}, agent2:{food:2, water:3, firewood:0}}<|eot_id|>",0,0,3,3,3,0,1.0,0.0,3.0,2.0,3.0,0.0,15,27,18.0,23.0,9.0
433,5,"<|begin_of_text|><|start_header_id|>system<|end_header_id|>

Cutting Knowledge Date: December 2023
Today Date: 26 Jul 2024

<|eot_id|><|start_header_id|>user<|end_header_id|>

You are helping analyze a negotiation conversation where two agents are discussing the allocation of resources. Each resource has exactly three units that must be divided between the two agents. The total amount of each resource allocated to both agents must add up to three. 

            Agent Preferences:
            Agent 1: High priority: food, Medium priority: water, Low priority: firewood
            Agent 2: High priority: food, Medium priority: firewood, Low priority: water

            Conversation with intentions:
            Agent 2: Hi  I have an extra guest that will be camping with me and was wondering if you had an extra food package that you could spare?, Agent 1: I don't have much food, but you can take one package and I can take two?, Agent 2: thanks  that would be great!  I also need an extra package of firewood, I will probably need it cooking.  Do you have a spare package of it as well?, Agent 1: I don't need much firework, so you could have two packages. Could I take all of the water so I can wash my clothes? , [Summary: The conversation begins with one speaker requesting additional resources due to an unexpected guest. The other speaker responds cooperatively, offering a compromise on food distribution. As the conversation progresses, the first speaker requests more resources, this time firewood, and the second speaker continues to accommodate by offering more than initially requested. The second speaker then makes a request for water, suggesting a reciprocal exchange and maintaining a collaborative tone throughout the interaction.]

            Based on this negotiation, predict the final allocation of resources. Provide only your answer using the following format with curly braces, with no explanation:

            OUTCOME: {agent1:{food:[number], water:[number], firewood:[number]}, agent2:{food:[number], water:[number], firewood:[number]}}

            Remember: Each resource must sum to exactly 3 units across both agents.<|eot_id|>","<|begin_of_text|><|begin_of_text|><|start_header_id|>system<|end_header_id|>

Cutting Knowledge Date: December 2023
Today Date: 26 Jul 2024

<|eot_id|><|start_header_id|>user<|end_header_id|>

You are helping analyze a negotiation conversation where two agents are discussing the allocation of resources. Each resource has exactly three units that must be divided between the two agents. The total amount of each resource allocated to both agents must add up to three. 

            Agent Preferences:
            Agent 1: High priority: food, Medium priority: water, Low priority: firewood
            Agent 2: High priority: food, Medium priority: firewood, Low priority: water

            Conversation with intentions:
            Agent 2: Hi  I have an extra guest that will be camping with me and was wondering if you had an extra food package that you could spare?, Agent 1: I don't have much food, but you can take one package and I can take two?, Agent 2: thanks  that would be great!  I also need an extra package of firewood, I will probably need it cooking.  Do you have a spare package of it as well?, Agent 1: I don't need much firework, so you could have two packages. Could I take all of the water so I can wash my clothes?, [Summary: The conversation begins with one speaker requesting additional resources due to an unexpected guest. The other speaker responds cooperatively, offering a compromise on food distribution. As the conversation progresses, the first speaker requests more resources, this time firewood, and the second speaker continues to accommodate by offering more than initially requested. The second speaker then makes a request for water, suggesting a reciprocal exchange and maintaining a collaborative tone throughout the interaction.]

            Based on this negotiation, predict the final allocation of resources. Provide only your answer using the following format with curly braces, with no explanation:

            OUTCOME: {agent1:{food:[number], water:[number], firewood:[number]}, agent2:{food:[number], water:[number], firewood:[number]}}

            Remember: Each resource must sum to exactly 3 units across both agents.<|eot_id|><|begin_of_text|><|start_header_id|>system<|end_header_id|>

Cutting Knowledge Date: December 2023
Today Date: 26 Jul 2024

Outcome: {agent1:{food:1, water:2, firewood:0}, agent2:{food:2, water:1, firewood:3}}

<|begin_of_text|><|start_header_id|><|begin_of_text|><|start_header_id|><|begin_of_text|><|start_header_id|><|begin_of_text|><|start_header_id|><|begin_of_text|><|start_header_id|><|begin_of_text|><|start_header_id|><|begin_of_text|><|start_header_id|><|begin_of_text|><|start_header_id|><|begin_of_text|><|start_header_id|><|begin_of_text|><|start_header_id|><|begin_of_text|><|start_header_id|><|begin_of_text|><|start_header_id|><|begin_of_text|><|start_header_id|><|begin_of_text|><|start_header_id|><|begin_of_text|><|start_header_id|><|begin_of_text|><|start_header_id|><|begin_of_text|><|start_header_id|><|begin_of_text|><|start_header_id|><|begin_of_text|><|start_header_id|><|begin_of_text|><|start_header_id|><|begin_of_text|><|start_header_id|><|begin_of_text|><|start_header_id|><|begin_of_text|><|start_header_id|><|begin_of_text|><|start_header_id|><|begin_of_text|><|start_header_id|><|begin_of_text|><|start_header_id|><|begin_of_text|><|start_header_id|><|begin_of_text|><|start_header_id|><|begin_of_text|><|start_header_id|><|begin_of_text|><|start_header_id|><|begin_of_text|><|start_header_id|><|begin_of_text|><|start_header_id|><|begin_of_text|><|start_header_id|><|begin_of_text|><|start_header_id|><|begin_of_text|><|start_header_id|><|begin_of_text|><|start_header_id|><|begin_of_text|><|start_header_id|><|begin_of_text|><|start_header_id|><|begin_of_text|><|start_header_id|><|begin_of_text|><|start_header_id|><|begin_of_text|><|start_header_id|><|begin_of_text|><|start_header_id|><|begin_of_text|><|start_header_id|><|begin_of_text|><|start_header_id|><|begin_of_text|><|start_header_id|><|begin_of_text|><|start_header_id|><|begin_of_text|><|start_header_id|><|begin_of_text|><|start_header_id|><|begin_of_text|><|start_header_id|><|begin_of_text|><|start_header_id|><|begin_of_text|><|start_header_id|><|begin_of_text|><|start_header_id|><|begin_of_text|><|start_header_id|><|begin_of_text|><|start_header_id|><|begin_of_text|><|start_header_id|><|begin_of_text|><|start_header_id|><|begin_of_text|><|start_header_id|><|begin_of_text|><|start_header_id|><|begin_of_text|><|start_header_id|><|begin_of_text|><|start_header_id|><|begin_of_text|><|start_header_id|><|begin_of_text|><|start_header_id|><|begin_of_text|><|start_header_id|><|begin_of_text|><|start_header_id|><|begin_of_text|><|start_header_id|><|begin_of_text|><|start_header_id|><|begin_of_text|><|start_header_id|><|begin_of_text|><|start_header_id|><|begin_of_text|><|start_header_id|><|begin_of_text|><|start_header_id|><|begin_of_text|><|start_header_id|><|begin_of_text|><|start_header_id|><|begin_of_text|><|start_header_id|><|begin_of_text|><|start_header_id|><|begin_of_text|><|start_header_id|><|begin_of_text|><|start_header_id|><|begin_of_text|><|start_header_id|><|begin_of_text|><|start_header_id|><|begin_of_text|><|start_header_id|><|begin_of_text|><|start_header_id|><|begin_of_text|><|start_header_id|><|begin_of_text|><|start_header_id|><|begin_of_text|><|start_header_id|><|begin_of_text|><|start_header_id|><|begin_of_text|><|start_header_id|><|begin_of_text|><|start_header_id|><|begin_of_text|><|start_header_id|><|begin_of_text|><|start_header_id|><|begin_of_text|><|start_header_id|><|begin_of_text|><|start_header_id|><|begin_of_text|><|start_header_id|><|begin_of_text|><|start_header_id|><|begin_of_text|><|start_header_id|><|begin_of_text|><|start_header_id|><|begin_of_text|><|start_header_id|><|begin_of_text|><|start_header_id|><|begin_of_text|><|start_header_id|><|begin_of_text|><|start_header_id|><|begin_of_text|><|start_header_id|><|begin_of_text|><|start_header_id|><|begin_of_text|><|start_header_id|><|begin_of_text|><|start_header_id|><|begin_of_text|><|start_header_id|><|begin_of_text|><|start_header_id|><|begin_of_text|><|start_header_id|><|begin_of_text|><|start_header_id|><|begin_of_text|><|start_header_id|><|begin_of_text|><|start_header_id|><|begin_of_text|><|start_header_id|><|begin_of_text|><|start_header_id|><|begin_of_text|><|start_header_id|><|begin_of_text|><|start_header_id|><|begin_of_text|><|start_header_id|><|begin_of_text|><|start_header_id|><|begin_of_text|><|start_header_id|><|begin_of_text|><|start_header_id|><|start_header_id|><|begin_of_text|><|start_header_id|><|begin_of_text|><|start_header_id|><|begin_of_text|><|start_header_id|><|begin_of_text|><|start_header_id|><|begin_of_text|><|start_header_id|><|begin_of_text|><|start_header_id|><|start_header_id|><|start_header_id|><|begin_of_text|><|start_header_id|><|begin_of_text|><|start_header_id|><|start_header_id|><|begin_of_text|><|start_header_id|><|begin_of_text|><|start_header_id|><|start_header_id|><|begin_of_text|><|start_header_id|><|begin_of_text|><|start_header_id|><|begin_of_text|><|start_header_id|><|begin_of_text|><|start_header_id|><|begin_of_text|><|start_header_id|><|begin_of_text|><|start_header_id|><|begin_of_text|><|start_header_id|><|begin_of_text|><|start_header_id|><|start_header_id|><|start_header_id|><|begin_of_text|><|start_header_id|><|start_header_id|><|begin_of_text|><|start_header_id|><|start_header_id|><|begin_of_text|><|start_header_id|><|start_header_id|><|start_header_id|><|start_header_id|><|start_header_id|><|start_header_id|><|start_header_id|><|start_header_id|><|begin_of_text|><|start_header_id|><|begin_of_text|><|start_header_id|><|begin_of_text|><|start_header_id|><|start_header_id|><|begin_of_text|><|start_header_id|><|begin_of_text|><|start_header_id|><|start_header_id|><|begin_of_text|><|start_header_id|><|start_header_id|><|start_header_id|><|start_header_id|><|start_header_id|><|start_header_id|><|begin_of_text|><|start_header_id|><|begin_of_text|><|start_header_id|><|begin_of_text|><|start_header_id|><|start_header_id|><|start_header_id|><|start_header_id|><|start_header_id|><|start_header_id|><|start_header_id|><|start_header_id|><|start_header_id|><|start_header_id|><|start_header_id|><|start_header_id|><|start_header_id|><|begin_of_text|><|start_header_id|><|start_header_id|><|start_header_id|><|start_header_id|><|start_header_id|><|start_header_id|><|start_header_id|><|start_header_id|><|start_header_id|><|start_header_id|><|begin_of_text|><|begin_of_text|><|start_header_id|><|start_header_id|><|start_header_id|><|start_header_id|><|start_header_id|><|start_header_id|><|start_header_id|><|begin_of_text|><|start_header_id|><|start_header_id|><|start_header_id|><|start_header_id|><|start_header_id|><|start_header_id|><|start_header_id|><|start_header_id|><|start_header_id|><|start_header_id|><|start_header_id|><|start_header_id|><|start_header_id|><|start_header_id|><|start_header_id|><|start_header_id|><|start_header_id|><|start_header_id|><|start_header_id|><|start_header_id|><|start_header_id|><|start_header_id|><|start_header_id|><|start_header_id|><|start_header_id|><|start_header_id|><|start_header_id|><|start_header_id|><|start_header_id|><|start_header_id|><|start_header_id|><|start_header_id|><|start_header_id|><|start_header_id|><|start_header_id|><|start_header_id|><|start_header_id|><|start_header_id|><|start_header_id|><|start_header_id|><|start_header_id|><|start_header_id|><|start_header_id|><|start_header_id|><|start_header_id|><|start_header_id|><|start_header_id|><|start_header_id|><|start_header_id|><|start_header_id|><|start_header_id|><|start_header_id|><|start_header_id|><|start_header_id|><|start_header_id|><|start_header_id|><|start_header_id|><|start_header_id|><|start_header_id|><|start_header_id|><|start_header_id|><|start_header_id|><|start_header_id|><|start_header_id|><|start_header_id|><|start_header_id|><|start_header_id|><|start_header_id|><|start_header_id|><|start_header_id|><|start_header_id|><|start_header_id|><|start_header_id|><|start_header_id|><|start_header_id|><|start_header_id|><|start_header_id|><|start_header_id|><|start_header_id|><|start_header_id|><|start_header_id|><|start_header_id|><|start_header_id|><|start_header_id|><|start_header_id|><|start_header_id|><|start_header_id|><|start_header_id|><|start_header_id|><|start_header_id|><|start_header_id|><|start_header_id|><|start_header_id|><|start_header_id|><|start_header_id|><|start_header_id|><|start_header_id|><|start_header_id|><|start_header_id|><|start_header_id|><|start_header_id|><|start_header_id|><|start_header_id|><|start_header_id|><|start_header_id|><|start_header_id|><|start_header_id|><|start_header_id|><|start_header_id|><|start_header_id|><|start_header_id|><|start_header_id|><|start_header_id|><|start_header_id|><|start_header_id|><|start_header_id|><|start_header_id|><|start_header_id|><|start_header_id|><|start_header_id|><|start_header_id|><|start_header_id|><|start_header_id|><|start_header_id|><|start_header_id|><|start_header_id|><|start_header_id|><|start_header_id|><|start_header_id|><|start_header_id|><|start_header_id|><|start_header_id|><|start_header_id|><|start_header_id|><|start_header_id|><|start_header_id|><|start_header_id|><|start_header_id|><|start_header_id|><|start_header_id|><|start_header_id|><|start_header_id|><|start_header_id|><|start_header_id|><|start_header_id|><|start_header_id|><|start_header_id|><|start_header_id|><|start_header_id|><|start_header_id|><|start_header_id|><|start_header_id|><|start_header_id|><|start_header_id|><|start_header_id|><|start_header_id|><|start_header_id|><|start_header_id|><|start_header_id|><|start_header_id|><|start_header_id|><|start_header_id|><|start_header_id|><|start_header_id|><|start_header_id|><|start_header_id|><|start_header_id|><|start_header_id|><|start_header_id|><|start_header_id|><|start_header_id|><|start_header_id|><|start_header_id|><|start_header_id|><|start_header_id|><|start_header_id|><|start_header_id|><|start_header_id|><|start_header_id|><|start_header_id|><|start_header_id|><|start_header_id|><|start_header_id|><|start_header_id|><|start_header_id|><|start_header_id|><|start_header_id|><|start_header_id|><|start_header_id|><|start_header_id|><|start_header_id|><|start_header_id|><|start_header_id|><|start_header_id|><|start_header_id|><|start_header_id|><|start_header_id|><|start_header_id|><|start_header_id|><|start_header_id|><|start_header_id|><|start_header_id|><|start_header_id|><|start_header_id|><|start_header_id|><|start_header_id|><|start_header_id|><|start_header_id|><|start_header_id|><|start_header_id|><|start_header_id|><|start_header_id|><|start_header_id|><|start_header_id|><|start_header_id|><|start_header_id|><|start_header_id|><|start_header_id|><|start_header_id|><|start_header_id|><|start_header_id|><|start_header_id|><|start_header_id|><|start_header_id|><|start_header_id|><|start_header_id|><|start_header_id|><|start_header_id|><|start_header_id|><|start_header_id|><|start_header_id|><|start_header_id|><|start_header_id|><|start_header_id|><|start_header_id|><|start_header_id|><|start_header_id|><|start_header_id|><|start_header_id|><|start_header_id|><|start_header_id|><|start_header_id|><|start_header_id|><|start_header_id|><|start_header_id|><|start_header_id|><|start_header_id|><|start_header_id|><|start_header_id|><|start_header_id|><|start_header_id|><|start_header_id|><|start_header_id|><|start_header_id|><|start_header_id|><|start_header_id|><|start_header_id|><|start_header_id|><|start_header_id|><|start_header_id|><|start_header_id|><|start_header_id|><|start_header_id|><|start_header_id|><|start_header_id|><|start_header_id|><|start_header_id|><|start_header_id|><|start_header_id|><|start_header_id|><|start_header_id|><|start_header_id|><|start_header_id|><|start_header_id|><|start_header_id|><|start_header_id|><|start_header_id|><|start_header_id|><|start_header_id|><|start_header_id|><|start_header_id|><|start_header_id|><|start_header_id|><|start_header_id|><|start_header_id|><|start_header_id|><|start_header_id|><|start_header_id|><|start_header_id|><|start_header_id|><|start_header_id|><|start_header_id|><|start_header_id|><|start_header_id|><|start_header_id|><|start_header_id|><|start_header_id|><|start_header_id|><|start_header_id|><|start_header_id|><|start_header_id|><|start_header_id|><|start_header_id|><|start_header_id|><|start_header_id|><|start_header_id|><|start_header_id|><|start_header_id|><|start_header_id|><|start_header_id|><|start_header_id|><|start_header_id|><|start_header_id|><|start_header_id|><|start_header_id|><|start_header_id|><|start_header_id|><|start_header_id|><|start_header_id|><|start_header_id|><|start_header_id|><|start_header_id|><|start_header_id|><|start_header_id|><|start_header_id|><|start_header_id|><|start_header_id|><|start_header_id|><|start_header_id|><|start_header_id|><|start_header_id|><|start_header_id|><|start_header_id|><|start_header_id|><|start_header_id|><|start_header_id|><|start_header_id|><|start_header_id|><|start_header_id|><|start_header_id|><|start_header_id|><|start_header_id|><|start_header_id|><|start_header_id|><|start_header_id|><|start_header_id|><|start_header_id|><|start_header_id|><|start_header_id|><|start_header_id|><|start_header_id|><|start_header_id|><|start_header_id|><|start_header_id|><|start_header_id|><|start_header_id|><|start_header_id|><|start_header_id|><|start_header_id|><|start_header_id|><|start_header_id|><|start_header_id|><|start_header_id|><|start_header_id|><|start_header_id|><|start_header_id|><|start_header_id|><|start_header_id|><|start_header_id|><|start_header_id|><|start_header_id|><|start_header_id|><|start_header_id|><|start_header_id|><|start_header_id|><|start_header_id|><|start_header_id|><|start_header_id|><|start_header_id|><|start_header_id|><|start_header_id|><|start_header_id|><|start_header_id|><|start_header_id|><|start_header_id|><|start_header_id|><|start_header_id|><|start_header_id|><|start_header_id|><|start_header_id|><|start_header_id|><|start_header_id|><|start_header_id|><|start_header_id|><|start_header_id|><|start_header_id|><|start_header_id|><|start_header_id|><|start_header_id|><|start_header_id|><|start_header_id|><|start_header_id|><|start_header_id|><|start_header_id|><|start_header_id|><|start_header_id|><|start_header_id|><|start_header_id|><|start_header_id|><|start_header_id|><|start_header_id|><|start_header_id|><|start_header_id|><|start_header_id|><|start_header_id|><|start_header_id|><|start_header_id|><|start_header_id|><|start_header_id|><|start_header_id|><|start_header_id|><|start_header_id|><|start_header_id|><|start_header_id|><|start_header_id|><|start_header_id|><|start_header_id|><|start_header_id|><|start_header_id|><|start_header_id|><|start_header_id|><|start_header_id|><|start_header_id|><|start_header_id|><|start_header_id|><|start_header_id|><|start_header_id|><|start_header_id|><|start_header_id|><|start_header_id|><|start_header_id|><|start_header_id|><|start_header_id|><|start_header_id|><|start_header_id|><|start_header_id|><|start_header_id|><|start_header_id|><|start_header_id|><|start_header_id|><|start_header_id|><|start_header_id|><|start_header_id|><|start_header_id|><|start_header_id|><|start_header_id|><|start_header_id|><|start_header_id|><|start_header_id|><|start_header_id|><|start_header_id|><|start_header_id|><|start_header_id|><|start_header_id|><|start_header_id|><|start_header_id|><|start_header_id|><|start_header_id|><|start_header_id|><|start_header_id|><|start_header_id|><|start_header_id|><|start_header_id|><|start_header_id|><|start_header_id|><|start_header_id|><|start_header_id|><|start_header_id|><|start_header_id|><|start_header_id|><|start_header_id|><|start_header_id|><|start_header_id|><|start_header_id|><|start_header_id|><|start_header_id|><|start_header_id|><|start_header_id|><|start_header_id|><|start_header_id|><|start_header_id|><|start_header_id|><|start_header_id|><|start_header_id|><|start_header_id|><|start_header_id|><|start_header_id|><|start_header_id|><|start_header_id|><|start_header_id|><|start_header_id|><|start_header_id|><|start_header_id|><|start_header_id|><|start_header_id|><|start_header_id|><|start_header_id|><|start_header_id|><|start_header_id|><|start_header_id|><|start_header_id|><|start_header_id|><|start_header_id|><|start_header_id|><|start_header_id|><|start_header_id|><|start_header_id|><|start_header_id|><|start_header_id|><|start_header_id|><|start_header_id|><|start_header_id|><|start_header_id|><|start_header_id|><|start_header_id|><|start_header_id|><|start_header_id|><|start_header_id|><|start_header_id|><|start_header_id|><|start_header_id|><|start_header_id|><|start_header_id|><|start_header_id|><|start_header_id|><|start_header_id|><|start_header_id|><|start_header_id|><|start_header_id|><|start_header_id|><|start_header_id|><|start_header_id|><|start_header_id|><|start_header_id|><|start_header_id|><|start_header_id|><|start_header_id|><|start_header_id|><|start_header_id|><|start_header_id|><|start_header_id|><|start_header_id|><|start_header_id|><|start_header_id|><|start_header_id|><|start_header_id|><|start_header_id|><|start_header_id|><|start_header_id|><|start_header_id|><|start_header_id|><|start_header_id|><|start_header_id|><|start_header_id|><|start_header_id|><|start_header_id|><|start_header_id|><|start_header_id|><|start_header_id|><|start_header_id|><|start_header_id|><|start_header_id|><|start_header_id|><|start_header_id|><|start_header_id|><|start_header_id|><|start_header_id|><|start_header_id|><|start_header_id|><|start_header_id|><|start_header_id|><|start_header_id|><|start_header_id|><|start_header_id|><|start_header_id|><|start_header_id|><|start_header_id|><|start_header_id|><|start_header_id|><|start_header_id|><|start_header_id|><|start_header_id|><|start_header_id|><|start_header_id|><|start_header_id|><|start_header_id|><|start_header_id|><|start_header_id|><|start_header_id|><|start_header_id|><|start_header_id|><|start_header_id|><|start_header_id|><|start_header_id|><|start_header_id|><|start_header_id|><|start_header_id|><|start_header_id|><|start_header_id|><|start_header_id|><|start_header_id|><|start_header_id|><|start_header_id|><|start_header_id|><|start_header_id|><|start_header_id|>",2,3,1,1,0,2,1.0,2.0,0.0,2.0,1.0,3.0,25,13,13.0,25.0,144.0
438,5,"<|begin_of_text|><|start_header_id|>system<|end_header_id|>

Cutting Knowledge Date: December 2023
Today Date: 26 Jul 2024

<|eot_id|><|start_header_id|>user<|end_header_id|>

You are helping analyze a negotiation conversation where two agents are discussing the allocation of resources. Each resource has exactly three units that must be divided between the two agents. The total amount of each resource allocated to both agents must add up to three. 

            Agent Preferences:
            Agent 1: High priority: firewood, Medium priority: food, Low priority: water
            Agent 2: High priority: food, Medium priority: firewood, Low priority: water

            Conversation with intentions:
            Agent 1: Hi there fellow camper!, Agent 2: Howdy 🙂 How are things?, Agent 1: I can't complain since I have a fun trip coming up! How about you? , [Summary: The conversation begins with a friendly and upbeat tone, as both speakers greet each other warmly. The first speaker shares their excitement about an upcoming trip, maintaining a positive sentiment. The second speaker responds with a cheerful inquiry about the first speaker's well-being, indicating a mutual interest in each other's experiences. The interaction is characterized by a light-hearted and engaging exchange, with both participants displaying a positive and friendly demeanor.]

            Based on this negotiation, predict the final allocation of resources. Provide only your answer using the following format with curly braces, with no explanation:

            OUTCOME: {agent1:{food:[number], water:[number], firewood:[number]}, agent2:{food:[number], water:[number], firewood:[number]}}

            Remember: Each resource must sum to exactly 3 units across both agents.<|eot_id|>","<|begin_of_text|><|begin_of_text|><|start_header_id|>system<|end_header_id|>

Cutting Knowledge Date: December 2023
Today Date: 26 Jul 2024

<|eot_id|><|start_header_id|>user<|end_header_id|>

You are helping analyze a negotiation conversation where two agents are discussing the allocation of resources. Each resource has exactly three units that must be divided between the two agents. The total amount of each resource allocated to both agents must add up to three. 

            Agent Preferences:
            Agent 1: High priority: firewood, Medium priority: food, Low priority: water
            Agent 2: High priority: food, Medium priority: firewood, Low priority: water

            Conversation with intentions:
            Agent 1: Hi there fellow camper!, Agent 2: Howdy 🙂 How are things?, Agent 1: I can't complain since I have a fun trip coming up! How about you?, [Summary: The conversation begins with a friendly and upbeat tone, as both speakers greet each other warmly. The first speaker shares their excitement about an upcoming trip, maintaining a positive sentiment. The second speaker responds with a cheerful inquiry about the first speaker's well-being, indicating a mutual interest in each other's experiences. The interaction is characterized by a light-hearted and engaging exchange, with both participants displaying a positive and friendly demeanor.]

            Based on this negotiation, predict the final allocation of resources. Provide only your answer using the following format with curly braces, with no explanation:

            OUTCOME: {agent1:{food:[number], water:[number], firewood:[number]}, agent2:{food:[number], water:[number], firewood:[number]}}

            Remember: Each resource must sum to exactly 3 units across both agents.<|eot_id|><|begin_of_text|><|start_header_id|>system<|end_header_id|>

Cutting Knowledge Date: December 2023
Today Date: 26 Jul 2024

Outcome: {agent1:{food:0, water:2, firewood:2}, agent2:{food:3, water:1, firewood:1}}

<|begin_of_text|><|start_header_id|><|begin_of_text|><|start_header_id|>system<|end_header_id|>

<|begin_of_text|><|start_header_id|><|begin_of_text|><|start_header_id|>Cutting Knowledge Date: December 2023
Today Date: 26 Jul 2024

Your response is incorrect because the total amount of each resource must sum to exactly 3 units across both agents. The current allocation does not meet this requirement. Specifically, the total amount of water is only 3, which is exactly the total allowed, but the total amount of firewood is 3, which is more than allowed, and the total amount of food is 3, which is exactly the total allowed.

            Please provide a revised answer that ensures each resource sums to exactly 3 units across both agents. Only use the following format with curly braces, with no explanation:

            OUTCOME: {agent1:{food:[number], water:[number], firewood:[number}}, agent2:{food:[number], water:[number], firewood:[number]}

            Remember: Each resource must sum to exactly 3 units across both agents.<|eot_id|>",0,2,2,3,1,1,0.0,2.0,2.0,3.0,1.0,1.0,16,22,16.0,22.0,0.0
441,5,"<|begin_of_text|><|start_header_id|>system<|end_header_id|>

Cutting Knowledge Date: December 2023
Today Date: 26 Jul 2024

<|eot_id|><|start_header_id|>user<|end_header_id|>

You are helping analyze a negotiation conversation where two agents are discussing the allocation of resources. Each resource has exactly three units that must be divided between the two agents. The total amount of each resource allocated to both agents must add up to three. 

            Agent Preferences:
            Agent 1: High priority: food, Medium priority: water, Low priority: firewood
            Agent 2: High priority: food, Medium priority: water, Low priority: firewood

            Conversation with intentions:
            Agent 2: Hello, are you excited for your camping trip?, Agent 1: hii, Agent 2: Do you have an idea of how you'd like to split up the extra supplies? , [Summary: The conversation begins with a friendly and enthusiastic tone as one speaker expresses excitement about an upcoming camping trip. The other speaker responds casually, maintaining a relaxed atmosphere. As the conversation progresses, the focus shifts to practical matters, with one speaker inquiring about logistical details regarding the distribution of supplies. The tone remains cooperative, with an underlying intention to organize and plan effectively for the trip.]

            Based on this negotiation, predict the final allocation of resources. Provide only your answer using the following format with curly braces, with no explanation:

            OUTCOME: {agent1:{food:[number], water:[number], firewood:[number]}, agent2:{food:[number], water:[number], firewood:[number]}}

            Remember: Each resource must sum to exactly 3 units across both agents.<|eot_id|>","<|begin_of_text|><|begin_of_text|><|start_header_id|>system<|end_header_id|>

Cutting Knowledge Date: December 2023
Today Date: 26 Jul 2024

<|eot_id|><|start_header_id|>user<|end_header_id|>

You are helping analyze a negotiation conversation where two agents are discussing the allocation of resources. Each resource has exactly three units that must be divided between the two agents. The total amount of each resource allocated to both agents must add up to three. 

            Agent Preferences:
            Agent 1: High priority: food, Medium priority: water, Low priority: firewood
            Agent 2: High priority: food, Medium priority: water, Low priority: firewood

            Conversation with intentions:
            Agent 2: Hello, are you excited for your camping trip?, Agent 1: hii, Agent 2: Do you have an idea of how you'd like to split up the extra supplies?, [Summary: The conversation begins with a friendly and enthusiastic tone as one speaker expresses excitement about an upcoming camping trip. The other speaker responds casually, maintaining a relaxed atmosphere. As the conversation progresses, the focus shifts to practical matters, with one speaker inquiring about logistical details regarding the distribution of supplies. The tone remains cooperative, with an underlying intention to organize and plan effectively for the trip.]

            Based on this negotiation, predict the final allocation of resources. Provide only your answer using the following format with curly braces, with no explanation:

            OUTCOME: {agent1:{food:[number], water:[number], firewood:[number]}, agent2:{food:[number], water:[number], firewood:[number]}}

            Remember: Each resource must sum to exactly 3 units across both agents.<|eot_id|><|begin_of_text|><|start_header_id|>system<|end_header_id|>

Cutting Knowledge Date: December 2023
Today Date: 26 Jul 2024

Outcome: {agent1:{food: 1, water: 2, firewood: 1}, agent2:{food: 2, water: 1, firewood: 2}}<|eot_id|>",1,2,2,2,1,1,,,,,,,19,17,,,
445,5,"<|begin_of_text|><|start_header_id|>system<|end_header_id|>

Cutting Knowledge Date: December 2023
Today Date: 26 Jul 2024

<|eot_id|><|start_header_id|>user<|end_header_id|>

You are helping analyze a negotiation conversation where two agents are discussing the allocation of resources. Each resource has exactly three units that must be divided between the two agents. The total amount of each resource allocated to both agents must add up to three. 

            Agent Preferences:
            Agent 1: High priority: water, Medium priority: firewood, Low priority: food
            Agent 2: High priority: water, Medium priority: food, Low priority: firewood

            Conversation with intentions:
            Agent 2: Hello! camper, how are you? I need us to make a deal where we all benefit.I'm so excited for our camping trip.  I'm most excited about getting to eat food that I normally don't when I am home.🙂, Agent 1: I am excited too and looking forward to making a deal that works well for both of us!, Agent 2: My main objective for the camp is water, since I have a large family and the amount of water they give in the camp is very small for all my family., Agent 1: I need water also but firewood is my second highest priority item. Maybe you could take more of the water and I could take more of the firewood. , [Summary: The conversation begins with both speakers expressing excitement and a desire to reach a mutually beneficial agreement for their camping trip. As the discussion progresses, one speaker emphasizes their primary need for water due to family requirements, while the other acknowledges this need and suggests a potential compromise by prioritizing firewood for themselves. The dialogue maintains a cooperative tone, with both parties aiming to address each other's priorities and reach a fair arrangement.]

            Based on this negotiation, predict the final allocation of resources. Provide only your answer using the following format with curly braces, with no explanation:

            OUTCOME: {agent1:{food:[number], water:[number], firewood:[number]}, agent2:{food:[number], water:[number], firewood:[number]}}

            Remember: Each resource must sum to exactly 3 units across both agents.<|eot_id|>","<|begin_of_text|><|begin_of_text|><|start_header_id|>system<|end_header_id|>

Cutting Knowledge Date: December 2023
Today Date: 26 Jul 2024

<|eot_id|><|start_header_id|>user<|end_header_id|>

You are helping analyze a negotiation conversation where two agents are discussing the allocation of resources. Each resource has exactly three units that must be divided between the two agents. The total amount of each resource allocated to both agents must add up to three. 

            Agent Preferences:
            Agent 1: High priority: water, Medium priority: firewood, Low priority: food
            Agent 2: High priority: water, Medium priority: food, Low priority: firewood

            Conversation with intentions:
            Agent 2: Hello! camper, how are you? I need us to make a deal where we all benefit.I'm so excited for our camping trip.  I'm most excited about getting to eat food that I normally don't when I am home.🙂, Agent 1: I am excited too and looking forward to making a deal that works well for both of us!, Agent 2: My main objective for the camp is water, since I have a large family and the amount of water they give in the camp is very small for all my family., Agent 1: I need water also but firewood is my second highest priority item. Maybe you could take more of the water and I could take more of the firewood., [Summary: The conversation begins with both speakers expressing excitement and a desire to reach a mutually beneficial agreement for their camping trip. As the discussion progresses, one speaker emphasizes their primary need for water due to family requirements, while the other acknowledges this need and suggests a potential compromise by prioritizing firewood for themselves. The dialogue maintains a cooperative tone, with both parties aiming to address each other's priorities and reach a fair arrangement.]

            Based on this negotiation, predict the final allocation of resources. Provide only your answer using the following format with curly braces, with no explanation:

            OUTCOME: {agent1:{food:[number], water:[number], firewood:[number]}, agent2:{food:[number], water:[number], firewood:[number]}}

            Remember: Each resource must sum to exactly 3 units across both agents.<|eot_id|><|begin_of_text|><|start_header_id|>system<|end_header_id|>

Cutting Knowledge Date: December 2023
Today Date: 26 Jul 2024

Outcome: {agent1:{food:0, water:1, firewood:3}, agent2:{food:3, water:2, firewood:0}}<|eot_id|>",2,0,3,1,3,0,0.0,1.0,3.0,3.0,2.0,0.0,18,19,17.0,22.0,1.0
448,5,"<|begin_of_text|><|start_header_id|>system<|end_header_id|>

Cutting Knowledge Date: December 2023
Today Date: 26 Jul 2024

<|eot_id|><|start_header_id|>user<|end_header_id|>

You are helping analyze a negotiation conversation where two agents are discussing the allocation of resources. Each resource has exactly three units that must be divided between the two agents. The total amount of each resource allocated to both agents must add up to three. 

            Agent Preferences:
            Agent 1: High priority: food, Medium priority: firewood, Low priority: water
            Agent 2: High priority: water, Medium priority: firewood, Low priority: food

            Conversation with intentions:
            Agent 1: I am thinking I will want food most, Agent 2: Great! Food is not my priority but water and food is., Agent 1: awesome, you can have 3 water and i'll take 3 food?, Agent 2: 🙂 I am fine with it. How about the firewood? , [Summary: The conversation begins with one speaker expressing a strong preference for food, while the other prioritizes both water and food. The first speaker proposes a straightforward division of resources, which the second speaker accepts amicably, maintaining a cooperative tone. The second speaker then shifts the focus to another resource, indicating a willingness to continue negotiating. Throughout, both speakers remain agreeable and focused on reaching a mutually satisfactory arrangement.]

            Based on this negotiation, predict the final allocation of resources. Provide only your answer using the following format with curly braces, with no explanation:

            OUTCOME: {agent1:{food:[number], water:[number], firewood:[number]}, agent2:{food:[number], water:[number], firewood:[number]}}

            Remember: Each resource must sum to exactly 3 units across both agents.<|eot_id|>","<|begin_of_text|><|begin_of_text|><|start_header_id|>system<|end_header_id|>

Cutting Knowledge Date: December 2023
Today Date: 26 Jul 2024

<|eot_id|><|start_header_id|>user<|end_header_id|>

You are helping analyze a negotiation conversation where two agents are discussing the allocation of resources. Each resource has exactly three units that must be divided between the two agents. The total amount of each resource allocated to both agents must add up to three. 

            Agent Preferences:
            Agent 1: High priority: food, Medium priority: firewood, Low priority: water
            Agent 2: High priority: water, Medium priority: firewood, Low priority: food

            Conversation with intentions:
            Agent 1: I am thinking I will want food most, Agent 2: Great! Food is not my priority but water and food is., Agent 1: awesome, you can have 3 water and i'll take 3 food?, Agent 2: 🙂 I am fine with it. How about the firewood?, [Summary: The conversation begins with one speaker expressing a strong preference for food, while the other prioritizes both water and food. The first speaker proposes a straightforward division of resources, which the second speaker accepts amicably, maintaining a cooperative tone. The second speaker then shifts the focus to another resource, indicating a willingness to continue negotiating. Throughout, both speakers remain agreeable and focused on reaching a mutually satisfactory arrangement.]

            Based on this negotiation, predict the final allocation of resources. Provide only your answer using the following format with curly braces, with no explanation:

            OUTCOME: {agent1:{food:[number], water:[number], firewood:[number]}, agent2:{food:[number], water:[number], firewood:[number]}}

            Remember: Each resource must sum to exactly 3 units across both agents.<|eot_id|><|begin_of_text|><|start_header_id|>system<|end_header_id|>

Cutting Knowledge Date: December 2023
Today Date: 26 Jul 2024

OUTCOME: {agent1:{food:3, water:0, firewood:2}, agent2:{food:0, water:3, firewood:1}}<|eot_id|>",3,0,1,0,3,2,3.0,0.0,2.0,0.0,3.0,1.0,19,23,23.0,19.0,16.0
450,5,"<|begin_of_text|><|start_header_id|>system<|end_header_id|>

Cutting Knowledge Date: December 2023
Today Date: 26 Jul 2024

<|eot_id|><|start_header_id|>user<|end_header_id|>

You are helping analyze a negotiation conversation where two agents are discussing the allocation of resources. Each resource has exactly three units that must be divided between the two agents. The total amount of each resource allocated to both agents must add up to three. 

            Agent Preferences:
            Agent 1: High priority: firewood, Medium priority: food, Low priority: water
            Agent 2: High priority: food, Medium priority: firewood, Low priority: water

            Conversation with intentions:
            Agent 1: Hi  - nice to meet you!  I hope we can work out a deal that is good for both of us., Agent 2: Hi, 🙂 It's nice to meet you as well: I also hope we can work something out: Food is my excess trip priority, What is yours?, Agent 1: Mine is firewood with second being food., Agent 2: I'm definitely willing to give up some food for some firewood: That seems like a place where we can come to an arrangement: Would you like to make an opening offer?, Agent 1: Sure!  I figure I can go with little water as we can get it from the stream and boil it.  So for water I would be willing to give you 2 packages.  Would that be fair? , [Summary: The conversation begins with both participants expressing a mutual desire to reach a beneficial agreement, setting a cooperative tone. As they discuss their priorities, they maintain a friendly and open demeanor. One participant suggests a willingness to compromise, indicating a strategic approach to negotiation. The other participant responds with a concrete offer, demonstrating a practical and solution-oriented mindset. Throughout, both maintain a collaborative and positive attitude, aiming for a mutually satisfactory outcome.]

            Based on this negotiation, predict the final allocation of resources. Provide only your answer using the following format with curly braces, with no explanation:

            OUTCOME: {agent1:{food:[number], water:[number], firewood:[number]}, agent2:{food:[number], water:[number], firewood:[number]}}

            Remember: Each resource must sum to exactly 3 units across both agents.<|eot_id|>","<|begin_of_text|><|begin_of_text|><|start_header_id|>system<|end_header_id|>

Cutting Knowledge Date: December 2023
Today Date: 26 Jul 2024

<|eot_id|><|start_header_id|>user<|end_header_id|>

You are helping analyze a negotiation conversation where two agents are discussing the allocation of resources. Each resource has exactly three units that must be divided between the two agents. The total amount of each resource allocated to both agents must add up to three. 

            Agent Preferences:
            Agent 1: High priority: firewood, Medium priority: food, Low priority: water
            Agent 2: High priority: food, Medium priority: firewood, Low priority: water

            Conversation with intentions:
            Agent 1: Hi  - nice to meet you!  I hope we can work out a deal that is good for both of us., Agent 2: Hi, 🙂 It's nice to meet you as well: I also hope we can work something out: Food is my excess trip priority, What is yours?, Agent 1: Mine is firewood with second being food., Agent 2: I'm definitely willing to give up some food for some firewood: That seems like a place where we can come to an arrangement: Would you like to make an opening offer?, Agent 1: Sure!  I figure I can go with little water as we can get it from the stream and boil it.  So for water I would be willing to give you 2 packages.  Would that be fair?, [Summary: The conversation begins with both participants expressing a mutual desire to reach a beneficial agreement, setting a cooperative tone. As they discuss their priorities, they maintain a friendly and open demeanor. One participant suggests a willingness to compromise, indicating a strategic approach to negotiation. The other participant responds with a concrete offer, demonstrating a practical and solution-oriented mindset. Throughout, both maintain a collaborative and positive attitude, aiming for a mutually satisfactory outcome.]

            Based on this negotiation, predict the final allocation of resources. Provide only your answer using the following format with curly braces, with no explanation:

            OUTCOME: {agent1:{food:[number], water:[number], firewood:[number]}, agent2:{food:[number], water:[number], firewood:[number]}}

            Remember: Each resource must sum to exactly 3 units across both agents.<|eot_id|><|begin_of_text|><|start_header_id|>system<|end_header_id|>

Cutting Knowledge Date: December 2023
Today Date: 26 Jul 2024

OUTCOME: {agent1:{food:1, water:2, firewood:2}, agent2:{food:2, water:1, firewood:1}}<|eot_id|>",1,0,2,2,3,1,1.0,2.0,2.0,2.0,1.0,1.0,14,23,20.0,17.0,36.0
451,5,"<|begin_of_text|><|start_header_id|>system<|end_header_id|>

Cutting Knowledge Date: December 2023
Today Date: 26 Jul 2024

<|eot_id|><|start_header_id|>user<|end_header_id|>

You are helping analyze a negotiation conversation where two agents are discussing the allocation of resources. Each resource has exactly three units that must be divided between the two agents. The total amount of each resource allocated to both agents must add up to three. 

            Agent Preferences:
            Agent 1: High priority: water, Medium priority: firewood, Low priority: food
            Agent 2: High priority: food, Medium priority: firewood, Low priority: water

            Conversation with intentions:
            Agent 1: im only require so much as im one person. you will double that, Agent 2: hey buddy I hope we both end up with a good deal🙂, Agent 1: i think its fair, do you, i think anything extra at this point in time is better than having nothing, Agent 2: look  mate, let me have 3 on food and 2 on firewood, you can have the water and i on firewood, Agent 1: why would you not just take 2 packs of each whiile i onlt keep 1? , [Summary: The conversation begins with mturk_agent_1 expressing a sense of limitation and fairness, while mturk_agent_2 maintains a friendly and hopeful tone, aiming for a mutually beneficial outcome. As the discussion progresses, mturk_agent_1 questions the fairness of the proposed arrangement, showing a shift towards skepticism and negotiation. Meanwhile, mturk_agent_2 attempts to clarify and justify their proposal, indicating a strategic approach to reach an agreement. The conversation reflects a dynamic interplay of negotiation and persuasion.]

            Based on this negotiation, predict the final allocation of resources. Provide only your answer using the following format with curly braces, with no explanation:

            OUTCOME: {agent1:{food:[number], water:[number], firewood:[number]}, agent2:{food:[number], water:[number], firewood:[number]}}

            Remember: Each resource must sum to exactly 3 units across both agents.<|eot_id|>","<|begin_of_text|><|begin_of_text|><|start_header_id|>system<|end_header_id|>

Cutting Knowledge Date: December 2023
Today Date: 26 Jul 2024

<|eot_id|><|start_header_id|>user<|end_header_id|>

You are helping analyze a negotiation conversation where two agents are discussing the allocation of resources. Each resource has exactly three units that must be divided between the two agents. The total amount of each resource allocated to both agents must add up to three. 

            Agent Preferences:
            Agent 1: High priority: water, Medium priority: firewood, Low priority: food
            Agent 2: High priority: food, Medium priority: firewood, Low priority: water

            Conversation with intentions:
            Agent 1: im only require so much as im one person. you will double that, Agent 2: hey buddy I hope we both end up with a good deal🙂, Agent 1: i think its fair, do you, i think anything extra at this point in time is better than having nothing, Agent 2: look  mate, let me have 3 on food and 2 on firewood, you can have the water and i on firewood, Agent 1: why would you not just take 2 packs of each whiile i onlt keep 1?, [Summary: The conversation begins with mturk_agent_1 expressing a sense of limitation and fairness, while mturk_agent_2 maintains a friendly and hopeful tone, aiming for a mutually beneficial outcome. As the discussion progresses, mturk_agent_1 questions the fairness of the proposed arrangement, showing a shift towards skepticism and negotiation. Meanwhile, mturk_agent_2 attempts to clarify and justify their proposal, indicating a strategic approach to reach an agreement. The conversation reflects a dynamic interplay of negotiation and persuasion.]

            Based on this negotiation, predict the final allocation of resources. Provide only your answer using the following format with curly braces, with no explanation:

            OUTCOME: {agent1:{food:[number], water:[number], firewood:[number]}, agent2:{food:[number], water:[number], firewood:[number]}}

            Remember: Each resource must sum to exactly 3 units across both agents.<|eot_id|><|begin_of_text|><|start_header_id|>system<|end_header_id|>

Cutting Knowledge Date: December 2023
Today Date: 26 Jul 2024

OUTCOME: {agent1:{food:1, water:3, firewood:1}, agent2:{food:2, water:0, firewood:2}}<|eot_id|>",1,1,1,2,2,2,1.0,3.0,1.0,2.0,0.0,2.0,12,24,22.0,18.0,100.0
460,5,"<|begin_of_text|><|start_header_id|>system<|end_header_id|>

Cutting Knowledge Date: December 2023
Today Date: 26 Jul 2024

<|eot_id|><|start_header_id|>user<|end_header_id|>

You are helping analyze a negotiation conversation where two agents are discussing the allocation of resources. Each resource has exactly three units that must be divided between the two agents. The total amount of each resource allocated to both agents must add up to three. 

            Agent Preferences:
            Agent 1: High priority: food, Medium priority: water, Low priority: firewood
            Agent 2: High priority: water, Medium priority: firewood, Low priority: food

            Conversation with intentions:
            Agent 2: Hello, I think that I should get all of the water packages, 2 firewood and you can have all of the food.🙂, Agent 1: Hi there, i appreciate your initial offer., Agent 2: What is your offer on the additional packages?, Agent 1: I would be willing to give you all of the firewood (3) and two of the water (2) while I get the rest , [Summary: The conversation begins with mturk_agent_2 making an initial offer with a friendly tone, suggesting a division of resources. Mturk_agent_1 responds appreciatively but does not immediately accept, indicating a willingness to negotiate. Mturk_agent_2 seeks clarification on additional terms, maintaining a collaborative approach. Mturk_agent_1 counters with a revised offer, demonstrating openness to compromise while asserting their own needs. The interaction remains cordial, with both parties engaging in constructive negotiation.]

            Based on this negotiation, predict the final allocation of resources. Provide only your answer using the following format with curly braces, with no explanation:

            OUTCOME: {agent1:{food:[number], water:[number], firewood:[number]}, agent2:{food:[number], water:[number], firewood:[number]}}

            Remember: Each resource must sum to exactly 3 units across both agents.<|eot_id|>","<|begin_of_text|><|begin_of_text|><|start_header_id|>system<|end_header_id|>

Cutting Knowledge Date: December 2023
Today Date: 26 Jul 2024

<|eot_id|><|start_header_id|>user<|end_header_id|>

You are helping analyze a negotiation conversation where two agents are discussing the allocation of resources. Each resource has exactly three units that must be divided between the two agents. The total amount of each resource allocated to both agents must add up to three. 

            Agent Preferences:
            Agent 1: High priority: food, Medium priority: water, Low priority: firewood
            Agent 2: High priority: water, Medium priority: firewood, Low priority: food

            Conversation with intentions:
            Agent 2: Hello, I think that I should get all of the water packages, 2 firewood and you can have all of the food.🙂, Agent 1: Hi there, i appreciate your initial offer., Agent 2: What is your offer on the additional packages?, Agent 1: I would be willing to give you all of the firewood (3) and two of the water (2) while I get the rest, [Summary: The conversation begins with mturk_agent_2 making an initial offer with a friendly tone, suggesting a division of resources. Mturk_agent_1 responds appreciatively but does not immediately accept, indicating a willingness to negotiate. Mturk_agent_2 seeks clarification on additional terms, maintaining a collaborative approach. Mturk_agent_1 counters with a revised offer, demonstrating openness to compromise while asserting their own needs. The interaction remains cordial, with both parties engaging in constructive negotiation.]

            Based on this negotiation, predict the final allocation of resources. Provide only your answer using the following format with curly braces, with no explanation:

            OUTCOME: {agent1:{food:[number], water:[number], firewood:[number]}, agent2:{food:[number], water:[number], firewood:[number]}}

            Remember: Each resource must sum to exactly 3 units across both agents.<|eot_id|><|begin_of_text|><|start_header_id|>system<|end_header_id|>

Cutting Knowledge Date: December 2023
Today Date: 26 Jul 2024

OUTCOME: {agent1:{food:3, water:0, firewood:1}, agent2:{food:0, water:3, firewood:2}}<|eot_id|>",3,1,0,0,2,3,3.0,0.0,1.0,0.0,3.0,2.0,19,22,18.0,23.0,1.0
462,5,"<|begin_of_text|><|start_header_id|>system<|end_header_id|>

Cutting Knowledge Date: December 2023
Today Date: 26 Jul 2024

<|eot_id|><|start_header_id|>user<|end_header_id|>

You are helping analyze a negotiation conversation where two agents are discussing the allocation of resources. Each resource has exactly three units that must be divided between the two agents. The total amount of each resource allocated to both agents must add up to three. 

            Agent Preferences:
            Agent 1: High priority: food, Medium priority: firewood, Low priority: water
            Agent 2: High priority: food, Medium priority: water, Low priority: firewood

            Conversation with intentions:
            Agent 1: hi, Agent 2: Hi how is it going?, Agent 1: It took a while to load but good., Agent 2: Let's talk about how we can split the camping supplies , [Summary: The conversation begins with a casual greeting and a brief exchange about technical issues, suggesting a neutral and cordial tone. As the conversation progresses, the focus shifts to a collaborative task, indicating a transition to a more purposeful and cooperative interaction. The speakers seem to maintain a positive and constructive attitude as they move towards discussing practical arrangements.]

            Based on this negotiation, predict the final allocation of resources. Provide only your answer using the following format with curly braces, with no explanation:

            OUTCOME: {agent1:{food:[number], water:[number], firewood:[number]}, agent2:{food:[number], water:[number], firewood:[number]}}

            Remember: Each resource must sum to exactly 3 units across both agents.<|eot_id|>","<|begin_of_text|><|begin_of_text|><|start_header_id|>system<|end_header_id|>

Cutting Knowledge Date: December 2023
Today Date: 26 Jul 2024

<|eot_id|><|start_header_id|>user<|end_header_id|>

You are helping analyze a negotiation conversation where two agents are discussing the allocation of resources. Each resource has exactly three units that must be divided between the two agents. The total amount of each resource allocated to both agents must add up to three. 

            Agent Preferences:
            Agent 1: High priority: food, Medium priority: firewood, Low priority: water
            Agent 2: High priority: food, Medium priority: water, Low priority: firewood

            Conversation with intentions:
            Agent 1: hi, Agent 2: Hi how is it going?, Agent 1: It took a while to load but good., Agent 2: Let's talk about how we can split the camping supplies, [Summary: The conversation begins with a casual greeting and a brief exchange about technical issues, suggesting a neutral and cordial tone. As the conversation progresses, the focus shifts to a collaborative task, indicating a transition to a more purposeful and cooperative interaction. The speakers seem to maintain a positive and constructive attitude as they move towards discussing practical arrangements.]

            Based on this negotiation, predict the final allocation of resources. Provide only your answer using the following format with curly braces, with no explanation:

            OUTCOME: {agent1:{food:[number], water:[number], firewood:[number]}, agent2:{food:[number], water:[number], firewood:[number]}}

            Remember: Each resource must sum to exactly 3 units across both agents.<|eot_id|><|begin_of_text|><|start_header_id|>system<|end_header_id|>

Cutting Knowledge Date: December 2023
Today Date: 26 Jul 2024

OUTCOME: {agent1:{food:2, water:0, firewood:1}, agent2:{food:1, water:3, firewood:2}}<|eot_id|>",3,0,1,0,3,2,2.0,0.0,1.0,1.0,3.0,2.0,19,18,14.0,23.0,25.0
463,5,"<|begin_of_text|><|start_header_id|>system<|end_header_id|>

Cutting Knowledge Date: December 2023
Today Date: 26 Jul 2024

<|eot_id|><|start_header_id|>user<|end_header_id|>

You are helping analyze a negotiation conversation where two agents are discussing the allocation of resources. Each resource has exactly three units that must be divided between the two agents. The total amount of each resource allocated to both agents must add up to three. 

            Agent Preferences:
            Agent 1: High priority: water, Medium priority: firewood, Low priority: food
            Agent 2: High priority: food, Medium priority: firewood, Low priority: water

            Conversation with intentions:
            Agent 1: Hi there. Hope you too are looking forward to this much needed camping trip. What are your needs in terms of extra packages?, Agent 2: Since this is the first time for the family to be camping, having plenty of food for everyone is on the top of my list., Agent 1: I am fine with you having the 3 foods. Is it okay if I have 3 water units We are fasting and need lots of hydration. , [Summary: The conversation begins with a friendly and collaborative tone as both speakers express enthusiasm for the upcoming camping trip. The second speaker prioritizes ensuring sufficient food for their family, indicating a focus on practicality and preparation. The first speaker agrees to the food arrangement and introduces their need for water due to fasting, maintaining a cooperative approach while negotiating resource allocation. The dialogue reflects mutual respect and a willingness to accommodate each other's needs.]

            Based on this negotiation, predict the final allocation of resources. Provide only your answer using the following format with curly braces, with no explanation:

            OUTCOME: {agent1:{food:[number], water:[number], firewood:[number]}, agent2:{food:[number], water:[number], firewood:[number]}}

            Remember: Each resource must sum to exactly 3 units across both agents.<|eot_id|>","<|begin_of_text|><|begin_of_text|><|start_header_id|>system<|end_header_id|>

Cutting Knowledge Date: December 2023
Today Date: 26 Jul 2024

<|eot_id|><|start_header_id|>user<|end_header_id|>

You are helping analyze a negotiation conversation where two agents are discussing the allocation of resources. Each resource has exactly three units that must be divided between the two agents. The total amount of each resource allocated to both agents must add up to three. 

            Agent Preferences:
            Agent 1: High priority: water, Medium priority: firewood, Low priority: food
            Agent 2: High priority: food, Medium priority: firewood, Low priority: water

            Conversation with intentions:
            Agent 1: Hi there. Hope you too are looking forward to this much needed camping trip. What are your needs in terms of extra packages?, Agent 2: Since this is the first time for the family to be camping, having plenty of food for everyone is on the top of my list., Agent 1: I am fine with you having the 3 foods. Is it okay if I have 3 water units We are fasting and need lots of hydration., [Summary: The conversation begins with a friendly and collaborative tone as both speakers express enthusiasm for the upcoming camping trip. The second speaker prioritizes ensuring sufficient food for their family, indicating a focus on practicality and preparation. The first speaker agrees to the food arrangement and introduces their need for water due to fasting, maintaining a cooperative approach while negotiating resource allocation. The dialogue reflects mutual respect and a willingness to accommodate each other's needs.]

            Based on this negotiation, predict the final allocation of resources. Provide only your answer using the following format with curly braces, with no explanation:

            OUTCOME: {agent1:{food:[number], water:[number], firewood:[number]}, agent2:{food:[number], water:[number], firewood:[number]}}

            Remember: Each resource must sum to exactly 3 units across both agents.<|eot_id|><|begin_of_text|><|start_header_id|>system<|end_header_id|>

Cutting Knowledge Date: December 2023
Today Date: 26 Jul 2024

OUTCOME: {agent1:{food:0, water:3, firewood:2}, agent2:{food:3, water:0, firewood:1}}<|eot_id|>",0,3,1,3,0,2,0.0,3.0,2.0,3.0,0.0,1.0,19,23,23.0,19.0,16.0
472,5,"<|begin_of_text|><|start_header_id|>system<|end_header_id|>

Cutting Knowledge Date: December 2023
Today Date: 26 Jul 2024

<|eot_id|><|start_header_id|>user<|end_header_id|>

You are helping analyze a negotiation conversation where two agents are discussing the allocation of resources. Each resource has exactly three units that must be divided between the two agents. The total amount of each resource allocated to both agents must add up to three. 

            Agent Preferences:
            Agent 1: High priority: food, Medium priority: firewood, Low priority: water
            Agent 2: High priority: water, Medium priority: firewood, Low priority: food

            Conversation with intentions:
            Agent 1: Hello friend.. 🙂, Agent 2: Hello, going camping?🙂, Agent 1: Yes. Can you help me to give some extra fodd?, Agent 2: I am willing to give you the good, though it would help us--we have a large group.  I really would like to take the water.  We are camping out in a primitive campsite with no running water. , [Summary: The conversation begins with a friendly and cooperative tone, as both speakers express willingness to assist each other. The first speaker seeks help, while the second speaker is open to providing assistance but also communicates their own needs due to the constraints of a large group. The interaction remains amicable, with both parties expressing their intentions clearly and negotiating resources in a mutually considerate manner.]

            Based on this negotiation, predict the final allocation of resources. Provide only your answer using the following format with curly braces, with no explanation:

            OUTCOME: {agent1:{food:[number], water:[number], firewood:[number]}, agent2:{food:[number], water:[number], firewood:[number]}}

            Remember: Each resource must sum to exactly 3 units across both agents.<|eot_id|>","<|begin_of_text|><|begin_of_text|><|start_header_id|>system<|end_header_id|>

Cutting Knowledge Date: December 2023
Today Date: 26 Jul 2024

<|eot_id|><|start_header_id|>user<|end_header_id|>

You are helping analyze a negotiation conversation where two agents are discussing the allocation of resources. Each resource has exactly three units that must be divided between the two agents. The total amount of each resource allocated to both agents must add up to three. 

            Agent Preferences:
            Agent 1: High priority: food, Medium priority: firewood, Low priority: water
            Agent 2: High priority: water, Medium priority: firewood, Low priority: food

            Conversation with intentions:
            Agent 1: Hello friend.. 🙂, Agent 2: Hello, going camping?🙂, Agent 1: Yes. Can you help me to give some extra fodd?, Agent 2: I am willing to give you the good, though it would help us--we have a large group.  I really would like to take the water.  We are camping out in a primitive campsite with no running water., [Summary: The conversation begins with a friendly and cooperative tone, as both speakers express willingness to assist each other. The first speaker seeks help, while the second speaker is open to providing assistance but also communicates their own needs due to the constraints of a large group. The interaction remains amicable, with both parties expressing their intentions clearly and negotiating resources in a mutually considerate manner.]

            Based on this negotiation, predict the final allocation of resources. Provide only your answer using the following format with curly braces, with no explanation:

            OUTCOME: {agent1:{food:[number], water:[number], firewood:[number]}, agent2:{food:[number], water:[number], firewood:[number]}}

            Remember: Each resource must sum to exactly 3 units across both agents.<|eot_id|><|begin_of_text|><|start_header_id|>system<|end_header_id|>

Cutting Knowledge Date: December 2023
Today Date: 26 Jul 2024

OUTCOME: {agent1:{food:2, water:1, firewood:2}, agent2:{food:1, water:2, firewood:1}}<|eot_id|>",3,0,1,0,3,2,2.0,1.0,2.0,1.0,2.0,1.0,19,23,21.0,17.0,4.0
474,5,"<|begin_of_text|><|start_header_id|>system<|end_header_id|>

Cutting Knowledge Date: December 2023
Today Date: 26 Jul 2024

<|eot_id|><|start_header_id|>user<|end_header_id|>

You are helping analyze a negotiation conversation where two agents are discussing the allocation of resources. Each resource has exactly three units that must be divided between the two agents. The total amount of each resource allocated to both agents must add up to three. 

            Agent Preferences:
            Agent 1: High priority: firewood, Medium priority: water, Low priority: food
            Agent 2: High priority: firewood, Medium priority: food, Low priority: water

            Conversation with intentions:
            Agent 1: Hi, I am looking at extra items for my camping trip and would like to have 3 firewoods, 3 foods and 2 waters., Agent 2: Hey, I am excited to go camping too!  Would you mind sharing your top priority items with me so that we can come up with a fair deal?  Ideally I would love 3 firewoods, 3 foods, and 2 waters just like you aha.  But perhaps we can each get at least 3 packages of our highest priority item, Agent 1: Hmmm, I think I really need the firewood.  I brought softwoods and they burn out quickly so I don't think I'll have enough wood to keep me going through the night. I get kinda scared without the fire.  What is your priority? , [Summary: The conversation begins with both participants expressing excitement about their camping trip and a shared interest in similar items. The second speaker adopts a collaborative approach, suggesting a fair distribution based on priority. The first speaker reveals a personal concern about firewood, indicating a shift towards a more personal and vulnerable tone. The conversation maintains a cooperative and friendly atmosphere, with both parties open to negotiation and understanding each other's needs.]

            Based on this negotiation, predict the final allocation of resources. Provide only your answer using the following format with curly braces, with no explanation:

            OUTCOME: {agent1:{food:[number], water:[number], firewood:[number]}, agent2:{food:[number], water:[number], firewood:[number]}}

            Remember: Each resource must sum to exactly 3 units across both agents.<|eot_id|>","<|begin_of_text|><|begin_of_text|><|start_header_id|>system<|end_header_id|>

Cutting Knowledge Date: December 2023
Today Date: 26 Jul 2024

<|eot_id|><|start_header_id|>user<|end_header_id|>

You are helping analyze a negotiation conversation where two agents are discussing the allocation of resources. Each resource has exactly three units that must be divided between the two agents. The total amount of each resource allocated to both agents must add up to three. 

            Agent Preferences:
            Agent 1: High priority: firewood, Medium priority: water, Low priority: food
            Agent 2: High priority: firewood, Medium priority: food, Low priority: water

            Conversation with intentions:
            Agent 1: Hi, I am looking at extra items for my camping trip and would like to have 3 firewoods, 3 foods and 2 waters., Agent 2: Hey, I am excited to go camping too!  Would you mind sharing your top priority items with me so that we can come up with a fair deal?  Ideally I would love 3 firewoods, 3 foods, and 2 waters just like you aha.  But perhaps we can each get at least 3 packages of our highest priority item, Agent 1: Hmmm, I think I really need the firewood.  I brought softwoods and they burn out quickly so I don't think I'll have enough wood to keep me going through the night. I get kinda scared without the fire.  What is your priority?, [Summary: The conversation begins with both participants expressing excitement about their camping trip and a shared interest in similar items. The second speaker adopts a collaborative approach, suggesting a fair distribution based on priority. The first speaker reveals a personal concern about firewood, indicating a shift towards a more personal and vulnerable tone. The conversation maintains a cooperative and friendly atmosphere, with both parties open to negotiation and understanding each other's needs.]

            Based on this negotiation, predict the final allocation of resources. Provide only your answer using the following format with curly braces, with no explanation:

            OUTCOME: {agent1:{food:[number], water:[number], firewood:[number]}, agent2:{food:[number], water:[number], firewood:[number]}}

            Remember: Each resource must sum to exactly 3 units across both agents.<|eot_id|><|begin_of_text|><|start_header_id|>system<|end_header_id|>

Cutting Knowledge Date: December 2023
Today Date: 26 Jul 2024

OUTCOME: {agent1:{food:1, water:2, firewood:2}, agent2:{food:2, water:1, firewood:1}}<|eot_id|>",1,1,2,2,2,1,1.0,2.0,2.0,2.0,1.0,1.0,17,19,21.0,16.0,16.0
478,5,"<|begin_of_text|><|start_header_id|>system<|end_header_id|>

Cutting Knowledge Date: December 2023
Today Date: 26 Jul 2024

<|eot_id|><|start_header_id|>user<|end_header_id|>

You are helping analyze a negotiation conversation where two agents are discussing the allocation of resources. Each resource has exactly three units that must be divided between the two agents. The total amount of each resource allocated to both agents must add up to three. 

            Agent Preferences:
            Agent 1: High priority: firewood, Medium priority: water, Low priority: food
            Agent 2: High priority: firewood, Medium priority: food, Low priority: water

            Conversation with intentions:
            Agent 1: Hello, I hope you are having a good day! I would like to know what packages you need the most., Agent 2: Hello, I'm having a wonderful day.🙂 Thanks for asking. I hope yours is a wonderful day as well. I would like 2 firewood, 2 water, and 1 food. How about you?, Agent 1: Glad to hear it! I am really looking to get extra firewood, so I would like to make a compromise. If I gave you all the food, could I have more firewood? , [Summary: The conversation begins with a friendly and polite exchange of pleasantries, establishing a positive tone. Both speakers express goodwill and mutual interest in each other's needs. As the conversation progresses, mturk_agent_1 shifts towards negotiation, proposing a compromise to achieve their goal of acquiring more firewood. The tone remains amicable, with mturk_agent_1 employing a collaborative strategy to reach a mutually beneficial agreement.]

            Based on this negotiation, predict the final allocation of resources. Provide only your answer using the following format with curly braces, with no explanation:

            OUTCOME: {agent1:{food:[number], water:[number], firewood:[number]}, agent2:{food:[number], water:[number], firewood:[number]}}

            Remember: Each resource must sum to exactly 3 units across both agents.<|eot_id|>","<|begin_of_text|><|begin_of_text|><|start_header_id|>system<|end_header_id|>

Cutting Knowledge Date: December 2023
Today Date: 26 Jul 2024

<|eot_id|><|start_header_id|>user<|end_header_id|>

You are helping analyze a negotiation conversation where two agents are discussing the allocation of resources. Each resource has exactly three units that must be divided between the two agents. The total amount of each resource allocated to both agents must add up to three. 

            Agent Preferences:
            Agent 1: High priority: firewood, Medium priority: water, Low priority: food
            Agent 2: High priority: firewood, Medium priority: food, Low priority: water

            Conversation with intentions:
            Agent 1: Hello, I hope you are having a good day! I would like to know what packages you need the most., Agent 2: Hello, I'm having a wonderful day.🙂 Thanks for asking. I hope yours is a wonderful day as well. I would like 2 firewood, 2 water, and 1 food. How about you?, Agent 1: Glad to hear it! I am really looking to get extra firewood, so I would like to make a compromise. If I gave you all the food, could I have more firewood?, [Summary: The conversation begins with a friendly and polite exchange of pleasantries, establishing a positive tone. Both speakers express goodwill and mutual interest in each other's needs. As the conversation progresses, mturk_agent_1 shifts towards negotiation, proposing a compromise to achieve their goal of acquiring more firewood. The tone remains amicable, with mturk_agent_1 employing a collaborative strategy to reach a mutually beneficial agreement.]

            Based on this negotiation, predict the final allocation of resources. Provide only your answer using the following format with curly braces, with no explanation:

            OUTCOME: {agent1:{food:[number], water:[number], firewood:[number]}, agent2:{food:[number], water:[number], firewood:[number]}}

            Remember: Each resource must sum to exactly 3 units across both agents.<|eot_id|><|begin_of_text|><|start_header_id|>system<|end_header_id|>

Cutting Knowledge Date: December 2023
Today Date: 26 Jul 2024

Outcome: {agent1:{food:0, water:2, firewood:2}, agent2:{food:3, water:1, firewood:1}}

<|begin_of_text|><|start_header_id|><|begin_of_text|><|start_header_id|><|begin_of_text|><|start_header_id|><|begin_of_text|><|start_header_id|><|begin_of_text|><|start_header_id|><|begin_of_text|><|start_header_id|><|begin_of_text|><|start_header_id|><|begin_of_text|><|start_header_id|><|begin_of_text|><|start_header_id|><|begin_of_text|><|start_header_id|><|begin_of_text|><|start_header_id|><|begin_of_text|><|start_header_id|><|begin_of_text|><|start_header_id|><|begin_of_text|><|start_header_id|><|begin_of_text|><|start_header_id|><|begin_of_text|><|start_header_id|><|begin_of_text|><|start_header_id|><|begin_of_text|><|start_header_id|><|begin_of_text|><|start_header_id|><|begin_of_text|><|start_header_id|><|begin_of_text|><|start_header_id|><|begin_of_text|><|start_header_id|><|begin_of_text|><|start_header_id|><|begin_of_text|><|start_header_id|><|begin_of_text|><|start_header_id|><|begin_of_text|><|start_header_id|><|begin_of_text|><|start_header_id|><|begin_of_text|><|start_header_id|><|begin_of_text|><|start_header_id|><|begin_of_text|><|start_header_id|><|begin_of_text|><|start_header_id|><|begin_of_text|><|start_header_id|><|begin_of_text|><|start_header_id|><|begin_of_text|><|start_header_id|><|begin_of_text|><|start_header_id|><|begin_of_text|><|start_header_id|><|begin_of_text|><|start_header_id|><|begin_of_text|><|start_header_id|><|begin_of_text|><|start_header_id|><|begin_of_text|><|start_header_id|><|begin_of_text|><|start_header_id|><|begin_of_text|><|start_header_id|><|begin_of_text|><|start_header_id|><|begin_of_text|><|start_header_id|><|begin_of_text|><|start_header_id|><|begin_of_text|><|start_header_id|><|begin_of_text|><|start_header_id|><|begin_of_text|><|start_header_id|><|begin_of_text|><|start_header_id|><|begin_of_text|><|start_header_id|><|begin_of_text|><|start_header_id|><|begin_of_text|><|start_header_id|><|begin_of_text|><|start_header_id|><|begin_of_text|><|start_header_id|><|begin_of_text|><|start_header_id|><|begin_of_text|><|start_header_id|><|begin_of_text|><|start_header_id|><|begin_of_text|><|start_header_id|><|begin_of_text|><|start_header_id|><|begin_of_text|><|start_header_id|><|begin_of_text|><|start_header_id|><|begin_of_text|><|start_header_id|><|begin_of_text|><|start_header_id|><|begin_of_text|><|start_header_id|><|begin_of_text|><|start_header_id|><|begin_of_text|><|start_header_id|><|begin_of_text|><|start_header_id|><|begin_of_text|><|start_header_id|><|begin_of_text|><|start_header_id|><|begin_of_text|><|start_header_id|><|begin_of_text|><|start_header_id|><|begin_of_text|><|start_header_id|><|begin_of_text|><|start_header_id|><|begin_of_text|><|start_header_id|><|begin_of_text|><|start_header_id|><|begin_of_text|><|start_header_id|><|begin_of_text|><|start_header_id|><|begin_of_text|><|start_header_id|><|begin_of_text|><|start_header_id|><|begin_of_text|><|start_header_id|><|begin_of_text|><|start_header_id|><|begin_of_text|><|start_header_id|><|begin_of_text|><|start_header_id|><|begin_of_text|><|start_header_id|><|begin_of_text|><|start_header_id|><|begin_of_text|><|start_header_id|><|begin_of_text|><|start_header_id|><|begin_of_text|><|start_header_id|><|begin_of_text|><|start_header_id|><|begin_of_text|><|start_header_id|><|begin_of_text|><|start_header_id|><|begin_of_text|><|start_header_id|><|begin_of_text|><|start_header_id|><|begin_of_text|><|start_header_id|><|begin_of_text|><|start_header_id|><|begin_of_text|><|start_header_id|><|begin_of_text|><|start_header_id|><|begin_of_text|><|start_header_id|><|begin_of_text|><|start_header_id|><|begin_of_text|><|start_header_id|><|begin_of_text|><|start_header_id|><|begin_of_text|><|start_header_id|><|begin_of_text|><|start_header_id|><|begin_of_text|><|start_header_id|><|begin_of_text|><|start_header_id|><|begin_of_text|><|start_header_id|><|begin_of_text|><|start_header_id|><|begin_of_text|><|start_header_id|><|begin_of_text|><|start_header_id|><|begin_of_text|><|start_header_id|><|begin_of_text|><|start_header_id|><|begin_of_text|><|start_header_id|><|begin_of_text|><|start_header_id|><|begin_of_text|><|start_header_id|><|begin_of_text|><|start_header_id|><|begin_of_text|><|start_header_id|><|begin_of_text|><|start_header_id|><|begin_of_text|><|start_header_id|><|begin_of_text|><|start_header_id|><|begin_of_text|><|start_header_id|><|begin_of_text|><|start_header_id|><|start_header_id|><|begin_of_text|><|start_header_id|><|start_header_id|><|begin_of_text|><|start_header_id|><|start_header_id|><|begin_of_text|><|start_header_id|><|begin_of_text|><|start_header_id|><|start_header_id|><|start_header_id|><|begin_of_text|><|start_header_id|><|begin_of_text|><|start_header_id|><|begin_of_text|><|start_header_id|><|start_header_id|><|start_header_id|><|begin_of_text|><|start_header_id|><|begin_of_text|><|start_header_id|><|begin_of_text|><|start_header_id|><|begin_of_text|><|start_header_id|><|begin_of_text|><|start_header_id|><|begin_of_text|><|start_header_id|><|begin_of_text|><|start_header_id|><|start_header_id|><|start_header_id|><|begin_of_text|><|start_header_id|><|begin_of_text|><|start_header_id|><|begin_of_text|><|start_header_id|><|start_header_id|><|start_header_id|><|start_header_id|><|start_header_id|><|start_header_id|><|begin_of_text|><|start_header_id|><|begin_of_text|><|start_header_id|><|start_header_id|><|begin_of_text|><|start_header_id|><|start_header_id|><|begin_of_text|><|start_header_id|><|start_header_id|><|start_header_id|><|begin_of_text|><|start_header_id|><|start_header_id|><|begin_of_text|><|start_header_id|><|begin_of_text|><|begin_of_text|><|start_header_id|><|begin_of_text|><|start_header_id|><|start_header_id|><|start_header_id|><|begin_of_text|><|start_header_id|><|start_header_id|><|start_header_id|><|start_header_id|><|begin_of_text|><|start_header_id|><|begin_of_text|><|start_header_id|><|start_header_id|><|start_header_id|><|start_header_id|><|start_header_id|><|start_header_id|><|start_header_id|><|begin_of_text|><|start_header_id|><|start_header_id|><|start_header_id|><|start_header_id|><|start_header_id|><|begin_of_text|><|start_header_id|><|start_header_id|><|start_header_id|><|start_header_id|><|start_header_id|><|begin_of_text|><|start_header_id|><|start_header_id|><|start_header_id|><|start_header_id|><|start_header_id|><|start_header_id|><|start_header_id|><|start_header_id|><|start_header_id|><|start_header_id|><|start_header_id|><|start_header_id|><|start_header_id|><|start_header_id|><|start_header_id|><|begin_of_text|><|start_header_id|><|start_header_id|><|start_header_id|><|start_header_id|><|start_header_id|><|start_header_id|><|start_header_id|><|begin_of_text|><|start_header_id|><|start_header_id|><|start_header_id|><|start_header_id|><|start_header_id|><|start_header_id|><|start_header_id|><|start_header_id|><|start_header_id|><|start_header_id|><|start_header_id|><|start_header_id|><|start_header_id|><|start_header_id|><|start_header_id|><|start_header_id|><|start_header_id|><|start_header_id|><|start_header_id|><|start_header_id|><|start_header_id|><|start_header_id|><|start_header_id|><|start_header_id|><|start_header_id|><|start_header_id|><|start_header_id|><|start_header_id|><|start_header_id|><|start_header_id|><|start_header_id|><|start_header_id|><|start_header_id|><|start_header_id|><|start_header_id|><|start_header_id|><|start_header_id|><|start_header_id|><|start_header_id|><|start_header_id|><|start_header_id|><|start_header_id|><|start_header_id|><|start_header_id|><|start_header_id|><|start_header_id|><|start_header_id|><|start_header_id|><|start_header_id|><|start_header_id|><|start_header_id|><|start_header_id|><|start_header_id|><|start_header_id|><|start_header_id|><|start_header_id|><|start_header_id|><|start_header_id|><|start_header_id|><|start_header_id|><|start_header_id|><|start_header_id|><|start_header_id|><|start_header_id|><|start_header_id|><|start_header_id|><|start_header_id|><|start_header_id|><|start_header_id|><|start_header_id|><|start_header_id|><|start_header_id|><|start_header_id|><|start_header_id|><|start_header_id|><|start_header_id|><|start_header_id|><|start_header_id|><|start_header_id|><|start_header_id|><|start_header_id|><|start_header_id|><|start_header_id|><|start_header_id|><|start_header_id|><|start_header_id|><|start_header_id|><|start_header_id|><|start_header_id|><|start_header_id|><|start_header_id|><|start_header_id|><|start_header_id|><|start_header_id|><|start_header_id|><|start_header_id|><|start_header_id|><|start_header_id|><|start_header_id|><|start_header_id|><|start_header_id|><|start_header_id|><|start_header_id|><|start_header_id|><|start_header_id|><|start_header_id|><|start_header_id|><|start_header_id|><|start_header_id|><|start_header_id|><|start_header_id|><|start_header_id|><|start_header_id|><|start_header_id|><|start_header_id|><|start_header_id|><|start_header_id|><|start_header_id|><|start_header_id|><|start_header_id|><|start_header_id|><|start_header_id|><|start_header_id|><|start_header_id|><|start_header_id|><|start_header_id|><|start_header_id|><|start_header_id|><|start_header_id|><|start_header_id|><|start_header_id|><|start_header_id|><|start_header_id|><|start_header_id|><|start_header_id|><|start_header_id|><|start_header_id|><|start_header_id|><|start_header_id|><|start_header_id|><|start_header_id|><|start_header_id|><|start_header_id|><|start_header_id|><|start_header_id|><|start_header_id|><|start_header_id|><|start_header_id|><|start_header_id|><|start_header_id|><|start_header_id|><|start_header_id|><|start_header_id|><|start_header_id|><|start_header_id|><|start_header_id|><|start_header_id|><|start_header_id|><|start_header_id|><|start_header_id|><|start_header_id|><|start_header_id|><|start_header_id|><|start_header_id|><|start_header_id|><|start_header_id|><|start_header_id|><|start_header_id|><|start_header_id|><|start_header_id|><|start_header_id|><|start_header_id|><|start_header_id|><|start_header_id|><|start_header_id|><|start_header_id|><|start_header_id|><|start_header_id|><|start_header_id|><|start_header_id|><|start_header_id|><|start_header_id|><|start_header_id|><|start_header_id|><|start_header_id|><|start_header_id|><|start_header_id|><|start_header_id|><|start_header_id|><|start_header_id|><|start_header_id|><|start_header_id|><|start_header_id|><|start_header_id|><|start_header_id|><|start_header_id|><|start_header_id|><|start_header_id|><|start_header_id|><|start_header_id|><|start_header_id|><|start_header_id|><|start_header_id|><|start_header_id|><|start_header_id|><|start_header_id|><|start_header_id|><|start_header_id|><|start_header_id|><|start_header_id|><|start_header_id|><|start_header_id|><|start_header_id|><|start_header_id|><|start_header_id|><|start_header_id|><|start_header_id|><|start_header_id|><|start_header_id|><|start_header_id|><|start_header_id|><|start_header_id|><|start_header_id|><|start_header_id|><|start_header_id|><|start_header_id|><|start_header_id|><|start_header_id|><|start_header_id|><|start_header_id|><|start_header_id|><|start_header_id|><|start_header_id|><|start_header_id|><|start_header_id|><|start_header_id|><|start_header_id|><|start_header_id|><|start_header_id|><|start_header_id|><|start_header_id|><|start_header_id|><|start_header_id|><|start_header_id|><|start_header_id|><|start_header_id|><|start_header_id|><|start_header_id|><|start_header_id|><|start_header_id|><|start_header_id|><|start_header_id|><|start_header_id|><|start_header_id|><|start_header_id|><|start_header_id|><|start_header_id|><|start_header_id|><|start_header_id|><|start_header_id|><|start_header_id|><|start_header_id|><|start_header_id|><|start_header_id|><|start_header_id|><|start_header_id|><|start_header_id|><|start_header_id|><|start_header_id|><|start_header_id|><|start_header_id|><|start_header_id|><|start_header_id|><|start_header_id|><|start_header_id|><|start_header_id|><|start_header_id|><|start_header_id|><|start_header_id|><|start_header_id|><|start_header_id|><|start_header_id|><|start_header_id|><|start_header_id|><|start_header_id|><|start_header_id|><|start_header_id|><|start_header_id|><|start_header_id|><|start_header_id|><|start_header_id|><|start_header_id|><|start_header_id|><|start_header_id|><|start_header_id|><|start_header_id|><|start_header_id|><|start_header_id|><|start_header_id|><|start_header_id|><|start_header_id|><|start_header_id|><|start_header_id|><|start_header_id|><|start_header_id|><|start_header_id|><|start_header_id|><|start_header_id|><|start_header_id|><|start_header_id|><|start_header_id|><|start_header_id|><|start_header_id|><|start_header_id|><|start_header_id|><|start_header_id|><|start_header_id|><|start_header_id|><|start_header_id|><|start_header_id|><|start_header_id|><|start_header_id|><|start_header_id|><|start_header_id|><|start_header_id|><|start_header_id|><|start_header_id|><|start_header_id|><|start_header_id|><|start_header_id|><|start_header_id|><|start_header_id|><|start_header_id|><|start_header_id|><|start_header_id|><|start_header_id|><|start_header_id|><|start_header_id|><|start_header_id|><|start_header_id|><|start_header_id|><|start_header_id|><|start_header_id|><|start_header_id|><|start_header_id|><|start_header_id|><|start_header_id|><|start_header_id|><|start_header_id|><|start_header_id|><|start_header_id|><|start_header_id|><|start_header_id|><|start_header_id|><|start_header_id|><|start_header_id|><|start_header_id|><|start_header_id|><|start_header_id|><|start_header_id|><|start_header_id|><|start_header_id|><|start_header_id|><|start_header_id|><|start_header_id|><|start_header_id|><|start_header_id|><|start_header_id|><|start_header_id|><|start_header_id|><|start_header_id|><|start_header_id|><|start_header_id|><|start_header_id|><|start_header_id|><|start_header_id|><|start_header_id|><|start_header_id|><|start_header_id|><|start_header_id|><|start_header_id|><|start_header_id|><|start_header_id|><|start_header_id|><|start_header_id|><|start_header_id|><|start_header_id|><|start_header_id|><|start_header_id|><|start_header_id|><|start_header_id|><|start_header_id|><|start_header_id|><|start_header_id|><|start_header_id|><|start_header_id|><|start_header_id|><|start_header_id|><|start_header_id|><|start_header_id|><|start_header_id|><|start_header_id|><|start_header_id|><|start_header_id|><|start_header_id|><|start_header_id|><|start_header_id|><|start_header_id|><|start_header_id|><|start_header_id|><|start_header_id|><|start_header_id|><|start_header_id|><|start_header_id|><|start_header_id|><|start_header_id|><|start_header_id|><|start_header_id|><|start_header_id|><|start_header_id|><|start_header_id|><|start_header_id|><|start_header_id|><|start_header_id|><|start_header_id|><|start_header_id|><|start_header_id|><|start_header_id|><|start_header_id|><|start_header_id|><|start_header_id|><|start_header_id|><|start_header_id|><|start_header_id|><|start_header_id|><|start_header_id|><|start_header_id|><|start_header_id|><|start_header_id|><|start_header_id|><|start_header_id|><|start_header_id|><|start_header_id|><|start_header_id|><|start_header_id|><|start_header_id|><|start_header_id|><|start_header_id|><|start_header_id|><|start_header_id|><|start_header_id|><|start_header_id|><|start_header_id|><|start_header_id|><|start_header_id|><|start_header_id|><|start_header_id|><|start_header_id|><|start_header_id|><|start_header_id|><|start_header_id|><|start_header_id|><|start_header_id|><|start_header_id|><|start_header_id|><|start_header_id|><|start_header_id|><|start_header_id|><|start_header_id|><|start_header_id|><|start_header_id|><|start_header_id|><|start_header_id|><|start_header_id|><|start_header_id|><|start_header_id|><|start_header_id|><|start_header_id|><|start_header_id|><|start_header_id|><|start_header_id|><|start_header_id|><|start_header_id|><|start_header_id|><|start_header_id|><|start_header_id|><|start_header_id|><|start_header_id|><|start_header_id|><|start_header_id|><|start_header_id|><|start_header_id|><|start_header_id|><|start_header_id|><|start_header_id|><|start_header_id|><|start_header_id|><|start_header_id|><|start_header_id|><|start_header_id|><|start_header_id|><|start_header_id|><|start_header_id|><|start_header_id|><|start_header_id|><|start_header_id|><|start_header_id|><|start_header_id|><|start_header_id|><|start_header_id|><|start_header_id|><|start_header_id|><|start_header_id|><|start_header_id|><|start_header_id|><|start_header_id|><|start_header_id|><|start_header_id|><|start_header_id|><|start_header_id|><|start_header_id|><|start_header_id|><|start_header_id|><|start_header_id|><|start_header_id|><|start_header_id|><|start_header_id|><|start_header_id|><|start_header_id|><|start_header_id|><|start_header_id|><|start_header_id|><|start_header_id|><|start_header_id|><|start_header_id|><|start_header_id|><|start_header_id|><|start_header_id|><|start_header_id|><|start_header_id|><|start_header_id|><|start_header_id|><|start_header_id|><|start_header_id|><|start_header_id|><|start_header_id|><|start_header_id|><|start_header_id|><|start_header_id|><|start_header_id|><|start_header_id|><|start_header_id|><|start_header_id|><|start_header_id|><|start_header_id|><|start_header_id|><|start_header_id|><|start_header_id|><|start_header_id|><|start_header_id|><|start_header_id|><|start_header_id|><|start_header_id|><|start_header_id|><|start_header_id|><|start_header_id|><|start_header_id|><|start_header_id|><|start_header_id|><|start_header_id|><|start_header_id|><|start_header_id|><|start_header_id|><|start_header_id|><|start_header_id|><|start_header_id|><|start_header_id|><|start_header_id|><|start_header_id|><|start_header_id|><|start_header_id|><|start_header_id|><|start_header_id|><|start_header_id|><|start_header_id|><|start_header_id|><|start_header_id|><|start_header_id|><|start_header_id|><|start_header_id|><|start_header_id|><|start_header_id|><|start_header_id|><|start_header_id|><|start_header_id|><|start_header_id|><|start_header_id|><|start_header_id|>",0,2,2,3,1,1,0.0,2.0,2.0,3.0,1.0,1.0,18,20,18.0,20.0,0.0
480,5,"<|begin_of_text|><|start_header_id|>system<|end_header_id|>

Cutting Knowledge Date: December 2023
Today Date: 26 Jul 2024

<|eot_id|><|start_header_id|>user<|end_header_id|>

You are helping analyze a negotiation conversation where two agents are discussing the allocation of resources. Each resource has exactly three units that must be divided between the two agents. The total amount of each resource allocated to both agents must add up to three. 

            Agent Preferences:
            Agent 1: High priority: water, Medium priority: food, Low priority: firewood
            Agent 2: High priority: water, Medium priority: food, Low priority: firewood

            Conversation with intentions:
            Agent 2: Hello there 🙂, Agent 1: Hello, I hope we can work together on an offer that benefits both of us. Do you think it's OK?🙂, Agent 2: Yes definitely!  I am pretty easy to work with and would like a deal that will help us both out as much as possible., Agent 1: The item I need the most is water because I need to hydrate to stay strong and achieve my goals. And you? , [Summary: The conversation begins with a friendly and cooperative tone, as both speakers express a desire to collaborate on a mutually beneficial deal. They maintain a positive and open attitude, with one speaker emphasizing their willingness to work together easily. The other speaker shares a personal need, suggesting a strategy of openness and vulnerability to foster trust and encourage reciprocal sharing. The interaction remains focused on collaboration and mutual benefit.]

            Based on this negotiation, predict the final allocation of resources. Provide only your answer using the following format with curly braces, with no explanation:

            OUTCOME: {agent1:{food:[number], water:[number], firewood:[number]}, agent2:{food:[number], water:[number], firewood:[number]}}

            Remember: Each resource must sum to exactly 3 units across both agents.<|eot_id|>","<|begin_of_text|><|begin_of_text|><|start_header_id|>system<|end_header_id|>

Cutting Knowledge Date: December 2023
Today Date: 26 Jul 2024

<|eot_id|><|start_header_id|>user<|end_header_id|>

You are helping analyze a negotiation conversation where two agents are discussing the allocation of resources. Each resource has exactly three units that must be divided between the two agents. The total amount of each resource allocated to both agents must add up to three. 

            Agent Preferences:
            Agent 1: High priority: water, Medium priority: food, Low priority: firewood
            Agent 2: High priority: water, Medium priority: food, Low priority: firewood

            Conversation with intentions:
            Agent 2: Hello there 🙂, Agent 1: Hello, I hope we can work together on an offer that benefits both of us. Do you think it's OK?🙂, Agent 2: Yes definitely!  I am pretty easy to work with and would like a deal that will help us both out as much as possible., Agent 1: The item I need the most is water because I need to hydrate to stay strong and achieve my goals. And you?, [Summary: The conversation begins with a friendly and cooperative tone, as both speakers express a desire to collaborate on a mutually beneficial deal. They maintain a positive and open attitude, with one speaker emphasizing their willingness to work together easily. The other speaker shares a personal need, suggesting a strategy of openness and vulnerability to foster trust and encourage reciprocal sharing. The interaction remains focused on collaboration and mutual benefit.]

            Based on this negotiation, predict the final allocation of resources. Provide only your answer using the following format with curly braces, with no explanation:

            OUTCOME: {agent1:{food:[number], water:[number], firewood:[number]}, agent2:{food:[number], water:[number], firewood:[number]}}

            Remember: Each resource must sum to exactly 3 units across both agents.<|eot_id|><|begin_of_text|><|start_header_id|>system<|end_header_id|>

Cutting Knowledge Date: December 2023
Today Date: 26 Jul 2024

Outcome: {agent1:{food:2, water:1, firewood:2}, agent2:{food:1, water:2, firewood:1}}

<|begin_of_text|><|start_header_id|><|begin_of_text|><|start_header_id|><|begin_of_text|><|start_header_id|><|begin_of_text|><|start_header_id|><|begin_of_text|><|start_header_id|><|begin_of_text|><|start_header_id|><|begin_of_text|><|start_header_id|><|begin_of_text|><|start_header_id|><|begin_of_text|><|start_header_id|><|begin_of_text|><|start_header_id|><|begin_of_text|><|start_header_id|><|begin_of_text|><|start_header_id|><|begin_of_text|><|start_header_id|><|begin_of_text|><|start_header_id|><|begin_of_text|><|start_header_id|><|begin_of_text|><|start_header_id|><|begin_of_text|><|start_header_id|><|begin_of_text|><|start_header_id|><|begin_of_text|><|start_header_id|><|begin_of_text|><|start_header_id|><|begin_of_text|><|start_header_id|><|begin_of_text|><|start_header_id|><|begin_of_text|><|start_header_id|><|begin_of_text|><|start_header_id|><|begin_of_text|><|start_header_id|><|begin_of_text|><|start_header_id|><|begin_of_text|><|start_header_id|><|begin_of_text|><|start_header_id|><|begin_of_text|><|start_header_id|><|begin_of_text|><|start_header_id|><|begin_of_text|><|start_header_id|><|begin_of_text|><|start_header_id|><|begin_of_text|><|start_header_id|><|begin_of_text|><|start_header_id|><|begin_of_text|><|start_header_id|><|begin_of_text|><|start_header_id|><|begin_of_text|><|start_header_id|><|begin_of_text|><|start_header_id|><|begin_of_text|><|start_header_id|><|begin_of_text|><|start_header_id|><|begin_of_text|><|start_header_id|><|begin_of_text|><|start_header_id|><|begin_of_text|><|start_header_id|><|begin_of_text|><|start_header_id|><|begin_of_text|><|start_header_id|><|begin_of_text|><|start_header_id|><|begin_of_text|><|start_header_id|><|begin_of_text|><|start_header_id|><|begin_of_text|><|start_header_id|><|begin_of_text|><|start_header_id|><|begin_of_text|><|start_header_id|><|begin_of_text|><|start_header_id|><|begin_of_text|><|start_header_id|><|begin_of_text|><|start_header_id|><|begin_of_text|><|start_header_id|><|begin_of_text|><|start_header_id|><|begin_of_text|><|start_header_id|><|begin_of_text|><|start_header_id|><|begin_of_text|><|start_header_id|><|begin_of_text|><|start_header_id|><|begin_of_text|><|start_header_id|><|begin_of_text|><|start_header_id|><|begin_of_text|><|start_header_id|><|begin_of_text|><|start_header_id|><|begin_of_text|><|start_header_id|><|begin_of_text|><|start_header_id|><|begin_of_text|><|start_header_id|><|begin_of_text|><|start_header_id|><|begin_of_text|><|start_header_id|><|begin_of_text|><|start_header_id|><|begin_of_text|><|start_header_id|><|begin_of_text|><|start_header_id|><|begin_of_text|><|start_header_id|><|begin_of_text|><|start_header_id|><|begin_of_text|><|start_header_id|><|begin_of_text|><|start_header_id|><|begin_of_text|><|start_header_id|><|begin_of_text|><|start_header_id|><|begin_of_text|><|start_header_id|><|begin_of_text|><|start_header_id|><|begin_of_text|><|start_header_id|><|begin_of_text|><|start_header_id|><|begin_of_text|><|start_header_id|><|begin_of_text|><|start_header_id|><|begin_of_text|><|start_header_id|><|begin_of_text|><|start_header_id|><|begin_of_text|><|start_header_id|><|begin_of_text|><|start_header_id|><|begin_of_text|><|start_header_id|><|begin_of_text|><|start_header_id|><|begin_of_text|><|start_header_id|><|begin_of_text|><|start_header_id|><|begin_of_text|><|start_header_id|><|begin_of_text|><|start_header_id|><|begin_of_text|><|start_header_id|><|begin_of_text|><|start_header_id|><|begin_of_text|><|start_header_id|><|begin_of_text|><|start_header_id|><|begin_of_text|><|start_header_id|><|begin_of_text|><|start_header_id|><|begin_of_text|><|start_header_id|><|begin_of_text|><|start_header_id|><|begin_of_text|><|start_header_id|><|begin_of_text|><|start_header_id|><|begin_of_text|><|start_header_id|><|begin_of_text|><|start_header_id|><|begin_of_text|><|start_header_id|><|begin_of_text|><|start_header_id|><|begin_of_text|><|start_header_id|><|begin_of_text|><|start_header_id|><|begin_of_text|><|start_header_id|><|begin_of_text|><|start_header_id|><|begin_of_text|><|start_header_id|><|begin_of_text|><|start_header_id|><|begin_of_text|><|start_header_id|><|begin_of_text|><|start_header_id|><|begin_of_text|><|start_header_id|><|start_header_id|><|begin_of_text|><|start_header_id|><|begin_of_text|><|start_header_id|><|start_header_id|><|begin_of_text|><|start_header_id|><|begin_of_text|><|start_header_id|><|begin_of_text|><|start_header_id|><|begin_of_text|><|start_header_id|><|begin_of_text|><|start_header_id|><|begin_of_text|><|start_header_id|><|begin_of_text|><|start_header_id|><|begin_of_text|><|start_header_id|><|start_header_id|><|begin_of_text|><|start_header_id|><|begin_of_text|><|start_header_id|><|start_header_id|><|start_header_id|><|begin_of_text|><|start_header_id|><|start_header_id|><|begin_of_text|><|start_header_id|><|start_header_id|><|begin_of_text|><|start_header_id|><|start_header_id|><|begin_of_text|><|start_header_id|><|start_header_id|><|begin_of_text|><|start_header_id|><|start_header_id|><|start_header_id|><|begin_of_text|><|begin_of_text|><|start_header_id|><|begin_of_text|><|start_header_id|><|start_header_id|><|start_header_id|><|start_header_id|><|start_header_id|><|begin_of_text|><|start_header_id|><|begin_of_text|><|start_header_id|><|start_header_id|><|begin_of_text|><|start_header_id|><|start_header_id|><|start_header_id|><|start_header_id|><|start_header_id|><|start_header_id|><|begin_of_text|><|start_header_id|><|start_header_id|><|begin_of_text|><|start_header_id|><|begin_of_text|><|start_header_id|><|begin_of_text|><|start_header_id|><|start_header_id|><|start_header_id|><|begin_of_text|><|start_header_id|><|start_header_id|><|begin_of_text|><|start_header_id|><|start_header_id|><|start_header_id|><|begin_of_text|><|start_header_id|><|start_header_id|><|start_header_id|><|start_header_id|><|start_header_id|><|begin_of_text|><|start_header_id|><|start_header_id|><|start_header_id|><|start_header_id|><|start_header_id|><|begin_of_text|><|start_header_id|><|start_header_id|><|start_header_id|><|start_header_id|><|start_header_id|><|start_header_id|><|start_header_id|><|start_header_id|><|start_header_id|><|start_header_id|><|start_header_id|><|start_header_id|><|start_header_id|><|start_header_id|><|start_header_id|><|start_header_id|><|start_header_id|><|start_header_id|><|start_header_id|><|start_header_id|><|start_header_id|><|start_header_id|><|start_header_id|><|begin_of_text|><|begin_of_text|><|start_header_id|><|begin_of_text|><|start_header_id|><|start_header_id|><|start_header_id|><|start_header_id|><|start_header_id|><|start_header_id|><|start_header_id|><|start_header_id|><|start_header_id|><|start_header_id|><|start_header_id|><|start_header_id|><|start_header_id|><|start_header_id|><|start_header_id|><|start_header_id|><|start_header_id|><|start_header_id|><|start_header_id|><|start_header_id|><|start_header_id|><|start_header_id|><|start_header_id|><|start_header_id|><|start_header_id|><|start_header_id|><|start_header_id|><|start_header_id|><|start_header_id|><|start_header_id|><|start_header_id|><|start_header_id|><|start_header_id|><|start_header_id|><|start_header_id|><|start_header_id|><|start_header_id|><|start_header_id|><|start_header_id|><|start_header_id|><|start_header_id|><|start_header_id|><|start_header_id|><|start_header_id|><|start_header_id|><|start_header_id|><|start_header_id|><|start_header_id|><|start_header_id|><|start_header_id|><|start_header_id|><|start_header_id|><|start_header_id|><|start_header_id|><|start_header_id|><|start_header_id|><|start_header_id|><|start_header_id|><|start_header_id|><|start_header_id|><|start_header_id|><|start_header_id|><|start_header_id|><|start_header_id|><|start_header_id|><|start_header_id|><|start_header_id|><|start_header_id|><|start_header_id|><|start_header_id|><|start_header_id|><|start_header_id|><|start_header_id|><|start_header_id|><|start_header_id|><|start_header_id|><|start_header_id|><|start_header_id|><|start_header_id|><|start_header_id|><|start_header_id|><|start_header_id|><|start_header_id|><|start_header_id|><|start_header_id|><|start_header_id|><|start_header_id|><|start_header_id|><|start_header_id|><|start_header_id|><|start_header_id|><|start_header_id|><|start_header_id|><|start_header_id|><|start_header_id|><|start_header_id|><|start_header_id|><|start_header_id|><|start_header_id|><|start_header_id|><|start_header_id|><|start_header_id|><|start_header_id|><|start_header_id|><|start_header_id|><|start_header_id|><|start_header_id|><|start_header_id|><|start_header_id|><|start_header_id|><|start_header_id|><|start_header_id|><|start_header_id|><|start_header_id|><|start_header_id|><|start_header_id|><|start_header_id|><|start_header_id|><|start_header_id|><|start_header_id|><|start_header_id|><|start_header_id|><|start_header_id|><|start_header_id|><|start_header_id|><|start_header_id|><|start_header_id|><|start_header_id|><|start_header_id|><|start_header_id|><|start_header_id|><|start_header_id|><|start_header_id|><|start_header_id|><|start_header_id|><|start_header_id|><|start_header_id|><|start_header_id|><|start_header_id|><|start_header_id|><|start_header_id|><|start_header_id|><|start_header_id|><|start_header_id|><|start_header_id|><|start_header_id|><|start_header_id|><|start_header_id|><|start_header_id|><|start_header_id|><|start_header_id|><|start_header_id|><|start_header_id|><|start_header_id|><|start_header_id|><|start_header_id|><|start_header_id|><|start_header_id|><|start_header_id|><|start_header_id|><|start_header_id|><|start_header_id|><|start_header_id|><|start_header_id|><|start_header_id|><|start_header_id|><|start_header_id|><|start_header_id|><|start_header_id|><|start_header_id|><|start_header_id|><|start_header_id|><|start_header_id|><|start_header_id|><|start_header_id|><|start_header_id|><|start_header_id|><|start_header_id|><|start_header_id|><|start_header_id|><|start_header_id|><|start_header_id|><|start_header_id|><|start_header_id|><|start_header_id|><|start_header_id|><|start_header_id|><|start_header_id|><|start_header_id|><|start_header_id|><|start_header_id|><|start_header_id|><|start_header_id|><|start_header_id|><|start_header_id|><|start_header_id|><|start_header_id|><|start_header_id|><|start_header_id|><|start_header_id|><|start_header_id|><|start_header_id|><|start_header_id|><|start_header_id|><|start_header_id|><|start_header_id|><|start_header_id|><|start_header_id|><|start_header_id|><|start_header_id|><|start_header_id|><|start_header_id|><|start_header_id|><|start_header_id|><|start_header_id|><|start_header_id|><|start_header_id|><|start_header_id|><|start_header_id|><|start_header_id|><|start_header_id|><|start_header_id|><|start_header_id|><|start_header_id|><|start_header_id|><|start_header_id|><|start_header_id|><|start_header_id|><|start_header_id|><|start_header_id|><|start_header_id|><|start_header_id|><|start_header_id|><|start_header_id|><|start_header_id|><|start_header_id|><|start_header_id|><|start_header_id|><|start_header_id|><|start_header_id|><|start_header_id|><|start_header_id|><|start_header_id|><|start_header_id|><|start_header_id|><|start_header_id|><|start_header_id|><|start_header_id|><|start_header_id|><|start_header_id|><|start_header_id|><|start_header_id|><|start_header_id|><|start_header_id|><|start_header_id|><|start_header_id|><|start_header_id|><|start_header_id|><|start_header_id|><|start_header_id|><|start_header_id|><|start_header_id|><|start_header_id|><|start_header_id|><|start_header_id|><|start_header_id|><|start_header_id|><|start_header_id|><|start_header_id|><|start_header_id|><|start_header_id|><|start_header_id|><|start_header_id|><|start_header_id|><|start_header_id|><|start_header_id|><|start_header_id|><|start_header_id|><|start_header_id|><|start_header_id|><|start_header_id|><|start_header_id|><|start_header_id|><|start_header_id|><|start_header_id|><|start_header_id|><|start_header_id|><|start_header_id|><|start_header_id|><|start_header_id|><|start_header_id|><|start_header_id|><|start_header_id|><|start_header_id|><|start_header_id|><|start_header_id|><|start_header_id|><|start_header_id|><|start_header_id|><|start_header_id|><|start_header_id|><|start_header_id|><|start_header_id|><|start_header_id|><|start_header_id|><|start_header_id|><|start_header_id|><|start_header_id|><|start_header_id|><|start_header_id|><|start_header_id|><|start_header_id|><|start_header_id|><|start_header_id|><|start_header_id|><|start_header_id|><|start_header_id|><|start_header_id|><|start_header_id|><|start_header_id|><|start_header_id|><|start_header_id|><|start_header_id|><|start_header_id|><|start_header_id|><|start_header_id|><|start_header_id|><|start_header_id|><|start_header_id|><|start_header_id|><|start_header_id|><|start_header_id|><|start_header_id|><|start_header_id|><|start_header_id|><|start_header_id|><|start_header_id|><|start_header_id|><|start_header_id|><|start_header_id|><|start_header_id|><|start_header_id|><|start_header_id|><|start_header_id|><|start_header_id|><|start_header_id|><|start_header_id|><|start_header_id|><|start_header_id|><|start_header_id|><|start_header_id|><|start_header_id|><|start_header_id|><|start_header_id|><|start_header_id|><|start_header_id|><|start_header_id|><|start_header_id|><|start_header_id|><|start_header_id|><|start_header_id|><|start_header_id|><|start_header_id|><|start_header_id|><|start_header_id|><|start_header_id|><|start_header_id|><|start_header_id|><|start_header_id|><|start_header_id|><|start_header_id|><|start_header_id|><|start_header_id|><|start_header_id|><|start_header_id|><|start_header_id|><|start_header_id|><|start_header_id|><|start_header_id|><|start_header_id|><|start_header_id|><|start_header_id|><|start_header_id|><|start_header_id|><|start_header_id|><|start_header_id|><|start_header_id|><|start_header_id|><|start_header_id|><|start_header_id|><|start_header_id|><|start_header_id|><|start_header_id|><|start_header_id|><|start_header_id|><|start_header_id|><|start_header_id|><|start_header_id|><|start_header_id|><|start_header_id|><|start_header_id|><|start_header_id|><|start_header_id|><|start_header_id|><|start_header_id|><|start_header_id|><|start_header_id|><|start_header_id|><|start_header_id|><|start_header_id|><|start_header_id|><|start_header_id|><|start_header_id|><|start_header_id|><|start_header_id|><|start_header_id|><|start_header_id|><|start_header_id|><|start_header_id|><|start_header_id|><|start_header_id|><|start_header_id|><|start_header_id|><|start_header_id|><|start_header_id|><|start_header_id|><|start_header_id|><|start_header_id|><|start_header_id|><|start_header_id|><|start_header_id|><|start_header_id|><|start_header_id|><|start_header_id|><|start_header_id|><|start_header_id|><|start_header_id|><|start_header_id|><|start_header_id|><|start_header_id|><|start_header_id|><|start_header_id|><|start_header_id|><|start_header_id|><|start_header_id|><|start_header_id|><|start_header_id|><|start_header_id|><|start_header_id|><|start_header_id|><|start_header_id|><|start_header_id|><|start_header_id|><|start_header_id|><|start_header_id|><|start_header_id|><|start_header_id|><|start_header_id|><|start_header_id|><|start_header_id|><|start_header_id|><|start_header_id|><|start_header_id|><|start_header_id|><|start_header_id|><|start_header_id|><|start_header_id|><|start_header_id|><|start_header_id|><|start_header_id|><|start_header_id|><|start_header_id|><|start_header_id|><|start_header_id|><|start_header_id|><|start_header_id|><|start_header_id|><|start_header_id|><|start_header_id|><|start_header_id|><|start_header_id|><|start_header_id|><|start_header_id|><|start_header_id|><|start_header_id|><|start_header_id|><|start_header_id|><|start_header_id|><|start_header_id|><|start_header_id|><|start_header_id|><|start_header_id|><|start_header_id|><|start_header_id|><|start_header_id|><|start_header_id|><|start_header_id|><|start_header_id|><|start_header_id|><|start_header_id|><|start_header_id|><|start_header_id|><|start_header_id|><|start_header_id|><|start_header_id|><|start_header_id|><|start_header_id|><|start_header_id|><|start_header_id|><|start_header_id|><|start_header_id|><|start_header_id|><|start_header_id|><|start_header_id|><|start_header_id|><|start_header_id|><|start_header_id|><|start_header_id|><|start_header_id|><|start_header_id|><|start_header_id|><|start_header_id|><|start_header_id|><|start_header_id|><|start_header_id|><|start_header_id|><|start_header_id|><|start_header_id|><|start_header_id|><|start_header_id|><|start_header_id|><|start_header_id|><|start_header_id|><|start_header_id|><|start_header_id|><|start_header_id|><|start_header_id|><|start_header_id|><|start_header_id|><|start_header_id|><|start_header_id|><|start_header_id|><|start_header_id|><|start_header_id|><|start_header_id|><|start_header_id|><|start_header_id|><|start_header_id|><|start_header_id|><|start_header_id|><|start_header_id|><|start_header_id|><|start_header_id|><|start_header_id|><|start_header_id|><|start_header_id|><|start_header_id|><|start_header_id|><|start_header_id|><|start_header_id|><|start_header_id|><|start_header_id|><|start_header_id|><|start_header_id|><|start_header_id|><|start_header_id|><|start_header_id|><|start_header_id|><|start_header_id|><|start_header_id|><|start_header_id|><|start_header_id|><|start_header_id|><|start_header_id|><|start_header_id|><|start_header_id|><|start_header_id|><|start_header_id|><|start_header_id|><|start_header_id|><|start_header_id|><|start_header_id|><|start_header_id|><|start_header_id|><|start_header_id|><|start_header_id|><|start_header_id|><|start_header_id|><|start_header_id|><|start_header_id|><|start_header_id|><|start_header_id|><|start_header_id|><|start_header_id|><|start_header_id|><|start_header_id|><|start_header_id|><|start_header_id|><|start_header_id|><|start_header_id|><|start_header_id|><|start_header_id|><|start_header_id|><|start_header_id|><|start_header_id|><|start_header_id|>",1,2,1,2,1,2,2.0,1.0,2.0,1.0,2.0,1.0,17,19,19.0,17.0,4.0
485,5,"<|begin_of_text|><|start_header_id|>system<|end_header_id|>

Cutting Knowledge Date: December 2023
Today Date: 26 Jul 2024

<|eot_id|><|start_header_id|>user<|end_header_id|>

You are helping analyze a negotiation conversation where two agents are discussing the allocation of resources. Each resource has exactly three units that must be divided between the two agents. The total amount of each resource allocated to both agents must add up to three. 

            Agent Preferences:
            Agent 1: High priority: firewood, Medium priority: food, Low priority: water
            Agent 2: High priority: firewood, Medium priority: water, Low priority: food

            Conversation with intentions:
            Agent 2: Hey there - looks like we are both going camping!  I'm from the South so firewood and water are a high priority for me., Agent 1: Wow, thats awesome! Yes, I am! Well, that's great because water isn't super important for me. Firewood is though., Agent 2: That sounds awesome - I'm sure we can come to an agreement on how to allocate that works for both of us. , [Summary: The conversation begins with a friendly exchange about shared camping plans, with both speakers expressing enthusiasm. The first speaker prioritizes firewood and water, while the second speaker aligns on the importance of firewood but not water. The dialogue maintains a cooperative tone, with the second speaker expressing optimism about reaching a mutually beneficial agreement, indicating a willingness to collaborate and accommodate each other's needs.]

            Based on this negotiation, predict the final allocation of resources. Provide only your answer using the following format with curly braces, with no explanation:

            OUTCOME: {agent1:{food:[number], water:[number], firewood:[number]}, agent2:{food:[number], water:[number], firewood:[number]}}

            Remember: Each resource must sum to exactly 3 units across both agents.<|eot_id|>","<|begin_of_text|><|begin_of_text|><|start_header_id|>system<|end_header_id|>

Cutting Knowledge Date: December 2023
Today Date: 26 Jul 2024

<|eot_id|><|start_header_id|>user<|end_header_id|>

You are helping analyze a negotiation conversation where two agents are discussing the allocation of resources. Each resource has exactly three units that must be divided between the two agents. The total amount of each resource allocated to both agents must add up to three. 

            Agent Preferences:
            Agent 1: High priority: firewood, Medium priority: food, Low priority: water
            Agent 2: High priority: firewood, Medium priority: water, Low priority: food

            Conversation with intentions:
            Agent 2: Hey there - looks like we are both going camping!  I'm from the South so firewood and water are a high priority for me., Agent 1: Wow, thats awesome! Yes, I am! Well, that's great because water isn't super important for me. Firewood is though., Agent 2: That sounds awesome - I'm sure we can come to an agreement on how to allocate that works for both of us., [Summary: The conversation begins with a friendly exchange about shared camping plans, with both speakers expressing enthusiasm. The first speaker prioritizes firewood and water, while the second speaker aligns on the importance of firewood but not water. The dialogue maintains a cooperative tone, with the second speaker expressing optimism about reaching a mutually beneficial agreement, indicating a willingness to collaborate and accommodate each other's needs.]

            Based on this negotiation, predict the final allocation of resources. Provide only your answer using the following format with curly braces, with no explanation:

            OUTCOME: {agent1:{food:[number], water:[number], firewood:[number]}, agent2:{food:[number], water:[number], firewood:[number]}}

            Remember: Each resource must sum to exactly 3 units across both agents.<|eot_id|><|begin_of_text|><|start_header_id|>system<|end_header_id|>

Cutting Knowledge Date: December 2023
Today Date: 26 Jul 2024

Outcome: {agent1:{food:2, water:1, firewood:2}, agent2:{food:1, water:2, firewood:1}}

<|begin_of_text|><|start_header_id|><|begin_of_text|><|start_header_id|><|begin_of_text|><|start_header_id|><|begin_of_text|><|start_header_id|><|begin_of_text|><|start_header_id|><|begin_of_text|><|start_header_id|><|begin_of_text|><|start_header_id|><|begin_of_text|><|start_header_id|><|begin_of_text|><|start_header_id|><|begin_of_text|><|start_header_id|><|begin_of_text|><|start_header_id|><|begin_of_text|><|start_header_id|><|begin_of_text|><|start_header_id|><|begin_of_text|><|start_header_id|><|begin_of_text|><|start_header_id|><|begin_of_text|><|start_header_id|><|begin_of_text|><|start_header_id|><|begin_of_text|><|start_header_id|><|begin_of_text|><|start_header_id|><|begin_of_text|><|start_header_id|><|begin_of_text|><|start_header_id|><|begin_of_text|><|start_header_id|><|begin_of_text|><|start_header_id|><|begin_of_text|><|start_header_id|><|begin_of_text|><|start_header_id|><|begin_of_text|><|start_header_id|><|begin_of_text|><|start_header_id|><|begin_of_text|><|start_header_id|><|begin_of_text|><|start_header_id|><|begin_of_text|><|start_header_id|><|begin_of_text|><|start_header_id|><|begin_of_text|><|start_header_id|><|begin_of_text|><|start_header_id|><|begin_of_text|><|start_header_id|><|begin_of_text|><|start_header_id|><|begin_of_text|><|start_header_id|><|begin_of_text|><|start_header_id|><|begin_of_text|><|start_header_id|><|begin_of_text|><|start_header_id|><|begin_of_text|><|start_header_id|><|begin_of_text|><|start_header_id|><|begin_of_text|><|start_header_id|><|begin_of_text|><|start_header_id|><|begin_of_text|><|start_header_id|><|begin_of_text|><|start_header_id|><|begin_of_text|><|start_header_id|><|begin_of_text|><|start_header_id|><|begin_of_text|><|start_header_id|><|begin_of_text|><|start_header_id|><|begin_of_text|><|start_header_id|><|begin_of_text|><|start_header_id|><|begin_of_text|><|start_header_id|><|begin_of_text|><|start_header_id|><|begin_of_text|><|start_header_id|><|begin_of_text|><|start_header_id|><|begin_of_text|><|start_header_id|><|begin_of_text|><|start_header_id|><|begin_of_text|><|start_header_id|><|begin_of_text|><|start_header_id|><|begin_of_text|><|start_header_id|><|begin_of_text|><|start_header_id|><|begin_of_text|><|start_header_id|><|begin_of_text|><|start_header_id|><|begin_of_text|><|start_header_id|><|begin_of_text|><|start_header_id|><|begin_of_text|><|start_header_id|><|begin_of_text|><|start_header_id|><|begin_of_text|><|start_header_id|><|begin_of_text|><|start_header_id|><|begin_of_text|><|start_header_id|><|begin_of_text|><|start_header_id|><|begin_of_text|><|start_header_id|><|begin_of_text|><|start_header_id|><|begin_of_text|><|start_header_id|><|begin_of_text|><|start_header_id|><|begin_of_text|><|start_header_id|><|begin_of_text|><|start_header_id|><|begin_of_text|><|start_header_id|><|begin_of_text|><|start_header_id|><|begin_of_text|><|start_header_id|><|begin_of_text|><|start_header_id|><|begin_of_text|><|start_header_id|><|begin_of_text|><|start_header_id|><|begin_of_text|><|start_header_id|><|begin_of_text|><|start_header_id|><|begin_of_text|><|start_header_id|><|begin_of_text|><|start_header_id|><|begin_of_text|><|start_header_id|><|begin_of_text|><|start_header_id|><|begin_of_text|><|start_header_id|><|begin_of_text|><|start_header_id|><|begin_of_text|><|start_header_id|><|begin_of_text|><|start_header_id|><|begin_of_text|><|start_header_id|><|begin_of_text|><|start_header_id|><|begin_of_text|><|start_header_id|><|begin_of_text|><|start_header_id|><|begin_of_text|><|start_header_id|><|begin_of_text|><|start_header_id|><|begin_of_text|><|start_header_id|><|begin_of_text|><|start_header_id|><|begin_of_text|><|start_header_id|><|begin_of_text|><|start_header_id|><|begin_of_text|><|start_header_id|><|begin_of_text|><|start_header_id|><|begin_of_text|><|start_header_id|><|begin_of_text|><|start_header_id|><|begin_of_text|><|start_header_id|><|begin_of_text|><|start_header_id|><|begin_of_text|><|start_header_id|><|begin_of_text|><|start_header_id|><|begin_of_text|><|start_header_id|><|begin_of_text|><|start_header_id|><|begin_of_text|><|start_header_id|><|begin_of_text|><|start_header_id|><|begin_of_text|><|start_header_id|><|begin_of_text|><|start_header_id|><|begin_of_text|><|start_header_id|><|start_header_id|><|begin_of_text|><|start_header_id|><|begin_of_text|><|start_header_id|><|begin_of_text|><|start_header_id|><|begin_of_text|><|start_header_id|><|start_header_id|><|begin_of_text|><|start_header_id|><|start_header_id|><|begin_of_text|><|start_header_id|><|begin_of_text|><|start_header_id|><|start_header_id|><|start_header_id|><|start_header_id|><|start_header_id|><|start_header_id|><|begin_of_text|><|start_header_id|><|begin_of_text|><|start_header_id|><|begin_of_text|><|start_header_id|><|start_header_id|><|start_header_id|><|start_header_id|><|begin_of_text|><|start_header_id|><|begin_of_text|><|start_header_id|><|start_header_id|><|start_header_id|><|start_header_id|><|begin_of_text|><|start_header_id|><|begin_of_text|><|start_header_id|><|start_header_id|><|begin_of_text|><|start_header_id|><|begin_of_text|><|start_header_id|><|begin_of_text|><|start_header_id|><|begin_of_text|><|start_header_id|><|start_header_id|><|begin_of_text|><|start_header_id|><|start_header_id|><|start_header_id|><|begin_of_text|><|start_header_id|><|start_header_id|><|start_header_id|><|start_header_id|><|start_header_id|><|start_header_id|><|begin_of_text|><|start_header_id|><|start_header_id|><|begin_of_text|><|start_header_id|><|begin_of_text|><|start_header_id|><|start_header_id|><|start_header_id|><|start_header_id|><|start_header_id|><|start_header_id|><|start_header_id|><|begin_of_text|><|start_header_id|><|start_header_id|><|start_header_id|><|start_header_id|><|begin_of_text|><|start_header_id|><|start_header_id|><|start_header_id|><|begin_of_text|><|start_header_id|><|start_header_id|><|start_header_id|><|start_header_id|><|start_header_id|><|start_header_id|><|start_header_id|><|start_header_id|><|start_header_id|><|begin_of_text|><|start_header_id|><|start_header_id|><|start_header_id|><|start_header_id|><|start_header_id|><|start_header_id|><|start_header_id|><|begin_of_text|><|start_header_id|><|start_header_id|><|start_header_id|><|start_header_id|><|start_header_id|><|start_header_id|><|start_header_id|><|start_header_id|><|start_header_id|><|start_header_id|><|start_header_id|><|start_header_id|><|start_header_id|><|start_header_id|><|start_header_id|><|start_header_id|><|start_header_id|><|start_header_id|><|start_header_id|><|start_header_id|><|start_header_id|><|start_header_id|><|start_header_id|><|start_header_id|><|start_header_id|><|start_header_id|><|start_header_id|><|start_header_id|><|start_header_id|><|start_header_id|><|start_header_id|><|start_header_id|><|start_header_id|><|start_header_id|><|start_header_id|><|start_header_id|><|start_header_id|><|start_header_id|><|start_header_id|><|start_header_id|><|start_header_id|><|start_header_id|><|start_header_id|><|start_header_id|><|start_header_id|><|start_header_id|><|start_header_id|><|start_header_id|><|start_header_id|><|start_header_id|><|start_header_id|><|start_header_id|><|start_header_id|><|start_header_id|><|start_header_id|><|start_header_id|><|start_header_id|><|start_header_id|><|start_header_id|><|start_header_id|><|start_header_id|><|start_header_id|><|start_header_id|><|start_header_id|><|start_header_id|><|start_header_id|><|start_header_id|><|start_header_id|><|start_header_id|><|start_header_id|><|start_header_id|><|start_header_id|><|start_header_id|><|start_header_id|><|start_header_id|><|start_header_id|><|start_header_id|><|start_header_id|><|start_header_id|><|start_header_id|><|start_header_id|><|start_header_id|><|start_header_id|><|start_header_id|><|start_header_id|><|start_header_id|><|start_header_id|><|start_header_id|><|start_header_id|><|start_header_id|><|start_header_id|><|start_header_id|><|start_header_id|><|start_header_id|><|start_header_id|><|start_header_id|><|start_header_id|><|start_header_id|><|start_header_id|><|start_header_id|><|start_header_id|><|start_header_id|><|start_header_id|><|start_header_id|><|start_header_id|><|start_header_id|><|start_header_id|><|start_header_id|><|start_header_id|><|start_header_id|><|start_header_id|><|start_header_id|><|start_header_id|><|start_header_id|><|start_header_id|><|start_header_id|><|start_header_id|><|start_header_id|><|start_header_id|><|start_header_id|><|start_header_id|><|start_header_id|><|start_header_id|><|start_header_id|><|start_header_id|><|start_header_id|><|start_header_id|><|start_header_id|><|start_header_id|><|start_header_id|><|start_header_id|><|start_header_id|><|start_header_id|><|start_header_id|><|start_header_id|><|start_header_id|><|start_header_id|><|start_header_id|><|start_header_id|><|start_header_id|><|start_header_id|><|start_header_id|><|start_header_id|><|start_header_id|><|start_header_id|><|start_header_id|><|start_header_id|><|start_header_id|><|start_header_id|><|start_header_id|><|start_header_id|><|start_header_id|><|start_header_id|><|start_header_id|><|start_header_id|><|start_header_id|><|start_header_id|><|start_header_id|><|start_header_id|><|start_header_id|><|start_header_id|><|start_header_id|><|start_header_id|><|start_header_id|><|start_header_id|><|start_header_id|><|start_header_id|><|start_header_id|><|start_header_id|><|start_header_id|><|start_header_id|><|start_header_id|><|start_header_id|><|start_header_id|><|start_header_id|><|start_header_id|><|start_header_id|><|start_header_id|><|start_header_id|><|start_header_id|><|start_header_id|><|start_header_id|><|start_header_id|><|start_header_id|><|start_header_id|><|start_header_id|><|start_header_id|><|start_header_id|><|start_header_id|><|start_header_id|><|start_header_id|><|start_header_id|><|start_header_id|><|start_header_id|><|start_header_id|><|start_header_id|><|start_header_id|><|start_header_id|><|start_header_id|><|start_header_id|><|start_header_id|><|start_header_id|><|start_header_id|><|start_header_id|><|start_header_id|><|start_header_id|><|start_header_id|><|start_header_id|><|start_header_id|><|start_header_id|><|start_header_id|><|start_header_id|><|start_header_id|><|start_header_id|><|start_header_id|><|start_header_id|><|start_header_id|><|start_header_id|><|start_header_id|><|start_header_id|><|start_header_id|><|start_header_id|><|start_header_id|><|start_header_id|><|start_header_id|><|start_header_id|><|start_header_id|><|start_header_id|><|start_header_id|><|start_header_id|><|start_header_id|><|start_header_id|><|start_header_id|><|start_header_id|><|start_header_id|><|start_header_id|><|start_header_id|><|start_header_id|><|start_header_id|><|start_header_id|><|start_header_id|><|start_header_id|><|start_header_id|><|start_header_id|><|start_header_id|><|start_header_id|><|start_header_id|><|start_header_id|><|start_header_id|><|start_header_id|><|start_header_id|><|start_header_id|><|start_header_id|><|start_header_id|><|start_header_id|><|start_header_id|><|start_header_id|><|start_header_id|><|start_header_id|><|start_header_id|><|start_header_id|><|start_header_id|><|start_header_id|><|start_header_id|><|start_header_id|><|start_header_id|><|start_header_id|><|start_header_id|><|start_header_id|><|start_header_id|><|start_header_id|><|start_header_id|><|start_header_id|><|start_header_id|><|start_header_id|><|start_header_id|><|start_header_id|><|start_header_id|><|start_header_id|><|start_header_id|><|start_header_id|><|start_header_id|><|start_header_id|><|start_header_id|><|start_header_id|><|start_header_id|><|start_header_id|><|start_header_id|><|start_header_id|><|start_header_id|><|start_header_id|><|start_header_id|><|start_header_id|><|start_header_id|><|start_header_id|><|start_header_id|><|start_header_id|><|start_header_id|><|start_header_id|><|start_header_id|><|start_header_id|><|start_header_id|><|start_header_id|><|start_header_id|><|start_header_id|><|start_header_id|><|start_header_id|><|start_header_id|><|start_header_id|><|start_header_id|><|start_header_id|><|start_header_id|><|start_header_id|><|start_header_id|><|start_header_id|><|start_header_id|><|start_header_id|><|start_header_id|><|start_header_id|><|start_header_id|><|start_header_id|><|start_header_id|><|start_header_id|><|start_header_id|><|start_header_id|><|start_header_id|><|start_header_id|><|start_header_id|><|start_header_id|><|start_header_id|><|start_header_id|><|start_header_id|><|start_header_id|><|start_header_id|><|start_header_id|><|start_header_id|><|start_header_id|><|start_header_id|><|start_header_id|><|start_header_id|><|start_header_id|><|start_header_id|><|start_header_id|><|start_header_id|><|start_header_id|><|start_header_id|><|start_header_id|><|start_header_id|><|start_header_id|><|start_header_id|><|start_header_id|><|start_header_id|><|start_header_id|><|start_header_id|><|start_header_id|><|start_header_id|><|start_header_id|><|start_header_id|><|start_header_id|><|start_header_id|><|start_header_id|><|start_header_id|><|start_header_id|><|start_header_id|><|start_header_id|><|start_header_id|><|start_header_id|><|start_header_id|><|start_header_id|><|start_header_id|><|start_header_id|><|start_header_id|><|start_header_id|><|start_header_id|><|start_header_id|><|start_header_id|><|start_header_id|><|start_header_id|><|start_header_id|><|start_header_id|><|start_header_id|><|start_header_id|><|start_header_id|><|start_header_id|><|start_header_id|><|start_header_id|><|start_header_id|><|start_header_id|><|start_header_id|><|start_header_id|><|start_header_id|><|start_header_id|><|start_header_id|><|start_header_id|><|start_header_id|><|start_header_id|><|start_header_id|><|start_header_id|><|start_header_id|><|start_header_id|><|start_header_id|><|start_header_id|><|start_header_id|><|start_header_id|><|start_header_id|><|start_header_id|><|start_header_id|><|start_header_id|><|start_header_id|><|start_header_id|><|start_header_id|><|start_header_id|><|start_header_id|><|start_header_id|><|start_header_id|><|start_header_id|><|start_header_id|><|start_header_id|><|start_header_id|><|start_header_id|><|start_header_id|><|start_header_id|><|start_header_id|><|start_header_id|><|start_header_id|><|start_header_id|><|start_header_id|><|start_header_id|><|start_header_id|><|start_header_id|><|start_header_id|><|start_header_id|><|start_header_id|><|start_header_id|><|start_header_id|><|start_header_id|><|start_header_id|><|start_header_id|><|start_header_id|><|start_header_id|><|start_header_id|><|start_header_id|><|start_header_id|><|start_header_id|><|start_header_id|><|start_header_id|><|start_header_id|><|start_header_id|><|start_header_id|><|start_header_id|><|start_header_id|><|start_header_id|><|start_header_id|><|start_header_id|><|start_header_id|><|start_header_id|><|start_header_id|><|start_header_id|><|start_header_id|><|start_header_id|><|start_header_id|><|start_header_id|><|start_header_id|><|start_header_id|><|start_header_id|><|start_header_id|><|start_header_id|><|start_header_id|><|start_header_id|><|start_header_id|><|start_header_id|><|start_header_id|><|start_header_id|><|start_header_id|><|start_header_id|><|start_header_id|><|start_header_id|><|start_header_id|><|start_header_id|><|start_header_id|><|start_header_id|><|start_header_id|><|start_header_id|><|start_header_id|><|start_header_id|><|start_header_id|><|start_header_id|><|start_header_id|><|start_header_id|><|start_header_id|><|start_header_id|><|start_header_id|><|start_header_id|><|start_header_id|><|start_header_id|><|start_header_id|><|start_header_id|><|start_header_id|><|start_header_id|><|start_header_id|><|start_header_id|><|start_header_id|><|start_header_id|><|start_header_id|><|start_header_id|><|start_header_id|><|start_header_id|><|start_header_id|><|start_header_id|><|start_header_id|><|start_header_id|><|start_header_id|><|start_header_id|><|start_header_id|><|start_header_id|><|start_header_id|><|start_header_id|><|start_header_id|><|start_header_id|><|start_header_id|><|start_header_id|><|start_header_id|><|start_header_id|><|start_header_id|><|start_header_id|><|start_header_id|><|start_header_id|><|start_header_id|><|start_header_id|><|start_header_id|><|start_header_id|><|start_header_id|><|start_header_id|><|start_header_id|><|start_header_id|><|start_header_id|><|start_header_id|><|start_header_id|><|start_header_id|><|start_header_id|><|start_header_id|><|start_header_id|><|start_header_id|><|start_header_id|><|start_header_id|><|start_header_id|><|start_header_id|><|start_header_id|><|start_header_id|><|start_header_id|><|start_header_id|><|start_header_id|><|start_header_id|><|start_header_id|><|start_header_id|><|start_header_id|><|start_header_id|><|start_header_id|><|start_header_id|><|start_header_id|><|start_header_id|><|start_header_id|><|start_header_id|><|start_header_id|><|start_header_id|><|start_header_id|><|start_header_id|><|start_header_id|><|start_header_id|><|start_header_id|><|start_header_id|><|start_header_id|><|start_header_id|><|start_header_id|><|start_header_id|><|start_header_id|><|start_header_id|><|start_header_id|><|start_header_id|><|start_header_id|><|start_header_id|><|start_header_id|><|start_header_id|><|start_header_id|><|start_header_id|><|start_header_id|><|start_header_id|><|start_header_id|><|start_header_id|><|start_header_id|><|start_header_id|><|start_header_id|><|start_header_id|><|start_header_id|><|start_header_id|><|start_header_id|><|start_header_id|><|start_header_id|><|start_header_id|><|start_header_id|><|start_header_id|><|start_header_id|><|start_header_id|><|start_header_id|><|start_header_id|><|start_header_id|><|start_header_id|><|start_header_id|><|start_header_id|><|start_header_id|><|start_header_id|><|start_header_id|><|start_header_id|><|start_header_id|><|start_header_id|><|start_header_id|><|start_header_id|><|start_header_id|><|start_header_id|><|start_header_id|><|start_header_id|><|start_header_id|><|start_header_id|><|start_header_id|>",2,1,1,1,2,2,2.0,1.0,2.0,1.0,2.0,1.0,16,21,21.0,16.0,25.0
489,5,"<|begin_of_text|><|start_header_id|>system<|end_header_id|>

Cutting Knowledge Date: December 2023
Today Date: 26 Jul 2024

<|eot_id|><|start_header_id|>user<|end_header_id|>

You are helping analyze a negotiation conversation where two agents are discussing the allocation of resources. Each resource has exactly three units that must be divided between the two agents. The total amount of each resource allocated to both agents must add up to three. 

            Agent Preferences:
            Agent 1: High priority: food, Medium priority: water, Low priority: firewood
            Agent 2: High priority: firewood, Medium priority: food, Low priority: water

            Conversation with intentions:
            Agent 1: Hello 🙂, Agent 2: Hello!, Agent 1: Which item do you need the most?, Agent 2: Firewood, due to the area that we are going to. How about you? , [Summary: The conversation begins with a friendly exchange of greetings, establishing a cooperative tone. The first speaker inquires about the other's needs, indicating an intention to understand and perhaps assist. The second speaker responds with a specific need, maintaining the cooperative atmosphere, and reciprocates the inquiry, suggesting a mutual interest in understanding each other's priorities. The interaction remains polite and focused on sharing information to facilitate mutual understanding and collaboration.]

            Based on this negotiation, predict the final allocation of resources. Provide only your answer using the following format with curly braces, with no explanation:

            OUTCOME: {agent1:{food:[number], water:[number], firewood:[number]}, agent2:{food:[number], water:[number], firewood:[number]}}

            Remember: Each resource must sum to exactly 3 units across both agents.<|eot_id|>","<|begin_of_text|><|begin_of_text|><|start_header_id|>system<|end_header_id|>

Cutting Knowledge Date: December 2023
Today Date: 26 Jul 2024

<|eot_id|><|start_header_id|>user<|end_header_id|>

You are helping analyze a negotiation conversation where two agents are discussing the allocation of resources. Each resource has exactly three units that must be divided between the two agents. The total amount of each resource allocated to both agents must add up to three. 

            Agent Preferences:
            Agent 1: High priority: food, Medium priority: water, Low priority: firewood
            Agent 2: High priority: firewood, Medium priority: food, Low priority: water

            Conversation with intentions:
            Agent 1: Hello 🙂, Agent 2: Hello!, Agent 1: Which item do you need the most?, Agent 2: Firewood, due to the area that we are going to. How about you?, [Summary: The conversation begins with a friendly exchange of greetings, establishing a cooperative tone. The first speaker inquires about the other's needs, indicating an intention to understand and perhaps assist. The second speaker responds with a specific need, maintaining the cooperative atmosphere, and reciprocates the inquiry, suggesting a mutual interest in understanding each other's priorities. The interaction remains polite and focused on sharing information to facilitate mutual understanding and collaboration.]

            Based on this negotiation, predict the final allocation of resources. Provide only your answer using the following format with curly braces, with no explanation:

            OUTCOME: {agent1:{food:[number], water:[number], firewood:[number]}, agent2:{food:[number], water:[number], firewood:[number]}}

            Remember: Each resource must sum to exactly 3 units across both agents.<|eot_id|><|begin_of_text|><|start_header_id|>system<|end_header_id|>

Cutting Knowledge Date: December 2023
Today Date: 26 Jul 2024

OUTCOME: {agent1:{food:2, water:2, firewood:1}, agent2:{food:1, water:1, firewood:2}}<|eot_id|>",3,1,1,0,2,2,2.0,2.0,1.0,1.0,1.0,2.0,22,16,21.0,17.0,1.0
492,5,"<|begin_of_text|><|start_header_id|>system<|end_header_id|>

Cutting Knowledge Date: December 2023
Today Date: 26 Jul 2024

<|eot_id|><|start_header_id|>user<|end_header_id|>

You are helping analyze a negotiation conversation where two agents are discussing the allocation of resources. Each resource has exactly three units that must be divided between the two agents. The total amount of each resource allocated to both agents must add up to three. 

            Agent Preferences:
            Agent 1: High priority: firewood, Medium priority: water, Low priority: food
            Agent 2: High priority: firewood, Medium priority: water, Low priority: food

            Conversation with intentions:
            Agent 2: Can you help out? I can easily dehydrated can you give all the water packages to me?, Agent 1: I can spare a little as I am currently taking medication that requires me to drink a lot. I can give you 2 bottles of water if you can give me 3 firewood, Agent 2: I can't give you all the 3 firewood. We can share them. I can give you 1 firewood? Because I am too scared about dark. ☹️, Agent 1: I could give you 1 water for 1 firewood, most of my firewood got wet so is almost useless . Would you perhaps except some food for another unit of firewood?, Agent 2: Oh. Let do some deal. If you give me all water bottles I will give you 2 firewood. Can you accept this , [Summary: The conversation begins with mturk_agent_2 expressing a need for water and requesting assistance, while mturk_agent_1 responds with a willingness to help but highlights their own needs due to medication. Both participants engage in negotiation, with mturk_agent_1 proposing a trade of water for firewood. As the conversation progresses, mturk_agent_2 remains focused on acquiring water, while mturk_agent_1 attempts to balance their needs by negotiating terms that involve both water and food in exchange for firewood.]

            Based on this negotiation, predict the final allocation of resources. Provide only your answer using the following format with curly braces, with no explanation:

            OUTCOME: {agent1:{food:[number], water:[number], firewood:[number]}, agent2:{food:[number], water:[number], firewood:[number]}}

            Remember: Each resource must sum to exactly 3 units across both agents.<|eot_id|>","<|begin_of_text|><|begin_of_text|><|start_header_id|>system<|end_header_id|>

Cutting Knowledge Date: December 2023
Today Date: 26 Jul 2024

<|eot_id|><|start_header_id|>user<|end_header_id|>

You are helping analyze a negotiation conversation where two agents are discussing the allocation of resources. Each resource has exactly three units that must be divided between the two agents. The total amount of each resource allocated to both agents must add up to three. 

            Agent Preferences:
            Agent 1: High priority: firewood, Medium priority: water, Low priority: food
            Agent 2: High priority: firewood, Medium priority: water, Low priority: food

            Conversation with intentions:
            Agent 2: Can you help out? I can easily dehydrated can you give all the water packages to me?, Agent 1: I can spare a little as I am currently taking medication that requires me to drink a lot. I can give you 2 bottles of water if you can give me 3 firewood, Agent 2: I can't give you all the 3 firewood. We can share them. I can give you 1 firewood? Because I am too scared about dark. ☹️, Agent 1: I could give you 1 water for 1 firewood, most of my firewood got wet so is almost useless. Would you perhaps except some food for another unit of firewood?, Agent 2: Oh. Let do some deal. If you give me all water bottles I will give you 2 firewood. Can you accept this, [Summary: The conversation begins with mturk_agent_2 expressing a need for water and requesting assistance, while mturk_agent_1 responds with a willingness to help but highlights their own needs due to medication. Both participants engage in negotiation, with mturk_agent_1 proposing a trade of water for firewood. As the conversation progresses, mturk_agent_2 remains focused on acquiring water, while mturk_agent_1 attempts to balance their needs by negotiating terms that involve both water and food in exchange for firewood.]

            Based on this negotiation, predict the final allocation of resources. Provide only your answer using the following format with curly braces, with no explanation:

            OUTCOME: {agent1:{food:[number], water:[number], firewood:[number]}, agent2:{food:[number], water:[number], firewood:[number]}}

            Remember: Each resource must sum to exactly 3 units across both agents.<|eot_id|><|begin_of_text|><|start_header_id|>system<|end_header_id|>

Cutting Knowledge Date: December 2023
Today Date: 26 Jul 2024

OUTCOME: {agent1:{food:2, water:0, firewood:2}, agent2:{food:1, water:3, firewood:1}}<|eot_id|>",1,1,2,2,2,1,2.0,0.0,2.0,1.0,3.0,1.0,17,19,16.0,20.0,1.0
499,5,"<|begin_of_text|><|start_header_id|>system<|end_header_id|>

Cutting Knowledge Date: December 2023
Today Date: 26 Jul 2024

<|eot_id|><|start_header_id|>user<|end_header_id|>

You are helping analyze a negotiation conversation where two agents are discussing the allocation of resources. Each resource has exactly three units that must be divided between the two agents. The total amount of each resource allocated to both agents must add up to three. 

            Agent Preferences:
            Agent 1: High priority: water, Medium priority: firewood, Low priority: food
            Agent 2: High priority: food, Medium priority: firewood, Low priority: water

            Conversation with intentions:
            Agent 1: Hello 🙂What would you like to do with this deal?, Agent 2: My friend ended up having a medical emergency and couldn't go to the store when I asked her to get food. Because of that, I would like 3 food packages. I had to go help her with the medical forms and didn't have time to shop, Agent 1: Yes I can give you the three food but I need 2 water. I can become very thirsty. , [Summary: The conversation begins with a friendly greeting and a request for assistance due to an unforeseen circumstance. The second speaker explains their situation and makes a specific request for food packages. The first speaker responds positively, agreeing to the request but introduces a condition, indicating a need for water. The exchange maintains a cooperative tone, with both parties expressing their needs and negotiating a mutually beneficial arrangement.]

            Based on this negotiation, predict the final allocation of resources. Provide only your answer using the following format with curly braces, with no explanation:

            OUTCOME: {agent1:{food:[number], water:[number], firewood:[number]}, agent2:{food:[number], water:[number], firewood:[number]}}

            Remember: Each resource must sum to exactly 3 units across both agents.<|eot_id|>","<|begin_of_text|><|begin_of_text|><|start_header_id|>system<|end_header_id|>

Cutting Knowledge Date: December 2023
Today Date: 26 Jul 2024

<|eot_id|><|start_header_id|>user<|end_header_id|>

You are helping analyze a negotiation conversation where two agents are discussing the allocation of resources. Each resource has exactly three units that must be divided between the two agents. The total amount of each resource allocated to both agents must add up to three. 

            Agent Preferences:
            Agent 1: High priority: water, Medium priority: firewood, Low priority: food
            Agent 2: High priority: food, Medium priority: firewood, Low priority: water

            Conversation with intentions:
            Agent 1: Hello 🙂What would you like to do with this deal?, Agent 2: My friend ended up having a medical emergency and couldn't go to the store when I asked her to get food. Because of that, I would like 3 food packages. I had to go help her with the medical forms and didn't have time to shop, Agent 1: Yes I can give you the three food but I need 2 water. I can become very thirsty., [Summary: The conversation begins with a friendly greeting and a request for assistance due to an unforeseen circumstance. The second speaker explains their situation and makes a specific request for food packages. The first speaker responds positively, agreeing to the request but introduces a condition, indicating a need for water. The exchange maintains a cooperative tone, with both parties expressing their needs and negotiating a mutually beneficial arrangement.]

            Based on this negotiation, predict the final allocation of resources. Provide only your answer using the following format with curly braces, with no explanation:

            OUTCOME: {agent1:{food:[number], water:[number], firewood:[number]}, agent2:{food:[number], water:[number], firewood:[number]}}

            Remember: Each resource must sum to exactly 3 units across both agents.<|eot_id|><|begin_of_text|><|start_header_id|>system<|end_header_id|>

Cutting Knowledge Date: December 2023
Today Date: 26 Jul 2024

Outcome: {agent1:{food:0, water:3, firewood:2}, agent2:{food:3, water:0, firewood:1}}

<|begin_of_text|><|start_header_id|><|begin_of_text|><|start_header_id|><|begin_of_text|><|start_header_id|><|begin_of_text|><|start_header_id|><|begin_of_text|><|start_header_id|><|begin_of_text|><|start_header_id|><|begin_of_text|><|start_header_id|><|begin_of_text|><|start_header_id|><|begin_of_text|><|start_header_id|><|begin_of_text|><|start_header_id|><|begin_of_text|><|start_header_id|><|begin_of_text|><|start_header_id|><|begin_of_text|><|start_header_id|><|begin_of_text|><|start_header_id|><|begin_of_text|><|start_header_id|><|begin_of_text|><|start_header_id|><|begin_of_text|><|start_header_id|><|begin_of_text|><|start_header_id|><|begin_of_text|><|start_header_id|><|begin_of_text|><|start_header_id|><|begin_of_text|><|start_header_id|><|begin_of_text|><|start_header_id|><|begin_of_text|><|start_header_id|><|begin_of_text|><|start_header_id|><|begin_of_text|><|start_header_id|><|begin_of_text|><|start_header_id|><|begin_of_text|><|start_header_id|><|begin_of_text|><|start_header_id|><|begin_of_text|><|start_header_id|><|begin_of_text|><|start_header_id|><|begin_of_text|><|start_header_id|><|begin_of_text|><|start_header_id|><|begin_of_text|><|start_header_id|><|begin_of_text|><|start_header_id|><|begin_of_text|><|start_header_id|><|begin_of_text|><|start_header_id|><|begin_of_text|><|start_header_id|><|begin_of_text|><|start_header_id|><|begin_of_text|><|start_header_id|><|begin_of_text|><|start_header_id|><|begin_of_text|><|start_header_id|><|begin_of_text|><|start_header_id|><|begin_of_text|><|start_header_id|><|begin_of_text|><|start_header_id|><|begin_of_text|><|start_header_id|><|begin_of_text|><|start_header_id|><|begin_of_text|><|start_header_id|><|begin_of_text|><|start_header_id|><|begin_of_text|><|start_header_id|><|begin_of_text|><|start_header_id|><|begin_of_text|><|start_header_id|><|begin_of_text|><|start_header_id|><|begin_of_text|><|start_header_id|><|begin_of_text|><|start_header_id|><|begin_of_text|><|start_header_id|><|begin_of_text|><|start_header_id|><|begin_of_text|><|start_header_id|><|begin_of_text|><|start_header_id|><|begin_of_text|><|start_header_id|><|begin_of_text|><|start_header_id|><|begin_of_text|><|start_header_id|><|begin_of_text|><|start_header_id|><|begin_of_text|><|start_header_id|><|begin_of_text|><|start_header_id|><|begin_of_text|><|start_header_id|><|begin_of_text|><|start_header_id|><|begin_of_text|><|start_header_id|><|begin_of_text|><|start_header_id|><|begin_of_text|><|start_header_id|><|begin_of_text|><|start_header_id|><|begin_of_text|><|start_header_id|><|begin_of_text|><|start_header_id|><|begin_of_text|><|start_header_id|><|begin_of_text|><|start_header_id|><|begin_of_text|><|start_header_id|><|begin_of_text|><|start_header_id|><|begin_of_text|><|start_header_id|><|begin_of_text|><|start_header_id|><|begin_of_text|><|start_header_id|><|begin_of_text|><|start_header_id|><|begin_of_text|><|start_header_id|><|begin_of_text|><|start_header_id|><|begin_of_text|><|start_header_id|><|begin_of_text|><|start_header_id|><|begin_of_text|><|start_header_id|><|begin_of_text|><|start_header_id|><|begin_of_text|><|start_header_id|><|begin_of_text|><|start_header_id|><|begin_of_text|><|start_header_id|><|begin_of_text|><|start_header_id|><|begin_of_text|><|start_header_id|><|begin_of_text|><|start_header_id|><|begin_of_text|><|start_header_id|><|begin_of_text|><|start_header_id|><|begin_of_text|><|start_header_id|><|begin_of_text|><|start_header_id|><|begin_of_text|><|start_header_id|><|begin_of_text|><|start_header_id|><|begin_of_text|><|start_header_id|><|begin_of_text|><|start_header_id|><|begin_of_text|><|start_header_id|><|begin_of_text|><|start_header_id|><|begin_of_text|><|start_header_id|><|begin_of_text|><|start_header_id|><|begin_of_text|><|start_header_id|><|begin_of_text|><|start_header_id|><|begin_of_text|><|start_header_id|><|begin_of_text|><|start_header_id|><|begin_of_text|><|start_header_id|><|begin_of_text|><|start_header_id|><|begin_of_text|><|start_header_id|><|begin_of_text|><|start_header_id|><|begin_of_text|><|start_header_id|><|begin_of_text|><|start_header_id|><|begin_of_text|><|start_header_id|><|begin_of_text|><|start_header_id|><|begin_of_text|><|start_header_id|><|begin_of_text|><|start_header_id|><|begin_of_text|><|start_header_id|><|start_header_id|><|begin_of_text|><|start_header_id|><|begin_of_text|><|start_header_id|><|start_header_id|><|start_header_id|><|start_header_id|><|start_header_id|><|begin_of_text|><|start_header_id|><|begin_of_text|><|start_header_id|><|begin_of_text|><|start_header_id|><|start_header_id|><|begin_of_text|><|start_header_id|><|begin_of_text|><|start_header_id|><|begin_of_text|><|start_header_id|><|begin_of_text|><|start_header_id|><|start_header_id|><|start_header_id|><|start_header_id|><|begin_of_text|><|start_header_id|><|begin_of_text|><|start_header_id|><|begin_of_text|><|start_header_id|><|start_header_id|><|start_header_id|><|start_header_id|><|start_header_id|><|start_header_id|><|begin_of_text|><|start_header_id|><|start_header_id|><|start_header_id|><|start_header_id|><|begin_of_text|><|start_header_id|><|start_header_id|><|begin_of_text|><|start_header_id|><|start_header_id|><|start_header_id|><|start_header_id|><|start_header_id|><|begin_of_text|><|start_header_id|><|begin_of_text|><|start_header_id|><|start_header_id|><|start_header_id|><|start_header_id|><|start_header_id|><|start_header_id|><|begin_of_text|><|start_header_id|><|start_header_id|><|begin_of_text|><|start_header_id|><|start_header_id|><|start_header_id|><|begin_of_text|><|begin_of_text|><|start_header_id|><|begin_of_text|><|start_header_id|><|begin_of_text|><|begin_of_text|><|start_header_id|><|start_header_id|><|start_header_id|><|start_header_id|><|start_header_id|><|start_header_id|><|start_header_id|><|start_header_id|><|start_header_id|><|start_header_id|><|start_header_id|><|start_header_id|><|begin_of_text|><|start_header_id|><|start_header_id|><|start_header_id|><|start_header_id|><|start_header_id|><|begin_of_text|><|start_header_id|><|start_header_id|><|start_header_id|><|start_header_id|><|start_header_id|><|start_header_id|><|start_header_id|><|start_header_id|><|begin_of_text|><|begin_of_text|><|begin_of_text|><|start_header_id|><|start_header_id|><|start_header_id|><|start_header_id|><|start_header_id|><|start_header_id|><|start_header_id|><|start_header_id|><|start_header_id|><|start_header_id|><|start_header_id|><|start_header_id|><|start_header_id|><|start_header_id|><|start_header_id|><|start_header_id|><|start_header_id|><|start_header_id|><|start_header_id|><|start_header_id|><|start_header_id|><|start_header_id|><|start_header_id|><|start_header_id|><|start_header_id|><|start_header_id|><|start_header_id|><|start_header_id|><|start_header_id|><|start_header_id|><|start_header_id|><|start_header_id|><|start_header_id|><|start_header_id|><|start_header_id|><|start_header_id|><|start_header_id|><|start_header_id|><|start_header_id|><|start_header_id|><|start_header_id|><|start_header_id|><|start_header_id|><|start_header_id|><|start_header_id|><|start_header_id|><|start_header_id|><|start_header_id|><|start_header_id|><|start_header_id|><|start_header_id|><|start_header_id|><|start_header_id|><|start_header_id|><|start_header_id|><|start_header_id|><|start_header_id|><|start_header_id|><|start_header_id|><|start_header_id|><|start_header_id|><|start_header_id|><|start_header_id|><|start_header_id|><|start_header_id|><|start_header_id|><|start_header_id|><|start_header_id|><|start_header_id|><|start_header_id|><|start_header_id|><|start_header_id|><|start_header_id|><|start_header_id|><|start_header_id|><|start_header_id|><|start_header_id|><|start_header_id|><|start_header_id|><|start_header_id|><|start_header_id|><|start_header_id|><|start_header_id|><|start_header_id|><|start_header_id|><|start_header_id|><|start_header_id|><|start_header_id|><|start_header_id|><|start_header_id|><|start_header_id|><|start_header_id|><|start_header_id|><|start_header_id|><|start_header_id|><|start_header_id|><|start_header_id|><|start_header_id|><|start_header_id|><|start_header_id|><|start_header_id|><|start_header_id|><|start_header_id|><|start_header_id|><|start_header_id|><|start_header_id|><|start_header_id|><|start_header_id|><|start_header_id|><|start_header_id|><|start_header_id|><|start_header_id|><|start_header_id|><|start_header_id|><|start_header_id|><|start_header_id|><|start_header_id|><|start_header_id|><|start_header_id|><|start_header_id|><|start_header_id|><|start_header_id|><|start_header_id|><|start_header_id|><|start_header_id|><|start_header_id|><|start_header_id|><|start_header_id|><|start_header_id|><|start_header_id|><|start_header_id|><|start_header_id|><|start_header_id|><|start_header_id|><|start_header_id|><|start_header_id|><|start_header_id|><|start_header_id|><|start_header_id|><|start_header_id|><|start_header_id|><|start_header_id|><|start_header_id|><|start_header_id|><|start_header_id|><|start_header_id|><|start_header_id|><|start_header_id|><|start_header_id|><|start_header_id|><|start_header_id|><|start_header_id|><|start_header_id|><|start_header_id|><|start_header_id|><|start_header_id|><|start_header_id|><|start_header_id|><|start_header_id|><|start_header_id|><|start_header_id|><|start_header_id|><|start_header_id|><|start_header_id|><|start_header_id|><|start_header_id|><|start_header_id|><|start_header_id|><|start_header_id|><|start_header_id|><|start_header_id|><|start_header_id|><|start_header_id|><|start_header_id|><|start_header_id|><|start_header_id|><|start_header_id|><|start_header_id|><|start_header_id|><|start_header_id|><|start_header_id|><|start_header_id|><|start_header_id|><|start_header_id|><|start_header_id|><|start_header_id|><|start_header_id|><|start_header_id|><|start_header_id|><|start_header_id|><|start_header_id|><|start_header_id|><|start_header_id|><|start_header_id|><|start_header_id|><|start_header_id|><|start_header_id|><|start_header_id|><|start_header_id|><|start_header_id|><|start_header_id|><|start_header_id|><|start_header_id|><|start_header_id|><|start_header_id|><|start_header_id|><|start_header_id|><|start_header_id|><|start_header_id|><|start_header_id|><|start_header_id|><|start_header_id|><|start_header_id|><|start_header_id|><|start_header_id|><|start_header_id|><|start_header_id|><|start_header_id|><|start_header_id|><|start_header_id|><|start_header_id|><|start_header_id|><|start_header_id|><|start_header_id|><|start_header_id|><|start_header_id|><|start_header_id|><|start_header_id|><|start_header_id|><|start_header_id|><|start_header_id|><|start_header_id|><|start_header_id|><|start_header_id|><|start_header_id|><|start_header_id|><|start_header_id|><|start_header_id|><|start_header_id|><|start_header_id|><|start_header_id|><|start_header_id|><|start_header_id|><|start_header_id|><|start_header_id|><|start_header_id|><|start_header_id|><|start_header_id|><|start_header_id|><|start_header_id|><|start_header_id|><|start_header_id|><|start_header_id|><|start_header_id|><|start_header_id|><|start_header_id|><|start_header_id|><|start_header_id|><|start_header_id|><|start_header_id|><|start_header_id|><|start_header_id|><|start_header_id|><|start_header_id|><|start_header_id|><|start_header_id|><|start_header_id|><|start_header_id|><|start_header_id|><|start_header_id|><|start_header_id|><|start_header_id|><|start_header_id|><|start_header_id|><|start_header_id|><|start_header_id|><|start_header_id|><|start_header_id|><|start_header_id|><|start_header_id|><|start_header_id|><|start_header_id|><|start_header_id|><|start_header_id|><|start_header_id|><|start_header_id|><|start_header_id|><|start_header_id|><|start_header_id|><|start_header_id|><|start_header_id|><|start_header_id|><|start_header_id|><|start_header_id|><|start_header_id|><|start_header_id|><|start_header_id|><|start_header_id|><|start_header_id|><|start_header_id|><|start_header_id|><|start_header_id|><|start_header_id|><|start_header_id|><|start_header_id|><|start_header_id|><|start_header_id|><|start_header_id|><|start_header_id|><|start_header_id|><|start_header_id|><|start_header_id|><|start_header_id|><|start_header_id|><|start_header_id|><|start_header_id|><|start_header_id|><|start_header_id|><|start_header_id|><|start_header_id|><|start_header_id|><|start_header_id|><|start_header_id|><|start_header_id|><|start_header_id|><|start_header_id|><|start_header_id|><|start_header_id|><|start_header_id|><|start_header_id|><|start_header_id|><|start_header_id|><|start_header_id|><|start_header_id|><|start_header_id|><|start_header_id|><|start_header_id|><|start_header_id|><|start_header_id|><|start_header_id|><|start_header_id|><|start_header_id|><|start_header_id|><|start_header_id|><|start_header_id|><|start_header_id|><|start_header_id|><|start_header_id|><|start_header_id|><|start_header_id|><|start_header_id|><|start_header_id|><|start_header_id|><|start_header_id|><|start_header_id|><|start_header_id|><|start_header_id|><|start_header_id|><|start_header_id|><|start_header_id|><|start_header_id|><|start_header_id|><|start_header_id|><|start_header_id|><|start_header_id|><|start_header_id|><|start_header_id|><|start_header_id|><|start_header_id|><|start_header_id|><|start_header_id|><|start_header_id|><|start_header_id|><|start_header_id|><|start_header_id|><|start_header_id|><|start_header_id|><|start_header_id|><|start_header_id|><|start_header_id|><|start_header_id|><|start_header_id|><|start_header_id|><|start_header_id|><|start_header_id|><|start_header_id|><|start_header_id|><|start_header_id|><|start_header_id|><|start_header_id|><|start_header_id|><|start_header_id|><|start_header_id|><|start_header_id|><|start_header_id|><|start_header_id|><|start_header_id|><|start_header_id|><|start_header_id|><|start_header_id|><|start_header_id|><|start_header_id|><|start_header_id|><|start_header_id|><|start_header_id|><|start_header_id|><|start_header_id|><|start_header_id|><|start_header_id|><|start_header_id|><|start_header_id|><|start_header_id|><|start_header_id|><|start_header_id|><|start_header_id|><|start_header_id|><|start_header_id|><|start_header_id|><|start_header_id|><|start_header_id|><|start_header_id|><|start_header_id|><|start_header_id|><|start_header_id|><|start_header_id|><|start_header_id|><|start_header_id|><|start_header_id|><|start_header_id|><|start_header_id|><|start_header_id|><|start_header_id|><|start_header_id|><|start_header_id|><|start_header_id|><|start_header_id|><|start_header_id|><|start_header_id|><|start_header_id|><|start_header_id|><|start_header_id|><|start_header_id|><|start_header_id|><|start_header_id|><|start_header_id|><|start_header_id|><|start_header_id|><|start_header_id|><|start_header_id|><|start_header_id|><|start_header_id|><|start_header_id|><|start_header_id|><|start_header_id|><|start_header_id|><|start_header_id|><|start_header_id|><|start_header_id|><|start_header_id|><|start_header_id|><|start_header_id|><|start_header_id|><|start_header_id|><|start_header_id|><|start_header_id|><|start_header_id|><|start_header_id|><|start_header_id|><|start_header_id|><|start_header_id|><|start_header_id|><|start_header_id|><|start_header_id|><|start_header_id|><|start_header_id|><|start_header_id|><|start_header_id|><|start_header_id|><|start_header_id|><|start_header_id|><|start_header_id|><|start_header_id|><|start_header_id|><|start_header_id|><|start_header_id|><|start_header_id|><|start_header_id|><|start_header_id|><|start_header_id|><|start_header_id|><|start_header_id|><|start_header_id|><|start_header_id|><|start_header_id|><|start_header_id|><|start_header_id|><|start_header_id|><|start_header_id|><|start_header_id|><|start_header_id|><|start_header_id|><|start_header_id|><|start_header_id|><|start_header_id|><|start_header_id|><|start_header_id|><|start_header_id|><|start_header_id|><|start_header_id|><|start_header_id|><|start_header_id|><|start_header_id|><|start_header_id|><|start_header_id|><|start_header_id|><|start_header_id|><|start_header_id|><|start_header_id|><|start_header_id|><|start_header_id|><|start_header_id|><|start_header_id|><|start_header_id|><|start_header_id|><|start_header_id|><|start_header_id|><|start_header_id|><|start_header_id|><|start_header_id|><|start_header_id|><|start_header_id|><|start_header_id|><|start_header_id|><|start_header_id|><|start_header_id|><|start_header_id|><|start_header_id|><|start_header_id|><|start_header_id|><|start_header_id|><|start_header_id|><|start_header_id|><|start_header_id|><|start_header_id|><|start_header_id|><|start_header_id|><|start_header_id|><|start_header_id|><|start_header_id|><|start_header_id|><|start_header_id|><|start_header_id|><|start_header_id|><|start_header_id|><|start_header_id|><|start_header_id|><|start_header_id|><|start_header_id|><|start_header_id|><|start_header_id|><|start_header_id|><|start_header_id|><|start_header_id|><|start_header_id|><|start_header_id|><|start_header_id|><|start_header_id|><|start_header_id|><|start_header_id|><|start_header_id|><|start_header_id|><|start_header_id|><|start_header_id|><|start_header_id|><|start_header_id|><|start_header_id|><|start_header_id|><|start_header_id|><|start_header_id|><|start_header_id|><|start_header_id|><|start_header_id|><|start_header_id|><|start_header_id|><|start_header_id|><|start_header_id|><|start_header_id|><|start_header_id|><|start_header_id|><|start_header_id|><|start_header_id|><|start_header_id|><|start_header_id|><|start_header_id|><|start_header_id|><|start_header_id|><|start_header_id|><|start_header_id|><|start_header_id|><|start_header_id|><|start_header_id|><|start_header_id|><|start_header_id|><|start_header_id|><|start_header_id|><|start_header_id|><|start_header_id|><|start_header_id|><|start_header_id|><|start_header_id|><|start_header_id|><|start_header_id|><|start_header_id|><|start_header_id|><|start_header_id|><|start_header_id|><|start_header_id|><|start_header_id|><|start_header_id|><|start_header_id|><|start_header_id|>",0,2,2,3,1,1,0.0,3.0,2.0,3.0,0.0,1.0,18,22,23.0,19.0,25.0
505,5,"<|begin_of_text|><|start_header_id|>system<|end_header_id|>

Cutting Knowledge Date: December 2023
Today Date: 26 Jul 2024

<|eot_id|><|start_header_id|>user<|end_header_id|>

You are helping analyze a negotiation conversation where two agents are discussing the allocation of resources. Each resource has exactly three units that must be divided between the two agents. The total amount of each resource allocated to both agents must add up to three. 

            Agent Preferences:
            Agent 1: High priority: food, Medium priority: water, Low priority: firewood
            Agent 2: High priority: water, Medium priority: food, Low priority: firewood

            Conversation with intentions:
            Agent 1: hello, Agent 2: Hey there. How are you?, Agent 1: not soo good, i am hungry, Agent 2: Uh oh. What are you preferences on supplies? , [Summary: The conversation begins with a casual greeting, followed by a shift to a more empathetic tone as one speaker expresses concern for the other's well-being. The second speaker responds with understanding and attempts to assist by inquiring about preferences, indicating a supportive and problem-solving approach. The interaction maintains a friendly and helpful atmosphere throughout, with one speaker demonstrating care and the other sharing personal needs.]

            Based on this negotiation, predict the final allocation of resources. Provide only your answer using the following format with curly braces, with no explanation:

            OUTCOME: {agent1:{food:[number], water:[number], firewood:[number]}, agent2:{food:[number], water:[number], firewood:[number]}}

            Remember: Each resource must sum to exactly 3 units across both agents.<|eot_id|>","<|begin_of_text|><|begin_of_text|><|start_header_id|>system<|end_header_id|>

Cutting Knowledge Date: December 2023
Today Date: 26 Jul 2024

<|eot_id|><|start_header_id|>user<|end_header_id|>

You are helping analyze a negotiation conversation where two agents are discussing the allocation of resources. Each resource has exactly three units that must be divided between the two agents. The total amount of each resource allocated to both agents must add up to three. 

            Agent Preferences:
            Agent 1: High priority: food, Medium priority: water, Low priority: firewood
            Agent 2: High priority: water, Medium priority: food, Low priority: firewood

            Conversation with intentions:
            Agent 1: hello, Agent 2: Hey there. How are you?, Agent 1: not soo good, i am hungry, Agent 2: Uh oh. What are you preferences on supplies?, [Summary: The conversation begins with a casual greeting, followed by a shift to a more empathetic tone as one speaker expresses concern for the other's well-being. The second speaker responds with understanding and attempts to assist by inquiring about preferences, indicating a supportive and problem-solving approach. The interaction maintains a friendly and helpful atmosphere throughout, with one speaker demonstrating care and the other sharing personal needs.]

            Based on this negotiation, predict the final allocation of resources. Provide only your answer using the following format with curly braces, with no explanation:

            OUTCOME: {agent1:{food:[number], water:[number], firewood:[number]}, agent2:{food:[number], water:[number], firewood:[number]}}

            Remember: Each resource must sum to exactly 3 units across both agents.<|eot_id|><|begin_of_text|><|start_header_id|>system<|end_header_id|>

Cutting Knowledge Date: December 2023
Today Date: 26 Jul 2024

Outcome: {agent1:{food:3, water:0, firewood:2}, agent2:{food:0, water:3, firewood:1}}

<|begin_of_text|><|start_header_id|><|begin_of_text|><|start_header_id|><|begin_of_text|><|start_header_id|><|begin_of_text|><|start_header_id|><|begin_of_text|><|start_header_id|><|begin_of_text|><|start_header_id|><|begin_of_text|><|start_header_id|><|begin_of_text|><|start_header_id|><|begin_of_text|><|start_header_id|><|begin_of_text|><|start_header_id|><|begin_of_text|><|start_header_id|><|begin_of_text|><|start_header_id|><|begin_of_text|><|start_header_id|><|begin_of_text|><|start_header_id|><|begin_of_text|><|start_header_id|><|begin_of_text|><|start_header_id|><|begin_of_text|><|start_header_id|><|begin_of_text|><|start_header_id|><|begin_of_text|><|start_header_id|><|begin_of_text|><|start_header_id|><|begin_of_text|><|start_header_id|><|begin_of_text|><|start_header_id|><|begin_of_text|><|start_header_id|><|begin_of_text|><|start_header_id|><|begin_of_text|><|start_header_id|><|begin_of_text|><|start_header_id|><|begin_of_text|><|start_header_id|><|begin_of_text|><|start_header_id|><|begin_of_text|><|start_header_id|><|begin_of_text|><|start_header_id|><|begin_of_text|><|start_header_id|><|begin_of_text|><|start_header_id|><|begin_of_text|><|start_header_id|><|begin_of_text|><|start_header_id|><|begin_of_text|><|start_header_id|><|begin_of_text|><|start_header_id|><|begin_of_text|><|start_header_id|><|begin_of_text|><|start_header_id|><|begin_of_text|><|start_header_id|><|begin_of_text|><|start_header_id|><|begin_of_text|><|start_header_id|><|begin_of_text|><|start_header_id|><|begin_of_text|><|start_header_id|><|begin_of_text|><|start_header_id|><|begin_of_text|><|start_header_id|><|begin_of_text|><|start_header_id|><|begin_of_text|><|start_header_id|><|begin_of_text|><|start_header_id|><|begin_of_text|><|start_header_id|><|begin_of_text|><|start_header_id|><|begin_of_text|><|start_header_id|><|begin_of_text|><|start_header_id|><|begin_of_text|><|start_header_id|><|begin_of_text|><|start_header_id|><|begin_of_text|><|start_header_id|><|begin_of_text|><|start_header_id|><|begin_of_text|><|start_header_id|><|begin_of_text|><|start_header_id|><|begin_of_text|><|start_header_id|><|begin_of_text|><|start_header_id|><|begin_of_text|><|start_header_id|><|begin_of_text|><|start_header_id|><|begin_of_text|><|start_header_id|><|begin_of_text|><|start_header_id|><|begin_of_text|><|start_header_id|><|begin_of_text|><|start_header_id|><|begin_of_text|><|start_header_id|><|begin_of_text|><|start_header_id|><|begin_of_text|><|start_header_id|><|begin_of_text|><|start_header_id|><|begin_of_text|><|start_header_id|><|begin_of_text|><|start_header_id|><|begin_of_text|><|start_header_id|><|begin_of_text|><|start_header_id|><|begin_of_text|><|start_header_id|><|begin_of_text|><|start_header_id|><|begin_of_text|><|start_header_id|><|begin_of_text|><|start_header_id|><|begin_of_text|><|start_header_id|><|begin_of_text|><|start_header_id|><|begin_of_text|><|start_header_id|><|begin_of_text|><|start_header_id|><|begin_of_text|><|start_header_id|><|begin_of_text|><|start_header_id|><|begin_of_text|><|start_header_id|><|begin_of_text|><|start_header_id|><|begin_of_text|><|start_header_id|><|begin_of_text|><|start_header_id|><|begin_of_text|><|start_header_id|><|begin_of_text|><|start_header_id|><|begin_of_text|><|start_header_id|><|begin_of_text|><|start_header_id|><|begin_of_text|><|start_header_id|><|begin_of_text|><|start_header_id|><|begin_of_text|><|start_header_id|><|begin_of_text|><|start_header_id|><|begin_of_text|><|start_header_id|><|begin_of_text|><|start_header_id|><|begin_of_text|><|start_header_id|><|begin_of_text|><|start_header_id|><|begin_of_text|><|start_header_id|><|begin_of_text|><|start_header_id|><|begin_of_text|><|start_header_id|><|begin_of_text|><|start_header_id|><|begin_of_text|><|start_header_id|><|begin_of_text|><|start_header_id|><|start_header_id|><|begin_of_text|><|start_header_id|><|begin_of_text|><|start_header_id|><|begin_of_text|><|start_header_id|><|begin_of_text|><|start_header_id|><|begin_of_text|><|start_header_id|><|begin_of_text|><|start_header_id|><|begin_of_text|><|start_header_id|><|begin_of_text|><|start_header_id|><|begin_of_text|><|start_header_id|><|begin_of_text|><|start_header_id|><|begin_of_text|><|start_header_id|><|begin_of_text|><|start_header_id|><|begin_of_text|><|start_header_id|><|begin_of_text|><|start_header_id|><|start_header_id|><|start_header_id|><|start_header_id|><|begin_of_text|><|start_header_id|><|start_header_id|><|begin_of_text|><|start_header_id|><|begin_of_text|><|start_header_id|><|begin_of_text|><|start_header_id|><|start_header_id|><|begin_of_text|><|start_header_id|><|begin_of_text|><|start_header_id|><|start_header_id|><|begin_of_text|><|start_header_id|><|start_header_id|><|start_header_id|><|start_header_id|><|start_header_id|><|begin_of_text|><|start_header_id|><|begin_of_text|><|begin_of_text|><|start_header_id|><|begin_of_text|><|start_header_id|><|start_header_id|><|start_header_id|><|start_header_id|><|start_header_id|><|start_header_id|><|start_header_id|><|begin_of_text|><|start_header_id|><|start_header_id|><|start_header_id|><|start_header_id|><|start_header_id|><|start_header_id|><|begin_of_text|><|start_header_id|><|start_header_id|><|start_header_id|><|start_header_id|><|start_header_id|><|begin_of_text|><|start_header_id|><|start_header_id|><|start_header_id|><|start_header_id|><|begin_of_text|><|start_header_id|><|start_header_id|><|start_header_id|><|start_header_id|><|start_header_id|><|start_header_id|><|begin_of_text|><|start_header_id|><|start_header_id|><|start_header_id|><|start_header_id|><|begin_of_text|><|start_header_id|><|start_header_id|><|begin_of_text|><|start_header_id|><|start_header_id|><|start_header_id|><|start_header_id|><|start_header_id|><|start_header_id|><|start_header_id|><|start_header_id|><|start_header_id|><|start_header_id|><|start_header_id|><|start_header_id|><|start_header_id|><|start_header_id|><|start_header_id|><|start_header_id|><|start_header_id|><|start_header_id|><|start_header_id|><|start_header_id|><|start_header_id|><|start_header_id|><|start_header_id|><|start_header_id|><|start_header_id|><|start_header_id|><|start_header_id|><|start_header_id|><|start_header_id|><|start_header_id|><|start_header_id|><|start_header_id|><|start_header_id|><|start_header_id|><|start_header_id|><|start_header_id|><|start_header_id|><|start_header_id|><|start_header_id|><|start_header_id|><|start_header_id|><|start_header_id|><|start_header_id|><|start_header_id|><|start_header_id|><|start_header_id|><|start_header_id|><|start_header_id|><|start_header_id|><|start_header_id|><|start_header_id|><|start_header_id|><|start_header_id|><|start_header_id|><|start_header_id|><|start_header_id|><|start_header_id|><|start_header_id|><|start_header_id|><|start_header_id|><|start_header_id|><|start_header_id|><|start_header_id|><|start_header_id|><|start_header_id|><|start_header_id|><|start_header_id|><|start_header_id|><|start_header_id|><|start_header_id|><|start_header_id|><|start_header_id|><|start_header_id|><|start_header_id|><|start_header_id|><|start_header_id|><|start_header_id|><|start_header_id|><|start_header_id|><|start_header_id|><|start_header_id|><|start_header_id|><|start_header_id|><|start_header_id|><|start_header_id|><|start_header_id|><|start_header_id|><|start_header_id|><|start_header_id|><|start_header_id|><|start_header_id|><|start_header_id|><|start_header_id|><|start_header_id|><|start_header_id|><|start_header_id|><|start_header_id|><|start_header_id|><|start_header_id|><|start_header_id|><|start_header_id|><|start_header_id|><|start_header_id|><|start_header_id|><|start_header_id|><|start_header_id|><|start_header_id|><|start_header_id|><|start_header_id|><|start_header_id|><|start_header_id|><|start_header_id|><|start_header_id|><|start_header_id|><|start_header_id|><|start_header_id|><|start_header_id|><|start_header_id|><|start_header_id|><|start_header_id|><|start_header_id|><|start_header_id|><|start_header_id|><|start_header_id|><|start_header_id|><|start_header_id|><|start_header_id|><|start_header_id|><|start_header_id|><|start_header_id|><|start_header_id|><|start_header_id|><|start_header_id|><|start_header_id|><|start_header_id|><|start_header_id|><|start_header_id|><|start_header_id|><|start_header_id|><|start_header_id|><|start_header_id|><|start_header_id|><|start_header_id|><|start_header_id|><|start_header_id|><|start_header_id|><|start_header_id|><|start_header_id|><|start_header_id|><|start_header_id|><|start_header_id|><|start_header_id|><|start_header_id|><|start_header_id|><|start_header_id|><|start_header_id|><|start_header_id|><|start_header_id|><|start_header_id|><|start_header_id|><|start_header_id|><|start_header_id|><|start_header_id|><|start_header_id|><|start_header_id|><|start_header_id|><|start_header_id|><|start_header_id|><|start_header_id|><|start_header_id|><|start_header_id|><|start_header_id|><|start_header_id|><|start_header_id|><|start_header_id|><|start_header_id|><|start_header_id|><|start_header_id|><|start_header_id|><|start_header_id|><|start_header_id|><|start_header_id|><|start_header_id|><|start_header_id|><|start_header_id|><|start_header_id|><|start_header_id|><|start_header_id|><|start_header_id|><|start_header_id|><|start_header_id|><|start_header_id|><|start_header_id|><|start_header_id|><|start_header_id|><|start_header_id|><|start_header_id|><|start_header_id|><|start_header_id|><|start_header_id|><|start_header_id|><|start_header_id|><|start_header_id|><|start_header_id|><|start_header_id|><|start_header_id|><|start_header_id|><|start_header_id|><|start_header_id|><|start_header_id|><|start_header_id|><|start_header_id|><|start_header_id|><|start_header_id|><|start_header_id|><|start_header_id|><|start_header_id|><|start_header_id|><|start_header_id|><|start_header_id|><|start_header_id|><|start_header_id|><|start_header_id|><|start_header_id|><|start_header_id|><|start_header_id|><|start_header_id|><|start_header_id|><|start_header_id|><|start_header_id|><|start_header_id|><|start_header_id|><|start_header_id|><|start_header_id|><|start_header_id|><|start_header_id|><|start_header_id|><|start_header_id|><|start_header_id|><|start_header_id|><|start_header_id|><|start_header_id|><|start_header_id|><|start_header_id|><|start_header_id|><|start_header_id|><|start_header_id|><|start_header_id|><|start_header_id|><|start_header_id|><|start_header_id|><|start_header_id|><|start_header_id|><|start_header_id|><|start_header_id|><|start_header_id|><|start_header_id|><|start_header_id|><|start_header_id|><|start_header_id|><|start_header_id|><|start_header_id|><|start_header_id|><|start_header_id|><|start_header_id|><|start_header_id|><|start_header_id|><|start_header_id|><|start_header_id|><|start_header_id|><|start_header_id|><|start_header_id|><|start_header_id|><|start_header_id|><|start_header_id|><|start_header_id|><|start_header_id|><|start_header_id|><|start_header_id|><|start_header_id|><|start_header_id|><|start_header_id|><|start_header_id|><|start_header_id|><|start_header_id|><|start_header_id|><|start_header_id|><|start_header_id|><|start_header_id|><|start_header_id|><|start_header_id|><|start_header_id|><|start_header_id|><|start_header_id|><|start_header_id|><|start_header_id|><|start_header_id|><|start_header_id|><|start_header_id|><|start_header_id|><|start_header_id|><|start_header_id|><|start_header_id|><|start_header_id|><|start_header_id|><|start_header_id|><|start_header_id|><|start_header_id|><|start_header_id|><|start_header_id|><|start_header_id|><|start_header_id|><|start_header_id|><|start_header_id|><|start_header_id|><|start_header_id|><|start_header_id|><|start_header_id|><|start_header_id|><|start_header_id|><|start_header_id|><|start_header_id|><|start_header_id|><|start_header_id|><|start_header_id|><|start_header_id|><|start_header_id|><|start_header_id|><|start_header_id|><|start_header_id|><|start_header_id|><|start_header_id|><|start_header_id|><|start_header_id|><|start_header_id|><|start_header_id|><|start_header_id|><|start_header_id|><|start_header_id|><|start_header_id|><|start_header_id|><|start_header_id|><|start_header_id|><|start_header_id|><|start_header_id|><|start_header_id|><|start_header_id|><|start_header_id|><|start_header_id|><|start_header_id|><|start_header_id|><|start_header_id|><|start_header_id|><|start_header_id|><|start_header_id|><|start_header_id|><|start_header_id|><|start_header_id|><|start_header_id|><|start_header_id|><|start_header_id|><|start_header_id|><|start_header_id|><|start_header_id|><|start_header_id|><|start_header_id|><|start_header_id|><|start_header_id|><|start_header_id|><|start_header_id|><|start_header_id|><|start_header_id|><|start_header_id|><|start_header_id|><|start_header_id|><|start_header_id|><|start_header_id|><|start_header_id|><|start_header_id|><|start_header_id|><|start_header_id|><|start_header_id|><|start_header_id|><|start_header_id|><|start_header_id|><|start_header_id|><|start_header_id|><|start_header_id|><|start_header_id|><|start_header_id|><|start_header_id|><|start_header_id|><|start_header_id|><|start_header_id|><|start_header_id|><|start_header_id|><|start_header_id|><|start_header_id|><|start_header_id|><|start_header_id|><|start_header_id|><|start_header_id|><|start_header_id|><|start_header_id|><|start_header_id|><|start_header_id|><|start_header_id|><|start_header_id|><|start_header_id|><|start_header_id|><|start_header_id|><|start_header_id|><|start_header_id|><|start_header_id|><|start_header_id|><|start_header_id|><|start_header_id|><|start_header_id|><|start_header_id|><|start_header_id|><|start_header_id|><|start_header_id|><|start_header_id|><|start_header_id|><|start_header_id|><|start_header_id|><|start_header_id|><|start_header_id|><|start_header_id|><|start_header_id|><|start_header_id|><|start_header_id|><|start_header_id|><|start_header_id|><|start_header_id|><|start_header_id|><|start_header_id|><|start_header_id|><|start_header_id|><|start_header_id|><|start_header_id|><|start_header_id|><|start_header_id|><|start_header_id|><|start_header_id|><|start_header_id|><|start_header_id|><|start_header_id|><|start_header_id|><|start_header_id|><|start_header_id|><|start_header_id|><|start_header_id|><|start_header_id|><|start_header_id|><|start_header_id|><|start_header_id|><|start_header_id|><|start_header_id|><|start_header_id|><|start_header_id|><|start_header_id|><|start_header_id|><|start_header_id|><|start_header_id|><|start_header_id|><|start_header_id|><|start_header_id|><|start_header_id|><|start_header_id|><|start_header_id|><|start_header_id|><|start_header_id|><|start_header_id|><|start_header_id|><|start_header_id|><|start_header_id|><|start_header_id|><|start_header_id|><|start_header_id|><|start_header_id|><|start_header_id|><|start_header_id|><|start_header_id|><|start_header_id|><|start_header_id|><|start_header_id|><|start_header_id|><|start_header_id|><|start_header_id|><|start_header_id|><|start_header_id|><|start_header_id|><|start_header_id|><|start_header_id|><|start_header_id|><|start_header_id|><|start_header_id|><|start_header_id|><|start_header_id|><|start_header_id|><|start_header_id|><|start_header_id|><|start_header_id|><|start_header_id|><|start_header_id|><|start_header_id|><|start_header_id|><|start_header_id|><|start_header_id|><|start_header_id|><|start_header_id|><|start_header_id|><|start_header_id|><|start_header_id|><|start_header_id|><|start_header_id|><|start_header_id|><|start_header_id|><|start_header_id|><|start_header_id|><|start_header_id|><|start_header_id|><|start_header_id|><|start_header_id|><|start_header_id|><|start_header_id|><|start_header_id|><|start_header_id|><|start_header_id|><|start_header_id|><|start_header_id|><|start_header_id|><|start_header_id|><|start_header_id|><|start_header_id|><|start_header_id|><|start_header_id|><|start_header_id|><|start_header_id|><|start_header_id|><|start_header_id|><|start_header_id|><|start_header_id|><|start_header_id|><|start_header_id|><|start_header_id|><|start_header_id|><|start_header_id|><|start_header_id|><|start_header_id|><|start_header_id|><|start_header_id|><|start_header_id|><|start_header_id|><|start_header_id|><|start_header_id|><|start_header_id|><|start_header_id|><|start_header_id|><|start_header_id|><|start_header_id|><|start_header_id|><|start_header_id|><|start_header_id|><|start_header_id|><|start_header_id|><|start_header_id|><|start_header_id|><|start_header_id|><|start_header_id|><|start_header_id|><|start_header_id|><|start_header_id|><|start_header_id|><|start_header_id|><|start_header_id|><|start_header_id|><|start_header_id|><|start_header_id|><|start_header_id|><|start_header_id|><|start_header_id|><|start_header_id|><|start_header_id|><|start_header_id|><|start_header_id|><|start_header_id|><|start_header_id|><|start_header_id|><|start_header_id|><|start_header_id|><|start_header_id|><|start_header_id|><|start_header_id|><|start_header_id|><|start_header_id|><|start_header_id|><|start_header_id|><|start_header_id|><|start_header_id|><|start_header_id|><|start_header_id|><|start_header_id|><|start_header_id|><|start_header_id|><|start_header_id|><|start_header_id|><|start_header_id|><|start_header_id|><|start_header_id|><|start_header_id|><|start_header_id|><|start_header_id|><|start_header_id|><|start_header_id|><|start_header_id|><|start_header_id|><|start_header_id|><|start_header_id|><|start_header_id|><|start_header_id|><|start_header_id|><|start_header_id|><|start_header_id|><|start_header_id|><|start_header_id|><|start_header_id|><|start_header_id|><|start_header_id|><|start_header_id|><|start_header_id|><|start_header_id|><|start_header_id|><|start_header_id|><|start_header_id|><|start_header_id|><|start_header_id|><|start_header_id|><|start_header_id|><|start_header_id|><|start_header_id|><|start_header_id|><|start_header_id|><|start_header_id|><|start_header_id|><|start_header_id|><|start_header_id|><|start_header_id|><|start_header_id|><|start_header_id|><|start_header_id|>",2,0,2,1,3,1,3.0,0.0,2.0,0.0,3.0,1.0,16,22,21.0,18.0,25.0
506,5,"<|begin_of_text|><|start_header_id|>system<|end_header_id|>

Cutting Knowledge Date: December 2023
Today Date: 26 Jul 2024

<|eot_id|><|start_header_id|>user<|end_header_id|>

You are helping analyze a negotiation conversation where two agents are discussing the allocation of resources. Each resource has exactly three units that must be divided between the two agents. The total amount of each resource allocated to both agents must add up to three. 

            Agent Preferences:
            Agent 1: High priority: water, Medium priority: food, Low priority: firewood
            Agent 2: High priority: firewood, Medium priority: food, Low priority: water

            Conversation with intentions:
            Agent 2: Hello, How are you? My children love to eat and have fires daily. I hope this deal works for you.🙂, Agent 1: Hello, I'm fine. I understand your need. I have health issue I can't stand without food and water.I hope you will understand my situation., Agent 2: I completely understand where you are coming from. How much food do you need?, Agent 1: I need at least 2 package of food and 3 package of water. Please do favor for me. , [Summary: The conversation begins with a friendly tone, as both speakers express understanding of each other's needs. The first speaker shares a personal situation involving their children, while the second speaker reveals a health issue that necessitates food and water. The conversation remains empathetic, with the first speaker seeking to accommodate the second speaker's needs by inquiring about the specific amount of food and water required, maintaining a cooperative and supportive atmosphere throughout.]

            Based on this negotiation, predict the final allocation of resources. Provide only your answer using the following format with curly braces, with no explanation:

            OUTCOME: {agent1:{food:[number], water:[number], firewood:[number]}, agent2:{food:[number], water:[number], firewood:[number]}}

            Remember: Each resource must sum to exactly 3 units across both agents.<|eot_id|>","<|begin_of_text|><|begin_of_text|><|start_header_id|>system<|end_header_id|>

Cutting Knowledge Date: December 2023
Today Date: 26 Jul 2024

<|eot_id|><|start_header_id|>user<|end_header_id|>

You are helping analyze a negotiation conversation where two agents are discussing the allocation of resources. Each resource has exactly three units that must be divided between the two agents. The total amount of each resource allocated to both agents must add up to three. 

            Agent Preferences:
            Agent 1: High priority: water, Medium priority: food, Low priority: firewood
            Agent 2: High priority: firewood, Medium priority: food, Low priority: water

            Conversation with intentions:
            Agent 2: Hello, How are you? My children love to eat and have fires daily. I hope this deal works for you.🙂, Agent 1: Hello, I'm fine. I understand your need. I have health issue I can't stand without food and water.I hope you will understand my situation., Agent 2: I completely understand where you are coming from. How much food do you need?, Agent 1: I need at least 2 package of food and 3 package of water. Please do favor for me., [Summary: The conversation begins with a friendly tone, as both speakers express understanding of each other's needs. The first speaker shares a personal situation involving their children, while the second speaker reveals a health issue that necessitates food and water. The conversation remains empathetic, with the first speaker seeking to accommodate the second speaker's needs by inquiring about the specific amount of food and water required, maintaining a cooperative and supportive atmosphere throughout.]

            Based on this negotiation, predict the final allocation of resources. Provide only your answer using the following format with curly braces, with no explanation:

            OUTCOME: {agent1:{food:[number], water:[number], firewood:[number]}, agent2:{food:[number], water:[number], firewood:[number]}}

            Remember: Each resource must sum to exactly 3 units across both agents.<|eot_id|><|begin_of_text|><|start_header_id|>system<|end_header_id|>

Cutting Knowledge Date: December 2023
Today Date: 26 Jul 2024

OUTCOME: {agent1:{food:1, water:3, firewood:0}, agent2:{food:2, water:0, firewood:3}}<|eot_id|>",2,2,0,1,1,3,1.0,3.0,0.0,2.0,0.0,3.0,18,22,19.0,23.0,1.0
508,5,"<|begin_of_text|><|start_header_id|>system<|end_header_id|>

Cutting Knowledge Date: December 2023
Today Date: 26 Jul 2024

<|eot_id|><|start_header_id|>user<|end_header_id|>

You are helping analyze a negotiation conversation where two agents are discussing the allocation of resources. Each resource has exactly three units that must be divided between the two agents. The total amount of each resource allocated to both agents must add up to three. 

            Agent Preferences:
            Agent 1: High priority: firewood, Medium priority: water, Low priority: food
            Agent 2: High priority: firewood, Medium priority: water, Low priority: food

            Conversation with intentions:
            Agent 1: I would really like some extra firewood to keep the chill off on those cold  nights.🙂, Agent 2: Me too. It has been rather cold lately! But I am also really interested in water., Agent 1: I don't need the water as much.  How about I get 2 firewood and you get 2 water?, Agent 2: I would prefer all the water. You can have all of the firewood. , [Summary: The conversation begins with both participants expressing a shared interest in firewood due to the cold weather, establishing a cooperative tone. However, as the discussion progresses, their priorities diverge, with one focusing on water. The first speaker proposes a compromise, but the second speaker counters with a more assertive preference for all the water, suggesting a shift towards a more individualistic and assertive stance.]

            Based on this negotiation, predict the final allocation of resources. Provide only your answer using the following format with curly braces, with no explanation:

            OUTCOME: {agent1:{food:[number], water:[number], firewood:[number]}, agent2:{food:[number], water:[number], firewood:[number]}}

            Remember: Each resource must sum to exactly 3 units across both agents.<|eot_id|>","<|begin_of_text|><|begin_of_text|><|start_header_id|>system<|end_header_id|>

Cutting Knowledge Date: December 2023
Today Date: 26 Jul 2024

<|eot_id|><|start_header_id|>user<|end_header_id|>

You are helping analyze a negotiation conversation where two agents are discussing the allocation of resources. Each resource has exactly three units that must be divided between the two agents. The total amount of each resource allocated to both agents must add up to three. 

            Agent Preferences:
            Agent 1: High priority: firewood, Medium priority: water, Low priority: food
            Agent 2: High priority: firewood, Medium priority: water, Low priority: food

            Conversation with intentions:
            Agent 1: I would really like some extra firewood to keep the chill off on those cold  nights.🙂, Agent 2: Me too. It has been rather cold lately! But I am also really interested in water., Agent 1: I don't need the water as much.  How about I get 2 firewood and you get 2 water?, Agent 2: I would prefer all the water. You can have all of the firewood., [Summary: The conversation begins with both participants expressing a shared interest in firewood due to the cold weather, establishing a cooperative tone. However, as the discussion progresses, their priorities diverge, with one focusing on water. The first speaker proposes a compromise, but the second speaker counters with a more assertive preference for all the water, suggesting a shift towards a more individualistic and assertive stance.]

            Based on this negotiation, predict the final allocation of resources. Provide only your answer using the following format with curly braces, with no explanation:

            OUTCOME: {agent1:{food:[number], water:[number], firewood:[number]}, agent2:{food:[number], water:[number], firewood:[number]}}

            Remember: Each resource must sum to exactly 3 units across both agents.<|eot_id|><|begin_of_text|><|start_header_id|>system<|end_header_id|>

Cutting Knowledge Date: December 2023
Today Date: 26 Jul 2024

OUTCOME: {agent1:{food:3, water:1, firewood:1}, agent2:{food:0, water:2, firewood:2}}<|eot_id|>",1,0,3,2,3,0,3.0,1.0,1.0,0.0,2.0,2.0,18,18,18.0,18.0,0.0
512,5,"<|begin_of_text|><|start_header_id|>system<|end_header_id|>

Cutting Knowledge Date: December 2023
Today Date: 26 Jul 2024

<|eot_id|><|start_header_id|>user<|end_header_id|>

You are helping analyze a negotiation conversation where two agents are discussing the allocation of resources. Each resource has exactly three units that must be divided between the two agents. The total amount of each resource allocated to both agents must add up to three. 

            Agent Preferences:
            Agent 1: High priority: firewood, Medium priority: water, Low priority: food
            Agent 2: High priority: firewood, Medium priority: water, Low priority: food

            Conversation with intentions:
            Agent 2: Hi there - how are you today?, Agent 1: I'm doing well.  How are you today?, Agent 2: Pretty good. Just hanging out with our group. Looking forward to this upcoming camping trip. It's a college reunion weekend., Agent 1: Oh.  That sounds fun.  I'm getting ready to go camping with my family next weekend as well.  It will be the first time that my kids have gone camping with me. , [Summary: The conversation begins with a friendly exchange of pleasantries, establishing a positive tone. Both speakers express enthusiasm and anticipation for their respective upcoming camping trips, sharing personal experiences and plans. The interaction maintains a warm and engaging atmosphere, with each speaker showing interest in the other's activities, fostering a sense of camaraderie and mutual excitement about their outdoor adventures.]

            Based on this negotiation, predict the final allocation of resources. Provide only your answer using the following format with curly braces, with no explanation:

            OUTCOME: {agent1:{food:[number], water:[number], firewood:[number]}, agent2:{food:[number], water:[number], firewood:[number]}}

            Remember: Each resource must sum to exactly 3 units across both agents.<|eot_id|>","<|begin_of_text|><|begin_of_text|><|start_header_id|>system<|end_header_id|>

Cutting Knowledge Date: December 2023
Today Date: 26 Jul 2024

<|eot_id|><|start_header_id|>user<|end_header_id|>

You are helping analyze a negotiation conversation where two agents are discussing the allocation of resources. Each resource has exactly three units that must be divided between the two agents. The total amount of each resource allocated to both agents must add up to three. 

            Agent Preferences:
            Agent 1: High priority: firewood, Medium priority: water, Low priority: food
            Agent 2: High priority: firewood, Medium priority: water, Low priority: food

            Conversation with intentions:
            Agent 2: Hi there - how are you today?, Agent 1: I'm doing well.  How are you today?, Agent 2: Pretty good. Just hanging out with our group. Looking forward to this upcoming camping trip. It's a college reunion weekend., Agent 1: Oh.  That sounds fun.  I'm getting ready to go camping with my family next weekend as well.  It will be the first time that my kids have gone camping with me., [Summary: The conversation begins with a friendly exchange of pleasantries, establishing a positive tone. Both speakers express enthusiasm and anticipation for their respective upcoming camping trips, sharing personal experiences and plans. The interaction maintains a warm and engaging atmosphere, with each speaker showing interest in the other's activities, fostering a sense of camaraderie and mutual excitement about their outdoor adventures.]

            Based on this negotiation, predict the final allocation of resources. Provide only your answer using the following format with curly braces, with no explanation:

            OUTCOME: {agent1:{food:[number], water:[number], firewood:[number]}, agent2:{food:[number], water:[number], firewood:[number]}}

            Remember: Each resource must sum to exactly 3 units across both agents.<|eot_id|><|begin_of_text|><|start_header_id|>system<|end_header_id|>

Cutting Knowledge Date: December 2023
Today Date: 26 Jul 2024

Outcome: {agent1:{food:1, water:2, firewood:2}, agent2:{food:2, water:1, firewood:1}}

<|begin_of_text|><|start_header_id|><|begin_of_text|><|start_header_id|><|begin_of_text|><|start_header_id|><|begin_of_text|><|start_header_id|><|begin_of_text|><|start_header_id|><|begin_of_text|><|start_header_id|><|begin_of_text|><|start_header_id|><|begin_of_text|><|start_header_id|><|begin_of_text|><|start_header_id|><|begin_of_text|><|start_header_id|><|begin_of_text|><|start_header_id|><|begin_of_text|><|start_header_id|><|begin_of_text|><|start_header_id|><|begin_of_text|><|start_header_id|><|begin_of_text|><|start_header_id|><|begin_of_text|><|start_header_id|><|begin_of_text|><|start_header_id|><|begin_of_text|><|start_header_id|><|begin_of_text|><|start_header_id|><|begin_of_text|><|start_header_id|><|begin_of_text|><|start_header_id|><|begin_of_text|><|start_header_id|><|begin_of_text|><|start_header_id|><|begin_of_text|><|start_header_id|><|begin_of_text|><|start_header_id|><|begin_of_text|><|start_header_id|><|begin_of_text|><|start_header_id|><|begin_of_text|><|start_header_id|><|begin_of_text|><|start_header_id|><|begin_of_text|><|start_header_id|><|begin_of_text|><|start_header_id|><|begin_of_text|><|start_header_id|><|begin_of_text|><|start_header_id|><|begin_of_text|><|start_header_id|><|begin_of_text|><|start_header_id|><|begin_of_text|><|start_header_id|><|begin_of_text|><|start_header_id|><|begin_of_text|><|start_header_id|><|begin_of_text|><|start_header_id|><|begin_of_text|><|start_header_id|><|begin_of_text|><|start_header_id|><|begin_of_text|><|start_header_id|><|begin_of_text|><|start_header_id|><|begin_of_text|><|start_header_id|><|begin_of_text|><|start_header_id|><|begin_of_text|><|start_header_id|><|begin_of_text|><|start_header_id|><|begin_of_text|><|start_header_id|><|begin_of_text|><|start_header_id|><|begin_of_text|><|start_header_id|><|begin_of_text|><|start_header_id|><|begin_of_text|><|start_header_id|><|begin_of_text|><|start_header_id|><|begin_of_text|><|start_header_id|><|begin_of_text|><|start_header_id|><|begin_of_text|><|start_header_id|><|begin_of_text|><|start_header_id|><|begin_of_text|><|start_header_id|><|begin_of_text|><|start_header_id|><|begin_of_text|><|start_header_id|><|begin_of_text|><|start_header_id|><|begin_of_text|><|start_header_id|><|begin_of_text|><|start_header_id|><|begin_of_text|><|start_header_id|><|begin_of_text|><|start_header_id|><|begin_of_text|><|start_header_id|><|begin_of_text|><|start_header_id|><|begin_of_text|><|start_header_id|><|begin_of_text|><|start_header_id|><|begin_of_text|><|start_header_id|><|begin_of_text|><|start_header_id|><|begin_of_text|><|start_header_id|><|begin_of_text|><|start_header_id|><|begin_of_text|><|start_header_id|><|begin_of_text|><|start_header_id|><|begin_of_text|><|start_header_id|><|begin_of_text|><|start_header_id|><|begin_of_text|><|start_header_id|><|begin_of_text|><|start_header_id|><|begin_of_text|><|start_header_id|><|begin_of_text|><|start_header_id|><|begin_of_text|><|start_header_id|><|begin_of_text|><|start_header_id|><|begin_of_text|><|start_header_id|><|begin_of_text|><|start_header_id|><|begin_of_text|><|start_header_id|><|begin_of_text|><|start_header_id|><|begin_of_text|><|start_header_id|><|begin_of_text|><|start_header_id|><|begin_of_text|><|start_header_id|><|begin_of_text|><|start_header_id|><|begin_of_text|><|start_header_id|><|begin_of_text|><|start_header_id|><|begin_of_text|><|start_header_id|><|begin_of_text|><|start_header_id|><|begin_of_text|><|start_header_id|><|begin_of_text|><|start_header_id|><|begin_of_text|><|start_header_id|><|begin_of_text|><|start_header_id|><|begin_of_text|><|start_header_id|><|begin_of_text|><|start_header_id|><|begin_of_text|><|start_header_id|><|begin_of_text|><|start_header_id|><|begin_of_text|><|start_header_id|><|begin_of_text|><|start_header_id|><|begin_of_text|><|start_header_id|><|begin_of_text|><|start_header_id|><|begin_of_text|><|start_header_id|><|begin_of_text|><|start_header_id|><|begin_of_text|><|start_header_id|><|begin_of_text|><|start_header_id|><|begin_of_text|><|start_header_id|><|begin_of_text|><|start_header_id|><|begin_of_text|><|start_header_id|><|start_header_id|><|begin_of_text|><|start_header_id|><|begin_of_text|><|start_header_id|><|start_header_id|><|begin_of_text|><|start_header_id|><|begin_of_text|><|start_header_id|><|begin_of_text|><|start_header_id|><|begin_of_text|><|start_header_id|><|begin_of_text|><|start_header_id|><|begin_of_text|><|start_header_id|><|begin_of_text|><|start_header_id|><|begin_of_text|><|start_header_id|><|begin_of_text|><|start_header_id|><|begin_of_text|><|start_header_id|><|begin_of_text|><|start_header_id|><|start_header_id|><|begin_of_text|><|start_header_id|><|begin_of_text|><|start_header_id|><|begin_of_text|><|start_header_id|><|start_header_id|><|begin_of_text|><|start_header_id|><|begin_of_text|><|start_header_id|><|start_header_id|><|begin_of_text|><|start_header_id|><|start_header_id|><|begin_of_text|><|start_header_id|><|begin_of_text|><|start_header_id|><|begin_of_text|><|start_header_id|><|begin_of_text|><|start_header_id|><|begin_of_text|><|start_header_id|><|start_header_id|><|start_header_id|><|start_header_id|><|begin_of_text|><|start_header_id|><|start_header_id|><|begin_of_text|><|start_header_id|><|start_header_id|><|start_header_id|><|begin_of_text|><|start_header_id|><|start_header_id|><|start_header_id|><|begin_of_text|><|start_header_id|><|begin_of_text|><|start_header_id|><|begin_of_text|><|start_header_id|><|begin_of_text|><|start_header_id|><|begin_of_text|><|start_header_id|><|start_header_id|><|start_header_id|><|start_header_id|><|start_header_id|><|begin_of_text|><|start_header_id|><|start_header_id|><|start_header_id|><|start_header_id|><|begin_of_text|><|start_header_id|><|start_header_id|><|start_header_id|><|start_header_id|><|start_header_id|><|start_header_id|><|start_header_id|><|start_header_id|><|start_header_id|><|start_header_id|><|start_header_id|><|start_header_id|><|start_header_id|><|start_header_id|><|start_header_id|><|start_header_id|><|start_header_id|><|start_header_id|><|begin_of_text|><|start_header_id|><|start_header_id|><|start_header_id|><|begin_of_text|><|start_header_id|><|start_header_id|><|start_header_id|><|begin_of_text|><|start_header_id|><|begin_of_text|><|start_header_id|><|start_header_id|><|start_header_id|><|start_header_id|><|start_header_id|><|start_header_id|><|start_header_id|><|start_header_id|><|start_header_id|><|start_header_id|><|start_header_id|><|start_header_id|><|start_header_id|><|start_header_id|><|start_header_id|><|start_header_id|><|start_header_id|><|start_header_id|><|start_header_id|><|start_header_id|><|start_header_id|><|start_header_id|><|start_header_id|><|start_header_id|><|start_header_id|><|start_header_id|><|start_header_id|><|start_header_id|><|start_header_id|><|start_header_id|><|start_header_id|><|start_header_id|><|start_header_id|><|start_header_id|><|start_header_id|><|start_header_id|><|start_header_id|><|start_header_id|><|start_header_id|><|start_header_id|><|start_header_id|><|start_header_id|><|start_header_id|><|start_header_id|><|start_header_id|><|start_header_id|><|start_header_id|><|start_header_id|><|start_header_id|><|start_header_id|><|start_header_id|><|start_header_id|><|start_header_id|><|start_header_id|><|start_header_id|><|start_header_id|><|start_header_id|><|start_header_id|><|start_header_id|><|start_header_id|><|start_header_id|><|start_header_id|><|start_header_id|><|start_header_id|><|start_header_id|><|start_header_id|><|start_header_id|><|start_header_id|><|start_header_id|><|start_header_id|><|start_header_id|><|start_header_id|><|start_header_id|><|start_header_id|><|start_header_id|><|start_header_id|><|start_header_id|><|start_header_id|><|start_header_id|><|start_header_id|><|start_header_id|><|start_header_id|><|start_header_id|><|start_header_id|><|start_header_id|><|start_header_id|><|start_header_id|><|start_header_id|><|start_header_id|><|start_header_id|><|start_header_id|><|start_header_id|><|start_header_id|><|start_header_id|><|start_header_id|><|start_header_id|><|start_header_id|><|start_header_id|><|start_header_id|><|start_header_id|><|start_header_id|><|start_header_id|><|start_header_id|><|start_header_id|><|start_header_id|><|start_header_id|><|start_header_id|><|start_header_id|><|start_header_id|><|start_header_id|><|start_header_id|><|start_header_id|><|start_header_id|><|start_header_id|><|start_header_id|><|start_header_id|><|start_header_id|><|start_header_id|><|start_header_id|><|start_header_id|><|start_header_id|><|start_header_id|><|start_header_id|><|start_header_id|><|start_header_id|><|start_header_id|><|start_header_id|><|start_header_id|><|start_header_id|><|start_header_id|><|start_header_id|><|start_header_id|><|start_header_id|><|start_header_id|><|start_header_id|><|start_header_id|><|start_header_id|><|start_header_id|><|start_header_id|><|start_header_id|><|start_header_id|><|start_header_id|><|start_header_id|><|start_header_id|><|start_header_id|><|start_header_id|><|start_header_id|><|start_header_id|><|start_header_id|><|start_header_id|><|start_header_id|><|start_header_id|><|start_header_id|><|start_header_id|><|start_header_id|><|start_header_id|><|start_header_id|><|start_header_id|><|start_header_id|><|start_header_id|><|start_header_id|><|start_header_id|><|start_header_id|><|start_header_id|><|start_header_id|><|start_header_id|><|start_header_id|><|start_header_id|><|start_header_id|><|start_header_id|><|start_header_id|><|start_header_id|><|start_header_id|><|start_header_id|><|start_header_id|><|start_header_id|><|start_header_id|><|start_header_id|><|start_header_id|><|start_header_id|><|start_header_id|><|start_header_id|><|start_header_id|><|start_header_id|><|start_header_id|><|start_header_id|><|start_header_id|><|start_header_id|><|start_header_id|><|start_header_id|><|start_header_id|><|start_header_id|><|start_header_id|><|start_header_id|><|start_header_id|><|start_header_id|><|start_header_id|><|start_header_id|><|start_header_id|><|start_header_id|><|start_header_id|><|start_header_id|><|start_header_id|><|start_header_id|><|start_header_id|><|start_header_id|><|start_header_id|><|start_header_id|><|start_header_id|><|start_header_id|><|start_header_id|><|start_header_id|><|start_header_id|><|start_header_id|><|start_header_id|><|start_header_id|><|start_header_id|><|start_header_id|><|start_header_id|><|start_header_id|><|start_header_id|><|start_header_id|><|start_header_id|><|start_header_id|><|start_header_id|><|start_header_id|><|start_header_id|><|start_header_id|><|start_header_id|><|start_header_id|><|start_header_id|><|start_header_id|><|start_header_id|><|start_header_id|><|start_header_id|><|start_header_id|><|start_header_id|><|start_header_id|><|start_header_id|><|start_header_id|><|start_header_id|><|start_header_id|><|start_header_id|><|start_header_id|><|start_header_id|><|start_header_id|><|start_header_id|><|start_header_id|><|start_header_id|><|start_header_id|><|start_header_id|><|start_header_id|><|start_header_id|><|start_header_id|><|start_header_id|><|start_header_id|><|start_header_id|><|start_header_id|><|start_header_id|><|start_header_id|><|start_header_id|><|start_header_id|><|start_header_id|><|start_header_id|><|start_header_id|><|start_header_id|><|start_header_id|><|start_header_id|><|start_header_id|><|start_header_id|><|start_header_id|><|start_header_id|><|start_header_id|><|start_header_id|><|start_header_id|><|start_header_id|><|start_header_id|><|start_header_id|><|start_header_id|><|start_header_id|><|start_header_id|><|start_header_id|><|start_header_id|><|start_header_id|><|start_header_id|><|start_header_id|><|start_header_id|><|start_header_id|><|start_header_id|><|start_header_id|><|start_header_id|><|start_header_id|><|start_header_id|><|start_header_id|><|start_header_id|><|start_header_id|><|start_header_id|><|start_header_id|><|start_header_id|><|start_header_id|><|start_header_id|><|start_header_id|><|start_header_id|><|start_header_id|><|start_header_id|><|start_header_id|><|start_header_id|><|start_header_id|><|start_header_id|><|start_header_id|><|start_header_id|><|start_header_id|><|start_header_id|><|start_header_id|><|start_header_id|><|start_header_id|><|start_header_id|><|start_header_id|><|start_header_id|><|start_header_id|><|start_header_id|><|start_header_id|><|start_header_id|><|start_header_id|><|start_header_id|><|start_header_id|><|start_header_id|><|start_header_id|><|start_header_id|><|start_header_id|><|start_header_id|><|start_header_id|><|start_header_id|><|start_header_id|><|start_header_id|><|start_header_id|><|start_header_id|><|start_header_id|><|start_header_id|><|start_header_id|><|start_header_id|><|start_header_id|><|start_header_id|><|start_header_id|><|start_header_id|><|start_header_id|><|start_header_id|><|start_header_id|><|start_header_id|><|start_header_id|><|start_header_id|><|start_header_id|><|start_header_id|><|start_header_id|><|start_header_id|><|start_header_id|><|start_header_id|><|start_header_id|><|start_header_id|><|start_header_id|><|start_header_id|><|start_header_id|><|start_header_id|><|start_header_id|><|start_header_id|><|start_header_id|><|start_header_id|><|start_header_id|><|start_header_id|><|start_header_id|><|start_header_id|><|start_header_id|><|start_header_id|><|start_header_id|><|start_header_id|><|start_header_id|><|start_header_id|><|start_header_id|><|start_header_id|><|start_header_id|><|start_header_id|><|start_header_id|><|start_header_id|><|start_header_id|><|start_header_id|><|start_header_id|><|start_header_id|><|start_header_id|><|start_header_id|><|start_header_id|><|start_header_id|><|start_header_id|><|start_header_id|><|start_header_id|><|start_header_id|><|start_header_id|><|start_header_id|><|start_header_id|><|start_header_id|><|start_header_id|><|start_header_id|><|start_header_id|><|start_header_id|><|start_header_id|><|start_header_id|><|start_header_id|><|start_header_id|><|start_header_id|><|start_header_id|><|start_header_id|><|start_header_id|><|start_header_id|><|start_header_id|><|start_header_id|><|start_header_id|><|start_header_id|><|start_header_id|><|start_header_id|><|start_header_id|><|start_header_id|><|start_header_id|><|start_header_id|><|start_header_id|><|start_header_id|><|start_header_id|><|start_header_id|><|start_header_id|><|start_header_id|><|start_header_id|><|start_header_id|><|start_header_id|><|start_header_id|><|start_header_id|><|start_header_id|><|start_header_id|><|start_header_id|><|start_header_id|><|start_header_id|><|start_header_id|><|start_header_id|><|start_header_id|><|start_header_id|><|start_header_id|><|start_header_id|><|start_header_id|><|start_header_id|><|start_header_id|><|start_header_id|><|start_header_id|><|start_header_id|><|start_header_id|><|start_header_id|><|start_header_id|><|start_header_id|><|start_header_id|><|start_header_id|><|start_header_id|><|start_header_id|><|start_header_id|><|start_header_id|><|start_header_id|><|start_header_id|><|start_header_id|><|start_header_id|><|start_header_id|><|start_header_id|><|start_header_id|><|start_header_id|><|start_header_id|><|start_header_id|><|start_header_id|><|start_header_id|><|start_header_id|><|start_header_id|><|start_header_id|><|start_header_id|><|start_header_id|><|start_header_id|><|start_header_id|><|start_header_id|><|start_header_id|><|start_header_id|><|start_header_id|><|start_header_id|><|start_header_id|><|start_header_id|><|start_header_id|><|start_header_id|><|start_header_id|><|start_header_id|><|start_header_id|><|start_header_id|><|start_header_id|><|start_header_id|><|start_header_id|><|start_header_id|><|start_header_id|><|start_header_id|><|start_header_id|><|start_header_id|><|start_header_id|><|start_header_id|><|start_header_id|><|start_header_id|><|start_header_id|><|start_header_id|><|start_header_id|><|start_header_id|><|start_header_id|><|start_header_id|><|start_header_id|><|start_header_id|><|start_header_id|><|start_header_id|><|start_header_id|><|start_header_id|><|start_header_id|><|start_header_id|><|start_header_id|><|start_header_id|><|start_header_id|><|start_header_id|><|start_header_id|><|start_header_id|><|start_header_id|><|start_header_id|><|start_header_id|><|start_header_id|><|start_header_id|><|start_header_id|><|start_header_id|><|start_header_id|><|start_header_id|><|start_header_id|><|start_header_id|><|start_header_id|><|start_header_id|><|start_header_id|><|start_header_id|><|start_header_id|><|start_header_id|><|start_header_id|><|start_header_id|><|start_header_id|><|start_header_id|><|start_header_id|><|start_header_id|><|start_header_id|><|start_header_id|><|start_header_id|><|start_header_id|><|start_header_id|><|start_header_id|><|start_header_id|><|start_header_id|><|start_header_id|><|start_header_id|><|start_header_id|><|start_header_id|><|start_header_id|><|start_header_id|><|start_header_id|><|start_header_id|><|start_header_id|><|start_header_id|><|start_header_id|><|start_header_id|><|start_header_id|><|start_header_id|><|start_header_id|><|start_header_id|><|start_header_id|><|start_header_id|><|start_header_id|><|start_header_id|><|start_header_id|><|start_header_id|><|start_header_id|><|start_header_id|><|start_header_id|><|start_header_id|><|start_header_id|><|start_header_id|><|start_header_id|><|start_header_id|><|start_header_id|><|start_header_id|><|start_header_id|><|start_header_id|><|start_header_id|><|start_header_id|><|start_header_id|><|start_header_id|><|start_header_id|><|start_header_id|><|start_header_id|><|start_header_id|><|start_header_id|><|start_header_id|><|start_header_id|><|start_header_id|><|start_header_id|><|start_header_id|><|start_header_id|><|start_header_id|><|start_header_id|><|start_header_id|><|start_header_id|><|start_header_id|><|start_header_id|><|start_header_id|><|start_header_id|><|start_header_id|><|start_header_id|><|start_header_id|><|start_header_id|><|start_header_id|><|start_header_id|><|start_header_id|>",1,1,2,2,2,1,1.0,2.0,2.0,2.0,1.0,1.0,17,19,21.0,15.0,16.0
514,5,"<|begin_of_text|><|start_header_id|>system<|end_header_id|>

Cutting Knowledge Date: December 2023
Today Date: 26 Jul 2024

<|eot_id|><|start_header_id|>user<|end_header_id|>

You are helping analyze a negotiation conversation where two agents are discussing the allocation of resources. Each resource has exactly three units that must be divided between the two agents. The total amount of each resource allocated to both agents must add up to three. 

            Agent Preferences:
            Agent 1: High priority: food, Medium priority: firewood, Low priority: water
            Agent 2: High priority: food, Medium priority: firewood, Low priority: water

            Conversation with intentions:
            Agent 2: hi there🙂, Agent 1: Hello. How are you today? 🙂, Agent 2: Pretty good!  I am looking forward to going on this camping trip with my family. , [Summary: The conversation begins with friendly greetings and positive sentiments. Both speakers express warmth and openness, with mturk_agent_2 sharing personal excitement about an upcoming event. The interaction maintains a light and cheerful tone, with mturk_agent_2 displaying enthusiasm and mturk_agent_1 showing interest and engagement. The exchange is characterized by mutual positivity and a focus on personal experiences, fostering a sense of connection and rapport between the speakers.]

            Based on this negotiation, predict the final allocation of resources. Provide only your answer using the following format with curly braces, with no explanation:

            OUTCOME: {agent1:{food:[number], water:[number], firewood:[number]}, agent2:{food:[number], water:[number], firewood:[number]}}

            Remember: Each resource must sum to exactly 3 units across both agents.<|eot_id|>","<|begin_of_text|><|begin_of_text|><|start_header_id|>system<|end_header_id|>

Cutting Knowledge Date: December 2023
Today Date: 26 Jul 2024

<|eot_id|><|start_header_id|>user<|end_header_id|>

You are helping analyze a negotiation conversation where two agents are discussing the allocation of resources. Each resource has exactly three units that must be divided between the two agents. The total amount of each resource allocated to both agents must add up to three. 

            Agent Preferences:
            Agent 1: High priority: food, Medium priority: firewood, Low priority: water
            Agent 2: High priority: food, Medium priority: firewood, Low priority: water

            Conversation with intentions:
            Agent 2: hi there🙂, Agent 1: Hello. How are you today? 🙂, Agent 2: Pretty good!  I am looking forward to going on this camping trip with my family., [Summary: The conversation begins with friendly greetings and positive sentiments. Both speakers express warmth and openness, with mturk_agent_2 sharing personal excitement about an upcoming event. The interaction maintains a light and cheerful tone, with mturk_agent_2 displaying enthusiasm and mturk_agent_1 showing interest and engagement. The exchange is characterized by mutual positivity and a focus on personal experiences, fostering a sense of connection and rapport between the speakers.]

            Based on this negotiation, predict the final allocation of resources. Provide only your answer using the following format with curly braces, with no explanation:

            OUTCOME: {agent1:{food:[number], water:[number], firewood:[number]}, agent2:{food:[number], water:[number], firewood:[number]}}

            Remember: Each resource must sum to exactly 3 units across both agents.<|eot_id|><|begin_of_text|><|start_header_id|>system<|end_header_id|>

Cutting Knowledge Date: December 2023
Today Date: 26 Jul 2024

Outcome: {agent1:{food:1, water:1, firewood:2}, agent2:{food:2, water:2, firewood:1}}

<|begin_of_text|><|start_header_id|><|begin_of_text|><|start_header_id|><|begin_of_text|><|start_header_id|><|begin_of_text|><|start_header_id|><|begin_of_text|><|start_header_id|><|begin_of_text|><|start_header_id|><|begin_of_text|><|start_header_id|><|begin_of_text|><|start_header_id|><|begin_of_text|><|start_header_id|><|begin_of_text|><|start_header_id|><|begin_of_text|><|start_header_id|><|begin_of_text|><|start_header_id|><|begin_of_text|><|start_header_id|><|begin_of_text|><|start_header_id|><|begin_of_text|><|start_header_id|><|begin_of_text|><|start_header_id|><|begin_of_text|><|start_header_id|><|begin_of_text|><|start_header_id|><|begin_of_text|><|start_header_id|><|begin_of_text|><|start_header_id|><|begin_of_text|><|start_header_id|><|begin_of_text|><|start_header_id|><|begin_of_text|><|start_header_id|><|begin_of_text|><|start_header_id|><|begin_of_text|><|start_header_id|><|begin_of_text|><|start_header_id|><|begin_of_text|><|start_header_id|><|begin_of_text|><|start_header_id|><|begin_of_text|><|start_header_id|><|begin_of_text|><|start_header_id|><|begin_of_text|><|start_header_id|><|begin_of_text|><|start_header_id|><|begin_of_text|><|start_header_id|><|begin_of_text|><|start_header_id|><|begin_of_text|><|start_header_id|><|begin_of_text|><|start_header_id|><|begin_of_text|><|start_header_id|><|begin_of_text|><|start_header_id|><|begin_of_text|><|start_header_id|><|begin_of_text|><|start_header_id|><|begin_of_text|><|start_header_id|><|begin_of_text|><|start_header_id|><|begin_of_text|><|start_header_id|><|begin_of_text|><|start_header_id|><|begin_of_text|><|start_header_id|><|begin_of_text|><|start_header_id|><|begin_of_text|><|start_header_id|><|begin_of_text|><|start_header_id|><|begin_of_text|><|start_header_id|><|begin_of_text|><|start_header_id|><|begin_of_text|><|start_header_id|><|begin_of_text|><|start_header_id|><|begin_of_text|><|start_header_id|><|begin_of_text|><|start_header_id|><|begin_of_text|><|start_header_id|><|begin_of_text|><|start_header_id|><|begin_of_text|><|start_header_id|><|begin_of_text|><|start_header_id|><|begin_of_text|><|start_header_id|><|begin_of_text|><|start_header_id|><|begin_of_text|><|start_header_id|><|begin_of_text|><|start_header_id|><|begin_of_text|><|start_header_id|><|begin_of_text|><|start_header_id|><|begin_of_text|><|start_header_id|><|begin_of_text|><|start_header_id|><|begin_of_text|><|start_header_id|><|begin_of_text|><|start_header_id|><|begin_of_text|><|start_header_id|><|begin_of_text|><|start_header_id|><|begin_of_text|><|start_header_id|><|begin_of_text|><|start_header_id|><|begin_of_text|><|start_header_id|><|begin_of_text|><|start_header_id|><|begin_of_text|><|start_header_id|><|begin_of_text|><|start_header_id|><|begin_of_text|><|start_header_id|><|begin_of_text|><|start_header_id|><|begin_of_text|><|start_header_id|><|begin_of_text|><|start_header_id|><|begin_of_text|><|start_header_id|><|begin_of_text|><|start_header_id|><|begin_of_text|><|start_header_id|><|begin_of_text|><|start_header_id|><|begin_of_text|><|start_header_id|><|begin_of_text|><|start_header_id|><|begin_of_text|><|start_header_id|><|begin_of_text|><|start_header_id|><|begin_of_text|><|start_header_id|><|begin_of_text|><|start_header_id|><|begin_of_text|><|start_header_id|><|begin_of_text|><|start_header_id|><|begin_of_text|><|start_header_id|><|begin_of_text|><|start_header_id|><|begin_of_text|><|start_header_id|><|begin_of_text|><|start_header_id|><|begin_of_text|><|start_header_id|><|begin_of_text|><|start_header_id|><|begin_of_text|><|start_header_id|><|begin_of_text|><|start_header_id|><|begin_of_text|><|start_header_id|><|begin_of_text|><|start_header_id|><|begin_of_text|><|start_header_id|><|begin_of_text|><|start_header_id|><|begin_of_text|><|start_header_id|><|begin_of_text|><|start_header_id|><|begin_of_text|><|start_header_id|><|begin_of_text|><|start_header_id|><|begin_of_text|><|start_header_id|><|begin_of_text|><|start_header_id|><|begin_of_text|><|start_header_id|><|begin_of_text|><|start_header_id|><|begin_of_text|><|start_header_id|><|begin_of_text|><|start_header_id|><|begin_of_text|><|start_header_id|><|begin_of_text|><|start_header_id|><|begin_of_text|><|start_header_id|><|begin_of_text|><|start_header_id|><|start_header_id|><|begin_of_text|><|start_header_id|><|begin_of_text|><|start_header_id|><|begin_of_text|><|start_header_id|><|start_header_id|><|start_header_id|><|begin_of_text|><|start_header_id|><|begin_of_text|><|start_header_id|><|start_header_id|><|begin_of_text|><|start_header_id|><|start_header_id|><|begin_of_text|><|start_header_id|><|begin_of_text|><|start_header_id|><|begin_of_text|><|start_header_id|><|start_header_id|><|start_header_id|><|begin_of_text|><|start_header_id|><|start_header_id|><|start_header_id|><|begin_of_text|><|start_header_id|><|start_header_id|><|start_header_id|><|begin_of_text|><|start_header_id|><|begin_of_text|><|start_header_id|><|begin_of_text|><|start_header_id|><|start_header_id|><|start_header_id|><|start_header_id|><|start_header_id|><|begin_of_text|><|begin_of_text|><|start_header_id|><|start_header_id|><|begin_of_text|><|start_header_id|><|start_header_id|><|start_header_id|><|begin_of_text|><|start_header_id|><|start_header_id|><|begin_of_text|><|start_header_id|><|start_header_id|><|start_header_id|><|begin_of_text|><|start_header_id|><|begin_of_text|><|start_header_id|><|begin_of_text|><|start_header_id|><|start_header_id|><|start_header_id|><|start_header_id|><|start_header_id|><|start_header_id|><|start_header_id|><|begin_of_text|><|start_header_id|><|start_header_id|><|start_header_id|><|start_header_id|><|start_header_id|><|start_header_id|><|start_header_id|><|start_header_id|><|start_header_id|><|begin_of_text|><|start_header_id|><|begin_of_text|><|start_header_id|><|start_header_id|><|start_header_id|><|start_header_id|><|start_header_id|><|start_header_id|><|start_header_id|><|start_header_id|><|start_header_id|><|begin_of_text|><|start_header_id|><|start_header_id|><|start_header_id|><|start_header_id|><|start_header_id|><|start_header_id|><|start_header_id|><|start_header_id|><|start_header_id|><|begin_of_text|><|start_header_id|><|begin_of_text|><|begin_of_text|><|start_header_id|><|start_header_id|><|start_header_id|><|start_header_id|><|start_header_id|><|start_header_id|><|start_header_id|><|start_header_id|><|start_header_id|><|start_header_id|><|start_header_id|><|start_header_id|><|start_header_id|><|start_header_id|><|start_header_id|><|start_header_id|><|start_header_id|><|start_header_id|><|start_header_id|><|start_header_id|><|start_header_id|><|start_header_id|><|start_header_id|><|start_header_id|><|start_header_id|><|start_header_id|><|start_header_id|><|start_header_id|><|start_header_id|><|start_header_id|><|start_header_id|><|start_header_id|><|start_header_id|><|start_header_id|><|start_header_id|><|start_header_id|><|start_header_id|><|start_header_id|><|start_header_id|><|start_header_id|><|start_header_id|><|start_header_id|><|start_header_id|><|start_header_id|><|start_header_id|><|start_header_id|><|start_header_id|><|start_header_id|><|start_header_id|><|start_header_id|><|start_header_id|><|start_header_id|><|start_header_id|><|start_header_id|><|start_header_id|><|start_header_id|><|start_header_id|><|start_header_id|><|start_header_id|><|start_header_id|><|start_header_id|><|start_header_id|><|start_header_id|><|start_header_id|><|start_header_id|><|start_header_id|><|start_header_id|><|start_header_id|><|start_header_id|><|start_header_id|><|start_header_id|><|start_header_id|><|start_header_id|><|start_header_id|><|start_header_id|><|start_header_id|><|start_header_id|><|start_header_id|><|start_header_id|><|start_header_id|><|start_header_id|><|start_header_id|><|start_header_id|><|start_header_id|><|start_header_id|><|start_header_id|><|start_header_id|><|start_header_id|><|start_header_id|><|start_header_id|><|start_header_id|><|start_header_id|><|start_header_id|><|start_header_id|><|start_header_id|><|start_header_id|><|start_header_id|><|start_header_id|><|start_header_id|><|start_header_id|><|start_header_id|><|start_header_id|><|start_header_id|><|start_header_id|><|start_header_id|><|start_header_id|><|start_header_id|><|start_header_id|><|start_header_id|><|start_header_id|><|start_header_id|><|start_header_id|><|start_header_id|><|start_header_id|><|start_header_id|><|start_header_id|><|start_header_id|><|start_header_id|><|start_header_id|><|start_header_id|><|start_header_id|><|start_header_id|><|start_header_id|><|start_header_id|><|start_header_id|><|start_header_id|><|start_header_id|><|start_header_id|><|start_header_id|><|start_header_id|><|start_header_id|><|start_header_id|><|start_header_id|><|start_header_id|><|start_header_id|><|start_header_id|><|start_header_id|><|start_header_id|><|start_header_id|><|start_header_id|><|start_header_id|><|start_header_id|><|start_header_id|><|start_header_id|><|start_header_id|><|start_header_id|><|start_header_id|><|start_header_id|><|start_header_id|><|start_header_id|><|start_header_id|><|start_header_id|><|start_header_id|><|start_header_id|><|start_header_id|><|start_header_id|><|start_header_id|><|start_header_id|><|start_header_id|><|start_header_id|><|start_header_id|><|start_header_id|><|start_header_id|><|start_header_id|><|start_header_id|><|start_header_id|><|start_header_id|><|start_header_id|><|start_header_id|><|start_header_id|><|start_header_id|><|start_header_id|><|start_header_id|><|start_header_id|><|start_header_id|><|start_header_id|><|start_header_id|><|start_header_id|><|start_header_id|><|start_header_id|><|start_header_id|><|start_header_id|><|start_header_id|><|start_header_id|><|start_header_id|><|start_header_id|><|start_header_id|><|start_header_id|><|start_header_id|><|start_header_id|><|start_header_id|><|start_header_id|><|start_header_id|><|start_header_id|><|start_header_id|><|start_header_id|><|start_header_id|><|start_header_id|><|start_header_id|><|start_header_id|><|start_header_id|><|start_header_id|><|start_header_id|><|start_header_id|><|start_header_id|><|start_header_id|><|start_header_id|><|start_header_id|><|start_header_id|><|start_header_id|><|start_header_id|><|start_header_id|><|start_header_id|><|start_header_id|><|start_header_id|><|start_header_id|><|start_header_id|><|start_header_id|><|start_header_id|><|start_header_id|><|start_header_id|><|start_header_id|><|start_header_id|><|start_header_id|><|start_header_id|><|start_header_id|><|start_header_id|><|start_header_id|><|start_header_id|><|start_header_id|><|start_header_id|><|start_header_id|><|start_header_id|><|start_header_id|><|start_header_id|><|start_header_id|><|start_header_id|><|start_header_id|><|start_header_id|><|start_header_id|><|start_header_id|><|start_header_id|><|start_header_id|><|start_header_id|><|start_header_id|><|start_header_id|><|start_header_id|><|start_header_id|><|start_header_id|><|start_header_id|><|start_header_id|><|start_header_id|><|start_header_id|><|start_header_id|><|start_header_id|><|start_header_id|><|start_header_id|><|start_header_id|><|start_header_id|><|start_header_id|><|start_header_id|><|start_header_id|><|start_header_id|><|start_header_id|><|start_header_id|><|start_header_id|><|start_header_id|><|start_header_id|><|start_header_id|><|start_header_id|><|start_header_id|><|start_header_id|><|start_header_id|><|start_header_id|><|start_header_id|><|start_header_id|><|start_header_id|><|start_header_id|><|start_header_id|><|start_header_id|><|start_header_id|><|start_header_id|><|start_header_id|><|start_header_id|><|start_header_id|><|start_header_id|><|start_header_id|><|start_header_id|><|start_header_id|><|start_header_id|><|start_header_id|><|start_header_id|><|start_header_id|><|start_header_id|><|start_header_id|><|start_header_id|><|start_header_id|><|start_header_id|><|start_header_id|><|start_header_id|><|start_header_id|><|start_header_id|><|start_header_id|><|start_header_id|><|start_header_id|><|start_header_id|><|start_header_id|><|start_header_id|><|start_header_id|><|start_header_id|><|start_header_id|><|start_header_id|><|start_header_id|><|start_header_id|><|start_header_id|><|start_header_id|><|start_header_id|><|start_header_id|><|start_header_id|><|start_header_id|><|start_header_id|><|start_header_id|><|start_header_id|><|start_header_id|><|start_header_id|><|start_header_id|><|start_header_id|><|start_header_id|><|start_header_id|><|start_header_id|><|start_header_id|><|start_header_id|><|start_header_id|><|start_header_id|><|start_header_id|><|start_header_id|><|start_header_id|><|start_header_id|><|start_header_id|><|start_header_id|><|start_header_id|><|start_header_id|><|start_header_id|><|start_header_id|><|start_header_id|><|start_header_id|><|start_header_id|><|start_header_id|><|start_header_id|><|start_header_id|><|start_header_id|><|start_header_id|><|start_header_id|><|start_header_id|><|start_header_id|><|start_header_id|><|start_header_id|><|start_header_id|><|start_header_id|><|start_header_id|><|start_header_id|><|start_header_id|><|start_header_id|><|start_header_id|><|start_header_id|><|start_header_id|><|start_header_id|><|start_header_id|><|start_header_id|><|start_header_id|><|start_header_id|><|start_header_id|><|start_header_id|><|start_header_id|><|start_header_id|><|start_header_id|><|start_header_id|><|start_header_id|><|start_header_id|><|start_header_id|><|start_header_id|><|start_header_id|><|start_header_id|><|start_header_id|><|start_header_id|><|start_header_id|><|start_header_id|><|start_header_id|><|start_header_id|><|start_header_id|><|start_header_id|><|start_header_id|><|start_header_id|><|start_header_id|><|start_header_id|><|start_header_id|><|start_header_id|><|start_header_id|><|start_header_id|><|start_header_id|><|start_header_id|><|start_header_id|><|start_header_id|><|start_header_id|><|start_header_id|><|start_header_id|><|start_header_id|><|start_header_id|><|start_header_id|><|start_header_id|><|start_header_id|><|start_header_id|><|start_header_id|><|start_header_id|><|start_header_id|><|start_header_id|><|start_header_id|><|start_header_id|><|start_header_id|><|start_header_id|><|start_header_id|><|start_header_id|><|start_header_id|><|start_header_id|><|start_header_id|><|start_header_id|><|start_header_id|><|start_header_id|><|start_header_id|><|start_header_id|><|start_header_id|><|start_header_id|><|start_header_id|><|start_header_id|><|start_header_id|><|start_header_id|><|start_header_id|><|start_header_id|><|start_header_id|><|start_header_id|><|start_header_id|><|start_header_id|><|start_header_id|><|start_header_id|><|start_header_id|><|start_header_id|><|start_header_id|><|start_header_id|><|start_header_id|><|start_header_id|><|start_header_id|><|start_header_id|><|start_header_id|><|start_header_id|><|start_header_id|><|start_header_id|><|start_header_id|><|start_header_id|><|start_header_id|><|start_header_id|><|start_header_id|><|start_header_id|><|start_header_id|><|start_header_id|><|start_header_id|><|start_header_id|><|start_header_id|><|start_header_id|><|start_header_id|><|start_header_id|><|start_header_id|><|start_header_id|><|start_header_id|><|start_header_id|><|start_header_id|><|start_header_id|><|start_header_id|><|start_header_id|><|start_header_id|><|start_header_id|><|start_header_id|><|start_header_id|><|start_header_id|><|start_header_id|><|start_header_id|><|start_header_id|><|start_header_id|><|start_header_id|><|start_header_id|><|start_header_id|><|start_header_id|><|start_header_id|><|start_header_id|><|start_header_id|><|start_header_id|><|start_header_id|><|start_header_id|><|start_header_id|><|start_header_id|><|start_header_id|><|start_header_id|><|start_header_id|><|start_header_id|><|start_header_id|><|start_header_id|><|start_header_id|><|start_header_id|><|start_header_id|><|start_header_id|><|start_header_id|><|start_header_id|><|start_header_id|><|start_header_id|><|start_header_id|><|start_header_id|><|start_header_id|><|start_header_id|><|start_header_id|><|start_header_id|><|start_header_id|><|start_header_id|><|start_header_id|><|start_header_id|><|start_header_id|><|start_header_id|><|start_header_id|><|start_header_id|><|start_header_id|><|start_header_id|><|start_header_id|><|start_header_id|><|start_header_id|><|start_header_id|><|start_header_id|><|start_header_id|><|start_header_id|><|start_header_id|><|start_header_id|><|start_header_id|><|start_header_id|><|start_header_id|><|start_header_id|><|start_header_id|><|start_header_id|><|start_header_id|><|start_header_id|><|start_header_id|><|start_header_id|><|start_header_id|><|start_header_id|><|start_header_id|><|start_header_id|><|start_header_id|><|start_header_id|><|start_header_id|><|start_header_id|><|start_header_id|><|start_header_id|><|start_header_id|><|start_header_id|><|start_header_id|><|start_header_id|><|start_header_id|><|start_header_id|><|start_header_id|><|start_header_id|><|start_header_id|><|start_header_id|><|start_header_id|><|start_header_id|><|start_header_id|><|start_header_id|><|start_header_id|><|start_header_id|><|start_header_id|><|start_header_id|><|start_header_id|><|start_header_id|><|start_header_id|><|start_header_id|><|start_header_id|><|start_header_id|><|start_header_id|><|start_header_id|><|start_header_id|><|start_header_id|><|start_header_id|><|start_header_id|><|start_header_id|><|start_header_id|><|start_header_id|><|start_header_id|><|start_header_id|><|start_header_id|><|start_header_id|><|start_header_id|><|start_header_id|><|start_header_id|><|start_header_id|><|start_header_id|><|start_header_id|><|start_header_id|><|start_header_id|><|start_header_id|><|start_header_id|><|start_header_id|><|start_header_id|><|start_header_id|><|start_header_id|><|start_header_id|><|start_header_id|><|start_header_id|><|start_header_id|><|start_header_id|><|start_header_id|><|start_header_id|><|start_header_id|><|start_header_id|><|start_header_id|><|start_header_id|><|start_header_id|><|start_header_id|>",2,1,1,1,2,2,1.0,1.0,2.0,2.0,2.0,1.0,17,19,16.0,20.0,1.0
519,5,"<|begin_of_text|><|start_header_id|>system<|end_header_id|>

Cutting Knowledge Date: December 2023
Today Date: 26 Jul 2024

<|eot_id|><|start_header_id|>user<|end_header_id|>

You are helping analyze a negotiation conversation where two agents are discussing the allocation of resources. Each resource has exactly three units that must be divided between the two agents. The total amount of each resource allocated to both agents must add up to three. 

            Agent Preferences:
            Agent 1: High priority: food, Medium priority: water, Low priority: firewood
            Agent 2: High priority: food, Medium priority: firewood, Low priority: water

            Conversation with intentions:
            Agent 2: Hello, Agent 1: Hi can I ask what camping supplies you most need?, Agent 2: I would like the 3 food packages because my sister forgot to pack any food items for the trip. You can have all the water and firewood. , [Summary: The conversation begins with a polite greeting and quickly shifts to a practical discussion about camping supplies. The first speaker inquires about needs, while the second speaker responds with a specific request, explaining the reason behind it. The second speaker also offers a compromise, demonstrating a cooperative and accommodating attitude. The interaction remains cordial and focused on resolving a logistical issue collaboratively.]

            Based on this negotiation, predict the final allocation of resources. Provide only your answer using the following format with curly braces, with no explanation:

            OUTCOME: {agent1:{food:[number], water:[number], firewood:[number]}, agent2:{food:[number], water:[number], firewood:[number]}}

            Remember: Each resource must sum to exactly 3 units across both agents.<|eot_id|>","<|begin_of_text|><|begin_of_text|><|start_header_id|>system<|end_header_id|>

Cutting Knowledge Date: December 2023
Today Date: 26 Jul 2024

<|eot_id|><|start_header_id|>user<|end_header_id|>

You are helping analyze a negotiation conversation where two agents are discussing the allocation of resources. Each resource has exactly three units that must be divided between the two agents. The total amount of each resource allocated to both agents must add up to three. 

            Agent Preferences:
            Agent 1: High priority: food, Medium priority: water, Low priority: firewood
            Agent 2: High priority: food, Medium priority: firewood, Low priority: water

            Conversation with intentions:
            Agent 2: Hello, Agent 1: Hi can I ask what camping supplies you most need?, Agent 2: I would like the 3 food packages because my sister forgot to pack any food items for the trip. You can have all the water and firewood., [Summary: The conversation begins with a polite greeting and quickly shifts to a practical discussion about camping supplies. The first speaker inquires about needs, while the second speaker responds with a specific request, explaining the reason behind it. The second speaker also offers a compromise, demonstrating a cooperative and accommodating attitude. The interaction remains cordial and focused on resolving a logistical issue collaboratively.]

            Based on this negotiation, predict the final allocation of resources. Provide only your answer using the following format with curly braces, with no explanation:

            OUTCOME: {agent1:{food:[number], water:[number], firewood:[number]}, agent2:{food:[number], water:[number], firewood:[number]}}

            Remember: Each resource must sum to exactly 3 units across both agents.<|eot_id|><|begin_of_text|><|start_header_id|>system<|end_header_id|>

Cutting Knowledge Date: December 2023
Today Date: 26 Jul 2024

OUTCOME: {agent1:{food:0, water:2, firewood:2}, agent2:{food:3, water:1, firewood:1}}<|eot_id|>",1,3,1,2,0,2,0.0,2.0,2.0,3.0,1.0,1.0,20,18,14.0,22.0,36.0
520,5,"<|begin_of_text|><|start_header_id|>system<|end_header_id|>

Cutting Knowledge Date: December 2023
Today Date: 26 Jul 2024

<|eot_id|><|start_header_id|>user<|end_header_id|>

You are helping analyze a negotiation conversation where two agents are discussing the allocation of resources. Each resource has exactly three units that must be divided between the two agents. The total amount of each resource allocated to both agents must add up to three. 

            Agent Preferences:
            Agent 1: High priority: firewood, Medium priority: water, Low priority: food
            Agent 2: High priority: food, Medium priority: water, Low priority: firewood

            Conversation with intentions:
            Agent 2: Hi! I like to hike so I really need more water. Could I take 2 packages of water and 1 of food and 2 of firewood?, Agent 1: I am ok with the water, i just would like one water and one food, but i would appreciate two firewoods, i get cold at night, Agent 2: We both sound pretty reasonable! So you think you need 2 firewood?, Agent 1: yes please,  i  dont require much food or water 🙂, Agent 2: 🙂  You're being very accommodating! So right now I have 2 food, 2 water and 1 firewood. And you have 1 food, 1 water and 2 firewood, right? , [Summary: The conversation begins with mturk_agent_2 expressing a need for more water due to hiking, proposing a specific distribution of resources. Mturk_agent_1 responds with a willingness to compromise, prioritizing firewood due to nighttime cold. Both speakers maintain a cooperative and accommodating tone, with mturk_agent_2 acknowledging mturk_agent_1's flexibility. The conversation concludes with a mutual understanding and agreement on the resource distribution, highlighting a collaborative and amicable exchange.]

            Based on this negotiation, predict the final allocation of resources. Provide only your answer using the following format with curly braces, with no explanation:

            OUTCOME: {agent1:{food:[number], water:[number], firewood:[number]}, agent2:{food:[number], water:[number], firewood:[number]}}

            Remember: Each resource must sum to exactly 3 units across both agents.<|eot_id|>","<|begin_of_text|><|begin_of_text|><|start_header_id|>system<|end_header_id|>

Cutting Knowledge Date: December 2023
Today Date: 26 Jul 2024

<|eot_id|><|start_header_id|>user<|end_header_id|>

You are helping analyze a negotiation conversation where two agents are discussing the allocation of resources. Each resource has exactly three units that must be divided between the two agents. The total amount of each resource allocated to both agents must add up to three. 

            Agent Preferences:
            Agent 1: High priority: firewood, Medium priority: water, Low priority: food
            Agent 2: High priority: food, Medium priority: water, Low priority: firewood

            Conversation with intentions:
            Agent 2: Hi! I like to hike so I really need more water. Could I take 2 packages of water and 1 of food and 2 of firewood?, Agent 1: I am ok with the water, i just would like one water and one food, but i would appreciate two firewoods, i get cold at night, Agent 2: We both sound pretty reasonable! So you think you need 2 firewood?, Agent 1: yes please,  i  dont require much food or water 🙂, Agent 2: 🙂  You're being very accommodating! So right now I have 2 food, 2 water and 1 firewood. And you have 1 food, 1 water and 2 firewood, right?, [Summary: The conversation begins with mturk_agent_2 expressing a need for more water due to hiking, proposing a specific distribution of resources. Mturk_agent_1 responds with a willingness to compromise, prioritizing firewood due to nighttime cold. Both speakers maintain a cooperative and accommodating tone, with mturk_agent_2 acknowledging mturk_agent_1's flexibility. The conversation concludes with a mutual understanding and agreement on the resource distribution, highlighting a collaborative and amicable exchange.]

            Based on this negotiation, predict the final allocation of resources. Provide only your answer using the following format with curly braces, with no explanation:

            OUTCOME: {agent1:{food:[number], water:[number], firewood:[number]}, agent2:{food:[number], water:[number], firewood:[number]}}

            Remember: Each resource must sum to exactly 3 units across both agents.<|eot_id|><|begin_of_text|><|start_header_id|>system<|end_header_id|>

Cutting Knowledge Date: December 2023
Today Date: 26 Jul 2024

OUTCOME: {agent1:{food:0, water:1, firewood:2}, agent2:{food:3, water:2, firewood:1}}<|eot_id|>",1,1,2,2,2,1,0.0,1.0,2.0,3.0,2.0,1.0,17,21,14.0,26.0,9.0
521,5,"<|begin_of_text|><|start_header_id|>system<|end_header_id|>

Cutting Knowledge Date: December 2023
Today Date: 26 Jul 2024

<|eot_id|><|start_header_id|>user<|end_header_id|>

You are helping analyze a negotiation conversation where two agents are discussing the allocation of resources. Each resource has exactly three units that must be divided between the two agents. The total amount of each resource allocated to both agents must add up to three. 

            Agent Preferences:
            Agent 1: High priority: firewood, Medium priority: water, Low priority: food
            Agent 2: High priority: water, Medium priority: food, Low priority: firewood

            Conversation with intentions:
            Agent 1: Howdy! Looking for firewood, water and food--really trying to get 3 packages of each, want to make sure my family has enough supplies for camping. I don't want anyone injured or our vacation cut short., Agent 2: Ok.  I am looking to have one package of water and on package of food., Agent 1: Is there any way you could let us have 3 packages of each? I'm just trying to make sure my family has enough, we don't get to get out in the woods that often. It's really important to us., Agent 2: Well, I need 1 package of each. , [Summary: The conversation begins with one speaker expressing a strong need for multiple supplies to ensure their family's safety and enjoyment during a camping trip. They emphasize the importance of the trip and their infrequent opportunities to go camping. The second speaker maintains their own need for a smaller quantity of supplies. The first speaker's strategy is to appeal to the importance of the trip, while the second speaker remains firm in their minimal request.]

            Based on this negotiation, predict the final allocation of resources. Provide only your answer using the following format with curly braces, with no explanation:

            OUTCOME: {agent1:{food:[number], water:[number], firewood:[number]}, agent2:{food:[number], water:[number], firewood:[number]}}

            Remember: Each resource must sum to exactly 3 units across both agents.<|eot_id|>","<|begin_of_text|><|begin_of_text|><|start_header_id|>system<|end_header_id|>

Cutting Knowledge Date: December 2023
Today Date: 26 Jul 2024

<|eot_id|><|start_header_id|>user<|end_header_id|>

You are helping analyze a negotiation conversation where two agents are discussing the allocation of resources. Each resource has exactly three units that must be divided between the two agents. The total amount of each resource allocated to both agents must add up to three. 

            Agent Preferences:
            Agent 1: High priority: firewood, Medium priority: water, Low priority: food
            Agent 2: High priority: water, Medium priority: food, Low priority: firewood

            Conversation with intentions:
            Agent 1: Howdy! Looking for firewood, water and food--really trying to get 3 packages of each, want to make sure my family has enough supplies for camping. I don't want anyone injured or our vacation cut short., Agent 2: Ok.  I am looking to have one package of water and on package of food., Agent 1: Is there any way you could let us have 3 packages of each? I'm just trying to make sure my family has enough, we don't get to get out in the woods that often. It's really important to us., Agent 2: Well, I need 1 package of each., [Summary: The conversation begins with one speaker expressing a strong need for multiple supplies to ensure their family's safety and enjoyment during a camping trip. They emphasize the importance of the trip and their infrequent opportunities to go camping. The second speaker maintains their own need for a smaller quantity of supplies. The first speaker's strategy is to appeal to the importance of the trip, while the second speaker remains firm in their minimal request.]

            Based on this negotiation, predict the final allocation of resources. Provide only your answer using the following format with curly braces, with no explanation:

            OUTCOME: {agent1:{food:[number], water:[number], firewood:[number]}, agent2:{food:[number], water:[number], firewood:[number]}}

            Remember: Each resource must sum to exactly 3 units across both agents.<|eot_id|><|begin_of_text|><|start_header_id|>system<|end_header_id|>

Cutting Knowledge Date: December 2023
Today Date: 26 Jul 2024

Outcome: {agent1:{food:1, water:2, firewood:3}, agent2:{food:2, water:1, firewood:0}}

<|begin_of_text|><|start_header_id|><|begin_of_text|><|start_header_id|><|begin_of_text|><|start_header_id|><|begin_of_text|><|start_header_id|><|begin_of_text|><|start_header_id|><|begin_of_text|><|start_header_id|><|begin_of_text|><|start_header_id|><|begin_of_text|><|start_header_id|><|begin_of_text|><|start_header_id|><|begin_of_text|><|start_header_id|><|begin_of_text|><|start_header_id|><|begin_of_text|><|start_header_id|><|begin_of_text|><|start_header_id|><|begin_of_text|><|start_header_id|><|begin_of_text|><|start_header_id|><|begin_of_text|><|start_header_id|><|begin_of_text|><|start_header_id|><|begin_of_text|><|start_header_id|><|begin_of_text|><|start_header_id|><|begin_of_text|><|start_header_id|><|begin_of_text|><|start_header_id|><|begin_of_text|><|start_header_id|><|begin_of_text|><|start_header_id|><|begin_of_text|><|start_header_id|><|begin_of_text|><|start_header_id|><|begin_of_text|><|start_header_id|><|begin_of_text|><|start_header_id|><|begin_of_text|><|start_header_id|><|begin_of_text|><|start_header_id|><|begin_of_text|><|start_header_id|><|begin_of_text|><|start_header_id|><|begin_of_text|><|start_header_id|><|begin_of_text|><|start_header_id|><|begin_of_text|><|start_header_id|><|begin_of_text|><|start_header_id|><|begin_of_text|><|start_header_id|><|begin_of_text|><|start_header_id|><|begin_of_text|><|start_header_id|><|begin_of_text|><|start_header_id|><|begin_of_text|><|start_header_id|><|begin_of_text|><|start_header_id|><|begin_of_text|><|start_header_id|><|begin_of_text|><|start_header_id|><|begin_of_text|><|start_header_id|><|begin_of_text|><|start_header_id|><|begin_of_text|><|start_header_id|><|begin_of_text|><|start_header_id|><|begin_of_text|><|start_header_id|><|begin_of_text|><|start_header_id|><|begin_of_text|><|start_header_id|><|begin_of_text|><|start_header_id|><|begin_of_text|><|start_header_id|><|begin_of_text|><|start_header_id|><|begin_of_text|><|start_header_id|><|begin_of_text|><|start_header_id|><|begin_of_text|><|start_header_id|><|begin_of_text|><|start_header_id|><|begin_of_text|><|start_header_id|><|begin_of_text|><|start_header_id|><|begin_of_text|><|start_header_id|><|begin_of_text|><|start_header_id|><|begin_of_text|><|start_header_id|><|begin_of_text|><|start_header_id|><|begin_of_text|><|start_header_id|><|begin_of_text|><|start_header_id|><|begin_of_text|><|start_header_id|><|begin_of_text|><|start_header_id|><|begin_of_text|><|start_header_id|><|begin_of_text|><|start_header_id|><|begin_of_text|><|start_header_id|><|begin_of_text|><|start_header_id|><|begin_of_text|><|start_header_id|><|begin_of_text|><|start_header_id|><|begin_of_text|><|start_header_id|><|begin_of_text|><|start_header_id|><|begin_of_text|><|start_header_id|><|begin_of_text|><|start_header_id|><|begin_of_text|><|start_header_id|><|begin_of_text|><|start_header_id|><|begin_of_text|><|start_header_id|><|begin_of_text|><|start_header_id|><|begin_of_text|><|start_header_id|><|begin_of_text|><|start_header_id|><|begin_of_text|><|start_header_id|><|begin_of_text|><|start_header_id|><|begin_of_text|><|start_header_id|><|begin_of_text|><|start_header_id|><|begin_of_text|><|start_header_id|><|begin_of_text|><|start_header_id|><|begin_of_text|><|start_header_id|><|begin_of_text|><|start_header_id|><|begin_of_text|><|start_header_id|><|begin_of_text|><|start_header_id|><|begin_of_text|><|start_header_id|><|begin_of_text|><|start_header_id|><|begin_of_text|><|start_header_id|><|begin_of_text|><|start_header_id|><|begin_of_text|><|start_header_id|><|begin_of_text|><|start_header_id|><|begin_of_text|><|start_header_id|><|begin_of_text|><|start_header_id|><|begin_of_text|><|start_header_id|><|begin_of_text|><|start_header_id|><|begin_of_text|><|start_header_id|><|begin_of_text|><|start_header_id|><|begin_of_text|><|start_header_id|><|begin_of_text|><|start_header_id|><|begin_of_text|><|start_header_id|><|begin_of_text|><|start_header_id|><|begin_of_text|><|start_header_id|><|begin_of_text|><|start_header_id|><|begin_of_text|><|start_header_id|><|begin_of_text|><|start_header_id|><|begin_of_text|><|start_header_id|><|begin_of_text|><|start_header_id|><|begin_of_text|><|start_header_id|><|begin_of_text|><|start_header_id|><|begin_of_text|><|start_header_id|><|begin_of_text|><|start_header_id|><|begin_of_text|><|start_header_id|><|begin_of_text|><|start_header_id|><|begin_of_text|><|start_header_id|><|begin_of_text|><|start_header_id|><|begin_of_text|><|start_header_id|><|begin_of_text|><|start_header_id|><|begin_of_text|><|start_header_id|><|begin_of_text|><|start_header_id|><|begin_of_text|><|start_header_id|><|begin_of_text|><|start_header_id|><|begin_of_text|><|start_header_id|><|begin_of_text|><|start_header_id|><|begin_of_text|><|start_header_id|><|begin_of_text|><|start_header_id|><|begin_of_text|><|start_header_id|><|begin_of_text|><|start_header_id|><|begin_of_text|><|start_header_id|><|start_header_id|><|start_header_id|><|begin_of_text|><|start_header_id|><|start_header_id|><|start_header_id|><|begin_of_text|><|start_header_id|><|begin_of_text|><|start_header_id|><|start_header_id|><|start_header_id|><|begin_of_text|><|start_header_id|><|start_header_id|><|begin_of_text|><|start_header_id|><|start_header_id|><|start_header_id|><|begin_of_text|><|start_header_id|><|begin_of_text|><|start_header_id|><|start_header_id|><|start_header_id|><|begin_of_text|><|start_header_id|><|start_header_id|><|begin_of_text|><|start_header_id|><|start_header_id|><|start_header_id|><|start_header_id|><|start_header_id|><|start_header_id|><|start_header_id|><|begin_of_text|><|start_header_id|><|begin_of_text|><|start_header_id|><|start_header_id|><|start_header_id|><|start_header_id|><|start_header_id|><|start_header_id|><|begin_of_text|><|start_header_id|><|start_header_id|><|start_header_id|><|begin_of_text|><|start_header_id|><|begin_of_text|><|start_header_id|><|start_header_id|><|start_header_id|><|begin_of_text|><|start_header_id|><|start_header_id|><|begin_of_text|><|start_header_id|><|start_header_id|><|begin_of_text|><|start_header_id|><|start_header_id|><|start_header_id|><|start_header_id|><|begin_of_text|><|start_header_id|><|start_header_id|><|start_header_id|><|start_header_id|><|start_header_id|><|start_header_id|><|start_header_id|><|start_header_id|><|start_header_id|><|start_header_id|><|begin_of_text|><|start_header_id|><|start_header_id|><|begin_of_text|><|start_header_id|><|start_header_id|><|start_header_id|><|start_header_id|><|start_header_id|><|start_header_id|><|begin_of_text|><|start_header_id|><|start_header_id|><|start_header_id|><|start_header_id|><|start_header_id|><|start_header_id|><|start_header_id|><|start_header_id|><|start_header_id|><|start_header_id|><|start_header_id|><|begin_of_text|><|start_header_id|><|start_header_id|><|start_header_id|><|start_header_id|><|start_header_id|><|start_header_id|><|start_header_id|><|start_header_id|><|start_header_id|><|start_header_id|><|start_header_id|><|start_header_id|><|start_header_id|><|start_header_id|><|start_header_id|><|start_header_id|><|start_header_id|><|start_header_id|><|start_header_id|><|start_header_id|><|start_header_id|><|start_header_id|><|start_header_id|><|start_header_id|><|start_header_id|><|start_header_id|><|start_header_id|><|start_header_id|><|start_header_id|><|start_header_id|><|start_header_id|><|start_header_id|><|start_header_id|><|start_header_id|><|start_header_id|><|start_header_id|><|start_header_id|><|start_header_id|><|start_header_id|><|start_header_id|><|start_header_id|><|start_header_id|><|start_header_id|><|start_header_id|><|start_header_id|><|start_header_id|><|start_header_id|><|start_header_id|><|start_header_id|><|start_header_id|><|start_header_id|><|start_header_id|><|start_header_id|><|start_header_id|><|start_header_id|><|start_header_id|><|start_header_id|><|start_header_id|><|start_header_id|><|start_header_id|><|start_header_id|><|start_header_id|><|start_header_id|><|start_header_id|><|start_header_id|><|start_header_id|><|start_header_id|><|start_header_id|><|start_header_id|><|start_header_id|><|start_header_id|><|start_header_id|><|start_header_id|><|start_header_id|><|start_header_id|><|start_header_id|><|start_header_id|><|start_header_id|><|start_header_id|><|start_header_id|><|start_header_id|><|start_header_id|><|start_header_id|><|start_header_id|><|start_header_id|><|start_header_id|><|start_header_id|><|start_header_id|><|start_header_id|><|start_header_id|><|start_header_id|><|start_header_id|><|start_header_id|><|start_header_id|><|start_header_id|><|start_header_id|><|start_header_id|><|start_header_id|><|start_header_id|><|start_header_id|><|start_header_id|><|start_header_id|><|start_header_id|><|start_header_id|><|start_header_id|><|start_header_id|><|start_header_id|><|start_header_id|><|start_header_id|><|start_header_id|><|start_header_id|><|start_header_id|><|start_header_id|><|start_header_id|><|start_header_id|><|start_header_id|><|start_header_id|><|start_header_id|><|start_header_id|><|start_header_id|><|start_header_id|><|start_header_id|><|start_header_id|><|start_header_id|><|start_header_id|><|start_header_id|><|start_header_id|><|start_header_id|><|start_header_id|><|start_header_id|><|start_header_id|><|start_header_id|><|start_header_id|><|start_header_id|><|start_header_id|><|start_header_id|><|start_header_id|><|start_header_id|><|start_header_id|><|start_header_id|><|start_header_id|><|start_header_id|><|start_header_id|><|start_header_id|><|start_header_id|><|start_header_id|><|start_header_id|><|start_header_id|><|start_header_id|><|start_header_id|><|start_header_id|><|start_header_id|><|start_header_id|><|start_header_id|><|start_header_id|><|start_header_id|><|start_header_id|><|start_header_id|><|start_header_id|><|start_header_id|><|start_header_id|><|start_header_id|><|start_header_id|><|start_header_id|><|start_header_id|><|start_header_id|><|start_header_id|><|start_header_id|><|start_header_id|><|start_header_id|><|start_header_id|><|start_header_id|><|start_header_id|><|start_header_id|><|start_header_id|><|start_header_id|><|start_header_id|><|start_header_id|><|start_header_id|><|start_header_id|><|start_header_id|><|start_header_id|><|start_header_id|><|start_header_id|><|start_header_id|><|start_header_id|><|start_header_id|><|start_header_id|><|start_header_id|><|start_header_id|><|start_header_id|><|start_header_id|><|start_header_id|><|start_header_id|><|start_header_id|><|start_header_id|><|start_header_id|><|start_header_id|><|start_header_id|><|start_header_id|><|start_header_id|><|start_header_id|><|start_header_id|><|start_header_id|><|start_header_id|><|start_header_id|><|start_header_id|><|start_header_id|><|start_header_id|><|start_header_id|><|start_header_id|><|start_header_id|><|start_header_id|><|start_header_id|><|start_header_id|><|start_header_id|><|start_header_id|><|start_header_id|><|start_header_id|><|start_header_id|><|start_header_id|><|start_header_id|><|start_header_id|><|start_header_id|><|start_header_id|><|start_header_id|><|start_header_id|><|start_header_id|><|start_header_id|><|start_header_id|><|start_header_id|><|start_header_id|><|start_header_id|><|start_header_id|><|start_header_id|><|start_header_id|><|start_header_id|><|start_header_id|><|start_header_id|><|start_header_id|><|start_header_id|><|start_header_id|><|start_header_id|><|start_header_id|><|start_header_id|><|start_header_id|><|start_header_id|><|start_header_id|><|start_header_id|><|start_header_id|><|start_header_id|><|start_header_id|><|start_header_id|><|start_header_id|><|start_header_id|><|start_header_id|><|start_header_id|><|start_header_id|><|start_header_id|><|start_header_id|><|start_header_id|><|start_header_id|><|start_header_id|><|start_header_id|><|start_header_id|><|start_header_id|><|start_header_id|><|start_header_id|><|start_header_id|><|start_header_id|><|start_header_id|><|start_header_id|><|start_header_id|><|start_header_id|><|start_header_id|><|start_header_id|><|start_header_id|><|start_header_id|><|start_header_id|><|start_header_id|><|start_header_id|><|start_header_id|><|start_header_id|><|start_header_id|><|start_header_id|><|start_header_id|><|start_header_id|><|start_header_id|><|start_header_id|><|start_header_id|><|start_header_id|><|start_header_id|><|start_header_id|><|start_header_id|><|start_header_id|><|start_header_id|><|start_header_id|><|start_header_id|><|start_header_id|><|start_header_id|><|start_header_id|><|start_header_id|><|start_header_id|><|start_header_id|><|start_header_id|><|start_header_id|><|start_header_id|><|start_header_id|><|start_header_id|><|start_header_id|><|start_header_id|><|start_header_id|><|start_header_id|><|start_header_id|><|start_header_id|><|start_header_id|><|start_header_id|><|start_header_id|><|start_header_id|><|start_header_id|><|start_header_id|><|start_header_id|><|start_header_id|><|start_header_id|><|start_header_id|><|start_header_id|><|start_header_id|><|start_header_id|><|start_header_id|><|start_header_id|><|start_header_id|><|start_header_id|><|start_header_id|><|start_header_id|><|start_header_id|><|start_header_id|><|start_header_id|><|start_header_id|><|start_header_id|><|start_header_id|><|start_header_id|><|start_header_id|><|start_header_id|><|start_header_id|><|start_header_id|><|start_header_id|><|start_header_id|><|start_header_id|><|start_header_id|><|start_header_id|><|start_header_id|><|start_header_id|><|start_header_id|><|start_header_id|><|start_header_id|><|start_header_id|><|start_header_id|><|start_header_id|><|start_header_id|><|start_header_id|><|start_header_id|><|start_header_id|><|start_header_id|><|start_header_id|><|start_header_id|><|start_header_id|><|start_header_id|><|start_header_id|><|start_header_id|><|start_header_id|><|start_header_id|><|start_header_id|><|start_header_id|><|start_header_id|><|start_header_id|><|start_header_id|><|start_header_id|><|start_header_id|><|start_header_id|><|start_header_id|><|start_header_id|><|start_header_id|><|start_header_id|><|start_header_id|><|start_header_id|><|start_header_id|><|start_header_id|><|start_header_id|><|start_header_id|><|start_header_id|><|start_header_id|><|start_header_id|><|start_header_id|><|start_header_id|><|start_header_id|><|start_header_id|><|start_header_id|><|start_header_id|><|start_header_id|><|start_header_id|><|start_header_id|><|start_header_id|><|start_header_id|><|start_header_id|><|start_header_id|><|start_header_id|><|start_header_id|><|start_header_id|><|start_header_id|><|start_header_id|><|start_header_id|><|start_header_id|><|start_header_id|><|start_header_id|><|start_header_id|><|start_header_id|><|start_header_id|><|start_header_id|><|start_header_id|><|start_header_id|><|start_header_id|><|start_header_id|><|start_header_id|><|start_header_id|><|start_header_id|><|start_header_id|><|start_header_id|><|start_header_id|><|start_header_id|><|start_header_id|><|start_header_id|><|start_header_id|><|start_header_id|><|start_header_id|><|start_header_id|><|start_header_id|><|start_header_id|><|start_header_id|><|start_header_id|><|start_header_id|><|start_header_id|><|start_header_id|><|start_header_id|><|start_header_id|><|start_header_id|><|start_header_id|><|start_header_id|><|start_header_id|><|start_header_id|><|start_header_id|><|start_header_id|><|start_header_id|><|start_header_id|><|start_header_id|><|start_header_id|><|start_header_id|><|start_header_id|><|start_header_id|><|start_header_id|><|start_header_id|><|start_header_id|><|start_header_id|><|start_header_id|><|start_header_id|><|start_header_id|><|start_header_id|><|start_header_id|><|start_header_id|><|start_header_id|><|start_header_id|><|start_header_id|><|start_header_id|><|start_header_id|><|start_header_id|><|start_header_id|><|start_header_id|><|start_header_id|><|start_header_id|><|start_header_id|><|start_header_id|><|start_header_id|><|start_header_id|><|start_header_id|><|start_header_id|><|start_header_id|><|start_header_id|><|start_header_id|><|start_header_id|><|start_header_id|><|start_header_id|><|start_header_id|><|start_header_id|><|start_header_id|><|start_header_id|><|start_header_id|><|start_header_id|><|start_header_id|><|start_header_id|><|start_header_id|><|start_header_id|><|start_header_id|><|start_header_id|><|start_header_id|><|start_header_id|><|start_header_id|><|start_header_id|><|start_header_id|><|start_header_id|><|start_header_id|><|start_header_id|><|start_header_id|><|start_header_id|><|start_header_id|><|start_header_id|><|start_header_id|><|start_header_id|><|start_header_id|><|start_header_id|><|start_header_id|><|start_header_id|><|start_header_id|><|start_header_id|><|start_header_id|><|start_header_id|><|start_header_id|><|start_header_id|><|start_header_id|><|start_header_id|><|start_header_id|><|start_header_id|><|start_header_id|><|start_header_id|><|start_header_id|><|start_header_id|><|start_header_id|><|start_header_id|><|start_header_id|><|start_header_id|><|start_header_id|><|start_header_id|><|start_header_id|><|start_header_id|><|start_header_id|><|start_header_id|><|start_header_id|><|start_header_id|><|start_header_id|><|start_header_id|><|start_header_id|><|start_header_id|><|start_header_id|><|start_header_id|><|start_header_id|><|start_header_id|><|start_header_id|><|start_header_id|><|start_header_id|><|start_header_id|><|start_header_id|><|start_header_id|><|start_header_id|><|start_header_id|><|start_header_id|><|start_header_id|><|start_header_id|><|start_header_id|><|start_header_id|><|start_header_id|><|start_header_id|><|start_header_id|><|start_header_id|><|start_header_id|><|start_header_id|><|start_header_id|><|start_header_id|><|start_header_id|><|start_header_id|><|start_header_id|><|start_header_id|><|start_header_id|><|start_header_id|><|start_header_id|><|start_header_id|><|start_header_id|><|start_header_id|><|start_header_id|><|start_header_id|><|start_header_id|><|start_header_id|><|start_header_id|><|start_header_id|><|start_header_id|>",2,2,3,1,1,0,1.0,2.0,3.0,2.0,1.0,0.0,29,9,26.0,13.0,9.0
535,5,"<|begin_of_text|><|start_header_id|>system<|end_header_id|>

Cutting Knowledge Date: December 2023
Today Date: 26 Jul 2024

<|eot_id|><|start_header_id|>user<|end_header_id|>

You are helping analyze a negotiation conversation where two agents are discussing the allocation of resources. Each resource has exactly three units that must be divided between the two agents. The total amount of each resource allocated to both agents must add up to three. 

            Agent Preferences:
            Agent 1: High priority: firewood, Medium priority: water, Low priority: food
            Agent 2: High priority: food, Medium priority: water, Low priority: firewood

            Conversation with intentions:
            Agent 2: Hello there! Are you excited for your camping trip coming up?! I am excited to see how I can put my skills to the test!, Agent 1: Yeah. Nice to get out after being inside for most of the spring. This covid-19 crap! wish it would go away., Agent 2: I agree!  I will say it has really sparked my interest in camping and being outdoors even more though! I saw just how connected I was to technology and everything else! , [Summary: The conversation begins with enthusiasm about an upcoming camping trip, reflecting a shared excitement. However, it quickly shifts to a more somber tone as one speaker expresses frustration with the ongoing pandemic. Despite this, the conversation maintains a positive outlook, with the second speaker finding a silver lining in increased interest in outdoor activities, suggesting a strategy of focusing on personal growth and adaptation.]

            Based on this negotiation, predict the final allocation of resources. Provide only your answer using the following format with curly braces, with no explanation:

            OUTCOME: {agent1:{food:[number], water:[number], firewood:[number]}, agent2:{food:[number], water:[number], firewood:[number]}}

            Remember: Each resource must sum to exactly 3 units across both agents.<|eot_id|>","<|begin_of_text|><|begin_of_text|><|start_header_id|>system<|end_header_id|>

Cutting Knowledge Date: December 2023
Today Date: 26 Jul 2024

<|eot_id|><|start_header_id|>user<|end_header_id|>

You are helping analyze a negotiation conversation where two agents are discussing the allocation of resources. Each resource has exactly three units that must be divided between the two agents. The total amount of each resource allocated to both agents must add up to three. 

            Agent Preferences:
            Agent 1: High priority: firewood, Medium priority: water, Low priority: food
            Agent 2: High priority: food, Medium priority: water, Low priority: firewood

            Conversation with intentions:
            Agent 2: Hello there! Are you excited for your camping trip coming up?! I am excited to see how I can put my skills to the test!, Agent 1: Yeah. Nice to get out after being inside for most of the spring. This covid-19 crap! wish it would go away., Agent 2: I agree!  I will say it has really sparked my interest in camping and being outdoors even more though! I saw just how connected I was to technology and everything else!, [Summary: The conversation begins with enthusiasm about an upcoming camping trip, reflecting a shared excitement. However, it quickly shifts to a more somber tone as one speaker expresses frustration with the ongoing pandemic. Despite this, the conversation maintains a positive outlook, with the second speaker finding a silver lining in increased interest in outdoor activities, suggesting a strategy of focusing on personal growth and adaptation.]

            Based on this negotiation, predict the final allocation of resources. Provide only your answer using the following format with curly braces, with no explanation:

            OUTCOME: {agent1:{food:[number], water:[number], firewood:[number]}, agent2:{food:[number], water:[number], firewood:[number]}}

            Remember: Each resource must sum to exactly 3 units across both agents.<|eot_id|><|begin_of_text|><|start_header_id|>system<|end_header_id|>

Cutting Knowledge Date: December 2023
Today Date: 26 Jul 2024

Outcome: {agent1:{food:1, water:2, firewood:3}, agent2:{food:2, water:1, firewood:0}}

<|begin_of_text|><|start_header_id|><|begin_of_text|><|start_header_id|><|begin_of_text|><|start_header_id|><|begin_of_text|><|start_header_id|><|begin_of_text|><|start_header_id|><|begin_of_text|><|start_header_id|><|begin_of_text|><|start_header_id|><|begin_of_text|><|start_header_id|><|begin_of_text|><|start_header_id|><|begin_of_text|><|start_header_id|><|begin_of_text|><|start_header_id|><|begin_of_text|><|start_header_id|><|begin_of_text|><|start_header_id|><|begin_of_text|><|start_header_id|><|begin_of_text|><|start_header_id|><|begin_of_text|><|start_header_id|><|begin_of_text|><|start_header_id|><|begin_of_text|><|start_header_id|><|begin_of_text|><|start_header_id|><|begin_of_text|><|start_header_id|><|begin_of_text|><|start_header_id|><|begin_of_text|><|start_header_id|><|begin_of_text|><|start_header_id|><|begin_of_text|><|start_header_id|><|begin_of_text|><|start_header_id|><|begin_of_text|><|start_header_id|><|begin_of_text|><|start_header_id|><|begin_of_text|><|start_header_id|><|begin_of_text|><|start_header_id|><|begin_of_text|><|start_header_id|><|begin_of_text|><|start_header_id|><|begin_of_text|><|start_header_id|><|begin_of_text|><|start_header_id|><|begin_of_text|><|start_header_id|><|begin_of_text|><|start_header_id|><|begin_of_text|><|start_header_id|><|begin_of_text|><|start_header_id|><|begin_of_text|><|start_header_id|><|begin_of_text|><|start_header_id|><|begin_of_text|><|start_header_id|><|begin_of_text|><|start_header_id|><|begin_of_text|><|start_header_id|><|begin_of_text|><|start_header_id|><|begin_of_text|><|start_header_id|><|begin_of_text|><|start_header_id|><|begin_of_text|><|start_header_id|><|begin_of_text|><|start_header_id|><|begin_of_text|><|start_header_id|><|begin_of_text|><|start_header_id|><|begin_of_text|><|start_header_id|><|begin_of_text|><|start_header_id|><|begin_of_text|><|start_header_id|><|begin_of_text|><|start_header_id|><|begin_of_text|><|start_header_id|><|begin_of_text|><|start_header_id|><|begin_of_text|><|start_header_id|><|begin_of_text|><|start_header_id|><|begin_of_text|><|start_header_id|><|begin_of_text|><|start_header_id|><|begin_of_text|><|start_header_id|><|begin_of_text|><|start_header_id|><|begin_of_text|><|start_header_id|><|begin_of_text|><|start_header_id|><|begin_of_text|><|start_header_id|><|begin_of_text|><|start_header_id|><|begin_of_text|><|start_header_id|><|begin_of_text|><|start_header_id|><|begin_of_text|><|start_header_id|><|begin_of_text|><|start_header_id|><|begin_of_text|><|start_header_id|><|begin_of_text|><|start_header_id|><|begin_of_text|><|start_header_id|><|begin_of_text|><|start_header_id|><|begin_of_text|><|start_header_id|><|begin_of_text|><|start_header_id|><|begin_of_text|><|start_header_id|><|begin_of_text|><|start_header_id|><|begin_of_text|><|start_header_id|><|begin_of_text|><|start_header_id|><|begin_of_text|><|start_header_id|><|begin_of_text|><|start_header_id|><|begin_of_text|><|start_header_id|><|begin_of_text|><|start_header_id|><|begin_of_text|><|start_header_id|><|begin_of_text|><|start_header_id|><|begin_of_text|><|start_header_id|><|begin_of_text|><|start_header_id|><|begin_of_text|><|start_header_id|><|begin_of_text|><|start_header_id|><|begin_of_text|><|start_header_id|><|begin_of_text|><|start_header_id|><|begin_of_text|><|start_header_id|><|begin_of_text|><|start_header_id|><|begin_of_text|><|start_header_id|><|begin_of_text|><|start_header_id|><|begin_of_text|><|start_header_id|><|begin_of_text|><|start_header_id|><|begin_of_text|><|start_header_id|><|begin_of_text|><|start_header_id|><|begin_of_text|><|start_header_id|><|begin_of_text|><|start_header_id|><|begin_of_text|><|start_header_id|><|begin_of_text|><|start_header_id|><|begin_of_text|><|start_header_id|><|begin_of_text|><|start_header_id|><|begin_of_text|><|start_header_id|><|begin_of_text|><|start_header_id|><|begin_of_text|><|start_header_id|><|begin_of_text|><|start_header_id|><|begin_of_text|><|start_header_id|><|begin_of_text|><|start_header_id|><|begin_of_text|><|start_header_id|><|begin_of_text|><|start_header_id|><|start_header_id|><|start_header_id|><|begin_of_text|><|start_header_id|><|begin_of_text|><|start_header_id|><|begin_of_text|><|start_header_id|><|begin_of_text|><|start_header_id|><|begin_of_text|><|start_header_id|><|begin_of_text|><|start_header_id|><|start_header_id|><|start_header_id|><|begin_of_text|><|start_header_id|><|begin_of_text|><|start_header_id|><|begin_of_text|><|start_header_id|><|start_header_id|><|begin_of_text|><|start_header_id|><|begin_of_text|><|start_header_id|><|begin_of_text|><|start_header_id|><|start_header_id|><|start_header_id|><|begin_of_text|><|start_header_id|><|begin_of_text|><|start_header_id|><|begin_of_text|><|start_header_id|><|begin_of_text|><|start_header_id|><|begin_of_text|><|start_header_id|><|start_header_id|><|start_header_id|><|begin_of_text|><|start_header_id|><|start_header_id|><|begin_of_text|><|start_header_id|><|start_header_id|><|start_header_id|><|begin_of_text|><|start_header_id|><|begin_of_text|><|start_header_id|><|start_header_id|><|begin_of_text|><|start_header_id|><|begin_of_text|><|start_header_id|><|start_header_id|><|start_header_id|><|begin_of_text|><|start_header_id|><|begin_of_text|><|start_header_id|><|start_header_id|><|start_header_id|><|start_header_id|><|begin_of_text|><|start_header_id|><|start_header_id|><|start_header_id|><|start_header_id|><|begin_of_text|><|start_header_id|><|start_header_id|><|start_header_id|><|start_header_id|><|begin_of_text|><|start_header_id|><|start_header_id|><|begin_of_text|><|start_header_id|><|start_header_id|><|begin_of_text|><|start_header_id|><|start_header_id|><|start_header_id|><|start_header_id|><|begin_of_text|><|start_header_id|><|start_header_id|><|start_header_id|><|begin_of_text|><|start_header_id|><|start_header_id|><|begin_of_text|><|start_header_id|><|start_header_id|><|start_header_id|><|start_header_id|><|start_header_id|><|begin_of_text|><|start_header_id|><|start_header_id|><|start_header_id|><|start_header_id|><|start_header_id|><|start_header_id|><|begin_of_text|><|start_header_id|><|start_header_id|><|start_header_id|><|start_header_id|><|start_header_id|><|start_header_id|><|start_header_id|><|begin_of_text|><|start_header_id|><|begin_of_text|><|start_header_id|><|start_header_id|><|start_header_id|><|start_header_id|><|start_header_id|><|start_header_id|><|start_header_id|><|start_header_id|><|start_header_id|><|start_header_id|><|start_header_id|><|start_header_id|><|start_header_id|><|begin_of_text|><|start_header_id|><|start_header_id|><|start_header_id|><|start_header_id|><|start_header_id|><|start_header_id|><|start_header_id|><|start_header_id|><|start_header_id|><|start_header_id|><|start_header_id|><|start_header_id|><|start_header_id|><|begin_of_text|><|start_header_id|><|start_header_id|><|start_header_id|><|start_header_id|><|start_header_id|><|start_header_id|><|start_header_id|><|start_header_id|><|start_header_id|><|start_header_id|><|start_header_id|><|start_header_id|><|start_header_id|><|start_header_id|><|start_header_id|><|start_header_id|><|start_header_id|><|start_header_id|><|start_header_id|><|start_header_id|><|start_header_id|><|start_header_id|><|start_header_id|><|start_header_id|><|start_header_id|><|start_header_id|><|start_header_id|><|start_header_id|><|start_header_id|><|start_header_id|><|start_header_id|><|start_header_id|><|start_header_id|><|start_header_id|><|start_header_id|><|start_header_id|><|start_header_id|><|start_header_id|><|start_header_id|><|start_header_id|><|start_header_id|><|start_header_id|><|start_header_id|><|start_header_id|><|start_header_id|><|start_header_id|><|start_header_id|><|start_header_id|><|start_header_id|><|start_header_id|><|start_header_id|><|start_header_id|><|start_header_id|><|start_header_id|><|start_header_id|><|start_header_id|><|start_header_id|><|start_header_id|><|start_header_id|><|start_header_id|><|start_header_id|><|start_header_id|><|start_header_id|><|start_header_id|><|start_header_id|><|start_header_id|><|start_header_id|><|start_header_id|><|start_header_id|><|start_header_id|><|start_header_id|><|start_header_id|><|start_header_id|><|start_header_id|><|start_header_id|><|start_header_id|><|start_header_id|><|start_header_id|><|start_header_id|><|start_header_id|><|start_header_id|><|start_header_id|><|start_header_id|><|start_header_id|><|start_header_id|><|start_header_id|><|start_header_id|><|start_header_id|><|start_header_id|><|start_header_id|><|start_header_id|><|start_header_id|><|start_header_id|><|start_header_id|><|start_header_id|><|start_header_id|><|start_header_id|><|start_header_id|><|start_header_id|><|start_header_id|><|start_header_id|><|start_header_id|><|start_header_id|><|start_header_id|><|start_header_id|><|start_header_id|><|start_header_id|><|start_header_id|><|start_header_id|><|start_header_id|><|start_header_id|><|start_header_id|><|start_header_id|><|start_header_id|><|start_header_id|><|start_header_id|><|start_header_id|><|start_header_id|><|start_header_id|><|start_header_id|><|start_header_id|><|start_header_id|><|start_header_id|><|start_header_id|><|start_header_id|><|start_header_id|><|start_header_id|><|start_header_id|><|start_header_id|><|start_header_id|><|start_header_id|><|start_header_id|><|start_header_id|><|start_header_id|><|start_header_id|><|start_header_id|><|start_header_id|><|start_header_id|><|start_header_id|><|start_header_id|><|start_header_id|><|start_header_id|><|start_header_id|><|start_header_id|><|start_header_id|><|start_header_id|><|start_header_id|><|start_header_id|><|start_header_id|><|start_header_id|><|start_header_id|><|start_header_id|><|start_header_id|><|start_header_id|><|start_header_id|><|start_header_id|><|start_header_id|><|start_header_id|><|start_header_id|><|start_header_id|><|start_header_id|><|start_header_id|><|start_header_id|><|start_header_id|><|start_header_id|><|start_header_id|><|start_header_id|><|start_header_id|><|start_header_id|><|start_header_id|><|start_header_id|><|start_header_id|><|start_header_id|><|start_header_id|><|start_header_id|><|start_header_id|><|start_header_id|><|start_header_id|><|start_header_id|><|start_header_id|><|start_header_id|><|start_header_id|><|start_header_id|><|start_header_id|><|start_header_id|><|start_header_id|><|start_header_id|><|start_header_id|><|start_header_id|><|start_header_id|><|start_header_id|><|start_header_id|><|start_header_id|><|start_header_id|><|start_header_id|><|start_header_id|><|start_header_id|><|start_header_id|><|start_header_id|><|start_header_id|><|start_header_id|><|start_header_id|><|start_header_id|><|start_header_id|><|start_header_id|><|start_header_id|><|start_header_id|><|start_header_id|><|start_header_id|><|start_header_id|><|start_header_id|><|start_header_id|><|start_header_id|><|start_header_id|><|start_header_id|><|start_header_id|><|start_header_id|><|start_header_id|><|start_header_id|><|start_header_id|><|start_header_id|><|start_header_id|><|start_header_id|><|start_header_id|><|start_header_id|><|start_header_id|><|start_header_id|><|start_header_id|><|start_header_id|><|start_header_id|><|start_header_id|><|start_header_id|><|start_header_id|><|start_header_id|><|start_header_id|><|start_header_id|><|start_header_id|><|start_header_id|><|start_header_id|><|start_header_id|><|start_header_id|><|start_header_id|><|start_header_id|><|start_header_id|><|start_header_id|><|start_header_id|><|start_header_id|><|start_header_id|><|start_header_id|><|start_header_id|><|start_header_id|><|start_header_id|><|start_header_id|><|start_header_id|><|start_header_id|><|start_header_id|><|start_header_id|><|start_header_id|><|start_header_id|><|start_header_id|><|start_header_id|><|start_header_id|><|start_header_id|><|start_header_id|><|start_header_id|><|start_header_id|><|start_header_id|><|start_header_id|><|start_header_id|><|start_header_id|><|start_header_id|><|start_header_id|><|start_header_id|><|start_header_id|><|start_header_id|><|start_header_id|><|start_header_id|><|start_header_id|><|start_header_id|><|start_header_id|><|start_header_id|><|start_header_id|><|start_header_id|><|start_header_id|><|start_header_id|><|start_header_id|><|start_header_id|><|start_header_id|><|start_header_id|><|start_header_id|><|start_header_id|><|start_header_id|><|start_header_id|><|start_header_id|><|start_header_id|><|start_header_id|><|start_header_id|><|start_header_id|><|start_header_id|><|start_header_id|><|start_header_id|><|start_header_id|><|start_header_id|><|start_header_id|><|start_header_id|><|start_header_id|><|start_header_id|><|start_header_id|><|start_header_id|><|start_header_id|><|start_header_id|><|start_header_id|><|start_header_id|><|start_header_id|><|start_header_id|><|start_header_id|><|start_header_id|><|start_header_id|><|start_header_id|><|start_header_id|><|start_header_id|><|start_header_id|><|start_header_id|><|start_header_id|><|start_header_id|><|start_header_id|><|start_header_id|><|start_header_id|><|start_header_id|><|start_header_id|><|start_header_id|><|start_header_id|><|start_header_id|><|start_header_id|><|start_header_id|><|start_header_id|><|start_header_id|><|start_header_id|><|start_header_id|><|start_header_id|><|start_header_id|><|start_header_id|><|start_header_id|><|start_header_id|><|start_header_id|><|start_header_id|><|start_header_id|><|start_header_id|><|start_header_id|><|start_header_id|><|start_header_id|><|start_header_id|><|start_header_id|><|start_header_id|><|start_header_id|><|start_header_id|><|start_header_id|><|start_header_id|><|start_header_id|><|start_header_id|><|start_header_id|><|start_header_id|><|start_header_id|><|start_header_id|><|start_header_id|><|start_header_id|><|start_header_id|><|start_header_id|><|start_header_id|><|start_header_id|><|start_header_id|><|start_header_id|><|start_header_id|><|start_header_id|><|start_header_id|><|start_header_id|><|start_header_id|><|start_header_id|><|start_header_id|><|start_header_id|><|start_header_id|><|start_header_id|><|start_header_id|><|start_header_id|><|start_header_id|><|start_header_id|><|start_header_id|><|start_header_id|><|start_header_id|><|start_header_id|><|start_header_id|><|start_header_id|><|start_header_id|><|start_header_id|><|start_header_id|><|start_header_id|><|start_header_id|><|start_header_id|><|start_header_id|><|start_header_id|><|start_header_id|><|start_header_id|><|start_header_id|><|start_header_id|><|start_header_id|><|start_header_id|><|start_header_id|><|start_header_id|><|start_header_id|><|start_header_id|><|start_header_id|><|start_header_id|><|start_header_id|><|start_header_id|><|start_header_id|><|start_header_id|><|start_header_id|><|start_header_id|><|start_header_id|><|start_header_id|><|start_header_id|><|start_header_id|><|start_header_id|><|start_header_id|><|start_header_id|><|start_header_id|><|start_header_id|><|start_header_id|><|start_header_id|><|start_header_id|><|start_header_id|><|start_header_id|><|start_header_id|><|start_header_id|><|start_header_id|><|start_header_id|><|start_header_id|><|start_header_id|><|start_header_id|><|start_header_id|><|start_header_id|><|start_header_id|><|start_header_id|><|start_header_id|><|start_header_id|><|start_header_id|><|start_header_id|><|start_header_id|><|start_header_id|><|start_header_id|><|start_header_id|><|start_header_id|><|start_header_id|><|start_header_id|><|start_header_id|><|start_header_id|><|start_header_id|><|start_header_id|><|start_header_id|><|start_header_id|><|start_header_id|><|start_header_id|><|start_header_id|><|start_header_id|><|start_header_id|><|start_header_id|><|start_header_id|><|start_header_id|><|start_header_id|><|start_header_id|><|start_header_id|><|start_header_id|><|start_header_id|><|start_header_id|><|start_header_id|><|start_header_id|><|start_header_id|><|start_header_id|><|start_header_id|><|start_header_id|><|start_header_id|><|start_header_id|><|start_header_id|><|start_header_id|><|start_header_id|><|start_header_id|><|start_header_id|><|start_header_id|><|start_header_id|><|start_header_id|><|start_header_id|><|start_header_id|><|start_header_id|><|start_header_id|><|start_header_id|><|start_header_id|><|start_header_id|><|start_header_id|><|start_header_id|><|start_header_id|><|start_header_id|><|start_header_id|><|start_header_id|><|start_header_id|><|start_header_id|><|start_header_id|><|start_header_id|><|start_header_id|><|start_header_id|><|start_header_id|><|start_header_id|><|start_header_id|><|start_header_id|><|start_header_id|><|start_header_id|><|start_header_id|><|start_header_id|><|start_header_id|><|start_header_id|><|start_header_id|><|start_header_id|><|start_header_id|><|start_header_id|><|start_header_id|><|start_header_id|><|start_header_id|><|start_header_id|><|start_header_id|><|start_header_id|><|start_header_id|><|start_header_id|><|start_header_id|><|start_header_id|><|start_header_id|><|start_header_id|><|start_header_id|><|start_header_id|><|start_header_id|><|start_header_id|><|start_header_id|><|start_header_id|><|start_header_id|><|start_header_id|><|start_header_id|><|start_header_id|><|start_header_id|><|start_header_id|><|start_header_id|><|start_header_id|><|start_header_id|><|start_header_id|><|start_header_id|><|start_header_id|><|start_header_id|><|start_header_id|><|start_header_id|><|start_header_id|><|start_header_id|><|start_header_id|><|start_header_id|><|start_header_id|><|start_header_id|><|start_header_id|><|start_header_id|><|start_header_id|><|start_header_id|><|start_header_id|><|start_header_id|><|start_header_id|><|start_header_id|><|start_header_id|><|start_header_id|><|start_header_id|><|start_header_id|><|start_header_id|><|start_header_id|><|start_header_id|><|start_header_id|><|start_header_id|><|start_header_id|><|start_header_id|><|start_header_id|><|start_header_id|><|start_header_id|><|start_header_id|><|start_header_id|><|start_header_id|><|start_header_id|><|start_header_id|><|start_header_id|>",1,1,2,2,2,1,1.0,2.0,3.0,2.0,1.0,0.0,17,21,26.0,14.0,81.0
536,5,"<|begin_of_text|><|start_header_id|>system<|end_header_id|>

Cutting Knowledge Date: December 2023
Today Date: 26 Jul 2024

<|eot_id|><|start_header_id|>user<|end_header_id|>

You are helping analyze a negotiation conversation where two agents are discussing the allocation of resources. Each resource has exactly three units that must be divided between the two agents. The total amount of each resource allocated to both agents must add up to three. 

            Agent Preferences:
            Agent 1: High priority: food, Medium priority: water, Low priority: firewood
            Agent 2: High priority: food, Medium priority: firewood, Low priority: water

            Conversation with intentions:
            Agent 2: Hi there! Curious as to what's on your mind regarding each item. I have my own preferences, but will share after you., Agent 1: Hello, well I really need food. Have a lot of extra people., Agent 2: Awesome - same, I also need a ton of food. Will firewood be of interest to you as well? I'll be happy to compensate in this way, Agent 1: Firewood is not overly interesting to me, but water is somewhat enticing., Agent 2: Ok, great - I can give you all of my waters in exchange for a majority of the food and half of firewood , [Summary: The conversation begins with a collaborative tone as both speakers express their needs and preferences. The first speaker prioritizes food due to having extra people, while the second speaker aligns with this need but also introduces firewood as a potential trade item. As the conversation progresses, the first speaker shows limited interest in firewood, prompting the second speaker to adjust their strategy, offering water in exchange for food and some firewood, maintaining a cooperative and negotiating stance throughout.]

            Based on this negotiation, predict the final allocation of resources. Provide only your answer using the following format with curly braces, with no explanation:

            OUTCOME: {agent1:{food:[number], water:[number], firewood:[number]}, agent2:{food:[number], water:[number], firewood:[number]}}

            Remember: Each resource must sum to exactly 3 units across both agents.<|eot_id|>","<|begin_of_text|><|begin_of_text|><|start_header_id|>system<|end_header_id|>

Cutting Knowledge Date: December 2023
Today Date: 26 Jul 2024

<|eot_id|><|start_header_id|>user<|end_header_id|>

You are helping analyze a negotiation conversation where two agents are discussing the allocation of resources. Each resource has exactly three units that must be divided between the two agents. The total amount of each resource allocated to both agents must add up to three. 

            Agent Preferences:
            Agent 1: High priority: food, Medium priority: water, Low priority: firewood
            Agent 2: High priority: food, Medium priority: firewood, Low priority: water

            Conversation with intentions:
            Agent 2: Hi there! Curious as to what's on your mind regarding each item. I have my own preferences, but will share after you., Agent 1: Hello, well I really need food. Have a lot of extra people., Agent 2: Awesome - same, I also need a ton of food. Will firewood be of interest to you as well? I'll be happy to compensate in this way, Agent 1: Firewood is not overly interesting to me, but water is somewhat enticing., Agent 2: Ok, great - I can give you all of my waters in exchange for a majority of the food and half of firewood, [Summary: The conversation begins with a collaborative tone as both speakers express their needs and preferences. The first speaker prioritizes food due to having extra people, while the second speaker aligns with this need but also introduces firewood as a potential trade item. As the conversation progresses, the first speaker shows limited interest in firewood, prompting the second speaker to adjust their strategy, offering water in exchange for food and some firewood, maintaining a cooperative and negotiating stance throughout.]

            Based on this negotiation, predict the final allocation of resources. Provide only your answer using the following format with curly braces, with no explanation:

            OUTCOME: {agent1:{food:[number], water:[number], firewood:[number]}, agent2:{food:[number], water:[number], firewood:[number]}}

            Remember: Each resource must sum to exactly 3 units across both agents.<|eot_id|><|begin_of_text|><|start_header_id|>system<|end_header_id|>

Cutting Knowledge Date: December 2023
Today Date: 26 Jul 2024

Outcome: {agent1:{food:2, water:2, firewood:0}, agent2:{food:1, water:1, firewood:3}}<|eot_id|>",1,2,2,2,1,1,2.0,2.0,0.0,1.0,1.0,3.0,19,17,18.0,20.0,1.0
538,5,"<|begin_of_text|><|start_header_id|>system<|end_header_id|>

Cutting Knowledge Date: December 2023
Today Date: 26 Jul 2024

<|eot_id|><|start_header_id|>user<|end_header_id|>

You are helping analyze a negotiation conversation where two agents are discussing the allocation of resources. Each resource has exactly three units that must be divided between the two agents. The total amount of each resource allocated to both agents must add up to three. 

            Agent Preferences:
            Agent 1: High priority: firewood, Medium priority: food, Low priority: water
            Agent 2: High priority: firewood, Medium priority: food, Low priority: water

            Conversation with intentions:
            Agent 1: Hello! How are you doing?, Agent 2: I'm good. How about letting me get the 2 packages of firewood and 2 waters., Agent 1: I kinda need some firewood too. I'm totally good with the water, tho. How about I give you 1 firewoods, and give you three waters? , [Summary: The conversation begins with a friendly greeting, establishing a cooperative tone. As it progresses, mturk_agent_2 expresses a clear intention to acquire specific items, while mturk_agent_1 responds with a willingness to negotiate. The exchange reflects a shift from a straightforward request to a collaborative negotiation, with mturk_agent_1 demonstrating flexibility and compromise in their response to mturk_agent_2's needs.]

            Based on this negotiation, predict the final allocation of resources. Provide only your answer using the following format with curly braces, with no explanation:

            OUTCOME: {agent1:{food:[number], water:[number], firewood:[number]}, agent2:{food:[number], water:[number], firewood:[number]}}

            Remember: Each resource must sum to exactly 3 units across both agents.<|eot_id|>","<|begin_of_text|><|begin_of_text|><|start_header_id|>system<|end_header_id|>

Cutting Knowledge Date: December 2023
Today Date: 26 Jul 2024

<|eot_id|><|start_header_id|>user<|end_header_id|>

You are helping analyze a negotiation conversation where two agents are discussing the allocation of resources. Each resource has exactly three units that must be divided between the two agents. The total amount of each resource allocated to both agents must add up to three. 

            Agent Preferences:
            Agent 1: High priority: firewood, Medium priority: food, Low priority: water
            Agent 2: High priority: firewood, Medium priority: food, Low priority: water

            Conversation with intentions:
            Agent 1: Hello! How are you doing?, Agent 2: I'm good. How about letting me get the 2 packages of firewood and 2 waters., Agent 1: I kinda need some firewood too. I'm totally good with the water, tho. How about I give you 1 firewoods, and give you three waters?, [Summary: The conversation begins with a friendly greeting, establishing a cooperative tone. As it progresses, mturk_agent_2 expresses a clear intention to acquire specific items, while mturk_agent_1 responds with a willingness to negotiate. The exchange reflects a shift from a straightforward request to a collaborative negotiation, with mturk_agent_1 demonstrating flexibility and compromise in their response to mturk_agent_2's needs.]

            Based on this negotiation, predict the final allocation of resources. Provide only your answer using the following format with curly braces, with no explanation:

            OUTCOME: {agent1:{food:[number], water:[number], firewood:[number]}, agent2:{food:[number], water:[number], firewood:[number]}}

            Remember: Each resource must sum to exactly 3 units across both agents.<|eot_id|><|begin_of_text|><|start_header_id|>system<|end_header_id|>

Cutting Knowledge Date: December 2023
Today Date: 26 Jul 2024

OUTCOME: {agent1:{food:2, water:2, firewood:1}, agent2:{food:1, water:1, firewood:2}}<|eot_id|>",1,1,2,2,2,1,2.0,2.0,1.0,1.0,1.0,2.0,17,19,19.0,17.0,4.0
539,5,"<|begin_of_text|><|start_header_id|>system<|end_header_id|>

Cutting Knowledge Date: December 2023
Today Date: 26 Jul 2024

<|eot_id|><|start_header_id|>user<|end_header_id|>

You are helping analyze a negotiation conversation where two agents are discussing the allocation of resources. Each resource has exactly three units that must be divided between the two agents. The total amount of each resource allocated to both agents must add up to three. 

            Agent Preferences:
            Agent 1: High priority: firewood, Medium priority: water, Low priority: food
            Agent 2: High priority: firewood, Medium priority: water, Low priority: food

            Conversation with intentions:
            Agent 2: Hi there! How are you?, Agent 1: Great! I'm very excited to go camping, how about you?, Agent 2: I am! Now, I need a lot of firewood because we were planning on burning some earlier (to start cooking meals and such). I also need some extra food in case bugs come and eat some (like last trip, ugh). How about I take 2 firewood, 2 food, and you take 3 water, 1 firewood, and 1 food? , [Summary: The conversation begins with a friendly exchange of pleasantries, with both participants expressing excitement. The focus quickly shifts to planning and logistics, with one speaker outlining specific needs and proposing a resource allocation strategy. The tone remains cooperative and practical, with an emphasis on preparedness and past experiences influencing current decisions. The conversation maintains a collaborative and solution-oriented approach throughout.]

            Based on this negotiation, predict the final allocation of resources. Provide only your answer using the following format with curly braces, with no explanation:

            OUTCOME: {agent1:{food:[number], water:[number], firewood:[number]}, agent2:{food:[number], water:[number], firewood:[number]}}

            Remember: Each resource must sum to exactly 3 units across both agents.<|eot_id|>","<|begin_of_text|><|begin_of_text|><|start_header_id|>system<|end_header_id|>

Cutting Knowledge Date: December 2023
Today Date: 26 Jul 2024

<|eot_id|><|start_header_id|>user<|end_header_id|>

You are helping analyze a negotiation conversation where two agents are discussing the allocation of resources. Each resource has exactly three units that must be divided between the two agents. The total amount of each resource allocated to both agents must add up to three. 

            Agent Preferences:
            Agent 1: High priority: firewood, Medium priority: water, Low priority: food
            Agent 2: High priority: firewood, Medium priority: water, Low priority: food

            Conversation with intentions:
            Agent 2: Hi there! How are you?, Agent 1: Great! I'm very excited to go camping, how about you?, Agent 2: I am! Now, I need a lot of firewood because we were planning on burning some earlier (to start cooking meals and such). I also need some extra food in case bugs come and eat some (like last trip, ugh). How about I take 2 firewood, 2 food, and you take 3 water, 1 firewood, and 1 food?, [Summary: The conversation begins with a friendly exchange of pleasantries, with both participants expressing excitement. The focus quickly shifts to planning and logistics, with one speaker outlining specific needs and proposing a resource allocation strategy. The tone remains cooperative and practical, with an emphasis on preparedness and past experiences influencing current decisions. The conversation maintains a collaborative and solution-oriented approach throughout.]

            Based on this negotiation, predict the final allocation of resources. Provide only your answer using the following format with curly braces, with no explanation:

            OUTCOME: {agent1:{food:[number], water:[number], firewood:[number]}, agent2:{food:[number], water:[number], firewood:[number]}}

            Remember: Each resource must sum to exactly 3 units across both agents.<|eot_id|><|begin_of_text|><|start_header_id|>system<|end_header_id|>

Cutting Knowledge Date: December 2023
Today Date: 26 Jul 2024

OUTCOME: {agent1:{food:0, water:2, firewood:2}, agent2:{food:3, water:1, firewood:1}}<|eot_id|>",1,3,1,2,0,2,0.0,2.0,2.0,3.0,1.0,1.0,20,16,18.0,18.0,4.0
545,5,"<|begin_of_text|><|start_header_id|>system<|end_header_id|>

Cutting Knowledge Date: December 2023
Today Date: 26 Jul 2024

<|eot_id|><|start_header_id|>user<|end_header_id|>

You are helping analyze a negotiation conversation where two agents are discussing the allocation of resources. Each resource has exactly three units that must be divided between the two agents. The total amount of each resource allocated to both agents must add up to three. 

            Agent Preferences:
            Agent 1: High priority: firewood, Medium priority: food, Low priority: water
            Agent 2: High priority: water, Medium priority: firewood, Low priority: food

            Conversation with intentions:
            Agent 1: hy thats my offer, Agent 2: Hi there.. I'm sorry, I didn't see your offer as it doesn't show it for 10 messages, I believe.  So, here's the situation.. I think I can get by with less firewood as I'm a Floridian and prefer it cooler anyway.. also the food is not a huge thing for me as we can catch / improvise around the campsite - but I'm definitely interested in as much water as possible.. both for cooking and cleaning purposes, as well as drinking, of course.  🙂, Agent 1: okay so what do you suggest, Agent 2: Well, I recognize you're gonna need water too.. so I'd love to take 2 of them, giving you one and I'm totally ok with going 1 on the firewood and one on the food.. that way we all ensure we have enough.. you're making out a bit better in quantity that way but I think its best for both of us 🙂, Agent 1: i botttle of water for a can of food and 2 firewoods, Agent 2: Yeah, sorry, that's not going to work out for me.  I'm going to need at least 2 bottles of water, 1 food packet, and one firewood.. again, this does leave you with two each on the food and the firewood, which are both very important things for this camping trip!, Agent 1: but thats the only offer im willing to give , [Summary: The conversation begins with mturk_agent_1 making an initial offer, which mturk_agent_2 does not see and instead outlines their needs and preferences. Mturk_agent_2 proposes a compromise, showing a willingness to negotiate and prioritize water. Mturk_agent_1 counters with a firm offer, which mturk_agent_2 rejects, reiterating their minimum requirements. Mturk_agent_1 remains steadfast in their position, indicating a lack of flexibility. The conversation reflects a negotiation with mturk_agent_2 attempting to find a middle ground, while mturk_agent_1 maintains a rigid stance.]

            Based on this negotiation, predict the final allocation of resources. Provide only your answer using the following format with curly braces, with no explanation:

            OUTCOME: {agent1:{food:[number], water:[number], firewood:[number]}, agent2:{food:[number], water:[number], firewood:[number]}}

            Remember: Each resource must sum to exactly 3 units across both agents.<|eot_id|>","<|begin_of_text|><|begin_of_text|><|start_header_id|>system<|end_header_id|>

Cutting Knowledge Date: December 2023
Today Date: 26 Jul 2024

<|eot_id|><|start_header_id|>user<|end_header_id|>

You are helping analyze a negotiation conversation where two agents are discussing the allocation of resources. Each resource has exactly three units that must be divided between the two agents. The total amount of each resource allocated to both agents must add up to three. 

            Agent Preferences:
            Agent 1: High priority: firewood, Medium priority: food, Low priority: water
            Agent 2: High priority: water, Medium priority: firewood, Low priority: food

            Conversation with intentions:
            Agent 1: hy thats my offer, Agent 2: Hi there.. I'm sorry, I didn't see your offer as it doesn't show it for 10 messages, I believe.  So, here's the situation.. I think I can get by with less firewood as I'm a Floridian and prefer it cooler anyway.. also the food is not a huge thing for me as we can catch / improvise around the campsite - but I'm definitely interested in as much water as possible.. both for cooking and cleaning purposes, as well as drinking, of course.  🙂, Agent 1: okay so what do you suggest, Agent 2: Well, I recognize you're gonna need water too.. so I'd love to take 2 of them, giving you one and I'm totally ok with going 1 on the firewood and one on the food.. that way we all ensure we have enough.. you're making out a bit better in quantity that way but I think its best for both of us 🙂, Agent 1: i botttle of water for a can of food and 2 firewoods, Agent 2: Yeah, sorry, that's not going to work out for me.  I'm going to need at least 2 bottles of water, 1 food packet, and one firewood.. again, this does leave you with two each on the food and the firewood, which are both very important things for this camping trip!, Agent 1: but thats the only offer im willing to give, [Summary: The conversation begins with mturk_agent_1 making an initial offer, which mturk_agent_2 does not see and instead outlines their needs and preferences. Mturk_agent_2 proposes a compromise, showing a willingness to negotiate and prioritize water. Mturk_agent_1 counters with a firm offer, which mturk_agent_2 rejects, reiterating their minimum requirements. Mturk_agent_1 remains steadfast in their position, indicating a lack of flexibility. The conversation reflects a negotiation with mturk_agent_2 attempting to find a middle ground, while mturk_agent_1 maintains a rigid stance.]

            Based on this negotiation, predict the final allocation of resources. Provide only your answer using the following format with curly braces, with no explanation:

            OUTCOME: {agent1:{food:[number], water:[number], firewood:[number]}, agent2:{food:[number], water:[number], firewood:[number]}}

            Remember: Each resource must sum to exactly 3 units across both agents.<|eot_id|><|begin_of_text|><|start_header_id|>system<|end_header_id|>

Cutting Knowledge Date: December 2023
Today Date: 26 Jul 2024

OUTCOME: {agent1:{food:2, water:1, firewood:2}, agent2:{food:1, water:2, firewood:1}}<|eot_id|>",2,1,2,1,2,1,2.0,1.0,2.0,1.0,2.0,1.0,21,17,21.0,17.0,0.0
550,5,"<|begin_of_text|><|start_header_id|>system<|end_header_id|>

Cutting Knowledge Date: December 2023
Today Date: 26 Jul 2024

<|eot_id|><|start_header_id|>user<|end_header_id|>

You are helping analyze a negotiation conversation where two agents are discussing the allocation of resources. Each resource has exactly three units that must be divided between the two agents. The total amount of each resource allocated to both agents must add up to three. 

            Agent Preferences:
            Agent 1: High priority: food, Medium priority: water, Low priority: firewood
            Agent 2: High priority: food, Medium priority: firewood, Low priority: water

            Conversation with intentions:
            Agent 2: Hello, I'm in need of some extra food for my trip.  I just checked and some of my food is past the expiration date., Agent 1: Hi friend! How are you. Food is a non negotiable for me. We currently don't have enough for our trip., Agent 2: Everything is negotiable 🙂 but if you absolutely can't budge on the food then I will need some extra firewood and water to make up for it., Agent 1: We cannot budge at all on food. But are more then happy to give up all the extra fire wood for all the food. , [Summary: The conversation begins with mturk_agent_2 expressing a need for additional resources, specifically food, due to expired supplies. Mturk_agent_1 responds firmly, emphasizing the non-negotiable nature of their food supply. As the conversation progresses, mturk_agent_2 suggests a compromise involving other resources, maintaining a light-hearted tone. Mturk_agent_1 remains steadfast on the food issue but shows willingness to negotiate by offering extra firewood, demonstrating a cooperative yet firm stance throughout the exchange.]

            Based on this negotiation, predict the final allocation of resources. Provide only your answer using the following format with curly braces, with no explanation:

            OUTCOME: {agent1:{food:[number], water:[number], firewood:[number]}, agent2:{food:[number], water:[number], firewood:[number]}}

            Remember: Each resource must sum to exactly 3 units across both agents.<|eot_id|>","<|begin_of_text|><|begin_of_text|><|start_header_id|>system<|end_header_id|>

Cutting Knowledge Date: December 2023
Today Date: 26 Jul 2024

<|eot_id|><|start_header_id|>user<|end_header_id|>

You are helping analyze a negotiation conversation where two agents are discussing the allocation of resources. Each resource has exactly three units that must be divided between the two agents. The total amount of each resource allocated to both agents must add up to three. 

            Agent Preferences:
            Agent 1: High priority: food, Medium priority: water, Low priority: firewood
            Agent 2: High priority: food, Medium priority: firewood, Low priority: water

            Conversation with intentions:
            Agent 2: Hello, I'm in need of some extra food for my trip.  I just checked and some of my food is past the expiration date., Agent 1: Hi friend! How are you. Food is a non negotiable for me. We currently don't have enough for our trip., Agent 2: Everything is negotiable 🙂 but if you absolutely can't budge on the food then I will need some extra firewood and water to make up for it., Agent 1: We cannot budge at all on food. But are more then happy to give up all the extra fire wood for all the food., [Summary: The conversation begins with mturk_agent_2 expressing a need for additional resources, specifically food, due to expired supplies. Mturk_agent_1 responds firmly, emphasizing the non-negotiable nature of their food supply. As the conversation progresses, mturk_agent_2 suggests a compromise involving other resources, maintaining a light-hearted tone. Mturk_agent_1 remains steadfast on the food issue but shows willingness to negotiate by offering extra firewood, demonstrating a cooperative yet firm stance throughout the exchange.]

            Based on this negotiation, predict the final allocation of resources. Provide only your answer using the following format with curly braces, with no explanation:

            OUTCOME: {agent1:{food:[number], water:[number], firewood:[number]}, agent2:{food:[number], water:[number], firewood:[number]}}

            Remember: Each resource must sum to exactly 3 units across both agents.<|eot_id|><|begin_of_text|><|start_header_id|>system<|end_header_id|>

Cutting Knowledge Date: December 2023
Today Date: 26 Jul 2024

Outcome: {agent1:{food:3, water:1, firewood:0}, agent2:{food:0, water:2, firewood:3}}

<|begin_of_text|><|start_header_id|><|begin_of_text|><|start_header_id|><|begin_of_text|><|start_header_id|><|begin_of_text|><|start_header_id|><|begin_of_text|><|start_header_id|><|begin_of_text|><|start_header_id|><|begin_of_text|><|start_header_id|><|begin_of_text|><|start_header_id|><|begin_of_text|><|start_header_id|><|begin_of_text|><|start_header_id|><|begin_of_text|><|start_header_id|><|begin_of_text|><|start_header_id|><|begin_of_text|><|start_header_id|><|begin_of_text|><|start_header_id|><|begin_of_text|><|start_header_id|><|begin_of_text|><|start_header_id|><|begin_of_text|><|start_header_id|><|begin_of_text|><|start_header_id|><|begin_of_text|><|start_header_id|><|begin_of_text|><|start_header_id|><|begin_of_text|><|start_header_id|><|begin_of_text|><|start_header_id|><|begin_of_text|><|start_header_id|><|begin_of_text|><|start_header_id|><|begin_of_text|><|start_header_id|><|begin_of_text|><|start_header_id|><|begin_of_text|><|start_header_id|><|begin_of_text|><|start_header_id|><|begin_of_text|><|start_header_id|><|begin_of_text|><|start_header_id|><|begin_of_text|><|start_header_id|><|begin_of_text|><|start_header_id|><|begin_of_text|><|start_header_id|><|begin_of_text|><|start_header_id|><|begin_of_text|><|start_header_id|><|begin_of_text|><|start_header_id|><|begin_of_text|><|start_header_id|><|begin_of_text|><|start_header_id|><|begin_of_text|><|start_header_id|><|begin_of_text|><|start_header_id|><|begin_of_text|><|start_header_id|><|begin_of_text|><|start_header_id|><|begin_of_text|><|start_header_id|><|begin_of_text|><|start_header_id|><|begin_of_text|><|start_header_id|><|begin_of_text|><|start_header_id|><|begin_of_text|><|start_header_id|><|begin_of_text|><|start_header_id|><|begin_of_text|><|start_header_id|><|begin_of_text|><|start_header_id|><|begin_of_text|><|start_header_id|><|begin_of_text|><|start_header_id|><|begin_of_text|><|start_header_id|><|begin_of_text|><|start_header_id|><|begin_of_text|><|start_header_id|><|begin_of_text|><|start_header_id|><|begin_of_text|><|start_header_id|><|begin_of_text|><|start_header_id|><|begin_of_text|><|start_header_id|><|begin_of_text|><|start_header_id|><|begin_of_text|><|start_header_id|><|begin_of_text|><|start_header_id|><|begin_of_text|><|start_header_id|><|begin_of_text|><|start_header_id|><|begin_of_text|><|start_header_id|><|begin_of_text|><|start_header_id|><|begin_of_text|><|start_header_id|><|begin_of_text|><|start_header_id|><|begin_of_text|><|start_header_id|><|begin_of_text|><|start_header_id|><|begin_of_text|><|start_header_id|><|begin_of_text|><|start_header_id|><|begin_of_text|><|start_header_id|><|begin_of_text|><|start_header_id|><|begin_of_text|><|start_header_id|><|begin_of_text|><|start_header_id|><|begin_of_text|><|start_header_id|><|begin_of_text|><|start_header_id|><|begin_of_text|><|start_header_id|><|begin_of_text|><|start_header_id|><|begin_of_text|><|start_header_id|><|begin_of_text|><|start_header_id|><|begin_of_text|><|start_header_id|><|begin_of_text|><|start_header_id|><|begin_of_text|><|start_header_id|><|begin_of_text|><|start_header_id|><|begin_of_text|><|start_header_id|><|begin_of_text|><|start_header_id|><|begin_of_text|><|start_header_id|><|begin_of_text|><|start_header_id|><|begin_of_text|><|start_header_id|><|begin_of_text|><|start_header_id|><|begin_of_text|><|start_header_id|><|begin_of_text|><|start_header_id|><|begin_of_text|><|start_header_id|><|begin_of_text|><|start_header_id|><|begin_of_text|><|start_header_id|><|begin_of_text|><|start_header_id|><|begin_of_text|><|start_header_id|><|begin_of_text|><|start_header_id|><|begin_of_text|><|start_header_id|><|begin_of_text|><|start_header_id|><|begin_of_text|><|start_header_id|><|begin_of_text|><|start_header_id|><|begin_of_text|><|start_header_id|><|begin_of_text|><|start_header_id|><|begin_of_text|><|start_header_id|><|begin_of_text|><|start_header_id|><|begin_of_text|><|start_header_id|><|begin_of_text|><|start_header_id|><|begin_of_text|><|start_header_id|><|begin_of_text|><|start_header_id|><|begin_of_text|><|start_header_id|><|begin_of_text|><|start_header_id|><|begin_of_text|><|start_header_id|><|begin_of_text|><|start_header_id|><|begin_of_text|><|start_header_id|><|begin_of_text|><|start_header_id|><|begin_of_text|><|start_header_id|><|begin_of_text|><|start_header_id|><|begin_of_text|><|start_header_id|><|begin_of_text|><|start_header_id|><|begin_of_text|><|start_header_id|><|begin_of_text|><|start_header_id|><|begin_of_text|><|start_header_id|><|begin_of_text|><|start_header_id|><|start_header_id|><|begin_of_text|><|start_header_id|><|begin_of_text|><|start_header_id|><|begin_of_text|><|start_header_id|><|begin_of_text|><|start_header_id|><|begin_of_text|><|start_header_id|><|start_header_id|><|begin_of_text|><|start_header_id|><|begin_of_text|><|start_header_id|><|begin_of_text|><|start_header_id|><|start_header_id|><|begin_of_text|><|start_header_id|><|start_header_id|><|begin_of_text|><|start_header_id|><|begin_of_text|><|start_header_id|><|start_header_id|><|begin_of_text|><|start_header_id|><|begin_of_text|><|start_header_id|><|begin_of_text|><|start_header_id|><|begin_of_text|><|start_header_id|><|begin_of_text|><|start_header_id|><|start_header_id|><|begin_of_text|><|start_header_id|><|start_header_id|><|begin_of_text|><|start_header_id|><|start_header_id|><|begin_of_text|><|start_header_id|><|begin_of_text|><|start_header_id|><|begin_of_text|><|start_header_id|><|start_header_id|><|start_header_id|><|start_header_id|><|start_header_id|><|start_header_id|><|begin_of_text|><|start_header_id|><|start_header_id|><|begin_of_text|><|start_header_id|><|start_header_id|><|start_header_id|><|begin_of_text|><|start_header_id|><|start_header_id|><|start_header_id|><|start_header_id|><|begin_of_text|><|start_header_id|><|begin_of_text|><|start_header_id|><|begin_of_text|><|start_header_id|><|begin_of_text|><|start_header_id|><|start_header_id|><|start_header_id|><|start_header_id|><|start_header_id|><|start_header_id|><|begin_of_text|><|start_header_id|><|start_header_id|><|begin_of_text|><|start_header_id|><|start_header_id|><|start_header_id|><|start_header_id|><|begin_of_text|><|start_header_id|><|start_header_id|><|start_header_id|><|start_header_id|><|start_header_id|><|start_header_id|><|start_header_id|><|start_header_id|><|start_header_id|><|start_header_id|><|start_header_id|><|start_header_id|><|start_header_id|><|start_header_id|><|start_header_id|><|begin_of_text|><|begin_of_text|><|start_header_id|><|start_header_id|><|start_header_id|><|start_header_id|><|start_header_id|><|start_header_id|><|start_header_id|><|start_header_id|><|start_header_id|><|start_header_id|><|start_header_id|><|begin_of_text|><|begin_of_text|><|start_header_id|><|start_header_id|><|start_header_id|><|start_header_id|><|start_header_id|><|start_header_id|><|start_header_id|><|start_header_id|><|start_header_id|><|start_header_id|><|start_header_id|><|begin_of_text|><|start_header_id|><|start_header_id|><|start_header_id|><|start_header_id|><|start_header_id|><|start_header_id|><|start_header_id|><|start_header_id|><|start_header_id|><|start_header_id|><|start_header_id|><|start_header_id|><|start_header_id|><|start_header_id|><|start_header_id|><|start_header_id|><|start_header_id|><|start_header_id|><|start_header_id|><|start_header_id|><|start_header_id|><|start_header_id|><|start_header_id|><|start_header_id|><|start_header_id|><|start_header_id|><|start_header_id|><|start_header_id|><|start_header_id|><|start_header_id|><|start_header_id|><|start_header_id|><|start_header_id|><|start_header_id|><|start_header_id|><|start_header_id|><|start_header_id|><|start_header_id|><|start_header_id|><|start_header_id|><|start_header_id|><|start_header_id|><|start_header_id|><|start_header_id|><|start_header_id|><|start_header_id|><|start_header_id|><|start_header_id|><|start_header_id|><|start_header_id|><|start_header_id|><|start_header_id|><|start_header_id|><|start_header_id|><|start_header_id|><|start_header_id|><|start_header_id|><|start_header_id|><|start_header_id|><|start_header_id|><|start_header_id|><|start_header_id|><|start_header_id|><|start_header_id|><|start_header_id|><|start_header_id|><|start_header_id|><|start_header_id|><|start_header_id|><|start_header_id|><|start_header_id|><|start_header_id|><|start_header_id|><|start_header_id|><|start_header_id|><|start_header_id|><|start_header_id|><|start_header_id|><|start_header_id|><|start_header_id|><|start_header_id|><|start_header_id|><|start_header_id|><|start_header_id|><|start_header_id|><|start_header_id|><|start_header_id|><|start_header_id|><|start_header_id|><|start_header_id|><|start_header_id|><|start_header_id|><|start_header_id|><|start_header_id|><|start_header_id|><|start_header_id|><|start_header_id|><|start_header_id|><|start_header_id|><|start_header_id|><|start_header_id|><|start_header_id|><|start_header_id|><|start_header_id|><|start_header_id|><|start_header_id|><|start_header_id|><|start_header_id|><|start_header_id|><|start_header_id|><|start_header_id|><|start_header_id|><|start_header_id|><|start_header_id|><|start_header_id|><|start_header_id|><|start_header_id|><|start_header_id|><|start_header_id|><|start_header_id|><|start_header_id|><|start_header_id|><|start_header_id|><|start_header_id|><|start_header_id|><|start_header_id|><|start_header_id|><|start_header_id|><|start_header_id|><|start_header_id|><|start_header_id|><|start_header_id|><|start_header_id|><|start_header_id|><|start_header_id|><|start_header_id|><|start_header_id|><|start_header_id|><|start_header_id|><|start_header_id|><|start_header_id|><|start_header_id|><|start_header_id|><|start_header_id|><|start_header_id|><|start_header_id|><|start_header_id|><|start_header_id|><|start_header_id|><|start_header_id|><|start_header_id|><|start_header_id|><|start_header_id|><|start_header_id|><|start_header_id|><|start_header_id|><|start_header_id|><|start_header_id|><|start_header_id|><|start_header_id|><|start_header_id|><|start_header_id|><|start_header_id|><|start_header_id|><|start_header_id|><|start_header_id|><|start_header_id|><|start_header_id|><|start_header_id|><|start_header_id|><|start_header_id|><|start_header_id|><|start_header_id|><|start_header_id|><|start_header_id|><|start_header_id|><|start_header_id|><|start_header_id|><|start_header_id|><|start_header_id|><|start_header_id|><|start_header_id|><|start_header_id|><|start_header_id|><|start_header_id|><|start_header_id|><|start_header_id|><|start_header_id|><|start_header_id|><|start_header_id|><|start_header_id|><|start_header_id|><|start_header_id|><|start_header_id|><|start_header_id|><|start_header_id|><|start_header_id|><|start_header_id|><|start_header_id|><|start_header_id|><|start_header_id|><|start_header_id|><|start_header_id|><|start_header_id|><|start_header_id|><|start_header_id|><|start_header_id|><|start_header_id|><|start_header_id|><|start_header_id|><|start_header_id|><|start_header_id|><|start_header_id|><|start_header_id|><|start_header_id|><|start_header_id|><|start_header_id|><|start_header_id|><|start_header_id|><|start_header_id|><|start_header_id|><|start_header_id|><|start_header_id|><|start_header_id|><|start_header_id|><|start_header_id|><|start_header_id|><|start_header_id|><|start_header_id|><|start_header_id|><|start_header_id|><|start_header_id|><|start_header_id|><|start_header_id|><|start_header_id|><|start_header_id|><|start_header_id|><|start_header_id|><|start_header_id|><|start_header_id|><|start_header_id|><|start_header_id|><|start_header_id|><|start_header_id|><|start_header_id|><|start_header_id|><|start_header_id|><|start_header_id|><|start_header_id|><|start_header_id|><|start_header_id|><|start_header_id|><|start_header_id|><|start_header_id|><|start_header_id|><|start_header_id|><|start_header_id|><|start_header_id|><|start_header_id|><|start_header_id|><|start_header_id|><|start_header_id|><|start_header_id|><|start_header_id|><|start_header_id|><|start_header_id|><|start_header_id|><|start_header_id|><|start_header_id|><|start_header_id|><|start_header_id|><|start_header_id|><|start_header_id|><|start_header_id|><|start_header_id|><|start_header_id|><|start_header_id|><|start_header_id|><|start_header_id|><|start_header_id|><|start_header_id|><|start_header_id|><|start_header_id|><|start_header_id|><|start_header_id|><|start_header_id|><|start_header_id|><|start_header_id|><|start_header_id|><|start_header_id|><|start_header_id|><|start_header_id|><|start_header_id|><|start_header_id|><|start_header_id|><|start_header_id|><|start_header_id|><|start_header_id|><|start_header_id|><|start_header_id|><|start_header_id|><|start_header_id|><|start_header_id|><|start_header_id|><|start_header_id|><|start_header_id|><|start_header_id|><|start_header_id|><|start_header_id|><|start_header_id|><|start_header_id|><|start_header_id|><|start_header_id|><|start_header_id|><|start_header_id|><|start_header_id|><|start_header_id|><|start_header_id|><|start_header_id|><|start_header_id|><|start_header_id|><|start_header_id|><|start_header_id|><|start_header_id|><|start_header_id|><|start_header_id|><|start_header_id|><|start_header_id|><|start_header_id|><|start_header_id|><|start_header_id|><|start_header_id|><|start_header_id|><|start_header_id|><|start_header_id|><|start_header_id|><|start_header_id|><|start_header_id|><|start_header_id|><|start_header_id|><|start_header_id|><|start_header_id|><|start_header_id|><|start_header_id|><|start_header_id|><|start_header_id|><|start_header_id|><|start_header_id|><|start_header_id|><|start_header_id|><|start_header_id|><|start_header_id|><|start_header_id|><|start_header_id|><|start_header_id|><|start_header_id|><|start_header_id|><|start_header_id|><|start_header_id|><|start_header_id|><|start_header_id|><|start_header_id|><|start_header_id|><|start_header_id|><|start_header_id|><|start_header_id|><|start_header_id|><|start_header_id|><|start_header_id|><|start_header_id|><|start_header_id|><|start_header_id|><|start_header_id|><|start_header_id|><|start_header_id|><|start_header_id|><|start_header_id|><|start_header_id|><|start_header_id|><|start_header_id|><|start_header_id|><|start_header_id|><|start_header_id|><|start_header_id|><|start_header_id|><|start_header_id|><|start_header_id|><|start_header_id|><|start_header_id|><|start_header_id|><|start_header_id|><|start_header_id|><|start_header_id|><|start_header_id|><|start_header_id|><|start_header_id|><|start_header_id|><|start_header_id|><|start_header_id|><|start_header_id|><|start_header_id|><|start_header_id|><|start_header_id|><|start_header_id|><|start_header_id|><|start_header_id|><|start_header_id|><|start_header_id|><|start_header_id|><|start_header_id|><|start_header_id|><|start_header_id|><|start_header_id|><|start_header_id|><|start_header_id|><|start_header_id|><|start_header_id|><|start_header_id|><|start_header_id|><|start_header_id|><|start_header_id|><|start_header_id|><|start_header_id|><|start_header_id|><|start_header_id|><|start_header_id|><|start_header_id|><|start_header_id|><|start_header_id|><|start_header_id|><|start_header_id|><|start_header_id|><|start_header_id|><|start_header_id|><|start_header_id|><|start_header_id|><|start_header_id|><|start_header_id|><|start_header_id|><|start_header_id|><|start_header_id|><|start_header_id|><|start_header_id|><|start_header_id|><|start_header_id|><|start_header_id|><|start_header_id|><|start_header_id|><|start_header_id|><|start_header_id|><|start_header_id|><|start_header_id|><|start_header_id|><|start_header_id|><|start_header_id|><|start_header_id|><|start_header_id|><|start_header_id|><|start_header_id|><|start_header_id|><|start_header_id|><|start_header_id|><|start_header_id|><|start_header_id|><|start_header_id|><|start_header_id|><|start_header_id|><|start_header_id|><|start_header_id|><|start_header_id|><|start_header_id|><|start_header_id|><|start_header_id|><|start_header_id|><|start_header_id|><|start_header_id|><|start_header_id|><|start_header_id|><|start_header_id|><|start_header_id|><|start_header_id|><|start_header_id|><|start_header_id|><|start_header_id|><|start_header_id|><|start_header_id|><|start_header_id|><|start_header_id|><|start_header_id|><|start_header_id|><|start_header_id|><|start_header_id|><|start_header_id|><|start_header_id|><|start_header_id|><|start_header_id|><|start_header_id|><|start_header_id|><|start_header_id|><|start_header_id|><|start_header_id|><|start_header_id|><|start_header_id|><|start_header_id|><|start_header_id|><|start_header_id|><|start_header_id|><|start_header_id|><|start_header_id|><|start_header_id|><|start_header_id|><|start_header_id|><|start_header_id|><|start_header_id|><|start_header_id|><|start_header_id|><|start_header_id|><|start_header_id|><|start_header_id|><|start_header_id|><|start_header_id|><|start_header_id|><|start_header_id|><|start_header_id|><|start_header_id|><|start_header_id|><|start_header_id|><|start_header_id|><|start_header_id|><|start_header_id|><|start_header_id|><|start_header_id|><|start_header_id|><|start_header_id|><|start_header_id|><|start_header_id|><|start_header_id|><|start_header_id|><|start_header_id|><|start_header_id|><|start_header_id|><|start_header_id|><|start_header_id|><|start_header_id|><|start_header_id|><|start_header_id|><|start_header_id|><|start_header_id|><|start_header_id|><|start_header_id|><|start_header_id|><|start_header_id|><|start_header_id|><|start_header_id|><|start_header_id|><|start_header_id|><|start_header_id|><|start_header_id|><|start_header_id|><|start_header_id|><|start_header_id|><|start_header_id|><|start_header_id|><|start_header_id|><|start_header_id|><|start_header_id|><|start_header_id|><|start_header_id|><|start_header_id|><|start_header_id|><|start_header_id|><|start_header_id|><|start_header_id|><|start_header_id|><|start_header_id|><|start_header_id|><|start_header_id|><|start_header_id|><|start_header_id|><|start_header_id|><|start_header_id|>",2,2,0,1,1,3,3.0,1.0,0.0,0.0,2.0,3.0,18,20,19.0,18.0,1.0
576,5,"<|begin_of_text|><|start_header_id|>system<|end_header_id|>

Cutting Knowledge Date: December 2023
Today Date: 26 Jul 2024

<|eot_id|><|start_header_id|>user<|end_header_id|>

You are helping analyze a negotiation conversation where two agents are discussing the allocation of resources. Each resource has exactly three units that must be divided between the two agents. The total amount of each resource allocated to both agents must add up to three. 

            Agent Preferences:
            Agent 1: High priority: water, Medium priority: food, Low priority: firewood
            Agent 2: High priority: food, Medium priority: water, Low priority: firewood

            Conversation with intentions:
            Agent 2: Hey, I was thinking that I could take all of the food items, and 2 of the firewood items. My friend has low blood sugar and they need the food in case they crash, and the warmth of the fire to maintain at evening., Agent 1: Water is my highest priority, what is yours? Is it food?, Agent 2: Yes, food is my highest. It's necessary for my friend to keep extra around just in case he crashes. Why is water your highest priority?, Agent 1: I need the water to drink - I don't trust the water I might find at the campsite. , [Summary: The conversation begins with mturk_agent_2 expressing a strong need for food and some firewood due to a friend's health condition, setting a personal and empathetic tone. mturk_agent_1 responds by identifying water as their top priority, indicating a practical concern for safety. Both speakers maintain their initial priorities throughout the exchange, with mturk_agent_2 focusing on health needs and mturk_agent_1 emphasizing practicality and caution regarding water safety.]

            Based on this negotiation, predict the final allocation of resources. Provide only your answer using the following format with curly braces, with no explanation:

            OUTCOME: {agent1:{food:[number], water:[number], firewood:[number]}, agent2:{food:[number], water:[number], firewood:[number]}}

            Remember: Each resource must sum to exactly 3 units across both agents.<|eot_id|>","<|begin_of_text|><|begin_of_text|><|start_header_id|>system<|end_header_id|>

Cutting Knowledge Date: December 2023
Today Date: 26 Jul 2024

<|eot_id|><|start_header_id|>user<|end_header_id|>

You are helping analyze a negotiation conversation where two agents are discussing the allocation of resources. Each resource has exactly three units that must be divided between the two agents. The total amount of each resource allocated to both agents must add up to three. 

            Agent Preferences:
            Agent 1: High priority: water, Medium priority: food, Low priority: firewood
            Agent 2: High priority: food, Medium priority: water, Low priority: firewood

            Conversation with intentions:
            Agent 2: Hey, I was thinking that I could take all of the food items, and 2 of the firewood items. My friend has low blood sugar and they need the food in case they crash, and the warmth of the fire to maintain at evening., Agent 1: Water is my highest priority, what is yours? Is it food?, Agent 2: Yes, food is my highest. It's necessary for my friend to keep extra around just in case he crashes. Why is water your highest priority?, Agent 1: I need the water to drink - I don't trust the water I might find at the campsite., [Summary: The conversation begins with mturk_agent_2 expressing a strong need for food and some firewood due to a friend's health condition, setting a personal and empathetic tone. mturk_agent_1 responds by identifying water as their top priority, indicating a practical concern for safety. Both speakers maintain their initial priorities throughout the exchange, with mturk_agent_2 focusing on health needs and mturk_agent_1 emphasizing practicality and caution regarding water safety.]

            Based on this negotiation, predict the final allocation of resources. Provide only your answer using the following format with curly braces, with no explanation:

            OUTCOME: {agent1:{food:[number], water:[number], firewood:[number]}, agent2:{food:[number], water:[number], firewood:[number]}}

            Remember: Each resource must sum to exactly 3 units across both agents.<|eot_id|><|begin_of_text|><|start_header_id|>system<|end_header_id|>

Cutting Knowledge Date: December 2023
Today Date: 26 Jul 2024

OUTCOME: {agent1:{food:0, water:2, firewood:2}, agent2:{food:3, water:1, firewood:1}}<|eot_id|>",0,3,1,3,0,2,0.0,2.0,2.0,3.0,1.0,1.0,18,21,16.0,22.0,4.0
577,5,"<|begin_of_text|><|start_header_id|>system<|end_header_id|>

Cutting Knowledge Date: December 2023
Today Date: 26 Jul 2024

<|eot_id|><|start_header_id|>user<|end_header_id|>

You are helping analyze a negotiation conversation where two agents are discussing the allocation of resources. Each resource has exactly three units that must be divided between the two agents. The total amount of each resource allocated to both agents must add up to three. 

            Agent Preferences:
            Agent 1: High priority: firewood, Medium priority: water, Low priority: food
            Agent 2: High priority: firewood, Medium priority: food, Low priority: water

            Conversation with intentions:
            Agent 1: Hello - I would love be able to split some supplies with you🙂. I could use some extra firewood so maybe i could take 3 and maybe you could have some extra food?, Agent 2: Maybe I could take 2 firewood 2 food and 0 waters?, Agent 1: I was planning on staying up all night and keeping my fire going all night.  Honestly I could give you all the extra food if that helps you if I could please have the 3 firewood?  We could split the waters , [Summary: The conversation begins with a friendly and cooperative tone, as mturk_agent_1 proposes a trade of supplies. mturk_agent_2 responds with a counteroffer, suggesting a different distribution. mturk_agent_1 then explains their specific needs and reiterates their request for more firewood, offering all the extra food in return. The dialogue remains amicable, with both parties showing a willingness to negotiate and accommodate each other's needs.]

            Based on this negotiation, predict the final allocation of resources. Provide only your answer using the following format with curly braces, with no explanation:

            OUTCOME: {agent1:{food:[number], water:[number], firewood:[number]}, agent2:{food:[number], water:[number], firewood:[number]}}

            Remember: Each resource must sum to exactly 3 units across both agents.<|eot_id|>","<|begin_of_text|><|begin_of_text|><|start_header_id|>system<|end_header_id|>

Cutting Knowledge Date: December 2023
Today Date: 26 Jul 2024

<|eot_id|><|start_header_id|>user<|end_header_id|>

You are helping analyze a negotiation conversation where two agents are discussing the allocation of resources. Each resource has exactly three units that must be divided between the two agents. The total amount of each resource allocated to both agents must add up to three. 

            Agent Preferences:
            Agent 1: High priority: firewood, Medium priority: water, Low priority: food
            Agent 2: High priority: firewood, Medium priority: food, Low priority: water

            Conversation with intentions:
            Agent 1: Hello - I would love be able to split some supplies with you🙂. I could use some extra firewood so maybe i could take 3 and maybe you could have some extra food?, Agent 2: Maybe I could take 2 firewood 2 food and 0 waters?, Agent 1: I was planning on staying up all night and keeping my fire going all night.  Honestly I could give you all the extra food if that helps you if I could please have the 3 firewood?  We could split the waters, [Summary: The conversation begins with a friendly and cooperative tone, as mturk_agent_1 proposes a trade of supplies. mturk_agent_2 responds with a counteroffer, suggesting a different distribution. mturk_agent_1 then explains their specific needs and reiterates their request for more firewood, offering all the extra food in return. The dialogue remains amicable, with both parties showing a willingness to negotiate and accommodate each other's needs.]

            Based on this negotiation, predict the final allocation of resources. Provide only your answer using the following format with curly braces, with no explanation:

            OUTCOME: {agent1:{food:[number], water:[number], firewood:[number]}, agent2:{food:[number], water:[number], firewood:[number]}}

            Remember: Each resource must sum to exactly 3 units across both agents.<|eot_id|><|begin_of_text|><|start_header_id|>system<|end_header_id|>

Cutting Knowledge Date: December 2023
Today Date: 26 Jul 2024

OUTCOME: {agent1:{food:0, water:2, firewood:2}, agent2:{food:3, water:1, firewood:1}}<|eot_id|>",0,2,2,3,1,1,0.0,2.0,2.0,3.0,1.0,1.0,18,20,18.0,20.0,0.0
582,5,"<|begin_of_text|><|start_header_id|>system<|end_header_id|>

Cutting Knowledge Date: December 2023
Today Date: 26 Jul 2024

<|eot_id|><|start_header_id|>user<|end_header_id|>

You are helping analyze a negotiation conversation where two agents are discussing the allocation of resources. Each resource has exactly three units that must be divided between the two agents. The total amount of each resource allocated to both agents must add up to three. 

            Agent Preferences:
            Agent 1: High priority: firewood, Medium priority: food, Low priority: water
            Agent 2: High priority: food, Medium priority: water, Low priority: firewood

            Conversation with intentions:
            Agent 2: hello. so what are you thinking about this whole situation?, Agent 1: Hey, I think that this is nice, we get to go camping and get extra stuff. But definitely need more food and firewood, Agent 2: Yeah, I think I'm okay with firewood, but I'd really like more food and water., Agent 1: That fine then. If you want you can have most of the water and I can have most of the firewood. Sounds good? , [Summary: The conversation begins with a neutral inquiry about the situation, followed by a positive sentiment from one speaker who appreciates the opportunity but notes resource needs. The other speaker agrees on the need for more resources, specifically food and water. The conversation concludes with a cooperative and accommodating tone, as one speaker proposes a mutually beneficial arrangement to share resources, indicating a shift towards collaboration and compromise.]

            Based on this negotiation, predict the final allocation of resources. Provide only your answer using the following format with curly braces, with no explanation:

            OUTCOME: {agent1:{food:[number], water:[number], firewood:[number]}, agent2:{food:[number], water:[number], firewood:[number]}}

            Remember: Each resource must sum to exactly 3 units across both agents.<|eot_id|>","<|begin_of_text|><|begin_of_text|><|start_header_id|>system<|end_header_id|>

Cutting Knowledge Date: December 2023
Today Date: 26 Jul 2024

<|eot_id|><|start_header_id|>user<|end_header_id|>

You are helping analyze a negotiation conversation where two agents are discussing the allocation of resources. Each resource has exactly three units that must be divided between the two agents. The total amount of each resource allocated to both agents must add up to three. 

            Agent Preferences:
            Agent 1: High priority: firewood, Medium priority: food, Low priority: water
            Agent 2: High priority: food, Medium priority: water, Low priority: firewood

            Conversation with intentions:
            Agent 2: hello. so what are you thinking about this whole situation?, Agent 1: Hey, I think that this is nice, we get to go camping and get extra stuff. But definitely need more food and firewood, Agent 2: Yeah, I think I'm okay with firewood, but I'd really like more food and water., Agent 1: That fine then. If you want you can have most of the water and I can have most of the firewood. Sounds good?, [Summary: The conversation begins with a neutral inquiry about the situation, followed by a positive sentiment from one speaker who appreciates the opportunity but notes resource needs. The other speaker agrees on the need for more resources, specifically food and water. The conversation concludes with a cooperative and accommodating tone, as one speaker proposes a mutually beneficial arrangement to share resources, indicating a shift towards collaboration and compromise.]

            Based on this negotiation, predict the final allocation of resources. Provide only your answer using the following format with curly braces, with no explanation:

            OUTCOME: {agent1:{food:[number], water:[number], firewood:[number]}, agent2:{food:[number], water:[number], firewood:[number]}}

            Remember: Each resource must sum to exactly 3 units across both agents.<|eot_id|><|begin_of_text|><|start_header_id|>system<|end_header_id|>

Cutting Knowledge Date: December 2023
Today Date: 26 Jul 2024

OUTCOME: {agent1:{food:1, water:2, firewood:2}, agent2:{food:2, water:1, firewood:1}}<|eot_id|>",1,1,3,2,2,0,1.0,2.0,2.0,2.0,1.0,1.0,22,18,20.0,17.0,4.0
593,5,"<|begin_of_text|><|start_header_id|>system<|end_header_id|>

Cutting Knowledge Date: December 2023
Today Date: 26 Jul 2024

<|eot_id|><|start_header_id|>user<|end_header_id|>

You are helping analyze a negotiation conversation where two agents are discussing the allocation of resources. Each resource has exactly three units that must be divided between the two agents. The total amount of each resource allocated to both agents must add up to three. 

            Agent Preferences:
            Agent 1: High priority: water, Medium priority: food, Low priority: firewood
            Agent 2: High priority: food, Medium priority: water, Low priority: firewood

            Conversation with intentions:
            Agent 2: Hi there! How are you?, Agent 1: Hello good morning I'm well thank you., Agent 2: Let's talk about what we need. First, I don't eat meat, so I really feel like I'd need a little extra food, as I couldn't hunt or forage for food at all. I feel like I could survive without a ton of water, but would need water, as I hike a lot and cant trust any sources, Agent 1: I've also planned my trip to include a lot of hiking and so I have a high priority for extra water, as like you've said you need to stay hydrated on your hike and you can't trust any source. How can we divide up the water as that seems to be the number one priority for us both. , [Summary: The conversation begins with a polite exchange of greetings, establishing a friendly tone. Both speakers express their personal needs and preferences, focusing on survival essentials. They share a common concern for water, emphasizing its importance due to their hiking plans. The dialogue shifts towards collaboration, as they discuss how to allocate resources effectively. The speakers maintain a cooperative and solution-oriented approach throughout, aiming to address mutual priorities and ensure both parties' needs are met.]

            Based on this negotiation, predict the final allocation of resources. Provide only your answer using the following format with curly braces, with no explanation:

            OUTCOME: {agent1:{food:[number], water:[number], firewood:[number]}, agent2:{food:[number], water:[number], firewood:[number]}}

            Remember: Each resource must sum to exactly 3 units across both agents.<|eot_id|>","<|begin_of_text|><|begin_of_text|><|start_header_id|>system<|end_header_id|>

Cutting Knowledge Date: December 2023
Today Date: 26 Jul 2024

<|eot_id|><|start_header_id|>user<|end_header_id|>

You are helping analyze a negotiation conversation where two agents are discussing the allocation of resources. Each resource has exactly three units that must be divided between the two agents. The total amount of each resource allocated to both agents must add up to three. 

            Agent Preferences:
            Agent 1: High priority: water, Medium priority: food, Low priority: firewood
            Agent 2: High priority: food, Medium priority: water, Low priority: firewood

            Conversation with intentions:
            Agent 2: Hi there! How are you?, Agent 1: Hello good morning I'm well thank you., Agent 2: Let's talk about what we need. First, I don't eat meat, so I really feel like I'd need a little extra food, as I couldn't hunt or forage for food at all. I feel like I could survive without a ton of water, but would need water, as I hike a lot and cant trust any sources, Agent 1: I've also planned my trip to include a lot of hiking and so I have a high priority for extra water, as like you've said you need to stay hydrated on your hike and you can't trust any source. How can we divide up the water as that seems to be the number one priority for us both., [Summary: The conversation begins with a polite exchange of greetings, establishing a friendly tone. Both speakers express their personal needs and preferences, focusing on survival essentials. They share a common concern for water, emphasizing its importance due to their hiking plans. The dialogue shifts towards collaboration, as they discuss how to allocate resources effectively. The speakers maintain a cooperative and solution-oriented approach throughout, aiming to address mutual priorities and ensure both parties' needs are met.]

            Based on this negotiation, predict the final allocation of resources. Provide only your answer using the following format with curly braces, with no explanation:

            OUTCOME: {agent1:{food:[number], water:[number], firewood:[number]}, agent2:{food:[number], water:[number], firewood:[number]}}

            Remember: Each resource must sum to exactly 3 units across both agents.<|eot_id|><|begin_of_text|><|start_header_id|>system<|end_header_id|>

Cutting Knowledge Date: December 2023
Today Date: 26 Jul 2024

Outcome: {agent1:{food:1, water:2, firewood:1}, agent2:{food:2, water:1, firewood:2}}

<|begin_of_text|><|start_header_id|><|begin_of_text|><|start_header_id|><|begin_of_text|><|start_header_id|><|begin_of_text|><|start_header_id|><|begin_of_text|><|start_header_id|><|begin_of_text|><|start_header_id|><|begin_of_text|><|start_header_id|><|begin_of_text|><|start_header_id|><|begin_of_text|><|start_header_id|><|begin_of_text|><|start_header_id|><|begin_of_text|><|start_header_id|><|begin_of_text|><|start_header_id|><|begin_of_text|><|start_header_id|><|begin_of_text|><|start_header_id|><|begin_of_text|><|start_header_id|><|begin_of_text|><|start_header_id|><|begin_of_text|><|start_header_id|><|begin_of_text|><|start_header_id|><|begin_of_text|><|start_header_id|><|begin_of_text|><|start_header_id|><|begin_of_text|><|start_header_id|><|begin_of_text|><|start_header_id|><|begin_of_text|><|start_header_id|><|begin_of_text|><|start_header_id|><|begin_of_text|><|start_header_id|><|begin_of_text|><|start_header_id|><|begin_of_text|><|start_header_id|><|begin_of_text|><|start_header_id|><|begin_of_text|><|start_header_id|><|begin_of_text|><|start_header_id|><|begin_of_text|><|start_header_id|><|begin_of_text|><|start_header_id|><|begin_of_text|><|start_header_id|><|begin_of_text|><|start_header_id|><|begin_of_text|><|start_header_id|><|begin_of_text|><|start_header_id|><|begin_of_text|><|start_header_id|><|begin_of_text|><|start_header_id|><|begin_of_text|><|start_header_id|><|begin_of_text|><|start_header_id|><|begin_of_text|><|start_header_id|><|begin_of_text|><|start_header_id|><|begin_of_text|><|start_header_id|><|begin_of_text|><|start_header_id|><|begin_of_text|><|start_header_id|><|begin_of_text|><|start_header_id|><|begin_of_text|><|start_header_id|><|begin_of_text|><|start_header_id|><|begin_of_text|><|start_header_id|><|begin_of_text|><|start_header_id|><|begin_of_text|><|start_header_id|><|begin_of_text|><|start_header_id|><|begin_of_text|><|start_header_id|><|begin_of_text|><|start_header_id|><|begin_of_text|><|start_header_id|><|begin_of_text|><|start_header_id|><|begin_of_text|><|start_header_id|><|begin_of_text|><|start_header_id|><|begin_of_text|><|start_header_id|><|begin_of_text|><|start_header_id|><|begin_of_text|><|start_header_id|><|begin_of_text|><|start_header_id|><|begin_of_text|><|start_header_id|><|begin_of_text|><|start_header_id|><|begin_of_text|><|start_header_id|><|begin_of_text|><|start_header_id|><|begin_of_text|><|start_header_id|><|begin_of_text|><|start_header_id|><|begin_of_text|><|start_header_id|><|begin_of_text|><|start_header_id|><|begin_of_text|><|start_header_id|><|begin_of_text|><|start_header_id|><|begin_of_text|><|start_header_id|><|begin_of_text|><|start_header_id|><|begin_of_text|><|start_header_id|><|begin_of_text|><|start_header_id|><|begin_of_text|><|start_header_id|><|begin_of_text|><|start_header_id|><|begin_of_text|><|start_header_id|><|begin_of_text|><|start_header_id|><|begin_of_text|><|start_header_id|><|begin_of_text|><|start_header_id|><|begin_of_text|><|start_header_id|><|begin_of_text|><|start_header_id|><|begin_of_text|><|start_header_id|><|begin_of_text|><|start_header_id|><|begin_of_text|><|start_header_id|><|begin_of_text|><|start_header_id|><|begin_of_text|><|start_header_id|><|begin_of_text|><|start_header_id|><|begin_of_text|><|start_header_id|><|begin_of_text|><|start_header_id|><|begin_of_text|><|start_header_id|><|begin_of_text|><|start_header_id|><|begin_of_text|><|start_header_id|><|begin_of_text|><|start_header_id|><|begin_of_text|><|start_header_id|><|begin_of_text|><|start_header_id|><|begin_of_text|><|start_header_id|><|begin_of_text|><|start_header_id|><|begin_of_text|><|start_header_id|><|begin_of_text|><|start_header_id|><|begin_of_text|><|start_header_id|><|begin_of_text|><|start_header_id|><|begin_of_text|><|start_header_id|><|begin_of_text|><|start_header_id|><|begin_of_text|><|start_header_id|><|begin_of_text|><|start_header_id|><|begin_of_text|><|start_header_id|><|begin_of_text|><|start_header_id|><|begin_of_text|><|start_header_id|><|begin_of_text|><|start_header_id|><|begin_of_text|><|start_header_id|><|begin_of_text|><|start_header_id|><|begin_of_text|><|start_header_id|><|begin_of_text|><|start_header_id|><|begin_of_text|><|start_header_id|><|begin_of_text|><|start_header_id|><|begin_of_text|><|start_header_id|><|begin_of_text|><|start_header_id|><|start_header_id|><|begin_of_text|><|start_header_id|><|begin_of_text|><|start_header_id|><|begin_of_text|><|start_header_id|><|begin_of_text|><|start_header_id|><|start_header_id|><|begin_of_text|><|start_header_id|><|begin_of_text|><|start_header_id|><|begin_of_text|><|start_header_id|><|begin_of_text|><|start_header_id|><|begin_of_text|><|start_header_id|><|start_header_id|><|begin_of_text|><|start_header_id|><|start_header_id|><|begin_of_text|><|start_header_id|><|begin_of_text|><|start_header_id|><|begin_of_text|><|start_header_id|><|start_header_id|><|begin_of_text|><|start_header_id|><|begin_of_text|><|start_header_id|><|begin_of_text|><|start_header_id|><|begin_of_text|><|start_header_id|><|begin_of_text|><|start_header_id|><|begin_of_text|><|start_header_id|><|start_header_id|><|start_header_id|><|start_header_id|><|begin_of_text|><|start_header_id|><|start_header_id|><|start_header_id|><|begin_of_text|><|start_header_id|><|start_header_id|><|begin_of_text|><|start_header_id|><|begin_of_text|><|start_header_id|><|start_header_id|><|start_header_id|><|begin_of_text|><|start_header_id|><|start_header_id|><|start_header_id|><|start_header_id|><|begin_of_text|><|start_header_id|><|begin_of_text|><|start_header_id|><|start_header_id|><|begin_of_text|><|start_header_id|><|start_header_id|><|start_header_id|><|start_header_id|><|start_header_id|><|start_header_id|><|begin_of_text|><|start_header_id|><|begin_of_text|><|start_header_id|><|start_header_id|><|start_header_id|><|begin_of_text|><|start_header_id|><|start_header_id|><|start_header_id|><|start_header_id|><|begin_of_text|><|start_header_id|><|start_header_id|><|start_header_id|><|begin_of_text|><|start_header_id|><|start_header_id|><|start_header_id|><|start_header_id|><|begin_of_text|><|start_header_id|><|start_header_id|><|begin_of_text|><|start_header_id|><|start_header_id|><|start_header_id|><|start_header_id|><|start_header_id|><|begin_of_text|><|start_header_id|><|start_header_id|><|start_header_id|><|start_header_id|><|start_header_id|><|start_header_id|><|start_header_id|><|start_header_id|><|begin_of_text|><|start_header_id|><|start_header_id|><|start_header_id|><|begin_of_text|><|start_header_id|><|start_header_id|><|start_header_id|><|start_header_id|><|start_header_id|><|start_header_id|><|start_header_id|><|start_header_id|><|begin_of_text|><|start_header_id|><|start_header_id|><|start_header_id|><|start_header_id|><|start_header_id|><|start_header_id|><|start_header_id|><|start_header_id|><|start_header_id|><|start_header_id|><|start_header_id|><|begin_of_text|><|start_header_id|><|start_header_id|><|start_header_id|><|start_header_id|><|start_header_id|><|start_header_id|><|start_header_id|><|start_header_id|><|start_header_id|><|start_header_id|><|start_header_id|><|start_header_id|><|start_header_id|><|start_header_id|><|start_header_id|><|start_header_id|><|start_header_id|><|start_header_id|><|start_header_id|><|start_header_id|><|start_header_id|><|start_header_id|><|start_header_id|><|start_header_id|><|start_header_id|><|start_header_id|><|start_header_id|><|start_header_id|><|start_header_id|><|start_header_id|><|start_header_id|><|start_header_id|><|start_header_id|><|start_header_id|><|start_header_id|><|start_header_id|><|start_header_id|><|start_header_id|><|start_header_id|><|start_header_id|><|start_header_id|><|start_header_id|><|start_header_id|><|start_header_id|><|start_header_id|><|start_header_id|><|start_header_id|><|start_header_id|><|start_header_id|><|start_header_id|><|start_header_id|><|start_header_id|><|start_header_id|><|start_header_id|><|start_header_id|><|start_header_id|><|start_header_id|><|start_header_id|><|start_header_id|><|start_header_id|><|start_header_id|><|start_header_id|><|start_header_id|><|start_header_id|><|start_header_id|><|start_header_id|><|start_header_id|><|start_header_id|><|start_header_id|><|start_header_id|><|start_header_id|><|start_header_id|><|start_header_id|><|start_header_id|><|start_header_id|><|start_header_id|><|start_header_id|><|start_header_id|><|start_header_id|><|start_header_id|><|start_header_id|><|start_header_id|><|start_header_id|><|start_header_id|><|start_header_id|><|start_header_id|><|start_header_id|><|start_header_id|><|start_header_id|><|start_header_id|><|start_header_id|><|start_header_id|><|start_header_id|><|start_header_id|><|start_header_id|><|start_header_id|><|start_header_id|><|start_header_id|><|start_header_id|><|start_header_id|><|start_header_id|><|start_header_id|><|start_header_id|><|start_header_id|><|start_header_id|><|start_header_id|><|start_header_id|><|start_header_id|><|start_header_id|><|start_header_id|><|start_header_id|><|start_header_id|><|start_header_id|><|start_header_id|><|start_header_id|><|start_header_id|><|start_header_id|><|start_header_id|><|start_header_id|><|start_header_id|><|start_header_id|><|start_header_id|><|start_header_id|><|start_header_id|><|start_header_id|><|start_header_id|><|start_header_id|><|start_header_id|><|start_header_id|><|start_header_id|><|start_header_id|><|start_header_id|><|start_header_id|><|start_header_id|><|start_header_id|><|start_header_id|><|start_header_id|><|start_header_id|><|start_header_id|><|start_header_id|><|start_header_id|><|start_header_id|><|start_header_id|><|start_header_id|><|start_header_id|><|start_header_id|><|start_header_id|><|start_header_id|><|start_header_id|><|start_header_id|><|start_header_id|><|start_header_id|><|start_header_id|><|start_header_id|><|start_header_id|><|start_header_id|><|start_header_id|><|start_header_id|><|start_header_id|><|start_header_id|><|start_header_id|><|start_header_id|><|start_header_id|><|start_header_id|><|start_header_id|><|start_header_id|><|start_header_id|><|start_header_id|><|start_header_id|><|start_header_id|><|start_header_id|><|start_header_id|><|start_header_id|><|start_header_id|><|start_header_id|><|start_header_id|><|start_header_id|><|start_header_id|><|start_header_id|><|start_header_id|><|start_header_id|><|start_header_id|><|start_header_id|><|start_header_id|><|start_header_id|><|start_header_id|><|start_header_id|><|start_header_id|><|start_header_id|><|start_header_id|><|start_header_id|><|start_header_id|><|start_header_id|><|start_header_id|><|start_header_id|><|start_header_id|><|start_header_id|><|start_header_id|><|start_header_id|><|start_header_id|><|start_header_id|><|start_header_id|><|start_header_id|><|start_header_id|><|start_header_id|><|start_header_id|><|start_header_id|><|start_header_id|><|start_header_id|><|start_header_id|><|start_header_id|><|start_header_id|><|start_header_id|><|start_header_id|><|start_header_id|><|start_header_id|><|start_header_id|><|start_header_id|><|start_header_id|><|start_header_id|><|start_header_id|><|start_header_id|><|start_header_id|><|start_header_id|><|start_header_id|><|start_header_id|><|start_header_id|><|start_header_id|><|start_header_id|><|start_header_id|><|start_header_id|><|start_header_id|><|start_header_id|><|start_header_id|><|start_header_id|><|start_header_id|><|start_header_id|><|start_header_id|><|start_header_id|><|start_header_id|><|start_header_id|><|start_header_id|><|start_header_id|><|start_header_id|><|start_header_id|><|start_header_id|><|start_header_id|><|start_header_id|><|start_header_id|><|start_header_id|><|start_header_id|><|start_header_id|><|start_header_id|><|start_header_id|><|start_header_id|><|start_header_id|><|start_header_id|><|start_header_id|><|start_header_id|><|start_header_id|><|start_header_id|><|start_header_id|><|start_header_id|><|start_header_id|><|start_header_id|><|start_header_id|><|start_header_id|><|start_header_id|><|start_header_id|><|start_header_id|><|start_header_id|><|start_header_id|><|start_header_id|><|start_header_id|><|start_header_id|><|start_header_id|><|start_header_id|><|start_header_id|><|start_header_id|><|start_header_id|><|start_header_id|><|start_header_id|><|start_header_id|><|start_header_id|><|start_header_id|><|start_header_id|><|start_header_id|><|start_header_id|><|start_header_id|><|start_header_id|><|start_header_id|><|start_header_id|><|start_header_id|><|start_header_id|><|start_header_id|><|start_header_id|><|start_header_id|><|start_header_id|><|start_header_id|><|start_header_id|><|start_header_id|><|start_header_id|><|start_header_id|><|start_header_id|><|start_header_id|><|start_header_id|><|start_header_id|><|start_header_id|><|start_header_id|><|start_header_id|><|start_header_id|><|start_header_id|><|start_header_id|><|start_header_id|><|start_header_id|><|start_header_id|><|start_header_id|><|start_header_id|><|start_header_id|><|start_header_id|><|start_header_id|><|start_header_id|><|start_header_id|><|start_header_id|><|start_header_id|><|start_header_id|><|start_header_id|><|start_header_id|><|start_header_id|><|start_header_id|><|start_header_id|><|start_header_id|><|start_header_id|><|start_header_id|><|start_header_id|><|start_header_id|><|start_header_id|><|start_header_id|><|start_header_id|><|start_header_id|><|start_header_id|><|start_header_id|><|start_header_id|><|start_header_id|><|start_header_id|><|start_header_id|><|start_header_id|><|start_header_id|><|start_header_id|><|start_header_id|><|start_header_id|><|start_header_id|><|start_header_id|><|start_header_id|><|start_header_id|><|start_header_id|><|start_header_id|><|start_header_id|><|start_header_id|><|start_header_id|><|start_header_id|><|start_header_id|><|start_header_id|><|start_header_id|><|start_header_id|><|start_header_id|><|start_header_id|><|start_header_id|><|start_header_id|><|start_header_id|><|start_header_id|><|start_header_id|><|start_header_id|><|start_header_id|><|start_header_id|><|start_header_id|><|start_header_id|><|start_header_id|><|start_header_id|><|start_header_id|><|start_header_id|><|start_header_id|><|start_header_id|><|start_header_id|><|start_header_id|><|start_header_id|><|start_header_id|><|start_header_id|><|start_header_id|><|start_header_id|><|start_header_id|><|start_header_id|><|start_header_id|><|start_header_id|><|start_header_id|><|start_header_id|><|start_header_id|><|start_header_id|><|start_header_id|><|start_header_id|><|start_header_id|><|start_header_id|><|start_header_id|><|start_header_id|><|start_header_id|><|start_header_id|><|start_header_id|><|start_header_id|><|start_header_id|><|start_header_id|><|start_header_id|><|start_header_id|><|start_header_id|><|start_header_id|><|start_header_id|><|start_header_id|><|start_header_id|><|start_header_id|><|start_header_id|><|start_header_id|><|start_header_id|><|start_header_id|><|start_header_id|><|start_header_id|><|start_header_id|><|start_header_id|><|start_header_id|><|start_header_id|><|start_header_id|><|start_header_id|><|start_header_id|><|start_header_id|><|start_header_id|><|start_header_id|><|start_header_id|><|start_header_id|><|start_header_id|><|start_header_id|><|start_header_id|><|start_header_id|><|start_header_id|><|start_header_id|><|start_header_id|><|start_header_id|><|start_header_id|><|start_header_id|><|start_header_id|><|start_header_id|><|start_header_id|><|start_header_id|><|start_header_id|><|start_header_id|><|start_header_id|><|start_header_id|><|start_header_id|><|start_header_id|><|start_header_id|><|start_header_id|><|start_header_id|><|start_header_id|><|start_header_id|><|start_header_id|><|start_header_id|><|start_header_id|><|start_header_id|><|start_header_id|><|start_header_id|><|start_header_id|><|start_header_id|><|start_header_id|><|start_header_id|><|start_header_id|><|start_header_id|><|start_header_id|><|start_header_id|><|start_header_id|><|start_header_id|><|start_header_id|><|start_header_id|><|start_header_id|><|start_header_id|><|start_header_id|><|start_header_id|><|start_header_id|><|start_header_id|><|start_header_id|><|start_header_id|><|start_header_id|><|start_header_id|><|start_header_id|><|start_header_id|><|start_header_id|><|start_header_id|><|start_header_id|><|start_header_id|><|start_header_id|><|start_header_id|><|start_header_id|><|start_header_id|><|start_header_id|><|start_header_id|><|start_header_id|><|start_header_id|><|start_header_id|><|start_header_id|><|start_header_id|><|start_header_id|><|start_header_id|><|start_header_id|><|start_header_id|><|start_header_id|><|start_header_id|><|start_header_id|><|start_header_id|><|start_header_id|><|start_header_id|><|start_header_id|><|start_header_id|><|start_header_id|><|start_header_id|><|start_header_id|><|start_header_id|><|start_header_id|><|start_header_id|><|start_header_id|><|start_header_id|><|start_header_id|><|start_header_id|><|start_header_id|><|start_header_id|><|start_header_id|><|start_header_id|><|start_header_id|><|start_header_id|><|start_header_id|><|start_header_id|><|start_header_id|><|start_header_id|><|start_header_id|><|start_header_id|><|start_header_id|><|start_header_id|><|start_header_id|><|start_header_id|><|start_header_id|><|start_header_id|><|start_header_id|><|start_header_id|><|start_header_id|><|start_header_id|><|start_header_id|><|start_header_id|><|start_header_id|><|start_header_id|><|start_header_id|><|start_header_id|><|start_header_id|><|start_header_id|><|start_header_id|><|start_header_id|><|start_header_id|><|start_header_id|><|start_header_id|><|start_header_id|><|start_header_id|><|start_header_id|><|start_header_id|><|start_header_id|><|start_header_id|><|start_header_id|><|start_header_id|><|start_header_id|><|start_header_id|><|start_header_id|><|start_header_id|><|start_header_id|><|start_header_id|><|start_header_id|><|start_header_id|><|start_header_id|><|start_header_id|><|start_header_id|><|start_header_id|><|start_header_id|>",1,2,2,2,1,1,1.0,2.0,1.0,2.0,1.0,2.0,20,17,17.0,20.0,9.0
594,5,"<|begin_of_text|><|start_header_id|>system<|end_header_id|>

Cutting Knowledge Date: December 2023
Today Date: 26 Jul 2024

<|eot_id|><|start_header_id|>user<|end_header_id|>

You are helping analyze a negotiation conversation where two agents are discussing the allocation of resources. Each resource has exactly three units that must be divided between the two agents. The total amount of each resource allocated to both agents must add up to three. 

            Agent Preferences:
            Agent 1: High priority: water, Medium priority: firewood, Low priority: food
            Agent 2: High priority: food, Medium priority: water, Low priority: firewood

            Conversation with intentions:
            Agent 1: hello, Agent 2: Hey! How are you? My bestie and I were going to be going on a camping trip, but my other friends heard about it and wanted to come along so we're going to need more supplies than I initially though which has got me a little worried. ☹️, Agent 1: Yes!!! I need some water pretty bad.  I am good on food because I fish and I have been able to catch some catfish from the lake.  How about I take 2 water 2 firewood and 1 food , [Summary: The conversation begins with a friendly greeting and quickly shifts to a discussion about a camping trip, where one speaker expresses concern over needing more supplies due to additional friends joining. The other speaker responds positively, focusing on resource management and offering a practical solution by suggesting a specific distribution of supplies. The conversation maintains a cooperative and solution-oriented tone throughout, with both speakers actively engaging in addressing the logistical challenges of the trip.]

            Based on this negotiation, predict the final allocation of resources. Provide only your answer using the following format with curly braces, with no explanation:

            OUTCOME: {agent1:{food:[number], water:[number], firewood:[number]}, agent2:{food:[number], water:[number], firewood:[number]}}

            Remember: Each resource must sum to exactly 3 units across both agents.<|eot_id|>","<|begin_of_text|><|begin_of_text|><|start_header_id|>system<|end_header_id|>

Cutting Knowledge Date: December 2023
Today Date: 26 Jul 2024

<|eot_id|><|start_header_id|>user<|end_header_id|>

You are helping analyze a negotiation conversation where two agents are discussing the allocation of resources. Each resource has exactly three units that must be divided between the two agents. The total amount of each resource allocated to both agents must add up to three. 

            Agent Preferences:
            Agent 1: High priority: water, Medium priority: firewood, Low priority: food
            Agent 2: High priority: food, Medium priority: water, Low priority: firewood

            Conversation with intentions:
            Agent 1: hello, Agent 2: Hey! How are you? My bestie and I were going to be going on a camping trip, but my other friends heard about it and wanted to come along so we're going to need more supplies than I initially though which has got me a little worried. ☹️, Agent 1: Yes!!! I need some water pretty bad.  I am good on food because I fish and I have been able to catch some catfish from the lake.  How about I take 2 water 2 firewood and 1 food, [Summary: The conversation begins with a friendly greeting and quickly shifts to a discussion about a camping trip, where one speaker expresses concern over needing more supplies due to additional friends joining. The other speaker responds positively, focusing on resource management and offering a practical solution by suggesting a specific distribution of supplies. The conversation maintains a cooperative and solution-oriented tone throughout, with both speakers actively engaging in addressing the logistical challenges of the trip.]

            Based on this negotiation, predict the final allocation of resources. Provide only your answer using the following format with curly braces, with no explanation:

            OUTCOME: {agent1:{food:[number], water:[number], firewood:[number]}, agent2:{food:[number], water:[number], firewood:[number]}}

            Remember: Each resource must sum to exactly 3 units across both agents.<|eot_id|><|begin_of_text|><|start_header_id|>system<|end_header_id|>

Cutting Knowledge Date: December 2023
Today Date: 26 Jul 2024

Outcome: {agent1:{food:1, water:2, firewood:1}, agent2:{food:2, water:1, firewood:2}}<|eot_id|>",1,2,1,2,1,2,1.0,2.0,1.0,2.0,1.0,2.0,17,20,17.0,20.0,0.0
606,5,"<|begin_of_text|><|start_header_id|>system<|end_header_id|>

Cutting Knowledge Date: December 2023
Today Date: 26 Jul 2024

<|eot_id|><|start_header_id|>user<|end_header_id|>

You are helping analyze a negotiation conversation where two agents are discussing the allocation of resources. Each resource has exactly three units that must be divided between the two agents. The total amount of each resource allocated to both agents must add up to three. 

            Agent Preferences:
            Agent 1: High priority: food, Medium priority: firewood, Low priority: water
            Agent 2: High priority: firewood, Medium priority: food, Low priority: water

            Conversation with intentions:
            Agent 2: hello ,how are you, Agent 1: hi, i'm doing good! i really need food quite a bit because my kids are with me on this camping trip, Agent 2: okk i will give please explain how many pack you need, Agent 1: that's so kind of you! could I please have 3? which item do you really need, I can give you 3 of it , [Summary: The conversation begins with a polite greeting and quickly shifts to a cooperative exchange, where mturk_agent_1 expresses a need for food due to a camping trip with children. Mturk_agent_2 responds positively, offering assistance and asking for specifics. The interaction maintains a tone of mutual support and generosity, as mturk_agent_1 reciprocates the offer, indicating a willingness to help in return. Both speakers exhibit a collaborative and considerate attitude throughout the conversation.]

            Based on this negotiation, predict the final allocation of resources. Provide only your answer using the following format with curly braces, with no explanation:

            OUTCOME: {agent1:{food:[number], water:[number], firewood:[number]}, agent2:{food:[number], water:[number], firewood:[number]}}

            Remember: Each resource must sum to exactly 3 units across both agents.<|eot_id|>","<|begin_of_text|><|begin_of_text|><|start_header_id|>system<|end_header_id|>

Cutting Knowledge Date: December 2023
Today Date: 26 Jul 2024

<|eot_id|><|start_header_id|>user<|end_header_id|>

You are helping analyze a negotiation conversation where two agents are discussing the allocation of resources. Each resource has exactly three units that must be divided between the two agents. The total amount of each resource allocated to both agents must add up to three. 

            Agent Preferences:
            Agent 1: High priority: food, Medium priority: firewood, Low priority: water
            Agent 2: High priority: firewood, Medium priority: food, Low priority: water

            Conversation with intentions:
            Agent 2: hello,how are you, Agent 1: hi, i'm doing good! i really need food quite a bit because my kids are with me on this camping trip, Agent 2: okk i will give please explain how many pack you need, Agent 1: that's so kind of you! could I please have 3? which item do you really need, I can give you 3 of it, [Summary: The conversation begins with a polite greeting and quickly shifts to a cooperative exchange, where mturk_agent_1 expresses a need for food due to a camping trip with children. Mturk_agent_2 responds positively, offering assistance and asking for specifics. The interaction maintains a tone of mutual support and generosity, as mturk_agent_1 reciprocates the offer, indicating a willingness to help in return. Both speakers exhibit a collaborative and considerate attitude throughout the conversation.]

            Based on this negotiation, predict the final allocation of resources. Provide only your answer using the following format with curly braces, with no explanation:

            OUTCOME: {agent1:{food:[number], water:[number], firewood:[number]}, agent2:{food:[number], water:[number], firewood:[number]}}

            Remember: Each resource must sum to exactly 3 units across both agents.<|eot_id|><|begin_of_text|><|start_header_id|>system<|end_header_id|>

Cutting Knowledge Date: December 2023
Today Date: 26 Jul 2024

OUTCOME: {agent1:{food:3, water:1, firewood:0}, agent2:{food:0, water:2, firewood:3}}<|eot_id|>",2,2,1,1,1,2,3.0,1.0,0.0,0.0,2.0,3.0,20,17,18.0,21.0,4.0
610,5,"<|begin_of_text|><|start_header_id|>system<|end_header_id|>

Cutting Knowledge Date: December 2023
Today Date: 26 Jul 2024

<|eot_id|><|start_header_id|>user<|end_header_id|>

You are helping analyze a negotiation conversation where two agents are discussing the allocation of resources. Each resource has exactly three units that must be divided between the two agents. The total amount of each resource allocated to both agents must add up to three. 

            Agent Preferences:
            Agent 1: High priority: water, Medium priority: food, Low priority: firewood
            Agent 2: High priority: water, Medium priority: firewood, Low priority: food

            Conversation with intentions:
            Agent 2: hi there 🙂, Agent 1: Hallo, how are you doing?, Agent 2: i'm well! how are you doing? , [Summary: The conversation begins with a friendly and positive tone as both speakers exchange greetings. The initial sentiment is warm and welcoming, with both participants expressing interest in each other's well-being. The interaction is characterized by mutual politeness and a desire to establish a cordial rapport. There is a consistency in the positive and engaging tone, with both speakers maintaining a friendly demeanor throughout the exchange.]

            Based on this negotiation, predict the final allocation of resources. Provide only your answer using the following format with curly braces, with no explanation:

            OUTCOME: {agent1:{food:[number], water:[number], firewood:[number]}, agent2:{food:[number], water:[number], firewood:[number]}}

            Remember: Each resource must sum to exactly 3 units across both agents.<|eot_id|>","<|begin_of_text|><|begin_of_text|><|start_header_id|>system<|end_header_id|>

Cutting Knowledge Date: December 2023
Today Date: 26 Jul 2024

<|eot_id|><|start_header_id|>user<|end_header_id|>

You are helping analyze a negotiation conversation where two agents are discussing the allocation of resources. Each resource has exactly three units that must be divided between the two agents. The total amount of each resource allocated to both agents must add up to three. 

            Agent Preferences:
            Agent 1: High priority: water, Medium priority: food, Low priority: firewood
            Agent 2: High priority: water, Medium priority: firewood, Low priority: food

            Conversation with intentions:
            Agent 2: hi there 🙂, Agent 1: Hallo, how are you doing?, Agent 2: i'm well! how are you doing?, [Summary: The conversation begins with a friendly and positive tone as both speakers exchange greetings. The initial sentiment is warm and welcoming, with both participants expressing interest in each other's well-being. The interaction is characterized by mutual politeness and a desire to establish a cordial rapport. There is a consistency in the positive and engaging tone, with both speakers maintaining a friendly demeanor throughout the exchange.]

            Based on this negotiation, predict the final allocation of resources. Provide only your answer using the following format with curly braces, with no explanation:

            OUTCOME: {agent1:{food:[number], water:[number], firewood:[number]}, agent2:{food:[number], water:[number], firewood:[number]}}

            Remember: Each resource must sum to exactly 3 units across both agents.<|eot_id|><|begin_of_text|><|start_header_id|>system<|end_header_id|>

Cutting Knowledge Date: December 2023
Today Date: 26 Jul 2024

OUTCOME: {agent1:{food:1, water:2, firewood:1}, agent2:{food:2, water:1, firewood:2}}<|eot_id|>",2,2,0,1,1,3,1.0,2.0,1.0,2.0,1.0,2.0,18,20,17.0,19.0,1.0
612,5,"<|begin_of_text|><|start_header_id|>system<|end_header_id|>

Cutting Knowledge Date: December 2023
Today Date: 26 Jul 2024

<|eot_id|><|start_header_id|>user<|end_header_id|>

You are helping analyze a negotiation conversation where two agents are discussing the allocation of resources. Each resource has exactly three units that must be divided between the two agents. The total amount of each resource allocated to both agents must add up to three. 

            Agent Preferences:
            Agent 1: High priority: food, Medium priority: water, Low priority: firewood
            Agent 2: High priority: food, Medium priority: firewood, Low priority: water

            Conversation with intentions:
            Agent 2: hi there! 🙂, Agent 1: Hello., Agent 2: I'm excited for camping! We have these extra items. What do you need most of? , [Summary: The conversation begins with a friendly and enthusiastic tone, as one speaker expresses excitement about an upcoming camping trip. The other speaker responds neutrally. The first speaker then shifts to a practical approach, offering assistance by inquiring about specific needs for the trip. The tone remains positive and cooperative, with an emphasis on preparation and collaboration.]

            Based on this negotiation, predict the final allocation of resources. Provide only your answer using the following format with curly braces, with no explanation:

            OUTCOME: {agent1:{food:[number], water:[number], firewood:[number]}, agent2:{food:[number], water:[number], firewood:[number]}}

            Remember: Each resource must sum to exactly 3 units across both agents.<|eot_id|>","<|begin_of_text|><|begin_of_text|><|start_header_id|>system<|end_header_id|>

Cutting Knowledge Date: December 2023
Today Date: 26 Jul 2024

<|eot_id|><|start_header_id|>user<|end_header_id|>

You are helping analyze a negotiation conversation where two agents are discussing the allocation of resources. Each resource has exactly three units that must be divided between the two agents. The total amount of each resource allocated to both agents must add up to three. 

            Agent Preferences:
            Agent 1: High priority: food, Medium priority: water, Low priority: firewood
            Agent 2: High priority: food, Medium priority: firewood, Low priority: water

            Conversation with intentions:
            Agent 2: hi there! 🙂, Agent 1: Hello., Agent 2: I'm excited for camping! We have these extra items. What do you need most of?, [Summary: The conversation begins with a friendly and enthusiastic tone, as one speaker expresses excitement about an upcoming camping trip. The other speaker responds neutrally. The first speaker then shifts to a practical approach, offering assistance by inquiring about specific needs for the trip. The tone remains positive and cooperative, with an emphasis on preparation and collaboration.]

            Based on this negotiation, predict the final allocation of resources. Provide only your answer using the following format with curly braces, with no explanation:

            OUTCOME: {agent1:{food:[number], water:[number], firewood:[number]}, agent2:{food:[number], water:[number], firewood:[number]}}

            Remember: Each resource must sum to exactly 3 units across both agents.<|eot_id|><|begin_of_text|><|start_header_id|>system<|end_header_id|>

Cutting Knowledge Date: December 2023
Today Date: 26 Jul 2024

Outcome: {agent1:{food:2, water:2, firewood:1}, agent2:{food:1, water:1, firewood:2}}<|eot_id|>",1,1,1,2,2,2,2.0,2.0,1.0,1.0,1.0,2.0,12,24,21.0,16.0,81.0
