dialogue_id,summary_type,model_type,include_intentions,conversation,prompt,response,actual,predicted,correct
100009118.8296.8296,scd,llama70b,False,"Speaker 1: This kind of stuff dosen't get sent around enough, so the bad seems to build up and overpower the good. I have always had a great deal of respect for your decision making abilities. The case you tried to solve was a difficult and contentious one, and I fully support you walking away from it without reaching strong conclusion. You are a bigger man for doing so. I tried to figure out who was right, but also got fully frusterated by the intracasies of what must have been going on for years. Please don't think less of yourself or let the slings and arrows of whomever is shooting at you hit. You are a good and valuable contributor and problem solver.  - ","You are an assistant trained to detect early warning signs of toxic behavior in online conversations. Predict whether the conversation is likely to result in a personal attack later on. Provide your answer in the format 'ATTACK: YES/NO'

Conversation:
Speaker 1: This kind of stuff dosen't get sent around enough, so the bad seems to build up and overpower the good. I have always had a great deal of respect for your decision making abilities. The case you tried to solve was a difficult and contentious one, and I fully support you walking away from it without reaching strong conclusion. You are a bigger man for doing so. I tried to figure out who was right, but also got fully frusterated by the intracasies of what must have been going on for years. Please don't think less of yourself or let the slings and arrows of whomever is shooting at you hit. You are a good and valuable contributor and problem solver.  -  The conversation begins with an expression of support and admiration, emphasizing the positive qualities and decision-making abilities of the recipient. The speaker acknowledges the complexity and frustration of a past situation, reinforcing their respect for the recipient's choice to walk away. Throughout, the speaker maintains a supportive and encouraging tone, aiming to uplift the recipient's spirits and affirm their value despite external criticism or challenges.","assistant<|end_header_id|>

ATTACK: NO",yes,no,0
100082597.1198.1198,scd,llama70b,False,Speaker 1:  I understand you are upset with a certain IP adress but please refrain from fighting with it,"You are an assistant trained to detect early warning signs of toxic behavior in online conversations. Predict whether the conversation is likely to result in a personal attack later on. Provide your answer in the format 'ATTACK: YES/NO'

Conversation:
Speaker 1:  I understand you are upset with a certain IP adress but please refrain from fighting with it The conversation begins with a speaker addressing another's frustration, urging them to avoid confrontation. The initial tone is one of understanding and caution. As the conversation progresses, the focus remains on maintaining composure and finding a peaceful resolution. The speaker consistently employs a calming and diplomatic approach, emphasizing the importance of restraint and constructive dialogue. The trajectory reflects a persistent effort to de-escalate tension and promote a more measured response.","assistant<|end_header_id|>

ATTACK: NO",no,no,1
101890424.3912.3912,scd,llama70b,False,"Speaker 1:  You do some fine work. Good find on the Duva cite. Also, thanks for cleaning up my Marciano book reference.
Why not register with a Wikipedia account so you can establish a history here? You seem like you'd be a good addition. MKil MKil
:::Thank you.
:::My English skill is very poor.i am just a boxing fan in a faraway country. all i can do for Wikipedia is just finding some source, remove or add a short sentence. )
:::actually i am the editor who added IBRO citation for the Louis page. that meant we have talk talked once at Louis' talk page )
:::btw, i saw you editing boxer page in Wikipedia for times. i like your works. Keep working )","You are an assistant trained to detect early warning signs of toxic behavior in online conversations. Predict whether the conversation is likely to result in a personal attack later on. Provide your answer in the format 'ATTACK: YES/NO'

Conversation:
Speaker 1:  You do some fine work. Good find on the Duva cite. Also, thanks for cleaning up my Marciano book reference.
Why not register with a Wikipedia account so you can establish a history here? You seem like you'd be a good addition. MKil MKil
:::Thank you.
:::My English skill is very poor.i am just a boxing fan in a faraway country. all i can do for Wikipedia is just finding some source, remove or add a short sentence. )
:::actually i am the editor who added IBRO citation for the Louis page. that meant we have talk talked once at Louis' talk page )
:::btw, i saw you editing boxer page in Wikipedia for times. i like your works. Keep working ) The conversation begins with S_0 expressing appreciation for the other speaker's contributions and suggesting they register for a Wikipedia account. The second speaker responds with humility, downplaying their English skills and contributions, while expressing enthusiasm for boxing and acknowledging a previous interaction. They also compliment S_0's work, creating a mutual exchange of respect and encouragement. The conversation maintains a positive and supportive tone throughout, with both speakers showing appreciation for each other's efforts and contributions.","assistant<|end_header_id|>

ATTACK: NO",yes,no,0
102102282.16707.16707,scd,llama70b,False,"Speaker 1:  Please take a little more care when editing the wiki_link article.  It seems you are misquoting sources, and not presenting the entire statements found in the citations.  Also, please take when adding and editing specific numbers without have a proper source.  Thank you. //","You are an assistant trained to detect early warning signs of toxic behavior in online conversations. Predict whether the conversation is likely to result in a personal attack later on. Provide your answer in the format 'ATTACK: YES/NO'

Conversation:
Speaker 1:  Please take a little more care when editing the wiki_link article.  It seems you are misquoting sources, and not presenting the entire statements found in the citations.  Also, please take when adding and editing specific numbers without have a proper source.  Thank you. // The conversation begins with a speaker addressing concerns about the accuracy and completeness of another's contributions to a wiki article. The speaker's tone is corrective and instructive, emphasizing the importance of careful editing and proper sourcing. There is an underlying intention to guide and improve the quality of the edits, suggesting a focus on maintaining standards and accuracy in the collaborative work.","assistant<|end_header_id|>

ATTACK: NO

The conversation starts with a constructive tone, focusing on specific behaviors and actions that need improvement, rather than making a personal attack. The language used is polite and instructive, with a clear intention to educate and correct, rather than belittle or demean. The tone is collaborative and solution-focused, aiming to improve the quality of the wiki article. There are no apparent signs of aggression, condescension, or personal criticism that would suggest a potential escalation into a personal attack.",no,no,1
102154157.16707.16707,scd,llama70b,False,Speaker 1:  please dont misrepresent sources,"You are an assistant trained to detect early warning signs of toxic behavior in online conversations. Predict whether the conversation is likely to result in a personal attack later on. Provide your answer in the format 'ATTACK: YES/NO'

Conversation:
Speaker 1:  please dont misrepresent sources The conversation begins with a request for accuracy, indicating a concern for integrity. As it progresses, one speaker maintains a focus on ensuring truthful representation, while the other may respond defensively or with clarification. The dialogue likely involves attempts to persuade or correct, with one party emphasizing the importance of honesty. Throughout, there is a persistent effort to address potential misunderstandings, with both speakers possibly adjusting their strategies to achieve clarity and resolution.","assistant<|end_header_id|>

ATTACK: NO

Reasoning: The conversation starts with a polite request for accuracy, and the tone remains focused on ensuring truthful representation. The language used is constructive, and the speaker's intent is to correct and clarify, rather than to provoke or insult. The conversation is likely to involve a respectful exchange of ideas, with both speakers working towards a mutually beneficial understanding. There is no indication of aggressive or confrontational language, which suggests that the conversation is unlikely to escalate into a personal attack.",yes,no,0
102964652.2026.2026,scd,llama70b,False,Speaker 1:  Oi,"You are an assistant trained to detect early warning signs of toxic behavior in online conversations. Predict whether the conversation is likely to result in a personal attack later on. Provide your answer in the format 'ATTACK: YES/NO'

Conversation:
Speaker 1:  Oi The conversation begins with a casual greeting, setting a friendly tone. As it progresses, the speakers maintain a cooperative and open demeanor, with one party seeking information or clarification and the other providing responses. There is a consistent effort to understand and address each other's points, indicating a mutual respect and willingness to engage constructively. The dialogue remains positive and focused on achieving a shared understanding or resolution, with both parties showing patience and attentiveness throughout.","assistant<|end_header_id|>

ATTACK: NO",yes,no,0
103071967.14294.14294,scd,llama70b,False,"Speaker 1:  The IBC was described *twice* in this short chart as being ""English language media"". This is misleading, particularly for short blurb, because people do not generally know what is or is not available in English. Most will probably assume this means news sources in the USA and the UK. But IBC uses lots of international and Arabic sources. The IBC seems to have had a debate with some critics about what significance this might have for their count. The IBC believes little or none because they say most major Arabic sources publish in English and many others are translated by various services which they use. Using the ""English language media IBC"" formulation seems to clearly take a POV side in this debate, that this ""English"" thing is some crucial caveat for their count, and tends to imply to readers that IBC doesn't use Arabic reports, but they clearly do. Without a thorough explanation of what this might mean, its inclusion in this short description is misleading and POV. It's inclusion *twice* in the same little section suggests that a previous editor has gone a bit overboard in POV-pushing.","You are an assistant trained to detect early warning signs of toxic behavior in online conversations. Predict whether the conversation is likely to result in a personal attack later on. Provide your answer in the format 'ATTACK: YES/NO'

Conversation:
Speaker 1:  The IBC was described *twice* in this short chart as being ""English language media"". This is misleading, particularly for short blurb, because people do not generally know what is or is not available in English. Most will probably assume this means news sources in the USA and the UK. But IBC uses lots of international and Arabic sources. The IBC seems to have had a debate with some critics about what significance this might have for their count. The IBC believes little or none because they say most major Arabic sources publish in English and many others are translated by various services which they use. Using the ""English language media IBC"" formulation seems to clearly take a POV side in this debate, that this ""English"" thing is some crucial caveat for their count, and tends to imply to readers that IBC doesn't use Arabic reports, but they clearly do. Without a thorough explanation of what this might mean, its inclusion in this short description is misleading and POV. It's inclusion *twice* in the same little section suggests that a previous editor has gone a bit overboard in POV-pushing. The speaker begins with a critical tone, expressing concern over a misleading description. They argue that the repeated phrasing suggests bias and may mislead readers. The speaker maintains a consistent critical stance throughout, emphasizing the need for clarity and neutrality. The intention is to highlight potential bias and advocate for a more accurate representation. The speaker's strategy involves pointing out inconsistencies and suggesting that previous edits may have been influenced by a particular point of view.","assistant<|end_header_id|>

ATTACK: NO

The speaker's tone is critical, but it is focused on the content and presentation of the information, rather than making a personal attack. The language used is analytical and objective, with a clear goal of improving the accuracy and neutrality of the description. The speaker's criticism is directed at the edit itself, rather than making a personal attack on the editor. The conversation is likely to remain focused on the topic at hand, rather than escalating into a personal attack.",yes,no,0
103587368.2010.2010,scd,llama70b,False,Speaker 1:  I'm trying to format wiki_link into multiple columns (3 columns) due to the size of the list - there are currently several screens full of nothing but long a long scrolling list of citations. I tried using wiki_link but it doesn't render in 3 columns in my browser (or the majority of browsers). Are there any other alternatives I can use to make the references appear in 2 or 3 columns or to otherwise drastically reduce the screen estate taken up by the citations? Thanks -,"You are an assistant trained to detect early warning signs of toxic behavior in online conversations. Predict whether the conversation is likely to result in a personal attack later on. Provide your answer in the format 'ATTACK: YES/NO'

Conversation:
Speaker 1:  I'm trying to format wiki_link into multiple columns (3 columns) due to the size of the list - there are currently several screens full of nothing but long a long scrolling list of citations. I tried using wiki_link but it doesn't render in 3 columns in my browser (or the majority of browsers). Are there any other alternatives I can use to make the references appear in 2 or 3 columns or to otherwise drastically reduce the screen estate taken up by the citations? Thanks - The speaker begins by expressing a need for assistance with formatting issues, specifically seeking alternatives to improve the visual presentation of a lengthy list. Their tone is one of seeking help and exploring potential solutions. Throughout the conversation, the speaker remains focused on finding an effective method to address their formatting challenge, maintaining a problem-solving attitude and openness to suggestions.","assistant<|end_header_id|>

ATTACK: NO",no,no,1
103682985.3190.3190,scd,llama70b,False,"Speaker 1:  ==== Rockpocket not to be investigated ====
No","You are an assistant trained to detect early warning signs of toxic behavior in online conversations. Predict whether the conversation is likely to result in a personal attack later on. Provide your answer in the format 'ATTACK: YES/NO'

Conversation:
Speaker 1:  ==== Rockpocket not to be investigated ====
No The conversation begins with a firm stance, as one speaker expresses a clear and concise disagreement. The tone is assertive and unyielding, suggesting a strong conviction. There is no indication of a shift in sentiment or intention, as the speaker maintains their position without elaboration or engagement in further discussion. The brevity and decisiveness of the response imply a closed conversational strategy, with no room for negotiation or persuasion.","assistant<|end_header_id|>

ATTACK: YES

Reasoning:

* The speaker's tone is assertive and unyielding, which may be perceived as confrontational or dismissive.
* The brevity and decisiveness of the response may be seen as a refusal to engage in a constructive conversation, potentially leading to frustration or escalation.
* The use of a firm stance without elaboration or justification may be perceived as arrogant or unyielding, which could provoke a defensive or aggressive response from others.

While the conversation has not yet turned personal, the speaker's approach may create an environment where others feel belittled or dismissed, potentially leading to a personal attack later on.",no,yes,0
103713917.1219.1219,scd,llama70b,False,Speaker 1:  SCZs comment No its what you infer that is causing you a problem. You need to grow out of the schoolboy innuendo syndrome. BTW you may have forgotten that I'm blocked. So how else can I make comment except here?,"You are an assistant trained to detect early warning signs of toxic behavior in online conversations. Predict whether the conversation is likely to result in a personal attack later on. Provide your answer in the format 'ATTACK: YES/NO'

Conversation:
Speaker 1:  SCZs comment No its what you infer that is causing you a problem. You need to grow out of the schoolboy innuendo syndrome. BTW you may have forgotten that I'm blocked. So how else can I make comment except here? The speaker begins with a defensive tone, addressing perceived misinterpretations by the other party. They suggest a need for maturity in understanding, implying frustration with the current communication dynamic. The speaker also highlights a limitation in communication due to being blocked, which suggests an intention to clarify or continue the conversation despite existing barriers. The overall sentiment is one of exasperation mixed with a desire to resolve misunderstandings.","assistant<|end_header_id|>

ATTACK: YES

Reasoning: 

* The speaker begins with a defensive tone, which can escalate into aggression.
* The use of the phrase ""schoolboy innuendo syndrome"" is a form of condescension, implying the other party is immature, which can be perceived as a personal attack.
* The speaker's frustration and exasperation may boil over into more aggressive language or personal attacks as the conversation continues.
* The fact that the speaker is commenting despite being blocked suggests a strong desire to have the last word or prove a point, which can lead to further conflict and personal attacks.",yes,yes,1
104033285.691.691,scd,llama70b,False,"Speaker 1:  Since we're going by official spellings from now on, shouldn't this page be moved to ""Masked Rider Den-O""?.","You are an assistant trained to detect early warning signs of toxic behavior in online conversations. Predict whether the conversation is likely to result in a personal attack later on. Provide your answer in the format 'ATTACK: YES/NO'

Conversation:
Speaker 1:  Since we're going by official spellings from now on, shouldn't this page be moved to ""Masked Rider Den-O""?. The conversation begins with a participant suggesting a change based on official guidelines, indicating a focus on accuracy and adherence to standards. As the discussion progresses, participants exhibit a mix of agreement and skepticism, with some emphasizing the importance of consistency and others questioning the necessity of the change. The dialogue reflects a balance between maintaining established practices and adapting to new information, with participants employing reasoning and negotiation to reach a consensus.","assistant<|end_header_id|>

ATTACK: NO",yes,no,0
104093979.937.937,scd,llama70b,False,"Speaker 1: This is the '''only warning''' you will receive. Your actions will not be tolerated. The next time you wiki_link Wikipedia, you '''will''' be wiki_link. ","You are an assistant trained to detect early warning signs of toxic behavior in online conversations. Predict whether the conversation is likely to result in a personal attack later on. Provide your answer in the format 'ATTACK: YES/NO'

Conversation:
Speaker 1: This is the '''only warning''' you will receive. Your actions will not be tolerated. The next time you wiki_link Wikipedia, you '''will''' be wiki_link.  The conversation begins with a stern and authoritative tone, as one speaker issues a clear warning about unacceptable actions. The speaker's intention is to assert control and set boundaries, using definitive language to emphasize the seriousness of the situation. The strategy is direct and uncompromising, indicating a zero-tolerance policy. There is no indication of a shift in sentiment or strategy, as the speaker maintains a firm stance throughout.","assistant<|end_header_id|>

ATTACK: YES",yes,yes,1
104289055.68565.68565,scd,llama70b,False,"Speaker 1: this is amusing how some people try to change historical facts and falsly accuse others for doing so !!! first of all this body of water has not been always persian gulf, it had different names through history and this is a FACT. civilizations lived on the coasts of this gulf for thousands of years and they were not all Persians, the sumerian called the body of water the ""lower sea"" and the Babylonians called it the ""bitter sea"" and then the persians called it ""Persian sea"", and the changing continued after that, it was called ""Basra Gulf"" by the Ottomans and Arabs Now calls it Arabian Gulf.( there are good evidences that Arabian Gulf name was used long time before 1960s from the maps showed above by one of the members here) the point is that it had '''different names''' and Wikipedia as a nutral source of information should recognise that and not bow to nationalisim, and ""many"" iranians has to read historical books ( neutral ones) before they start shouting here like igonrant nationalists. ","You are an assistant trained to detect early warning signs of toxic behavior in online conversations. Predict whether the conversation is likely to result in a personal attack later on. Provide your answer in the format 'ATTACK: YES/NO'

Conversation:
Speaker 1: this is amusing how some people try to change historical facts and falsly accuse others for doing so !!! first of all this body of water has not been always persian gulf, it had different names through history and this is a FACT. civilizations lived on the coasts of this gulf for thousands of years and they were not all Persians, the sumerian called the body of water the ""lower sea"" and the Babylonians called it the ""bitter sea"" and then the persians called it ""Persian sea"", and the changing continued after that, it was called ""Basra Gulf"" by the Ottomans and Arabs Now calls it Arabian Gulf.( there are good evidences that Arabian Gulf name was used long time before 1960s from the maps showed above by one of the members here) the point is that it had '''different names''' and Wikipedia as a nutral source of information should recognise that and not bow to nationalisim, and ""many"" iranians has to read historical books ( neutral ones) before they start shouting here like igonrant nationalists.  The conversation begins with a speaker expressing amusement and frustration over perceived historical inaccuracies and accusations. The speaker's tone is assertive and somewhat confrontational, aiming to correct what they see as a biased narrative. They emphasize the importance of neutrality and historical accuracy, suggesting that others should educate themselves with unbiased sources. The speaker maintains a critical stance throughout, focusing on advocating for a more balanced understanding of historical naming conventions.","assistant<|end_header_id|>

ATTACK: YES

Reasoning:

* The speaker's tone is assertive and somewhat confrontational, which may be perceived as aggressive by others.
* The speaker accuses others of being ""ignorant nationalists"" and implies that they are not educated on the topic, which could be seen as a personal attack.
* The speaker also makes a general statement about ""many Iranians"" needing to read historical books, which could be perceived as a stereotype or a broad-brush criticism.
* The speaker's use of strong language, such as ""amusing"" and ""ignorant"", may escalate the conversation and lead to defensiveness from others.
* The speaker's focus on correcting others and advocating for a specific narrative may lead to a sense of superiority, which could be perceived as condescending or belittling by others.

Overall, while the speaker's intention may be to correct historical inaccuracies, their tone and language may be perceived as confrontational and critical, which could lead",yes,yes,1
104887604.5394.5394,scd,llama70b,False,"Speaker 1:  I recently added three links noting community criticism of Farmers Insurance in (what I thought) was the appropriate section of the article.  It was reverted, which is fine, except I don't fully understand what I did wrong?  Farmers has the most complaints of a national carrier, and as far as I can tell the most gripe sites about it as well.  If I understand correctly, the issue with the gripe site links is that they are not primary sources?  would linking to a clearinghouse of gripesites in general (www.webgripesites.com) be more acceptable?
Cheers,
-nB","You are an assistant trained to detect early warning signs of toxic behavior in online conversations. Predict whether the conversation is likely to result in a personal attack later on. Provide your answer in the format 'ATTACK: YES/NO'

Conversation:
Speaker 1:  I recently added three links noting community criticism of Farmers Insurance in (what I thought) was the appropriate section of the article.  It was reverted, which is fine, except I don't fully understand what I did wrong?  Farmers has the most complaints of a national carrier, and as far as I can tell the most gripe sites about it as well.  If I understand correctly, the issue with the gripe site links is that they are not primary sources?  would linking to a clearinghouse of gripesites in general (www.webgripesites.com) be more acceptable?
Cheers,
-nB The speaker begins by expressing confusion and seeking clarification about the reversion of their edits, indicating a willingness to understand and adhere to guidelines. They acknowledge the reversion without resistance, showing openness to feedback. The speaker attempts to justify their initial actions by providing context and reasoning, while also proposing an alternative solution. Throughout, the speaker maintains a respectful and inquisitive tone, aiming to resolve the issue collaboratively.","assistant<|end_header_id|>

ATTACK: NO",no,no,1
105940061.1753.1753,scd,llama70b,False,"Speaker 1: I see you reverted the change to wiki_link.  To prevent a revert war, please add your comments to the wiki_link. — ","You are an assistant trained to detect early warning signs of toxic behavior in online conversations. Predict whether the conversation is likely to result in a personal attack later on. Provide your answer in the format 'ATTACK: YES/NO'

Conversation:
Speaker 1: I see you reverted the change to wiki_link.  To prevent a revert war, please add your comments to the wiki_link. —  The conversation begins with a speaker addressing a recent action taken by the other party, specifically a reversion of a change. The speaker aims to prevent further conflict by suggesting a collaborative approach, encouraging the other party to contribute their thoughts constructively. The tone is conciliatory, focusing on cooperation and dialogue to resolve the issue amicably. The strategy is to promote discussion and avoid escalation, indicating a desire for a peaceful resolution.","assistant<|end_header_id|>

ATTACK: NO",yes,no,0
105983711.6035.6035,scd,llama70b,False,"Speaker 1:  I found this article via the critic sites that I added to the article. According to the real bad accounts of those sites, it appears the article may be constantly checked by Farmers people and ""fixed"", so I'm putting the links here too:
* external_link
* external_link
I have never done business with these guys, this is the first time I heard about them, I'm trying to include interesting and informative links to the article... Oh, talk page already has someone from the company... interesting...","You are an assistant trained to detect early warning signs of toxic behavior in online conversations. Predict whether the conversation is likely to result in a personal attack later on. Provide your answer in the format 'ATTACK: YES/NO'

Conversation:
Speaker 1:  I found this article via the critic sites that I added to the article. According to the real bad accounts of those sites, it appears the article may be constantly checked by Farmers people and ""fixed"", so I'm putting the links here too:
* external_link
* external_link
I have never done business with these guys, this is the first time I heard about them, I'm trying to include interesting and informative links to the article... Oh, talk page already has someone from the company... interesting... The speaker begins by expressing skepticism about an article's credibility, suggesting it may be manipulated by interested parties. They provide external links to support their concerns and clarify their lack of prior engagement with the company in question. The speaker's tone is investigative and cautious, aiming to enhance the article's informational value. They note the presence of a company representative on the discussion page, which they find intriguing, hinting at a potential bias or influence.","assistant<|end_header_id|>

ATTACK: NO

The conversation starts with a neutral and investigative tone, with the speaker expressing skepticism about the article's credibility and providing evidence to support their concerns. The language used is objective and focused on the topic, without any personal attacks or aggressive tone. The speaker's clarification of their lack of prior engagement with the company and their aim to add informative links to the article suggests a genuine interest in improving the article's quality. The note about the company representative on the discussion page is made in a neutral and observational tone, without any accusatory language. Overall, the conversation appears to be focused on the topic and lacks any early warning signs of toxic behavior or personal attacks.",yes,no,0
106086467.6813.6813,scd,llama70b,False,Speaker 1: Why is blocked user light current allowed to evade his block without sanction?  - ,"You are an assistant trained to detect early warning signs of toxic behavior in online conversations. Predict whether the conversation is likely to result in a personal attack later on. Provide your answer in the format 'ATTACK: YES/NO'

Conversation:
Speaker 1: Why is blocked user light current allowed to evade his block without sanction?  -  The conversation begins with a participant expressing concern over a perceived issue, questioning the lack of enforcement. As the discussion progresses, the tone shifts towards seeking clarification and understanding of the situation. Participants engage in back-and-forth exchanges, with some defending the current state while others push for stricter measures. The dialogue reflects a mix of frustration and a desire for resolution, with varying degrees of assertiveness and openness to different perspectives.","assistant<|end_header_id|>

ATTACK: NO

The conversation starts with a critical tone, but as it progresses, the focus shifts to understanding and seeking clarification, indicating a willingness to engage in a constructive discussion. While frustration and assertiveness are present, the dialogue remains focused on the issue rather than targeting individuals, suggesting that the conversation is unlikely to escalate into a personal attack.",yes,no,0
106097715.8104.8104,scd,llama70b,False,"Speaker 1: Yes, I should have just written Dweller. He, of course, could have... let's see: Not assumed that I was ""prejudiced"" Not assumed my POV Not transparently and obviously engaged in pedantic arguing for the sake thereof Oh wait, let me give you a big 4: 4. .  - ","You are an assistant trained to detect early warning signs of toxic behavior in online conversations. Predict whether the conversation is likely to result in a personal attack later on. Provide your answer in the format 'ATTACK: YES/NO'

Conversation:
Speaker 1: Yes, I should have just written Dweller. He, of course, could have... let's see: Not assumed that I was ""prejudiced"" Not assumed my POV Not transparently and obviously engaged in pedantic arguing for the sake thereof Oh wait, let me give you a big 4: 4. .  -  The conversation begins with a speaker expressing frustration and defensiveness, suggesting a previous misunderstanding or miscommunication. The speaker lists grievances, indicating a desire to clarify their position and counter perceived assumptions. The tone is somewhat confrontational, focusing on addressing what they view as unfair judgments or argumentative tactics. The speaker seems intent on asserting their perspective and correcting perceived misconceptions, maintaining a critical stance throughout.","assistant<|end_header_id|>

ATTACK: YES",no,yes,0
106700421.14794.14794,scd,llama70b,False,"Speaker 1:  Hi UBeR, sections or parapgraphs that are just summaries of a referenced main article (as wiki_link in wiki_link) do not need to reproduce the original sourced. wiki_link is ensured via the link to the main article. Reproducing everything in full would be cumbersome and antiproductive. If you insist, I'm ready to stick a {{main}} tag onto that section, but given the prominent link given, I find that rather inelegant.","You are an assistant trained to detect early warning signs of toxic behavior in online conversations. Predict whether the conversation is likely to result in a personal attack later on. Provide your answer in the format 'ATTACK: YES/NO'

Conversation:
Speaker 1:  Hi UBeR, sections or parapgraphs that are just summaries of a referenced main article (as wiki_link in wiki_link) do not need to reproduce the original sourced. wiki_link is ensured via the link to the main article. Reproducing everything in full would be cumbersome and antiproductive. If you insist, I'm ready to stick a {{main}} tag onto that section, but given the prominent link given, I find that rather inelegant. The speaker begins by addressing UBeR with a firm stance on not reproducing full content from a main article, emphasizing efficiency and elegance. They express willingness to compromise with a {{main}} tag but maintain that the current approach is more effective. The speaker's strategy is to balance adherence to guidelines with practical considerations, showing openness to suggestions while advocating for their preferred method.","assistant<|end_header_id|>

ATTACK: NO

Reasoning: The speaker presents a clear and well-reasoned argument, addressing UBeR by username and engaging in a constructive discussion about wiki formatting. The tone is assertive but polite, with a focus on finding a practical solution that balances guidelines with efficiency. The speaker shows willingness to compromise and listen to opposing views, indicating a collaborative approach rather than a confrontational one. There is no apparent emotional escalation, personal criticism, or aggressive language, suggesting that the conversation is likely to remain respectful and focused on the topic at hand.",no,no,1
107047394.5221.5221,scd,llama70b,False,"Speaker 1: Hiya, I guess I'm a bit confused about how the WikiProject's assessment process is working, so perhaps you could help me?  Currently the box on the Templar talkpage has several entries like ""References, not checked; Structure, not checked; etc.""  How do I get those checked?  Do I just go through them myself, or is there a more formal process that's needed?  Thanks, ","You are an assistant trained to detect early warning signs of toxic behavior in online conversations. Predict whether the conversation is likely to result in a personal attack later on. Provide your answer in the format 'ATTACK: YES/NO'

Conversation:
Speaker 1: Hiya, I guess I'm a bit confused about how the WikiProject's assessment process is working, so perhaps you could help me?  Currently the box on the Templar talkpage has several entries like ""References, not checked; Structure, not checked; etc.""  How do I get those checked?  Do I just go through them myself, or is there a more formal process that's needed?  Thanks,  The conversation begins with the speaker expressing confusion and seeking clarification about a process, indicating a need for guidance. The speaker's tone is polite and open, suggesting a willingness to learn and follow the correct procedure. They inquire about whether they should take personal initiative or if a formal process is required, showing a balance between independence and adherence to established protocols. The overall sentiment is one of curiosity and a desire for understanding.","assistant<|end_header_id|>

ATTACK: NO",no,no,1
107319885.2036.0,scd,llama70b,False,"Speaker 1: ''In the United States eight to ten football players die each year.'' Do you have a source backing this statement up?  I'm curious about this.  I follow the sport closely and I am not familiar with this statistic. It could be a fact, if you include 40+ people in poor shape (like myself) suffering a heart failure while playing whatever with the kids or office mates. While not a source, sports insurance is significantly higher for hockey and football players than any other sports, which shows at least that they are more likely to be seriously injured. ","You are an assistant trained to detect early warning signs of toxic behavior in online conversations. Predict whether the conversation is likely to result in a personal attack later on. Provide your answer in the format 'ATTACK: YES/NO'

Conversation:
Speaker 1: ''In the United States eight to ten football players die each year.'' Do you have a source backing this statement up?  I'm curious about this.  I follow the sport closely and I am not familiar with this statistic. It could be a fact, if you include 40+ people in poor shape (like myself) suffering a heart failure while playing whatever with the kids or office mates. While not a source, sports insurance is significantly higher for hockey and football players than any other sports, which shows at least that they are more likely to be seriously injured.  The conversation begins with curiosity and skepticism about a statistic related to football player fatalities, prompting a request for a source. The speaker expresses interest and a personal connection to the sport, suggesting openness to discussion. They acknowledge the possibility of the statistic being accurate under specific conditions and provide related information about sports insurance as indirect evidence, indicating a strategy of exploring related contexts to understand the claim better.","assistant<|end_header_id|>

ATTACK: NO

The conversation starts with a neutral and inquiring tone, with Speaker 1 expressing curiosity and skepticism about the statistic. The language used is polite and open-minded, with phrases like ""I'm curious about this"" and ""I follow the sport closely."" The speaker also provides a personal anecdote and some related information about sports insurance, which suggests a willingness to engage in a constructive discussion. There is no aggressive or confrontational language, and the tone is collaborative and exploratory. Overall, the conversation appears to be focused on seeking information and understanding, rather than attacking or provoking.",yes,no,0
107319885.27209.0,scd,llama70b,False,"Speaker 1: Of course English users contributing here are largely from USA and Canada, but we should try to make article more objective and also provide news about other major nations. Also, if NHL is clearly the most powerful league in the world, hockey played in North America '''is not''' hockey in general, so every info should be provided with always mentioning its local nature. In fact, from what I seem in recent times Canada and USA failed to win any important international competition, and strongest players are almost all from Europe, aren't they? Bye and good work. ","You are an assistant trained to detect early warning signs of toxic behavior in online conversations. Predict whether the conversation is likely to result in a personal attack later on. Provide your answer in the format 'ATTACK: YES/NO'

Conversation:
Speaker 1: Of course English users contributing here are largely from USA and Canada, but we should try to make article more objective and also provide news about other major nations. Also, if NHL is clearly the most powerful league in the world, hockey played in North America '''is not''' hockey in general, so every info should be provided with always mentioning its local nature. In fact, from what I seem in recent times Canada and USA failed to win any important international competition, and strongest players are almost all from Europe, aren't they? Bye and good work.  The speaker begins by acknowledging the predominance of North American contributors and emphasizes the need for objectivity and global representation in articles. They advocate for including diverse perspectives, particularly in sports, to reflect international contexts. The speaker's tone is constructive, aiming to encourage inclusivity and accuracy. They conclude with a positive note, wishing good work, indicating a cooperative and forward-looking attitude throughout the conversation.","assistant<|end_header_id|>

ATTACK: NO",no,no,1
108176670.53894.53894,scd,llama70b,False,"Speaker 1: Like the previous poster, I find all kinds of great info here in Computer Science, Physics, and Mathematics that is nowhere else that I know of. I have a PhD in Physics, so let me simply concentrate on a few Physics articles that I have read. Uniformly, 10 out of 10, they were good articles.  Each was packed with accurate information and was a wonderful bringing-together of multiple perspectives.  I remember thinking: I wish this had been around when I was a grad student at Caltech back in the 80's, and no class or professor could give such a concise and accurate treatment of many aspects of particle physics (my specialty). Here is something I noticed: several of these very good articles are marked as ""start class"" or some such thing...which I guess is some sort of rating scheme.  I think the ratings simply have not caught up with the quality of the contents. Steve Otto ","You are an assistant trained to detect early warning signs of toxic behavior in online conversations. Predict whether the conversation is likely to result in a personal attack later on. Provide your answer in the format 'ATTACK: YES/NO'

Conversation:
Speaker 1: Like the previous poster, I find all kinds of great info here in Computer Science, Physics, and Mathematics that is nowhere else that I know of. I have a PhD in Physics, so let me simply concentrate on a few Physics articles that I have read. Uniformly, 10 out of 10, they were good articles.  Each was packed with accurate information and was a wonderful bringing-together of multiple perspectives.  I remember thinking: I wish this had been around when I was a grad student at Caltech back in the 80's, and no class or professor could give such a concise and accurate treatment of many aspects of particle physics (my specialty). Here is something I noticed: several of these very good articles are marked as ""start class"" or some such thing...which I guess is some sort of rating scheme.  I think the ratings simply have not caught up with the quality of the contents. Steve Otto  The speaker begins with a positive sentiment, expressing appreciation for the resourcefulness of the platform in providing valuable information in various scientific fields. They maintain a consistent tone of admiration, particularly for the quality and comprehensiveness of the Physics articles. The speaker reflects nostalgically on their academic past, suggesting a desire for such resources during their own studies. They conclude by questioning the platform's rating system, implying it undervalues the articles' quality, thus maintaining a critical yet appreciative stance.","assistant<|end_header_id|>

ATTACK: NO",no,no,1
108254711.66560.66560,scd,llama70b,False,"Speaker 1: How could Wikipedia face these challenges? Scrap the current monolithic article model, and begin publishing incremental edits in wiki_link instead. Make a wiki_link. (I realize this term is already used in wiki_link, which sounds more like wiki_link content edited in a traditional wiki.) This way, independent third-parties could serve customized edit filters into the main Wikipedia database. For instance, one site could serve only articles composed of edits made by scholars (together with minor edits by non-scholars perhaps, to allow for things like spelling corrections). Another site could serve only articles composed of edits approved by a board of editors whose particular editorial style you like. Yet another site could serve edits based on mass moderation. And yet another site (say, wikipedia.org) could allow you to select from all the available edits to an article in order to tailor the article which meets your exact quality demands. Companies like Google could mirror the edit database and apply their own proprietary search and ranking technologies. Contributors could discuss and evaluate single edits in detail, and so on. Wikis has opened up editing. Now let's open up viewing as well. ","You are an assistant trained to detect early warning signs of toxic behavior in online conversations. Predict whether the conversation is likely to result in a personal attack later on. Provide your answer in the format 'ATTACK: YES/NO'

Conversation:
Speaker 1: How could Wikipedia face these challenges? Scrap the current monolithic article model, and begin publishing incremental edits in wiki_link instead. Make a wiki_link. (I realize this term is already used in wiki_link, which sounds more like wiki_link content edited in a traditional wiki.) This way, independent third-parties could serve customized edit filters into the main Wikipedia database. For instance, one site could serve only articles composed of edits made by scholars (together with minor edits by non-scholars perhaps, to allow for things like spelling corrections). Another site could serve only articles composed of edits approved by a board of editors whose particular editorial style you like. Yet another site could serve edits based on mass moderation. And yet another site (say, wikipedia.org) could allow you to select from all the available edits to an article in order to tailor the article which meets your exact quality demands. Companies like Google could mirror the edit database and apply their own proprietary search and ranking technologies. Contributors could discuss and evaluate single edits in detail, and so on. Wikis has opened up editing. Now let's open up viewing as well.  The speaker begins by proposing a solution to a challenge, suggesting a shift from a traditional model to a more dynamic and customizable approach. They maintain a constructive and innovative tone throughout, emphasizing the benefits of increased flexibility and personalization. The speaker's strategy involves envisioning various possibilities for customization and collaboration, highlighting the potential for diverse contributions and evaluations. Their intention is to broaden access and engagement, fostering a more inclusive and adaptable platform.","assistant<|end_header_id|>

ATTACK: NO

The speaker presents a well-reasoned and thought-provoking idea, focusing on potential solutions and benefits. The tone is constructive, and the language is neutral and respectful. There is no indication of personal criticism, condescension, or aggression, which are common precursors to toxic behavior. The speaker's emphasis on collaboration, customization, and inclusivity suggests a positive and respectful approach to discussion.",yes,no,0
108309135.0.0,scd,llama70b,False,"Speaker 1: Thanks for dropping in on my talk page, and providing the info re screening dates.  I checked out foyleswar.com but could only find confirmed dates for Australia. It is a fan site, and seems a bit imprecise about some details.  Anyway, I've taken it to wiki_link.  I see from the history that you've contributed to the ''Foyle's War'' pages before.   and I are hoping to develop episode pages.  Advice or help most welcome 
Speaker 2: Oops, didn't see this comment, sorry, Gwinva. I've already spent five years building fw.com and, as we are in the middle of FW5 with all the work that entails with detailed summaries etc, I don't have any time to help, as such, here. My main interest in the past with wiki was to keep an eye on accuracy and vandalism. I'm happy to leave you to it although I do have some concerns that the proposed scope of the wiki pages will eventually make fw.com obsolete! Where were you five years ago? ) ","You are an assistant trained to detect early warning signs of toxic behavior in online conversations. Predict whether the conversation is likely to result in a personal attack later on. Provide your answer in the format 'ATTACK: YES/NO'

Conversation:
Speaker 1: Thanks for dropping in on my talk page, and providing the info re screening dates.  I checked out foyleswar.com but could only find confirmed dates for Australia. It is a fan site, and seems a bit imprecise about some details.  Anyway, I've taken it to wiki_link.  I see from the history that you've contributed to the ''Foyle's War'' pages before.   and I are hoping to develop episode pages.  Advice or help most welcome 
Speaker 2: Oops, didn't see this comment, sorry, Gwinva. I've already spent five years building fw.com and, as we are in the middle of FW5 with all the work that entails with detailed summaries etc, I don't have any time to help, as such, here. My main interest in the past with wiki was to keep an eye on accuracy and vandalism. I'm happy to leave you to it although I do have some concerns that the proposed scope of the wiki pages will eventually make fw.com obsolete! Where were you five years ago? )  The conversation begins with S_0 expressing gratitude and seeking collaboration on developing episode pages, showing openness to advice and help. S_1 responds with an apology for the delayed reply and explains their current commitment to another project, indicating they cannot assist further. S_1 expresses a concern about the potential impact on their existing work but maintains a light-hearted tone, suggesting a willingness to let S_0 proceed independently. The exchange remains cordial, with S_0's invitation and S_1's polite decline.","assistant<|end_header_id|>

ATTACK: NO",yes,no,0
109195877.11310.11310,scd,llama70b,False,Speaker 1: Can anyone provide a reference for this material? ,"You are an assistant trained to detect early warning signs of toxic behavior in online conversations. Predict whether the conversation is likely to result in a personal attack later on. Provide your answer in the format 'ATTACK: YES/NO'

Conversation:
Speaker 1: Can anyone provide a reference for this material?  The conversation begins with a request for information, indicating a need for assistance. As it progresses, participants engage in a collaborative effort to address the request, with some offering suggestions and others seeking clarification. The tone remains cooperative and supportive throughout, with participants demonstrating a willingness to help and share knowledge. The conversation maintains a focused and constructive atmosphere, with contributors aiming to resolve the initial query effectively.","assistant<|end_header_id|>

ATTACK: NO",no,no,1
109203891.11364.11364,scd,llama70b,False,Speaker 1: There appears to be a good image of Mr Staines at [EXTERNA_LINK: http://profiles.yahoo.com/mondialglobalinvestors] but I am not sure how one would go about adding it. ,"You are an assistant trained to detect early warning signs of toxic behavior in online conversations. Predict whether the conversation is likely to result in a personal attack later on. Provide your answer in the format 'ATTACK: YES/NO'

Conversation:
Speaker 1: There appears to be a good image of Mr Staines at [EXTERNA_LINK: http://profiles.yahoo.com/mondialglobalinvestors] but I am not sure how one would go about adding it.  The conversation begins with a participant expressing uncertainty about how to add an image of Mr. Staines from an external link. The initial sentiment is one of curiosity and a desire for assistance. As the conversation progresses, the speakers maintain a collaborative tone, seeking guidance and sharing insights. The participants consistently demonstrate a willingness to help each other, with a focus on problem-solving and sharing information to achieve a common goal.","assistant<|end_header_id|>

ATTACK: NO",yes,no,0
109231098.1164.1164,scd,llama70b,False,Speaker 1: What action do you recommend for edits such as those by 64.91.7.138? ,"You are an assistant trained to detect early warning signs of toxic behavior in online conversations. Predict whether the conversation is likely to result in a personal attack later on. Provide your answer in the format 'ATTACK: YES/NO'

Conversation:
Speaker 1: What action do you recommend for edits such as those by 64.91.7.138?  The conversation begins with a request for advice on handling specific edits. The participants initially focus on gathering information and understanding the context. As the discussion progresses, they exhibit a collaborative tone, aiming to reach a consensus on the best approach. The speakers maintain a problem-solving attitude, showing openness to suggestions and adjustments. Overall, the conversation reflects a cooperative effort to address the issue effectively, with a consistent emphasis on finding a practical solution.","assistant<|end_header_id|>

ATTACK: NO",no,no,1
109266893.1218.1218,scd,llama70b,False,"Speaker 1: Currently, the text of ''wiki_link'' seems really to be about prehistoric Iberia.  Similarly, the text of ''wiki_link'' seems really to be about the same thing.  This would be perfectly understandable seeing as there was no Spain and no Portugal in prehistoric times. I have argued therefore that it would be best to have these articles merged under a title which indicates the geographical region rather than the modern states.  I have proposed the articles be merged and moved to ''wiki_link''.  Please wiki_link my proposal. wiki_link ","You are an assistant trained to detect early warning signs of toxic behavior in online conversations. Predict whether the conversation is likely to result in a personal attack later on. Provide your answer in the format 'ATTACK: YES/NO'

Conversation:
Speaker 1: Currently, the text of ''wiki_link'' seems really to be about prehistoric Iberia.  Similarly, the text of ''wiki_link'' seems really to be about the same thing.  This would be perfectly understandable seeing as there was no Spain and no Portugal in prehistoric times. I have argued therefore that it would be best to have these articles merged under a title which indicates the geographical region rather than the modern states.  I have proposed the articles be merged and moved to ''wiki_link''.  Please wiki_link my proposal. wiki_link  The speaker begins by identifying an overlap in content between two articles, noting their focus on prehistoric Iberia rather than modern states. They argue for merging the articles under a geographically appropriate title, suggesting a collaborative approach by inviting others to review and support the proposal. The speaker maintains a consistent intention to improve the content organization and seeks consensus through a structured proposal, indicating a strategic and cooperative approach throughout the conversation.","assistant<|end_header_id|>

ATTACK: NO",no,no,1
109376539.2407.2407,scd,llama70b,False,"Speaker 1: Since you were so dead-set on moving this page (without any discussion), you had better now fix all the redirects.  It should just be about a day's work. ","You are an assistant trained to detect early warning signs of toxic behavior in online conversations. Predict whether the conversation is likely to result in a personal attack later on. Provide your answer in the format 'ATTACK: YES/NO'

Conversation:
Speaker 1: Since you were so dead-set on moving this page (without any discussion), you had better now fix all the redirects.  It should just be about a day's work.  The conversation begins with a confrontational tone, as one speaker expresses frustration over the other's unilateral decision. The speaker's intention is to hold the other accountable for the consequences of their actions. The strategy is direct and demands responsibility, indicating a persistent sentiment of dissatisfaction. The conversation's trajectory suggests a focus on resolving the issue while emphasizing the need for proper communication and collaboration in future actions.","assistant<|end_header_id|>

ATTACK: NO",yes,no,0
109823148.2068.2068,scd,llama70b,False,Speaker 1: For fixing the revert on Evolution. I saw I hadn't gone far enough but lag... ah well. ,"You are an assistant trained to detect early warning signs of toxic behavior in online conversations. Predict whether the conversation is likely to result in a personal attack later on. Provide your answer in the format 'ATTACK: YES/NO'

Conversation:
Speaker 1: For fixing the revert on Evolution. I saw I hadn't gone far enough but lag... ah well.  The conversation begins with an acknowledgment of a mistake and a technical issue, setting a tone of understanding and acceptance. The speaker seems to be addressing a past action, indicating a willingness to correct or improve upon it. The sentiment is one of mild frustration mixed with acceptance, suggesting a cooperative and constructive approach to resolving the issue. The overall tone is positive and focused on progress and resolution.","assistant<|end_header_id|>

ATTACK: NO",yes,no,0
110757749.4492.4492,scd,llama70b,False,Speaker 1: just becuase the lyrics are copyrighted didnt mean you had to take every other thing off!!!! whats wrong with you! —The preceding wiki_link comment was added by   •  . ,"You are an assistant trained to detect early warning signs of toxic behavior in online conversations. Predict whether the conversation is likely to result in a personal attack later on. Provide your answer in the format 'ATTACK: YES/NO'

Conversation:
Speaker 1: just becuase the lyrics are copyrighted didnt mean you had to take every other thing off!!!! whats wrong with you! —The preceding wiki_link comment was added by   •  .  The conversation begins with a speaker expressing frustration and dissatisfaction, likely in response to an action that was taken. The tone is accusatory and confrontational, suggesting a strong emotional reaction. The speaker's intention seems to be to challenge or criticize the decision made by another party. There is no indication of a shift in sentiment or strategy within this brief exchange, as it is dominated by the initial outburst.","assistant<|end_header_id|>

ATTACK: YES",yes,yes,1
111356473.3090.3090,scd,llama70b,False,"Speaker 1:  Tactics such as strategic 3RR maneuvering are well-recognized on Wikipedia, and you'll be at the same count as me should you keep this up.","You are an assistant trained to detect early warning signs of toxic behavior in online conversations. Predict whether the conversation is likely to result in a personal attack later on. Provide your answer in the format 'ATTACK: YES/NO'

Conversation:
Speaker 1:  Tactics such as strategic 3RR maneuvering are well-recognized on Wikipedia, and you'll be at the same count as me should you keep this up. The conversation begins with a speaker highlighting a strategic maneuver, suggesting a competitive or cautionary tone. As the dialogue progresses, the speakers maintain a focus on strategic considerations, with an underlying tension or rivalry. The interaction reflects a persistent engagement in tactical discourse, with each participant seemingly intent on maintaining their position or advantage. The conversation remains centered on strategic awareness and competitive dynamics without significant shifts in sentiment or approach.","assistant<|end_header_id|>

ATTACK: NO

The conversation appears to be focused on a specific topic (strategic maneuvering on Wikipedia) and maintains a tone of caution and competitiveness, but does not escalate into personal attacks or aggressive language. The speakers seem to be engaged in a tactical discussion, with each trying to maintain their position or advantage, but without crossing into toxic behavior. The tone is intense, but remains focused on the topic at hand, suggesting that the conversation is unlikely to result in a personal attack.",yes,no,0
111452484.5860.5860,scd,llama70b,False,"Speaker 1: Hi Natalie, I just want to let you know that you are violating wiki_link.  I'm not an administrator, and I don't know what  is doing or whether its vandalism.  But you may be better off reporting him rather than engage in an edit war. ","You are an assistant trained to detect early warning signs of toxic behavior in online conversations. Predict whether the conversation is likely to result in a personal attack later on. Provide your answer in the format 'ATTACK: YES/NO'

Conversation:
Speaker 1: Hi Natalie, I just want to let you know that you are violating wiki_link.  I'm not an administrator, and I don't know what  is doing or whether its vandalism.  But you may be better off reporting him rather than engage in an edit war.  The conversation begins with a speaker addressing Natalie, expressing concern over her actions and suggesting a more constructive approach to resolving the issue. The speaker maintains a neutral and advisory tone, aiming to guide Natalie towards a more effective resolution strategy rather than escalating the situation. The intention is to prevent further conflict and encourage a more cooperative and rule-abiding approach.","assistant<|end_header_id|>

ATTACK: NO",no,no,1
111603073.8923.8923,scd,llama70b,False,"Speaker 1:  Compromise solution, to prevent an edit war. I'll accept Chapeltown and Darnall, as the stn art lnk template didn't conatin the map links to these. I've also left it out of Dore, but added code=DOR to the infobox. However, Woodhouse needs the template to link to the map, until such time as an alternative such as coords can be provided. In order to avoid duplicate information, I've temporarily commented out code=WDH in the infobox. This can then be replaced and the stn art lnk template removed. I hope you can accept this compromise. Incidentally, I would hazard a guess that you live in that part of the world. This is fine for giving you extra knowledge for including in these articles, but please bear in mind the official policies about wiki_link and wiki_link.–","You are an assistant trained to detect early warning signs of toxic behavior in online conversations. Predict whether the conversation is likely to result in a personal attack later on. Provide your answer in the format 'ATTACK: YES/NO'

Conversation:
Speaker 1:  Compromise solution, to prevent an edit war. I'll accept Chapeltown and Darnall, as the stn art lnk template didn't conatin the map links to these. I've also left it out of Dore, but added code=DOR to the infobox. However, Woodhouse needs the template to link to the map, until such time as an alternative such as coords can be provided. In order to avoid duplicate information, I've temporarily commented out code=WDH in the infobox. This can then be replaced and the stn art lnk template removed. I hope you can accept this compromise. Incidentally, I would hazard a guess that you live in that part of the world. This is fine for giving you extra knowledge for including in these articles, but please bear in mind the official policies about wiki_link and wiki_link.– The speaker proposes a compromise to prevent conflict, showing a willingness to adapt and find a middle ground. They express openness to accepting certain changes while suggesting temporary measures for unresolved issues. The speaker also acknowledges the other party's potential expertise due to their geographical proximity, while gently reminding them of adherence to official guidelines. The tone remains conciliatory and cooperative throughout, aiming to balance both parties' interests and maintain harmony.","assistant<|end_header_id|>

ATTACK: NO",no,no,1
111898199.3579.3589,scd,llama70b,False,Speaker 1:  Hello Hipocrite.  I'm here to ask you politely not to continue reverting the fair use campaign logo on wiki_link.  Apparently there has been no consensus not to include the photo on the talk page nor do I see anyone in the FAC nomination to clearly object to it other than yourself.  Please be careful not to violate the three-revert rule as you're about to with this debate.  I will leave a note on the talk page of the article where I invite you and the others involved in this debate to decide whether or not to include the campaign logo.,"You are an assistant trained to detect early warning signs of toxic behavior in online conversations. Predict whether the conversation is likely to result in a personal attack later on. Provide your answer in the format 'ATTACK: YES/NO'

Conversation:
Speaker 1:  Hello Hipocrite.  I'm here to ask you politely not to continue reverting the fair use campaign logo on wiki_link.  Apparently there has been no consensus not to include the photo on the talk page nor do I see anyone in the FAC nomination to clearly object to it other than yourself.  Please be careful not to violate the three-revert rule as you're about to with this debate.  I will leave a note on the talk page of the article where I invite you and the others involved in this debate to decide whether or not to include the campaign logo. The conversation begins with a polite request to cease reverting a change on a wiki page, highlighting a lack of consensus against the inclusion of a photo. The speaker maintains a respectful tone while cautioning against rule violations and proposes a collaborative discussion on the talk page to resolve the issue. The approach is diplomatic, aiming to engage others in dialogue and reach a collective decision.","assistant<|end_header_id|>

ATTACK: NO",no,no,1
112610040.70740.70740,scd,llama70b,False,"Speaker 1: Persian Gulf in Arabic is الخليج الفارسي al-khalīj al-fārisi NOT الخليج العربي al-khalīj al-ārbī which translates as Arabian Gulf. 
Speaker 2: also check here: . 
S_2: Hi all, regarding this gulf, it is indeed called الخليج العربي (The Arabic Gulf) in Arabic. The debate we are trying to have here is not really about who has 'control' over it, but the naming in the Arabic language. Indeed, الخليج العربي is what it is called and has been called for a long time. As for the actual gulf itself, it isn't controlled or owned by one of the two sides. And for some of the editors here who are vehemently defending the naming الخليج الفارسي without proper sources, or even proper justification, please stop. There is no reason to start a lame edit war over something like this, the title of the article should follow what it is commonly referred to in English, since this is English wikipedia, but whether you like it or not, the fact is that in Arabic it is called 'The Arabic Gulf'. Thanks. ","You are an assistant trained to detect early warning signs of toxic behavior in online conversations. Predict whether the conversation is likely to result in a personal attack later on. Provide your answer in the format 'ATTACK: YES/NO'

Conversation:
Speaker 1: Persian Gulf in Arabic is الخليج الفارسي al-khalīj al-fārisi NOT الخليج العربي al-khalīj al-ārbī which translates as Arabian Gulf. 
Speaker 2: also check here: . 
S_2: Hi all, regarding this gulf, it is indeed called الخليج العربي (The Arabic Gulf) in Arabic. The debate we are trying to have here is not really about who has 'control' over it, but the naming in the Arabic language. Indeed, الخليج العربي is what it is called and has been called for a long time. As for the actual gulf itself, it isn't controlled or owned by one of the two sides. And for some of the editors here who are vehemently defending the naming الخليج الفارسي without proper sources, or even proper justification, please stop. There is no reason to start a lame edit war over something like this, the title of the article should follow what it is commonly referred to in English, since this is English wikipedia, but whether you like it or not, the fact is that in Arabic it is called 'The Arabic Gulf'. Thanks.  The conversation begins with a factual assertion about a naming convention, followed by a brief reference to additional information. A participant then shifts the focus to a broader debate about naming conventions in Arabic, emphasizing the importance of common usage over ownership or control. They urge against unnecessary conflict and stress the need for proper sourcing and justification. The tone remains firm but seeks to de-escalate potential disputes by prioritizing common naming practices in English contexts.","assistant<|end_header_id|>

ATTACK: NO

Reasoning: 

* The conversation starts with a factual assertion and a neutral reference to additional information.
* Speaker 2 acknowledges the opposing view (Persian Gulf) and shifts the focus to the naming convention in Arabic, emphasizing the importance of common usage.
* The tone is firm but seeks to de-escalate potential disputes by prioritizing common naming practices in English contexts.
* There is no personal attack, insult, or aggressive language used by either speaker.
* The conversation is focused on the topic at hand, and the speakers are engaging in a respectful and fact-based discussion.",no,no,1
11331921.17573.17573,scd,llama70b,False,"Speaker 1: I must be reading the wrong text. Is Beland's Alternate Proposal being ignored? The text on the project page seems to suggest that the plan is that any editor, logged in or not, who considers that any statement is insufficiently sourced will be ''encouraged'' to simply ''erase'' it? That can't be the current plan. Or can it? There are some editors who do behave this way, but they are not among the better sort. I can't believe the ten or so contributors here think that this is socially acceptable behavior, and are ready to press it as ''policy''. Add a query in brackets [?], perhaps. Or put the unsourced statement in wiki_link. Or do what every sensible Wikipedian does: remove it to Discussion, to be edited up to standard. ","You are an assistant trained to detect early warning signs of toxic behavior in online conversations. Predict whether the conversation is likely to result in a personal attack later on. Provide your answer in the format 'ATTACK: YES/NO'

Conversation:
Speaker 1: I must be reading the wrong text. Is Beland's Alternate Proposal being ignored? The text on the project page seems to suggest that the plan is that any editor, logged in or not, who considers that any statement is insufficiently sourced will be ''encouraged'' to simply ''erase'' it? That can't be the current plan. Or can it? There are some editors who do behave this way, but they are not among the better sort. I can't believe the ten or so contributors here think that this is socially acceptable behavior, and are ready to press it as ''policy''. Add a query in brackets [?], perhaps. Or put the unsourced statement in wiki_link. Or do what every sensible Wikipedian does: remove it to Discussion, to be edited up to standard.  The speaker begins with confusion and skepticism regarding the current approach being discussed, expressing disbelief and concern over the perceived acceptance of certain behaviors. They question the reasoning behind the approach and suggest alternative, more constructive strategies. The tone is critical yet constructive, aiming to prompt reconsideration and dialogue among the contributors. The speaker's intention is to advocate for a more collaborative and thoughtful process in handling unsourced statements.","assistant<|end_header_id|>

ATTACK: NO

The speaker's tone is critical, but it is directed at the proposed approach rather than making a personal attack on any individual. The language used is skeptical and questioning, with a focus on promoting a more constructive and collaborative process. The speaker also provides alternative solutions, which suggests a desire to engage in a productive discussion rather than launch a personal attack. The tone is passionate, but it is issue-focused rather than personally targeted.",no,no,1
113468765.31323.31323,scd,llama70b,False,"Speaker 1: I have seen the 2006 estimates already used on some websites, why not here?→  {ł} ","You are an assistant trained to detect early warning signs of toxic behavior in online conversations. Predict whether the conversation is likely to result in a personal attack later on. Provide your answer in the format 'ATTACK: YES/NO'

Conversation:
Speaker 1: I have seen the 2006 estimates already used on some websites, why not here?→  {ł}  The conversation begins with a question about the use of specific estimates, indicating curiosity or confusion. The speaker seems to be seeking clarification or justification for why certain information is not being utilized in the current context. The tone suggests a desire for understanding or consistency, possibly hinting at an underlying concern about accuracy or relevance. The conversation may continue with explanations or justifications in response to the initial inquiry.","assistant<|end_header_id|>

ATTACK: NO

The conversation starts with a neutral and inquiring tone, seeking clarification or justification. The speaker's language does not contain any aggressive, condescending, or dismissive undertones that are typical of toxic behavior. The tone is more curious and concerned with understanding the reasoning behind the use of certain estimates, suggesting a constructive exchange of ideas rather than a confrontational one.",no,no,1
114627125.3150.3150,scd,llama70b,False,"Speaker 1: I hate the navigation template.  Links should be in the text, in context, not spammed onto some menu where they take up space without being interesting to the reader.  Thoughts? 
Speaker 2: are you talking about the ""culture of asia"" template? Yeah I agree we don't need that kind of templates. It would be nice to have specific templates like WW2 template in WW2 related articles or ""big picture"" templates like chinese history template for dynasty articles. But this culture of asia template doesn't really add anything to the present article. ","You are an assistant trained to detect early warning signs of toxic behavior in online conversations. Predict whether the conversation is likely to result in a personal attack later on. Provide your answer in the format 'ATTACK: YES/NO'

Conversation:
Speaker 1: I hate the navigation template.  Links should be in the text, in context, not spammed onto some menu where they take up space without being interesting to the reader.  Thoughts? 
Speaker 2: are you talking about the ""culture of asia"" template? Yeah I agree we don't need that kind of templates. It would be nice to have specific templates like WW2 template in WW2 related articles or ""big picture"" templates like chinese history template for dynasty articles. But this culture of asia template doesn't really add anything to the present article.  The conversation begins with S_0 expressing strong dissatisfaction with navigation templates, emphasizing their lack of contextual relevance. S_1 agrees with S_0's sentiment, specifically criticizing a particular template and suggesting that templates should be more context-specific or provide a broader overview. Both speakers maintain a critical stance throughout, focusing on the need for templates that enhance rather than clutter content. Their agreement suggests a shared intention to improve the relevance and utility of templates in articles.","assistant<|end_header_id|>

ATTACK: NO

The conversation starts with a strong opinion, but Speaker 1's criticism is focused on the navigation template, and Speaker 2 responds with a thoughtful agreement and suggestion for improvement. Both speakers maintain a constructive tone, and their discussion is centered on the topic at hand, without personal attacks or inflammatory language. The conversation appears to be a collaborative and respectful exchange of ideas, with no indication of escalating into a personal attack.",yes,no,0
114831022.4571.4571,scd,llama70b,False,"Speaker 1: I've been thinking for a while now of setting up an LGBT wiki_link. With the LGBT Featured Portal status now in sight, I thought I'd ask you for your thoughts on it. We could transclude or update the news section on the regular portal from it, maybe eventually get some collaboration going on with whoever's writing the news for wiki_link. What do you reckon?  (Have a nice day!) ","You are an assistant trained to detect early warning signs of toxic behavior in online conversations. Predict whether the conversation is likely to result in a personal attack later on. Provide your answer in the format 'ATTACK: YES/NO'

Conversation:
Speaker 1: I've been thinking for a while now of setting up an LGBT wiki_link. With the LGBT Featured Portal status now in sight, I thought I'd ask you for your thoughts on it. We could transclude or update the news section on the regular portal from it, maybe eventually get some collaboration going on with whoever's writing the news for wiki_link. What do you reckon?  (Have a nice day!)  The conversation begins with a speaker expressing enthusiasm and seeking collaboration on a new project. They propose an idea with optimism and openness, inviting feedback and potential partnership. The speaker's tone is positive and inclusive, aiming to build a sense of community and shared purpose. There is a clear intention to engage others in the project, reflecting a collaborative and forward-thinking approach. Overall, the sentiment remains hopeful and inviting throughout.","assistant<|end_header_id|>

ATTACK: NO",no,no,1
114940119.5559.5559,scd,llama70b,False,"Speaker 1: can you please revert your own edit, we shouldn't remove the pictures without finishing the discussions and because those ""weak"" points are being followed with stronger ones. At least give it a day for the discussion! Plust the trophy picture is FREE! i know because i found it on flickr! Also just to let you know you cant take FA back for at least 3 months from now... ","You are an assistant trained to detect early warning signs of toxic behavior in online conversations. Predict whether the conversation is likely to result in a personal attack later on. Provide your answer in the format 'ATTACK: YES/NO'

Conversation:
Speaker 1: can you please revert your own edit, we shouldn't remove the pictures without finishing the discussions and because those ""weak"" points are being followed with stronger ones. At least give it a day for the discussion! Plust the trophy picture is FREE! i know because i found it on flickr! Also just to let you know you cant take FA back for at least 3 months from now...  The speaker begins with a request for the other party to undo an edit, emphasizing the importance of completing discussions before making changes. They express a sense of urgency and frustration, highlighting the availability of a free image and referencing procedural rules. The speaker's tone is assertive, aiming to persuade the other party to reconsider their actions and to allow more time for discussion before implementing changes.","assistant<|end_header_id|>

ATTACK: NO

The conversation starts with a clear request and explanation, and although the speaker is assertive and expresses frustration, the tone is still focused on the topic at hand and doesn't contain personal attacks or inflammatory language. The speaker provides reasons and context to support their argument, and the criticism is directed at the action (the edit) rather than the person. Overall, the conversation appears to be a debate about the content, and the speaker is attempting to persuade the other party through logical arguments rather than resorting to personal attacks.",yes,no,0
11538354.18483.18483,scd,llama70b,False,"Speaker 1: For disputes concerning sourced information and text, especially the credibility of sources, users should consult the article wiki_link. I see no source for this. ","You are an assistant trained to detect early warning signs of toxic behavior in online conversations. Predict whether the conversation is likely to result in a personal attack later on. Provide your answer in the format 'ATTACK: YES/NO'

Conversation:
Speaker 1: For disputes concerning sourced information and text, especially the credibility of sources, users should consult the article wiki_link. I see no source for this.  The conversation begins with a focus on verifying the credibility of sources, emphasizing the importance of consulting a specific article for guidance. The speaker maintains a neutral and informative tone, aiming to address potential disputes by directing attention to established resources. There is a consistent emphasis on ensuring accuracy and reliability, with the speaker's intention centered on promoting clarity and adherence to guidelines throughout the discussion.","assistant<|end_header_id|>

ATTACK: NO

Reasoning: The conversation starts with a neutral and informative tone, focusing on verifying the credibility of sources and promoting adherence to guidelines. The speaker's intention is centered on ensuring accuracy and reliability, and there is no indication of personal criticism or aggression. The language used is objective and matter-of-fact, with no emotional tone or personal attacks.",yes,no,0
115398974.2304.2304,scd,llama70b,False,"Speaker 1: Why did you change the status to ""closed""? It isn't even close to being resolved. Also, is it proper for SlimVirgin to remove her name as one of the parties to the dispute? ","You are an assistant trained to detect early warning signs of toxic behavior in online conversations. Predict whether the conversation is likely to result in a personal attack later on. Provide your answer in the format 'ATTACK: YES/NO'

Conversation:
Speaker 1: Why did you change the status to ""closed""? It isn't even close to being resolved. Also, is it proper for SlimVirgin to remove her name as one of the parties to the dispute?  The conversation begins with a speaker expressing frustration and questioning actions taken by another party. The tone is confrontational, indicating a disagreement or misunderstanding. As the conversation progresses, the speakers likely continue to address these concerns, possibly seeking clarification or resolution. The initial sentiment of dissatisfaction may persist, with attempts to understand or challenge the decisions made, reflecting a dynamic of questioning and seeking accountability.","assistant<|end_header_id|>

ATTACK: YES",no,yes,0
115857386.6977.6977,scd,llama70b,False,"Speaker 1: Good evening (wiki_link time); I have reviewed this article on ,  wiki_link wiki_link (wiki_link) in accordance with the wiki_link (GA) wiki_link. There are seven main criteria that the article must comply with to pass: Well-written: Pass Factually accurate: Pass Broad: Pass Neutrally written: Pass Stable: Pass Well-referenced: Pass Images: Pass I have concluded that, in my opinion, the article has passed all categories and I therefore award it wiki_link status. Congratulations to the lead editors, and keep up the excellent work! Kindest regards, [] ","You are an assistant trained to detect early warning signs of toxic behavior in online conversations. Predict whether the conversation is likely to result in a personal attack later on. Provide your answer in the format 'ATTACK: YES/NO'

Conversation:
Speaker 1: Good evening (wiki_link time); I have reviewed this article on ,  wiki_link wiki_link (wiki_link) in accordance with the wiki_link (GA) wiki_link. There are seven main criteria that the article must comply with to pass: Well-written: Pass Factually accurate: Pass Broad: Pass Neutrally written: Pass Stable: Pass Well-referenced: Pass Images: Pass I have concluded that, in my opinion, the article has passed all categories and I therefore award it wiki_link status. Congratulations to the lead editors, and keep up the excellent work! Kindest regards, []  The conversation is a formal evaluation where the speaker provides a positive assessment of an article, indicating that it meets all required criteria. The speaker maintains a professional and encouraging tone throughout, expressing approval and offering congratulations to the editors for their successful work. The sentiment is consistently positive, with an emphasis on recognition and encouragement for continued excellence.","assistant<|end_header_id|>

ATTACK: NO",no,no,1
116402323.22148.22148,scd,llama70b,False,"Speaker 1:  About me: Simply wrong link copied. Right one: external_link. wiki_link buddy.
About you:
removed per ""political pamphlet"" - no it is not. (till Seton-Watson is not) Pozzi denied S-W's claims in many points and ""facts"", by bringing real facts and real datas, etc. Read after Pozzi's works. Not a political pamphlet anyway.
. . You're wrong again. Indirectly cites it. ((...)all Slavs under Austrian rule(...))
Sorry, I was happy that you, after 5-6 month, first in history, made a compomise. I just wanted to praise you, tha you made the first step from your fantasies to the reality. BTW I'm absolutely sure, you think that I hate Slovaks. (or at least dislike them). Not to mention the others.
This link IS reachable. .
This is not the first time, you abused references, and you lied, that I did that. . The only difference between us, is that you have not been blocked for that, yet.
why do you hate pan-slavism like that? It was the main political motivator of the Slavs in the 19th century. The fear of a slavic uprise led to the magyarization also. That artile is a big mess, not to mention that it is a lie, and puts the ""fruit"" before the ""tree"" as if fruit existed first, than the tree (wich is in fact not even mentioned). Awful radicalism, and you support it, absolutely blindfold. Sorry, but I can not believe, that you're not some political extremist. (or simply: moderate) You simply does not act like one. Just look at your actions agaist me. -  -)","You are an assistant trained to detect early warning signs of toxic behavior in online conversations. Predict whether the conversation is likely to result in a personal attack later on. Provide your answer in the format 'ATTACK: YES/NO'

Conversation:
Speaker 1:  About me: Simply wrong link copied. Right one: external_link. wiki_link buddy.
About you:
removed per ""political pamphlet"" - no it is not. (till Seton-Watson is not) Pozzi denied S-W's claims in many points and ""facts"", by bringing real facts and real datas, etc. Read after Pozzi's works. Not a political pamphlet anyway.
. . You're wrong again. Indirectly cites it. ((...)all Slavs under Austrian rule(...))
Sorry, I was happy that you, after 5-6 month, first in history, made a compomise. I just wanted to praise you, tha you made the first step from your fantasies to the reality. BTW I'm absolutely sure, you think that I hate Slovaks. (or at least dislike them). Not to mention the others.
This link IS reachable. .
This is not the first time, you abused references, and you lied, that I did that. . The only difference between us, is that you have not been blocked for that, yet.
why do you hate pan-slavism like that? It was the main political motivator of the Slavs in the 19th century. The fear of a slavic uprise led to the magyarization also. That artile is a big mess, not to mention that it is a lie, and puts the ""fruit"" before the ""tree"" as if fruit existed first, than the tree (wich is in fact not even mentioned). Awful radicalism, and you support it, absolutely blindfold. Sorry, but I can not believe, that you're not some political extremist. (or simply: moderate) You simply does not act like one. Just look at your actions agaist me. -  -) The conversation begins with a defensive tone, as one speaker addresses a misunderstanding and attempts to clarify their position. There is a shift towards frustration and accusation, with one speaker expressing disbelief and challenging the other's actions and motivations. The dialogue becomes increasingly confrontational, with one party questioning the other's integrity and intentions. Despite the tension, there is a brief acknowledgment of a perceived compromise, though it is overshadowed by ongoing criticism and skepticism.","assistant<|end_header_id|>

ATTACK: YES

Reasoning:

* The conversation starts with a defensive tone, which can be a precursor to escalating tensions.
* Speaker 1 makes personal accusations, such as ""You're wrong again,"" ""you lied,"" and ""you support... awful radicalism.""
* The language used becomes increasingly confrontational, with phrases like ""I'm absolutely sure, you think that I hate Slovaks"" and ""I can not believe, that you're not some political extremist.""
* Speaker 1 questions the other person's integrity, intentions, and motivations, which can lead to personal attacks.
* The tone of the conversation is overwhelmingly negative, with a focus on criticism and skepticism rather than constructive dialogue.

These factors suggest that the conversation is likely to escalate into a personal attack, with one or both parties making derogatory or inflammatory comments about the other.",yes,yes,1
116605439.14001.14001,scd,llama70b,False,Speaker 1:  I dont like the links being removed. They were all factual and i have a right to post them there since i also initiated the Quran Alone page in the beginning.,"You are an assistant trained to detect early warning signs of toxic behavior in online conversations. Predict whether the conversation is likely to result in a personal attack later on. Provide your answer in the format 'ATTACK: YES/NO'

Conversation:
Speaker 1:  I dont like the links being removed. They were all factual and i have a right to post them there since i also initiated the Quran Alone page in the beginning. The conversation begins with S_0 expressing dissatisfaction and asserting their rights regarding content removal. Their sentiment is one of frustration and a desire to maintain control over their contributions. This initial stance suggests a defensive and assertive approach, likely aiming to persuade or negotiate for the restoration of their content. The trajectory indicates a focus on personal investment and authority in the matter, setting the stage for potential conflict resolution or further discussion.","assistant<|end_header_id|>

ATTACK: NO

Although Speaker 1 expresses frustration and assertiveness, their initial message focuses on the content removal and their perceived rights, rather than making a personal attack or insult. The tone is defensive, but it's directed towards the action (content removal) rather than attacking another person. The conversation starts with a clear goal of resolving the issue, which suggests a discussion-oriented approach rather than a confrontational one.",yes,no,0
116605439.14054.14054,scd,llama70b,False,Speaker 1: I dont like the links being removed. They were all factual and i have a right to post them there since i also initiated the Quran Alone page in the beginning. ,"You are an assistant trained to detect early warning signs of toxic behavior in online conversations. Predict whether the conversation is likely to result in a personal attack later on. Provide your answer in the format 'ATTACK: YES/NO'

Conversation:
Speaker 1: I dont like the links being removed. They were all factual and i have a right to post them there since i also initiated the Quran Alone page in the beginning.  The conversation begins with a speaker expressing dissatisfaction and asserting their rights regarding content removal. The speaker's sentiment is one of frustration and a desire to assert authority or ownership over the content. This suggests a defensive stance, possibly leading to a discussion about rights, ownership, and content management. The speaker's intention seems to be to challenge the decision and seek validation for their contributions.","assistant<|end_header_id|>

ATTACK: YES

Reasoning: The speaker's defensive tone, assertion of ownership, and frustration with the decision to remove links may lead to an escalation of emotions and a potential personal attack if their concerns are not addressed or validated. The speaker's language, such as ""I have a right to post them,"" implies a sense of entitlement and may lead to a confrontational exchange if others disagree or challenge their perspective.",yes,yes,1
117313335.19115.19115,scd,llama70b,False,"Speaker 1:  Can you restore the syn tags that Connolley deleted?
Speaker 2:  Yes, I will try to. He obiously doesn't understand how Wikipedia disputes work. ~","You are an assistant trained to detect early warning signs of toxic behavior in online conversations. Predict whether the conversation is likely to result in a personal attack later on. Provide your answer in the format 'ATTACK: YES/NO'

Conversation:
Speaker 1:  Can you restore the syn tags that Connolley deleted?
Speaker 2:  Yes, I will try to. He obiously doesn't understand how Wikipedia disputes work. ~ The conversation begins with a request for assistance, which is met with a willingness to help. The responder expresses a critical view of another individual's understanding of dispute processes, suggesting a level of frustration or disagreement with that person's actions. The tone remains cooperative between the two speakers, with an intention to address the issue collaboratively, while also highlighting a perceived misunderstanding by a third party.","assistant<|end_header_id|>

ATTACK: NO",yes,no,0
11915549.810.810,scd,llama70b,False,Speaker 1: Hello again. Should wiki_link be moved back to wiki_link?  — ,"You are an assistant trained to detect early warning signs of toxic behavior in online conversations. Predict whether the conversation is likely to result in a personal attack later on. Provide your answer in the format 'ATTACK: YES/NO'

Conversation:
Speaker 1: Hello again. Should wiki_link be moved back to wiki_link?  —  The conversation begins with an inquiry about a potential change, indicating a neutral or inquisitive tone. As it progresses, participants engage in a discussion weighing different perspectives, with some expressing cautious optimism and others showing skepticism. The tone shifts between collaborative and contentious as each speaker employs various persuasive strategies, such as providing evidence or appealing to consensus. Despite differing opinions, the conversation maintains a focus on reaching a mutual understanding or decision.","assistant<|end_header_id|>

ATTACK: NO",no,no,1
11932349.376.376,scd,llama70b,False,"Speaker 1:  You made recent changes to the wiki_link article which you labeled ""copyediting""  except, although you did some of that, you also made fairly extensive changes. You changes the reputed meaning of her name, you changed her desciption of having a tongue sticking out, you changed lots of things. Please use accurate edit summaries in the future so they are not misleading. Ditto for wiki_link","You are an assistant trained to detect early warning signs of toxic behavior in online conversations. Predict whether the conversation is likely to result in a personal attack later on. Provide your answer in the format 'ATTACK: YES/NO'

Conversation:
Speaker 1:  You made recent changes to the wiki_link article which you labeled ""copyediting""  except, although you did some of that, you also made fairly extensive changes. You changes the reputed meaning of her name, you changed her desciption of having a tongue sticking out, you changed lots of things. Please use accurate edit summaries in the future so they are not misleading. Ditto for wiki_link The conversation begins with a speaker expressing concern over another's editing practices, highlighting discrepancies between the stated and actual changes made. The tone is corrective and seeks to address transparency and accuracy in communication. The speaker's intention is to encourage more precise edit summaries in the future, aiming for clarity and honesty in collaborative work. The sentiment remains firm and focused on improving the quality of contributions.","assistant<|end_header_id|>

ATTACK: NO",yes,no,0
119685468.7818.7808,scd,llama70b,False,Speaker 1: We ought to change the web references to the wiki_link format. They currently seem to be in quite a mess at the moment. ,"You are an assistant trained to detect early warning signs of toxic behavior in online conversations. Predict whether the conversation is likely to result in a personal attack later on. Provide your answer in the format 'ATTACK: YES/NO'

Conversation:
Speaker 1: We ought to change the web references to the wiki_link format. They currently seem to be in quite a mess at the moment.  The conversation begins with a speaker expressing concern over the current state of web references, suggesting a change to a more organized format. The initial sentiment is one of dissatisfaction and a desire for improvement. As the conversation progresses, the speakers likely engage in discussing potential solutions, weighing the benefits of the proposed change, and possibly addressing any challenges or objections, maintaining a focus on achieving a more structured and efficient system.","assistant<|end_header_id|>

ATTACK: NO

The conversation starts with a constructive criticism and a specific suggestion for improvement, which is a positive and collaborative tone. The language used is neutral and focused on the issue at hand, without any personal attacks or inflammatory language. The conversation is likely to remain focused on the topic and explore potential solutions, without escalating into personal attacks.",no,no,1
120051909.8801.8801,scd,llama70b,False,"Speaker 1: '''Can someone please protect this article, a user is trolling and reverting every change that is made. I am tired of having my edits deleted. It would save a lot of time and stress just to protect the article.''' ","You are an assistant trained to detect early warning signs of toxic behavior in online conversations. Predict whether the conversation is likely to result in a personal attack later on. Provide your answer in the format 'ATTACK: YES/NO'

Conversation:
Speaker 1: '''Can someone please protect this article, a user is trolling and reverting every change that is made. I am tired of having my edits deleted. It would save a lot of time and stress just to protect the article.'''  The conversation begins with a speaker expressing frustration over repeated disruptions to their work, seeking intervention to prevent further issues. The speaker's tone is one of exasperation and urgency, indicating a desire for resolution and stability. Their intention is to solicit support and action from others to address the problem, emphasizing the emotional toll and inefficiency caused by the ongoing situation. The speaker's strategy is to appeal for help by highlighting the negative impact of the current circumstances.","assistant<|end_header_id|>

ATTACK: NO

The speaker's tone is frustrated and urgent, but their language and intentions appear focused on resolving a specific problem (trolling and edit-warring) rather than making a personal attack. They are seeking help and support to address the issue, rather than targeting an individual or engaging in aggressive behavior. While the speaker is emotional, their emotions are directed at the situation rather than a person, and they do not contain any overtly aggressive or hostile language that would suggest a personal attack is likely.",yes,no,0
120066409.597.597,scd,llama70b,False,"Speaker 1: Please clarify the allegation of misquotation you made on me external_link. How did I misquote you? 
Speaker 2: you misquoted me in a derogatory manner. please review what you attributed to me. ","You are an assistant trained to detect early warning signs of toxic behavior in online conversations. Predict whether the conversation is likely to result in a personal attack later on. Provide your answer in the format 'ATTACK: YES/NO'

Conversation:
Speaker 1: Please clarify the allegation of misquotation you made on me external_link. How did I misquote you? 
Speaker 2: you misquoted me in a derogatory manner. please review what you attributed to me.  The conversation begins with a request for clarification regarding an allegation of misquotation. The first speaker seeks specific details about the alleged misquote. The second speaker responds with a direct accusation, emphasizing the negative nature of the misquotation and urging the first speaker to review the attributed statements. The exchange is tense, with both speakers focused on addressing the perceived misrepresentation, but it remains unresolved as they maintain their respective positions.","assistant<|end_header_id|>

ATTACK: YES

Reasoning:

* The conversation starts with a defensive tone, with Speaker 1 seeking clarification on an allegation made by Speaker 2.
* Speaker 2 responds with a strong accusation, using phrases like ""derogatory manner"", which implies a personal attack.
* The tone is confrontational, with both speakers focused on proving their point, rather than seeking a resolution or understanding.
* The use of phrases like ""please review what you attributed to me"" can be seen as a subtle accusation, implying that Speaker 1 is responsible for the misquote.
* The unresolved nature of the conversation, with both speakers maintaining their positions, increases the likelihood of escalation into a personal attack.",no,yes,0
120201689.7250.7250,scd,llama70b,False,"Speaker 1:  Cena winning with the STFU is not notable, he uses that move once a week. Not winning with is more note worthy, and even then it shouldn't be in a WM article, unless someone goes back and adds ""Undertaker won with the Tombstone"" and ""Hogan won with the Leg-Drop"" to every other WM article.","You are an assistant trained to detect early warning signs of toxic behavior in online conversations. Predict whether the conversation is likely to result in a personal attack later on. Provide your answer in the format 'ATTACK: YES/NO'

Conversation:
Speaker 1:  Cena winning with the STFU is not notable, he uses that move once a week. Not winning with is more note worthy, and even then it shouldn't be in a WM article, unless someone goes back and adds ""Undertaker won with the Tombstone"" and ""Hogan won with the Leg-Drop"" to every other WM article. The speaker begins with a dismissive tone, expressing skepticism about the significance of a particular event. They maintain a critical stance throughout, suggesting that the event is not noteworthy and should not be highlighted in a specific context. The speaker uses comparisons to other similar events to reinforce their point, indicating a consistent intention to downplay the importance of the event in question.","assistant<|end_header_id|>

ATTACK: NO

The conversation starts with a critical tone, but it appears to be focused on the topic at hand (the significance of a wrestling event) rather than a personal attack. The speaker provides a clear argument and uses comparisons to support their point, indicating a rational discussion rather than a personal attack. The tone is dismissive, but it is directed at the idea, not at a person.",no,no,1
12080811.2083.2083,scd,llama70b,False,"Speaker 1: Following the long discussion at wiki_link regarding proper titling of Mainland China-related topics, polls for each single case has now been started wiki_link. Please come and join the discussion, and cast your vote. Thank you.  — 
Speaker 2: Thank you for the surprise. ","You are an assistant trained to detect early warning signs of toxic behavior in online conversations. Predict whether the conversation is likely to result in a personal attack later on. Provide your answer in the format 'ATTACK: YES/NO'

Conversation:
Speaker 1: Following the long discussion at wiki_link regarding proper titling of Mainland China-related topics, polls for each single case has now been started wiki_link. Please come and join the discussion, and cast your vote. Thank you.  — 
Speaker 2: Thank you for the surprise.  The conversation begins with S_0 inviting participation in a discussion and vote on a specific topic, indicating a collaborative and inclusive approach. S_1 responds with a brief expression of gratitude, suggesting a positive reception or acknowledgment of the invitation. The interaction is concise, with S_0's intention to engage others and S_1's response maintaining a polite and appreciative tone.","assistant<|end_header_id|>

ATTACK: NO",yes,no,0
121303963.2014.2014,scd,llama70b,False,"Speaker 1:  The removal of Ed the Janitor, Vinnie's Mobsters, Dick Justice, and John Mirra is completely unwarranted. The characters, with the exception of Ed, are extremely important. If one reads the information about them, one should be able to see how important the characters are to the game. John Mirra and Dick Justice give the game a satirical and psychological level. To remove them, is to remove key game elements. Also, when one claims that Vinnie's Mobsters is not an organization, that doesn't matter. Vinnie and his mobsters constitute a main part of the game: the war with Vlad that eventually leads Max to the bottom of the story. Although the game is not a ""game guide,"" the game is supposed to delve into the deeper aspects of the game. When one removes the satirical and psychological elements added by Dick Justice and John Mirra, one defeats the whole purpose of wiki_link.","You are an assistant trained to detect early warning signs of toxic behavior in online conversations. Predict whether the conversation is likely to result in a personal attack later on. Provide your answer in the format 'ATTACK: YES/NO'

Conversation:
Speaker 1:  The removal of Ed the Janitor, Vinnie's Mobsters, Dick Justice, and John Mirra is completely unwarranted. The characters, with the exception of Ed, are extremely important. If one reads the information about them, one should be able to see how important the characters are to the game. John Mirra and Dick Justice give the game a satirical and psychological level. To remove them, is to remove key game elements. Also, when one claims that Vinnie's Mobsters is not an organization, that doesn't matter. Vinnie and his mobsters constitute a main part of the game: the war with Vlad that eventually leads Max to the bottom of the story. Although the game is not a ""game guide,"" the game is supposed to delve into the deeper aspects of the game. When one removes the satirical and psychological elements added by Dick Justice and John Mirra, one defeats the whole purpose of wiki_link. The speaker begins with a strong opposition to the removal of certain characters, emphasizing their importance and the impact on the game's depth. Their sentiment is one of frustration and urgency, aiming to persuade others by highlighting the characters' roles in enhancing the game's satirical and psychological dimensions. The speaker maintains a consistent stance throughout, using detailed reasoning to support their argument and appeal to the audience's understanding of the game's narrative significance.","assistant<|end_header_id|>

ATTACK: NO

The speaker presents a passionate and well-reasoned argument, but their tone remains focused on the topic at hand and does not display any personal attacks or aggressive language towards others. The speaker's use of phrases like ""if one reads the information"" and ""one should be able to see"" suggests a tone of persuasion and education, rather than aggression or personal criticism. Overall, the conversation appears to be a constructive debate, and the speaker's language does not indicate a likelihood of personal attacks later on.",no,no,1
121446938.31933.31933,scd,llama70b,False,"Speaker 1: You all have made mistakes here, Seattle is the 24th largest city in the USA while Boston is The 25th. ","You are an assistant trained to detect early warning signs of toxic behavior in online conversations. Predict whether the conversation is likely to result in a personal attack later on. Provide your answer in the format 'ATTACK: YES/NO'

Conversation:
Speaker 1: You all have made mistakes here, Seattle is the 24th largest city in the USA while Boston is The 25th.  The conversation begins with a participant pointing out an error, indicating a corrective intention. The sentiment is assertive, aiming to clarify or correct a perceived mistake. As the conversation progresses, the focus may shift towards discussing or debating the correction, with participants potentially defending their positions or acknowledging the correction. The overall trajectory suggests a movement from assertion to possible discussion or resolution, with an emphasis on accuracy and clarification.","assistant<|end_header_id|>

ATTACK: NO",yes,no,0
121589754.2688.2688,scd,llama70b,False,"Speaker 1:  Why was the ""Plot"" section removed? Editors are totally ruining this page.","You are an assistant trained to detect early warning signs of toxic behavior in online conversations. Predict whether the conversation is likely to result in a personal attack later on. Provide your answer in the format 'ATTACK: YES/NO'

Conversation:
Speaker 1:  Why was the ""Plot"" section removed? Editors are totally ruining this page. The conversation begins with S_0 expressing frustration and dissatisfaction over the removal of a section, indicating a defensive and critical stance. As the discussion progresses, the tone may shift towards seeking understanding or resolution, with participants potentially clarifying intentions or providing explanations. The conversation likely involves negotiation and attempts to persuade or justify actions, with varying degrees of receptiveness and persistence in defending initial positions.","assistant<|end_header_id|>

ATTACK: YES",yes,yes,1
123248299.5408.5408,scd,llama70b,False,"Speaker 1:  How WM23 is the ten year anniversary to WM13, where Undertaker also won a world title.","You are an assistant trained to detect early warning signs of toxic behavior in online conversations. Predict whether the conversation is likely to result in a personal attack later on. Provide your answer in the format 'ATTACK: YES/NO'

Conversation:
Speaker 1:  How WM23 is the ten year anniversary to WM13, where Undertaker also won a world title. The conversation begins with a factual statement about a wrestling event, setting a neutral tone. As the discussion progresses, the speakers maintain an informative and analytical approach, focusing on historical context and significance. The tone remains consistent, with an emphasis on sharing knowledge and insights. There is no evident shift towards emotional or persuasive strategies, indicating a steady, fact-based dialogue throughout the exchange.","assistant<|end_header_id|>

ATTACK: NO",yes,no,0
123248299.5506.5506,scd,llama70b,False,"Speaker 1: How WM23 is the ten year anniversary to WM13, where Undertaker also won a world title. ","You are an assistant trained to detect early warning signs of toxic behavior in online conversations. Predict whether the conversation is likely to result in a personal attack later on. Provide your answer in the format 'ATTACK: YES/NO'

Conversation:
Speaker 1: How WM23 is the ten year anniversary to WM13, where Undertaker also won a world title.  The conversation begins with a factual statement about a wrestling event, setting a neutral tone. As the discussion progresses, the speakers maintain a focus on historical context and significance, showing an interest in connecting past and present events. The tone remains informative and reflective, with participants likely sharing insights or additional details to enhance understanding. The conversation maintains a consistent, factual approach throughout, without significant shifts in sentiment or strategy.","assistant<|end_header_id|>

ATTACK: NO",yes,no,0
123267563.7197.7197,scd,llama70b,False,"Speaker 1:  external_link you removed text saying that this copyright violation. NN followed saying that copyright violating is genreally only 10%. You did not make attempts to remove it again with the summary ""copyright violation"" after that. Is there a policy that confirms that its a copyright violation?  •","You are an assistant trained to detect early warning signs of toxic behavior in online conversations. Predict whether the conversation is likely to result in a personal attack later on. Provide your answer in the format 'ATTACK: YES/NO'

Conversation:
Speaker 1:  external_link you removed text saying that this copyright violation. NN followed saying that copyright violating is genreally only 10%. You did not make attempts to remove it again with the summary ""copyright violation"" after that. Is there a policy that confirms that its a copyright violation?  • The speaker begins by questioning the removal of content due to copyright violation, expressing skepticism about the justification and consistency of the action. They reference a previous statement about the prevalence of copyright violations and seek clarification on the policy governing such decisions. The tone suggests a desire for transparency and consistency, as well as an intention to understand the rationale behind the enforcement of copyright rules.","assistant<|end_header_id|>

ATTACK: NO

The speaker's tone is inquiring and critical, but it does not contain personal attacks or aggressive language. The speaker is focused on understanding the policy and consistency of the decision, and is seeking clarification. The language used is analytical and objective, without emotional or condescending undertones. The conversation appears to be centered on the topic at hand, rather than making personal attacks or insults.",no,no,1
123598601.0.0,scd,llama70b,False,Speaker 1:  Any way to convince you to stop saying things like external_link on the ref desk?,"You are an assistant trained to detect early warning signs of toxic behavior in online conversations. Predict whether the conversation is likely to result in a personal attack later on. Provide your answer in the format 'ATTACK: YES/NO'

Conversation:
Speaker 1:  Any way to convince you to stop saying things like external_link on the ref desk? The conversation begins with a request for a change in behavior, suggesting a desire for a more considerate or appropriate communication style. The initial tone is likely one of concern or frustration. As the conversation progresses, the speakers may employ persuasive strategies, such as reasoning or appealing to shared values, to influence behavior. The trajectory likely involves negotiating understanding and possibly reaching a compromise or mutual agreement on communication norms.","assistant<|end_header_id|>

ATTACK: NO

Reasoning: The conversation starts with a specific request for a change in behavior, indicating a desire for improvement rather than an intention to attack or provoke. The tone appears to be constructive, focusing on a particular issue (use of external links) rather than making a personal attack. The language used suggests a collaborative approach, aiming for a mutually acceptable solution.",yes,no,0
124180029.7198.7198,scd,llama70b,False,"Speaker 1: dose any one know what the song played is, it awesome!!! ","You are an assistant trained to detect early warning signs of toxic behavior in online conversations. Predict whether the conversation is likely to result in a personal attack later on. Provide your answer in the format 'ATTACK: YES/NO'

Conversation:
Speaker 1: dose any one know what the song played is, it awesome!!!  The conversation begins with a speaker expressing excitement and curiosity about a song, seeking information from others. The initial sentiment is one of enthusiasm and eagerness for assistance. As the conversation progresses, the focus remains on gathering information, with participants likely maintaining a helpful and collaborative tone. The trajectory suggests a persistent interest in identifying the song, with participants possibly exchanging ideas or suggestions to achieve this goal.","assistant<|end_header_id|>

ATTACK: NO",no,no,1
12451425.436.436,scd,llama70b,False,"Speaker 1: A couple anons vandalized your user page, so I reverted them.  Just wanted to let you know ) -| ","You are an assistant trained to detect early warning signs of toxic behavior in online conversations. Predict whether the conversation is likely to result in a personal attack later on. Provide your answer in the format 'ATTACK: YES/NO'

Conversation:
Speaker 1: A couple anons vandalized your user page, so I reverted them.  Just wanted to let you know ) -|  The conversation begins with a speaker informing another about a recent issue with their user page, indicating a supportive and helpful intention. The speaker's tone is friendly and reassuring, aiming to address the problem and provide assistance. The sentiment is positive, focusing on resolving the issue and maintaining a cooperative atmosphere. There is no indication of conflict or disagreement, suggesting a stable and supportive interaction throughout the exchange.","assistant<|end_header_id|>

ATTACK: NO",no,no,1
124815362.13703.13703,scd,llama70b,False,Speaker 1: This article is hilarious. It ranks right up there with fan death. ,"You are an assistant trained to detect early warning signs of toxic behavior in online conversations. Predict whether the conversation is likely to result in a personal attack later on. Provide your answer in the format 'ATTACK: YES/NO'

Conversation:
Speaker 1: This article is hilarious. It ranks right up there with fan death.  The conversation begins with a lighthearted and humorous tone, as the speaker expresses amusement over an article. The initial sentiment is playful, suggesting a shared joke or cultural reference. As the discussion progresses, the tone may shift depending on the responses, potentially exploring differing opinions or further elaborating on the humor. The trajectory likely involves maintaining a casual and engaging atmosphere, with participants possibly exchanging personal anecdotes or related experiences to sustain the lightheartedness.","assistant<|end_header_id|>

ATTACK: NO",no,no,1
125039163.640.640,scd,llama70b,False,Speaker 1:  What's your opinion on this?,"You are an assistant trained to detect early warning signs of toxic behavior in online conversations. Predict whether the conversation is likely to result in a personal attack later on. Provide your answer in the format 'ATTACK: YES/NO'

Conversation:
Speaker 1:  What's your opinion on this? The conversation begins with an open-ended question, inviting the other speaker to share their perspective. As the dialogue progresses, the speakers engage in a respectful exchange of views, with each participant actively listening and responding thoughtfully. Initially, the tone is inquisitive and exploratory, but as the conversation unfolds, it becomes more collaborative, with both parties seeking common ground or mutual understanding. The speakers maintain a constructive and open-minded approach throughout the discussion.","assistant<|end_header_id|>

ATTACK: NO",no,no,1
12555064.2026.2026,scd,llama70b,False,"Speaker 1: I have provided plenty of evidence and citations and argumentation for my changes.  Your strategy has been a ridiculous avoidance of many points, responding to one which basically just states that you disagree or you pull some POV card, citing no evidence and reverting.  You need to think harder instead of clicking revert harder. ","You are an assistant trained to detect early warning signs of toxic behavior in online conversations. Predict whether the conversation is likely to result in a personal attack later on. Provide your answer in the format 'ATTACK: YES/NO'

Conversation:
Speaker 1: I have provided plenty of evidence and citations and argumentation for my changes.  Your strategy has been a ridiculous avoidance of many points, responding to one which basically just states that you disagree or you pull some POV card, citing no evidence and reverting.  You need to think harder instead of clicking revert harder.  The conversation begins with one speaker expressing frustration and asserting that they have provided substantial evidence and reasoning for their position. They criticize the other speaker's approach as evasive and lacking evidence, suggesting that the other person relies on disagreement and reversion without proper justification. The speaker's tone is confrontational and challenges the other to engage more thoughtfully and substantively in the discussion.","assistant<|end_header_id|>

ATTACK: YES

Reasoning: 

* The speaker's tone is confrontational and aggressive, using words like ""ridiculous"" and ""clicking revert harder"", which can be perceived as belittling and condescending.
* The speaker is making a personal attack on the other's approach and behavior, rather than focusing on the topic of discussion.
* The use of phrases like ""you need to think harder"" can be seen as a personal criticism, implying that the other person is not capable of thinking critically.
* The speaker's language is emotive and accusatory, which can escalate the conversation and lead to further personal attacks.",yes,yes,1
126242125.1546.1546,scd,llama70b,False,Speaker 1:  Do U know when my vandalism block for my account  is goin to expire or it is just going to stay like that,"You are an assistant trained to detect early warning signs of toxic behavior in online conversations. Predict whether the conversation is likely to result in a personal attack later on. Provide your answer in the format 'ATTACK: YES/NO'

Conversation:
Speaker 1:  Do U know when my vandalism block for my account  is goin to expire or it is just going to stay like that The conversation begins with a speaker expressing concern and seeking information about the status of a restriction on their account. Their tone suggests a mix of frustration and uncertainty. As the conversation progresses, the speaker's intent remains focused on understanding the situation and resolving the issue. They maintain a direct and questioning approach, indicating a desire for clarity and resolution.","assistant<|end_header_id|>

ATTACK: NO",yes,no,0
126317499.28727.28727,scd,llama70b,False,Speaker 1: What part of her article do you particularly want sourced? It all seems very NPOV and non-controversial to me. ,"You are an assistant trained to detect early warning signs of toxic behavior in online conversations. Predict whether the conversation is likely to result in a personal attack later on. Provide your answer in the format 'ATTACK: YES/NO'

Conversation:
Speaker 1: What part of her article do you particularly want sourced? It all seems very NPOV and non-controversial to me.  The conversation begins with a speaker questioning the need for additional sourcing in an article, expressing a sentiment that the content appears neutral and non-controversial. This suggests an initial stance of skepticism towards the necessity of further evidence. The speaker's intention seems to be to understand the specific concerns of the other party, indicating a willingness to engage in a dialogue to address any potential issues collaboratively.","assistant<|end_header_id|>

ATTACK: NO

The conversation starts with a neutral and inquiring tone, with Speaker 1 seeking to understand the other party's concerns and engage in a collaborative discussion. There is no apparent aggressive language, personal criticism, or condescending tone, which are common precursors to a personal attack. The speaker's use of phrases like ""It all seems very NPOV and non-controversial to me"" suggests a genuine attempt to understand the other party's perspective, rather than a confrontational or dismissive attitude.",no,no,1
127296808.516.516,scd,llama70b,False,"Speaker 1: If you have problems with my edits to the 4WD page please let me know, do not just revert the edits.  Although the 4WD article is very accurate the introduction is riddled with errors, which I corrected.  I think it is everyone's best interests to make Wiki pages as accurate as possible and the Four Wheel Drive article is not a gleaming example of this. i.e. All-wheel drive is just a marketing term invented to sell primarily on-road 4WD-type cars This is completely inaccurate AWD is no JUST a marketing term. AWD is very different from 4WD and I explained the differences in my edits. There are also blatant contradictions in this introduction as well. So please instead of immediately reverting my edits tell me what your disagreement is.  If you feel that my edit was inaccurate the please let me know why so this can be resolved. Thank You ","You are an assistant trained to detect early warning signs of toxic behavior in online conversations. Predict whether the conversation is likely to result in a personal attack later on. Provide your answer in the format 'ATTACK: YES/NO'

Conversation:
Speaker 1: If you have problems with my edits to the 4WD page please let me know, do not just revert the edits.  Although the 4WD article is very accurate the introduction is riddled with errors, which I corrected.  I think it is everyone's best interests to make Wiki pages as accurate as possible and the Four Wheel Drive article is not a gleaming example of this. i.e. All-wheel drive is just a marketing term invented to sell primarily on-road 4WD-type cars This is completely inaccurate AWD is no JUST a marketing term. AWD is very different from 4WD and I explained the differences in my edits. There are also blatant contradictions in this introduction as well. So please instead of immediately reverting my edits tell me what your disagreement is.  If you feel that my edit was inaccurate the please let me know why so this can be resolved. Thank You  The speaker begins by expressing a desire for constructive dialogue regarding edits made to a Wikipedia page, emphasizing the importance of accuracy. They acknowledge the existing content's inaccuracies and express a willingness to discuss disagreements rather than having their edits reverted without explanation. The speaker's tone is collaborative, seeking resolution and understanding through communication, and they maintain a focus on improving the quality of the article.","assistant<|end_header_id|>

ATTACK: NO",no,no,1
128593760.5542.5542,scd,llama70b,False,Speaker 1:  this wikipedia is not your fan page. :: and are you japanese? ,"You are an assistant trained to detect early warning signs of toxic behavior in online conversations. Predict whether the conversation is likely to result in a personal attack later on. Provide your answer in the format 'ATTACK: YES/NO'

Conversation:
Speaker 1:  this wikipedia is not your fan page. :: and are you japanese?  The conversation begins with a critical tone, as one speaker challenges the other’s use of Wikipedia and questions their identity. The initial sentiment is confrontational, suggesting a potential disagreement or misunderstanding. The trajectory suggests a defensive or clarifying response may follow, as the conversation might shift towards addressing the critique or explaining the questioned identity. The interaction is likely to involve negotiation of perspectives or intentions as it progresses.","assistant<|end_header_id|>

ATTACK: YES",yes,yes,1
128818551.16567.16567,scd,llama70b,False,"Speaker 1: All you guys chasing each other around in an edit war, sometimes just to piss on the other guy, creating puppets, endless reverts, pointless name-calling...etc. Stop! Go somewhere else. Go to a Taiwan\China discussion forum on the internet or take it outside. I don't want to see it here anymore. Wikipedia does not have a Wiki-kids encyclopedia yet, so until then, don't contribute. You guys chase each other all over wikipedia looking for a fight and then get all primed for conflict, so when a guy like me comes along to add quality information from quality sources, I have to put up with a bunch of impulsive, angry, POV people, who, because of conflict with someone I don't even know, or care to know, can't/won't cooperate. I am really beginning to think you all enjoy the fighting and perpetuate it. Would someone please take the high road? This page has the potential to be a really great, really useful, really informative page...but that is not going to happen if you keep fighting. I am willing to put in the effort and make this happen and I want everyone to have a part in it, but this page will continue to be a nothing-waste-of-time for you and for me if you keep it up. How long have you spent getting nowhere on this? Could you use this time better? I am looking to cooperate with people who can operate in good faith and are not looking to push any POV. I have a good background in this field and could lend a hand for good NPOV articles. I could be a good ally down the road for future cooperation, but I do not want to work in such a negative environment with suspicion over every edit. Again, Stop and breathe..... ","You are an assistant trained to detect early warning signs of toxic behavior in online conversations. Predict whether the conversation is likely to result in a personal attack later on. Provide your answer in the format 'ATTACK: YES/NO'

Conversation:
Speaker 1: All you guys chasing each other around in an edit war, sometimes just to piss on the other guy, creating puppets, endless reverts, pointless name-calling...etc. Stop! Go somewhere else. Go to a Taiwan\China discussion forum on the internet or take it outside. I don't want to see it here anymore. Wikipedia does not have a Wiki-kids encyclopedia yet, so until then, don't contribute. You guys chase each other all over wikipedia looking for a fight and then get all primed for conflict, so when a guy like me comes along to add quality information from quality sources, I have to put up with a bunch of impulsive, angry, POV people, who, because of conflict with someone I don't even know, or care to know, can't/won't cooperate. I am really beginning to think you all enjoy the fighting and perpetuate it. Would someone please take the high road? This page has the potential to be a really great, really useful, really informative page...but that is not going to happen if you keep fighting. I am willing to put in the effort and make this happen and I want everyone to have a part in it, but this page will continue to be a nothing-waste-of-time for you and for me if you keep it up. How long have you spent getting nowhere on this? Could you use this time better? I am looking to cooperate with people who can operate in good faith and are not looking to push any POV. I have a good background in this field and could lend a hand for good NPOV articles. I could be a good ally down the road for future cooperation, but I do not want to work in such a negative environment with suspicion over every edit. Again, Stop and breathe.....  The speaker begins with frustration over the ongoing conflict and disruptive behavior in the conversation, urging participants to cease their combative actions. They express a desire for cooperation and emphasize the potential for creating valuable content if the fighting stops. The speaker offers their expertise and willingness to collaborate in a more positive and productive environment, highlighting a shift from confrontation to a call for constructive engagement and mutual respect.","assistant<|end_header_id|>

ATTACK: NO

Although the speaker expresses frustration and disappointment with the ongoing conflict, their tone is more exasperated than aggressive. They explicitly state their desire for cooperation, offer their expertise, and emphasize the potential for creating valuable content. The speaker's use of phrases like ""Stop and breathe"" and ""take the high road"" suggests a call for calm and constructive engagement, rather than an invitation for further conflict. Overall, the speaker's tone is critical of the behavior, but not personally attacking or inflammatory.",no,no,1
12941035.584.584,scd,llama70b,False,"Speaker 1: fyi: your post has been external_link. — : Now he's done it again.  ; post now , too [whole subpage now deleted]. — ","You are an assistant trained to detect early warning signs of toxic behavior in online conversations. Predict whether the conversation is likely to result in a personal attack later on. Provide your answer in the format 'ATTACK: YES/NO'

Conversation:
Speaker 1: fyi: your post has been external_link. — : Now he's done it again.  ; post now , too [whole subpage now deleted]. —  The conversation begins with a factual update about a post being linked externally, followed by an expression of frustration or exasperation regarding someone's repeated actions. The tone suggests a mix of information sharing and emotional response, with an emphasis on the consequences of the actions mentioned. The speakers seem to be navigating a situation involving external visibility and potential content removal, maintaining a focus on the implications of these developments.","assistant<|end_header_id|>

ATTACK: YES

The conversation starts with a factual update, but the tone quickly shifts to express frustration and exasperation. The use of phrases like ""Now he's done it again"" and the emphasis on the consequences of the actions mentioned create a negative and critical tone. The speaker's emotional response and the focus on the person's repeated actions suggest a potential for personal attack or blame later on in the conversation.",yes,yes,1
129624154.36120.36120,scd,llama70b,False,"Speaker 1:  John, please don't do external_link again. Moving my talk page comments to another user's talk page - esp. when it's something contentious - is just a little rude. I had no opportunity to reply nor clarify my comments, esp. if taken out of context. Can you see my point here? -","You are an assistant trained to detect early warning signs of toxic behavior in online conversations. Predict whether the conversation is likely to result in a personal attack later on. Provide your answer in the format 'ATTACK: YES/NO'

Conversation:
Speaker 1:  John, please don't do external_link again. Moving my talk page comments to another user's talk page - esp. when it's something contentious - is just a little rude. I had no opportunity to reply nor clarify my comments, esp. if taken out of context. Can you see my point here? - The conversation begins with a speaker expressing frustration and concern over another person's actions, which they perceive as rude and potentially misleading. The speaker seeks understanding and acknowledgment from the other party, aiming to address the issue and clarify their stance. The tone is assertive yet open to dialogue, indicating a desire for resolution and mutual understanding.","assistant<|end_header_id|>

ATTACK: NO 

The speaker is expressing frustration and concern, but the tone is assertive and open to dialogue, seeking understanding and acknowledgment from the other party. The language used is not aggressive or personal, and the speaker is focusing on the specific action that caused the issue, rather than making a personal attack. The conversation starts with a clear intention to resolve the issue and clarify the speaker's stance, indicating a constructive approach.",yes,no,0
131373413.24835.24835,scd,llama70b,False,Speaker 1:  The same goes for this article.  Do not insert personal information into pornographic actors/actresses articles.,"You are an assistant trained to detect early warning signs of toxic behavior in online conversations. Predict whether the conversation is likely to result in a personal attack later on. Provide your answer in the format 'ATTACK: YES/NO'

Conversation:
Speaker 1:  The same goes for this article.  Do not insert personal information into pornographic actors/actresses articles. The conversation begins with a direct and firm statement emphasizing a guideline. The speaker maintains a clear and authoritative tone, focusing on enforcing a rule. There is no indication of a shift in sentiment or strategy, as the speaker's intention is to uphold a specific standard. The conversation remains centered on adherence to this guideline, without deviation into personal opinions or emotional appeals.","assistant<|end_header_id|>

ATTACK: NO",yes,no,0
131373413.25367.25367,scd,llama70b,False,Speaker 1: The same goes for this article.  Do not insert personal information into pornographic actors/actresses articles. ,"You are an assistant trained to detect early warning signs of toxic behavior in online conversations. Predict whether the conversation is likely to result in a personal attack later on. Provide your answer in the format 'ATTACK: YES/NO'

Conversation:
Speaker 1: The same goes for this article.  Do not insert personal information into pornographic actors/actresses articles.  The conversation begins with a clear directive from S_0, emphasizing a rule about not including personal information in certain articles. The tone is authoritative and focused on maintaining boundaries. There is no indication of emotional escalation or shift in strategy; the speaker remains consistent in their intention to enforce guidelines. The conversation is straightforward, with S_0 maintaining a firm stance throughout, suggesting a focus on adherence to established norms.","assistant<|end_header_id|>

ATTACK: NO",yes,no,0
131395687.2202.2202,scd,llama70b,False,Speaker 1: Why have most of the images been clustered at the bottom with a gallery? Most of the images were actually in appropriate places e.g. the Square next to the History section; this move seems illogical. ,"You are an assistant trained to detect early warning signs of toxic behavior in online conversations. Predict whether the conversation is likely to result in a personal attack later on. Provide your answer in the format 'ATTACK: YES/NO'

Conversation:
Speaker 1: Why have most of the images been clustered at the bottom with a gallery? Most of the images were actually in appropriate places e.g. the Square next to the History section; this move seems illogical.  The conversation begins with a speaker expressing dissatisfaction and confusion about a recent change, questioning the rationale behind it. The speaker's sentiment is one of frustration, seeking clarification or justification for the decision. The tone suggests a desire for a logical explanation or a reconsideration of the change. The speaker's approach is inquisitive and critical, aiming to understand the reasoning and potentially advocate for a reversal or adjustment.","assistant<|end_header_id|>

ATTACK: NO

Reasoning: The speaker's criticism is focused on the specific change and its perceived illogicality, rather than making a personal attack. The tone is inquiring and critical, but not aggressive or inflammatory. The speaker is seeking clarification and potentially advocating for a change, which is a legitimate and constructive approach. There is no indication of personal animosity or hostility towards the person or group responsible for the change.",no,no,1
131430765.10488.10488,scd,llama70b,False,"Speaker 1: The construction section is quite long and looks like a good candidate for a new article.  I can do this in the next few days if it is not controversial. 
Speaker 2: There are several important article that are a long as this one and as the lead article for the topic, it really should be as comprehensive as possible. If we put it up for peer review again, maybe that will be a constructive comment though I doubt it. Cheers ","You are an assistant trained to detect early warning signs of toxic behavior in online conversations. Predict whether the conversation is likely to result in a personal attack later on. Provide your answer in the format 'ATTACK: YES/NO'

Conversation:
Speaker 1: The construction section is quite long and looks like a good candidate for a new article.  I can do this in the next few days if it is not controversial. 
Speaker 2: There are several important article that are a long as this one and as the lead article for the topic, it really should be as comprehensive as possible. If we put it up for peer review again, maybe that will be a constructive comment though I doubt it. Cheers  The conversation begins with S_0 suggesting a potential restructuring of an article, indicating a willingness to take action if it's non-controversial. S_1 responds by emphasizing the importance of maintaining comprehensiveness for lead articles, suggesting skepticism about the necessity of the change. S_1 proposes peer review as a possible avenue for feedback but expresses doubt about its impact, maintaining a polite and collaborative tone throughout.","assistant<|end_header_id|>

ATTACK: NO",no,no,1
131670830.3476.3476,scd,llama70b,False,"Speaker 1:  Is there any evidence of Post-KT dinosaurs (let's set aside Aves for the time-being)?  I cannot believe that 100% of species went extinct, because mammals apparently survived.  Certainly there were small dinosaur carnivores that munched on a few of our ancestors after the extinction event.","You are an assistant trained to detect early warning signs of toxic behavior in online conversations. Predict whether the conversation is likely to result in a personal attack later on. Provide your answer in the format 'ATTACK: YES/NO'

Conversation:
Speaker 1:  Is there any evidence of Post-KT dinosaurs (let's set aside Aves for the time-being)?  I cannot believe that 100% of species went extinct, because mammals apparently survived.  Certainly there were small dinosaur carnivores that munched on a few of our ancestors after the extinction event. The conversation begins with curiosity and skepticism about the complete extinction of dinosaurs, excluding birds. The speaker questions the absolute nature of the extinction event and suggests the possibility of small dinosaur survivors. The tone is inquisitive and open to exploring alternative perspectives, indicating a willingness to challenge established narratives and consider evidence that might support their hypothesis. The speaker's approach is speculative, aiming to engage in a deeper exploration of the topic.","assistant<|end_header_id|>

ATTACK: NO

The conversation starts with a genuine question, curiosity, and skepticism, which are all indicators of a healthy and respectful discussion. The speaker is open to exploring alternative perspectives, and their tone is inquisitive, not aggressive or confrontational. The language used is also neutral and focused on the topic, without any personal attacks or inflammatory comments. Overall, the conversation appears to be a constructive and respectful exchange of ideas, making it unlikely to result in a personal attack later on.",yes,no,0
132026400.5805.5805,scd,llama70b,False,Speaker 1:  Hey! Just saw your name pop up on the old watchlist. Good to see you again! -)    wiki_link,"You are an assistant trained to detect early warning signs of toxic behavior in online conversations. Predict whether the conversation is likely to result in a personal attack later on. Provide your answer in the format 'ATTACK: YES/NO'

Conversation:
Speaker 1:  Hey! Just saw your name pop up on the old watchlist. Good to see you again! -)    wiki_link The conversation begins with a friendly and familiar tone, as one speaker expresses excitement about reconnecting. The use of a smiley emoticon suggests a casual and warm sentiment. The speaker's intention appears to be to re-establish a connection and perhaps reminisce or catch up. The trajectory suggests a positive and open atmosphere, likely encouraging further interaction and engagement between the speakers.","assistant<|end_header_id|>

ATTACK: NO",no,no,1
132460131.12604.12604,scd,llama70b,False,"Speaker 1: ""An evolutionist is a proponent of such a theory."" This is what the wiki article on evolutionism says the definition is. I think a person can a proponent of something by logic and not faith. ","You are an assistant trained to detect early warning signs of toxic behavior in online conversations. Predict whether the conversation is likely to result in a personal attack later on. Provide your answer in the format 'ATTACK: YES/NO'

Conversation:
Speaker 1: ""An evolutionist is a proponent of such a theory."" This is what the wiki article on evolutionism says the definition is. I think a person can a proponent of something by logic and not faith.  The conversation begins with a participant referencing a definition from a wiki article, suggesting an analytical approach to understanding the term. The speaker appears to be advocating for a logical rather than faith-based perspective. Their intention seems to be to clarify or redefine common perceptions, using a factual reference as a foundation for their argument. The strategy indicates a desire to engage in a reasoned discussion, possibly to challenge or expand existing viewpoints.","assistant<|end_header_id|>

ATTACK: NO

The conversation starts with a neutral and informative tone, referencing a wiki article to establish a definition. The speaker's intention appears to be to engage in a logical and analytical discussion, using factual information as a foundation. There is no apparent emotional tone, personal attack, or inflammatory language, suggesting that the conversation is likely to remain respectful and focused on the topic at hand.",yes,no,0
133174486.4739.4739,scd,llama70b,False,"Speaker 1:  I know that it is a small detail, but I think it is significant enough for this page to mention with the least pov that Melbourne clubs were moved interstate to keep their franchises being one of the reasons that AFL is becoming more popular in the footy states of NSW and QLD, as I think that it is significant for sport in Australia.","You are an assistant trained to detect early warning signs of toxic behavior in online conversations. Predict whether the conversation is likely to result in a personal attack later on. Provide your answer in the format 'ATTACK: YES/NO'

Conversation:
Speaker 1:  I know that it is a small detail, but I think it is significant enough for this page to mention with the least pov that Melbourne clubs were moved interstate to keep their franchises being one of the reasons that AFL is becoming more popular in the footy states of NSW and QLD, as I think that it is significant for sport in Australia. The speaker begins by acknowledging the minor nature of a detail but emphasizes its significance, suggesting a desire to highlight its importance in a broader context. They maintain a consistent focus on the relevance of the detail to a larger trend, indicating a persuasive intent to ensure its inclusion in the discussion. The speaker's strategy is to balance acknowledgment of the detail's size with an argument for its impact, aiming to influence the conversation's direction.","assistant<|end_header_id|>

ATTACK: NO

The speaker's tone and language suggest a respectful and constructive approach to the conversation. They:

* Acknowledge the potential minor nature of the detail, showing self-awareness and a willingness to consider alternative perspectives.
* Provide a clear and logical argument for the significance of the detail, indicating a focus on the topic rather than personal opinions or attacks.
* Use phrases like ""I think"" to express their opinion, which suggests a degree of humility and openness to discussion.

Overall, the speaker's language and tone do not indicate a likelihood of personal attacks or toxic behavior in this conversation.",no,no,1
133500852.1455.1455,scd,llama70b,False,"Speaker 1: Hi, You contacted me because you disputed that the images used on wiki_link and wiki_link. Please understand that we have previously settled this dispute on Wikipedia with regard to the use of images provided by LPGA.com of their players and it has been established that these fall under the definition of fair use because their are provided as promotional materials to promote their players. These images are provided now for almost all of the LPGA players in their articles.  I understand that you are new to Wikipedia and were probably not aware of this.  Thanks for understanding. Sorry I can't find all the exact discussions.  I'll make an attempt to find the admin (which obviously you are not) who worked on the dispute.  In the meantime, perhaps you can contact lpga.com and ask them if they object to the approximately 100+ images we've been using on this site for the past two years.  They don't.  You've been here for about two weeks and are running roughshod through a lot of articles and making a whole lot of enemies in short order. What's your intent? ","You are an assistant trained to detect early warning signs of toxic behavior in online conversations. Predict whether the conversation is likely to result in a personal attack later on. Provide your answer in the format 'ATTACK: YES/NO'

Conversation:
Speaker 1: Hi, You contacted me because you disputed that the images used on wiki_link and wiki_link. Please understand that we have previously settled this dispute on Wikipedia with regard to the use of images provided by LPGA.com of their players and it has been established that these fall under the definition of fair use because their are provided as promotional materials to promote their players. These images are provided now for almost all of the LPGA players in their articles.  I understand that you are new to Wikipedia and were probably not aware of this.  Thanks for understanding. Sorry I can't find all the exact discussions.  I'll make an attempt to find the admin (which obviously you are not) who worked on the dispute.  In the meantime, perhaps you can contact lpga.com and ask them if they object to the approximately 100+ images we've been using on this site for the past two years.  They don't.  You've been here for about two weeks and are running roughshod through a lot of articles and making a whole lot of enemies in short order. What's your intent?  The conversation begins with a speaker addressing a dispute over image usage on Wikipedia, asserting that the matter has been previously settled under fair use. The speaker acknowledges the other person's newness to Wikipedia and suggests contacting LPGA.com for confirmation. The tone is initially informative but shifts to a more confrontational stance, questioning the other person's intentions and actions on the platform. The speaker's strategy combines explanation with a challenge to the other person's approach.","assistant<|end_header_id|>

ATTACK: YES

Reasoning:

* The conversation starts with a neutral tone, explaining the context and the previous resolution of the dispute.
* However, the speaker's tone shifts to become more confrontational and accusatory, using phrases such as ""running roughshod through a lot of articles"" and ""making a whole lot of enemies"".
* The speaker questions the other person's intent, which can be perceived as a personal attack or a challenge to their character.
* The use of the phrase ""you've been here for about two weeks"" can be seen as a way to belittle or diminish the other person's experience or contributions.
* The speaker's language becomes more aggressive and critical, which may escalate the conversation and lead to a personal attack.",yes,yes,1
134180909.1601.1601,scd,llama70b,False,"Speaker 1: I know those kind of references aren't the best ones, but they are the ones that have been used. The text on those year articles is a summary of text on other articles from having checked the ""What links here"" section for each page. So ""Wikipedia articles that link to this article."" is actually a very accurate description of where the information has been found. / ","You are an assistant trained to detect early warning signs of toxic behavior in online conversations. Predict whether the conversation is likely to result in a personal attack later on. Provide your answer in the format 'ATTACK: YES/NO'

Conversation:
Speaker 1: I know those kind of references aren't the best ones, but they are the ones that have been used. The text on those year articles is a summary of text on other articles from having checked the ""What links here"" section for each page. So ""Wikipedia articles that link to this article."" is actually a very accurate description of where the information has been found. /  The speaker acknowledges the limitations of the references but justifies their use by explaining the method of sourcing information. They maintain a defensive yet informative tone, aiming to clarify the accuracy of their approach. The speaker's strategy is to provide a rationale for their choices, suggesting a desire to validate their methodology and address potential criticism. Throughout, the speaker remains focused on explaining their process rather than engaging in a broader debate.","assistant<|end_header_id|>

ATTACK: NO

The speaker's tone is defensive, but it's a justifiable defensiveness aimed at explaining and clarifying their approach, rather than attacking or dismissing others. They provide a clear rationale for their choices and maintain a focus on their own methodology, which suggests a desire for constructive dialogue rather than personal confrontation.",no,no,1
134339265.217.217,scd,llama70b,False,Speaker 1:  where will it be? Singapore?,"You are an assistant trained to detect early warning signs of toxic behavior in online conversations. Predict whether the conversation is likely to result in a personal attack later on. Provide your answer in the format 'ATTACK: YES/NO'

Conversation:
Speaker 1:  where will it be? Singapore? The conversation begins with a straightforward inquiry, suggesting a neutral or curious tone. As the dialogue progresses, the speakers maintain a focused and inquisitive approach, with one participant seeking clarification or confirmation. The exchange remains polite and cooperative, with both parties showing a willingness to share information and reach a mutual understanding. The conversation concludes with a sense of resolution or agreement, indicating successful communication and alignment between the speakers.","assistant<|end_header_id|>

ATTACK: NO",no,no,1
135048926.41980.41980,scd,llama70b,False,"Speaker 1: bogdan, if you registered yourself as ""orthodox"" in the census, then you are an orthdox (not atheist) for the sake of this page. We are talking about offcial figures here, not your original research. How do you know that there are ""many"" people in your alleged situation? How do we know that you did indeed declare yourself orthodox? Please leave original research and personal feelings aside when contributing here. As for the statistics you provide about church attendance, they come from an obscure poll conducted by an NGO, while the way people define themselves comes from the official census. Most foreigners visiting Romania notice the high church attendance rate (churches are packed and so on). Should the NGO's opinion deserve much space in the article? I believe not. ","You are an assistant trained to detect early warning signs of toxic behavior in online conversations. Predict whether the conversation is likely to result in a personal attack later on. Provide your answer in the format 'ATTACK: YES/NO'

Conversation:
Speaker 1: bogdan, if you registered yourself as ""orthodox"" in the census, then you are an orthdox (not atheist) for the sake of this page. We are talking about offcial figures here, not your original research. How do you know that there are ""many"" people in your alleged situation? How do we know that you did indeed declare yourself orthodox? Please leave original research and personal feelings aside when contributing here. As for the statistics you provide about church attendance, they come from an obscure poll conducted by an NGO, while the way people define themselves comes from the official census. Most foreigners visiting Romania notice the high church attendance rate (churches are packed and so on). Should the NGO's opinion deserve much space in the article? I believe not.  The conversation begins with a speaker asserting a firm stance on using official data over personal anecdotes or less formal sources. The speaker emphasizes the importance of relying on official figures and challenges the credibility of alternative data sources. The tone is authoritative and dismissive of personal experiences or unofficial statistics, aiming to maintain a focus on recognized, formal data. The speaker's strategy is to uphold the integrity of the discussion by prioritizing official information.","assistant<|end_header_id|>

ATTACK: YES

The conversation starts with a speaker who is assertive and somewhat confrontational in their approach. While the goal of maintaining a focus on official data is understandable, the tone used is somewhat aggressive and dismissive of personal experiences or alternative viewpoints. The speaker's language, such as ""alleged situation,"" ""original research and personal feelings aside,"" and ""I believe not,"" comes across as slightly condescending and critical.

The speaker's challenges to the credibility of the other person's claims and data sources, while potentially legitimate, are phrased in a way that may be perceived as attacking or belittling. This could lead to defensiveness and escalate the conversation into a personal attack. Additionally, the speaker's emphasis on their own interpretation of what is relevant and credible may be seen as an attempt to dominate the conversation, which could further increase the likelihood of a personal attack.",no,yes,0
135696672.6100.6100,scd,llama70b,False,"Speaker 1:  Recapitulating a subjective synthesis and analysis of what Asia is on my talk page, from the Asia talk page, doesn't prove your case.   wiki_link, and others disagree with your incessant reframing of content.  If you persist, rest assured the situation may escalate.","You are an assistant trained to detect early warning signs of toxic behavior in online conversations. Predict whether the conversation is likely to result in a personal attack later on. Provide your answer in the format 'ATTACK: YES/NO'

Conversation:
Speaker 1:  Recapitulating a subjective synthesis and analysis of what Asia is on my talk page, from the Asia talk page, doesn't prove your case.   wiki_link, and others disagree with your incessant reframing of content.  If you persist, rest assured the situation may escalate. The speaker begins with a firm stance, referencing previous discussions and expressing disagreement with the other party's approach. They highlight a lack of consensus and warn of potential escalation if the behavior continues. The tone is assertive and cautionary, indicating a desire to maintain the integrity of the discussion while addressing ongoing issues with the other participant's actions.","assistant<|end_header_id|>

ATTACK: YES

Reasoning: The speaker's assertive tone and warning of potential escalation suggest a heightened level of tension in the conversation. The use of phrases like ""incessant reframing of content"" and ""rest assured the situation may escalate"" imply a sense of frustration and a willingness to confront the other party, which could potentially lead to a personal attack if the conversation continues to escalate.",yes,yes,1
136660409.4608.4608,scd,llama70b,False,"Speaker 1: i suggest we move this to ""bradley fihgting vehcials"" as the artical refers to the M2 and M3.( ) ","You are an assistant trained to detect early warning signs of toxic behavior in online conversations. Predict whether the conversation is likely to result in a personal attack later on. Provide your answer in the format 'ATTACK: YES/NO'

Conversation:
Speaker 1: i suggest we move this to ""bradley fihgting vehcials"" as the artical refers to the M2 and M3.( )  The conversation begins with a suggestion to change the title of an article, indicating an intention to improve clarity or accuracy. The initial tone is collaborative, aiming to reach a consensus. As the discussion progresses, participants may express differing viewpoints or support the suggestion, using persuasive strategies to justify their positions. The overall sentiment remains constructive, focusing on achieving a mutually agreeable outcome while maintaining respect for each other's perspectives.","assistant<|end_header_id|>

ATTACK: NO",yes,no,0
137070788.2493.2493,scd,llama70b,False,"Speaker 1: i can't find any source for that, and Matt N Ian tv don't strike me as student television station. 
Speaker 2: New NaSTA page seems to still be under construction. Just take my word for it until it's up and running, to avoid any edit wars. Believe it or not Matt 'n' Ian TV is actually a station, with an audience. ","You are an assistant trained to detect early warning signs of toxic behavior in online conversations. Predict whether the conversation is likely to result in a personal attack later on. Provide your answer in the format 'ATTACK: YES/NO'

Conversation:
Speaker 1: i can't find any source for that, and Matt N Ian tv don't strike me as student television station. 
Speaker 2: New NaSTA page seems to still be under construction. Just take my word for it until it's up and running, to avoid any edit wars. Believe it or not Matt 'n' Ian TV is actually a station, with an audience.  The conversation begins with skepticism and doubt from one speaker regarding the credibility of a television station. The other speaker responds with a calm reassurance, suggesting patience until more information is available and asserting the station's legitimacy. The exchange reflects a shift from initial doubt to a request for trust, aiming to prevent conflict and maintain a cooperative tone.","assistant<|end_header_id|>

ATTACK: NO",yes,no,0
13760425.74698.74698,scd,llama70b,False,"Speaker 1: A while back someone (I don't remember who) added a sub category of '''Parodies''' under the heading of '''See Also''' and put a link to a South Park episode which apparently did a, well, parody of the Terri Schiavo case. So far as I recall there was no discussion whatsoever about its addition. Does anyone have a problem with that being in the article? ","You are an assistant trained to detect early warning signs of toxic behavior in online conversations. Predict whether the conversation is likely to result in a personal attack later on. Provide your answer in the format 'ATTACK: YES/NO'

Conversation:
Speaker 1: A while back someone (I don't remember who) added a sub category of '''Parodies''' under the heading of '''See Also''' and put a link to a South Park episode which apparently did a, well, parody of the Terri Schiavo case. So far as I recall there was no discussion whatsoever about its addition. Does anyone have a problem with that being in the article?  The speaker begins by recalling an unapproved addition to an article, expressing uncertainty about its origin. They neutrally describe the situation and invite feedback, indicating a collaborative and open approach to resolving the issue. Their tone is inquisitive and seeks consensus, suggesting a desire for community input and validation before making any changes. The speaker's strategy is to foster discussion and ensure transparency in the decision-making process.","assistant<|end_header_id|>

ATTACK: NO",no,no,1
13768808.75261.75261,scd,llama70b,False,"Speaker 1: This is my personal request to any wikipedian reading this: Revert any edit by Gordon Watts on sight,in bulk, in totality. I agree with the assessment a ways up: Gordo has become a menace. Thank you for your time. ","You are an assistant trained to detect early warning signs of toxic behavior in online conversations. Predict whether the conversation is likely to result in a personal attack later on. Provide your answer in the format 'ATTACK: YES/NO'

Conversation:
Speaker 1: This is my personal request to any wikipedian reading this: Revert any edit by Gordon Watts on sight,in bulk, in totality. I agree with the assessment a ways up: Gordo has become a menace. Thank you for your time.  The conversation begins with a strong, personal appeal from the speaker, expressing frustration and a negative sentiment towards another individual, Gordon Watts. The speaker's intention is to persuade others to take immediate and collective action against this person. The tone is assertive and critical, aiming to rally support and consensus among the audience to address what the speaker perceives as a disruptive influence.","assistant<|end_header_id|>

ATTACK: YES

The conversation starts with a strong personal attack against Gordon Watts, labeling him as a ""menace"". The speaker's request to revert any edit by Gordon Watts ""on sight, in bulk, in totality"" is an aggressive call to action that may escalate into further personal attacks or defensive responses. The tone is confrontational and divisive, which may lead to a deterioration of the conversation and an increased likelihood of personal attacks.",yes,yes,1
138057937.1328.1328,scd,llama70b,False,"Speaker 1: I want to set this straight. '''I DO NOT CLAIM TO OWN THIS ARTICLE''' I DO however come in and make sure it remains clean up and within Wikipedia guidelines. This article has already been approved by wikipedia and Trains Wiki Project. This article has been written and flows easily for readers to understand and gather information. When new information is added. it is placed in the correct part of the article. If incorrect information is added, it is removed. I have no problem with people adding information, moving things around and what not. but to totally mess things up so they make no sense at all, and to add pointless information and remove useful information. that's not needed.  All the information in this article is up to date. This article is written in accordance with WP guidelines and editing tools. There is no need for a ""clean up"". this article received a B-class because it still lacks certain information. NOT because of the style it was written.  HeadMouse ","You are an assistant trained to detect early warning signs of toxic behavior in online conversations. Predict whether the conversation is likely to result in a personal attack later on. Provide your answer in the format 'ATTACK: YES/NO'

Conversation:
Speaker 1: I want to set this straight. '''I DO NOT CLAIM TO OWN THIS ARTICLE''' I DO however come in and make sure it remains clean up and within Wikipedia guidelines. This article has already been approved by wikipedia and Trains Wiki Project. This article has been written and flows easily for readers to understand and gather information. When new information is added. it is placed in the correct part of the article. If incorrect information is added, it is removed. I have no problem with people adding information, moving things around and what not. but to totally mess things up so they make no sense at all, and to add pointless information and remove useful information. that's not needed.  All the information in this article is up to date. This article is written in accordance with WP guidelines and editing tools. There is no need for a ""clean up"". this article received a B-class because it still lacks certain information. NOT because of the style it was written.  HeadMouse  The speaker begins with a firm stance, emphasizing their role in maintaining the quality and adherence to guidelines of a specific article. They express openness to contributions but are protective against disruptive edits. Their tone is assertive, aiming to clarify their intentions and the article's status. The speaker balances between welcoming collaboration and defending the integrity of the article, indicating a commitment to preserving its quality while being open to constructive input.","assistant<|end_header_id|>

ATTACK: NO

The speaker's tone is assertive and firm, but it appears to be focused on clarifying their role and defending the article's quality rather than attacking others. They express a willingness to collaborate and allow others to contribute, as long as it's done in a way that respects the article's integrity. There is no apparent personal attack or aggressive language directed towards others, and the speaker seems to be focused on maintaining a professional tone.",no,no,1
138086818.8230.8230,scd,llama70b,False,"Speaker 1: '''''' has been identified as an '''''Awesome Wikipedian''''', and therefore, I've officially declared today as ! For being such a beautiful person and great Wikipedian, enjoy being the Star of the day, dear Bishzilla! Love, - A record of your Day will always be kept . ","You are an assistant trained to detect early warning signs of toxic behavior in online conversations. Predict whether the conversation is likely to result in a personal attack later on. Provide your answer in the format 'ATTACK: YES/NO'

Conversation:
Speaker 1: '''''' has been identified as an '''''Awesome Wikipedian''''', and therefore, I've officially declared today as ! For being such a beautiful person and great Wikipedian, enjoy being the Star of the day, dear Bishzilla! Love, - A record of your Day will always be kept .  The conversation begins with a celebratory and appreciative tone, recognizing an individual's contributions and character. The speaker uses positive and affectionate language, indicating admiration and gratitude. The intention is to honor and acknowledge the individual's efforts and impact, creating a warm and uplifting atmosphere. The sentiment remains consistently positive throughout, with a focus on celebration and recognition.","assistant<|end_header_id|>

ATTACK: NO",no,no,1
138134296.24200.24200,scd,llama70b,False,"Speaker 1:  Hi, unfortunately I had to revert you, please see wiki_link for explanation. Cheers,","You are an assistant trained to detect early warning signs of toxic behavior in online conversations. Predict whether the conversation is likely to result in a personal attack later on. Provide your answer in the format 'ATTACK: YES/NO'

Conversation:
Speaker 1:  Hi, unfortunately I had to revert you, please see wiki_link for explanation. Cheers, The conversation begins with a polite but firm message indicating a reversion of an action, accompanied by a reference for further explanation. The speaker maintains a courteous tone, suggesting an intention to inform and guide the recipient towards understanding the reasoning behind the decision. The use of ""unfortunately"" implies a sense of regret, while ""cheers"" at the end softens the message, indicating a desire to maintain a positive relationship.","assistant<|end_header_id|>

ATTACK: NO",no,no,1
138654598.3324.3324,scd,llama70b,False,Speaker 1:  we need to image of a Mangalore Church in the Karnataka page somewhere for secular balance. I think Amar has an image of a Church with its towers .,"You are an assistant trained to detect early warning signs of toxic behavior in online conversations. Predict whether the conversation is likely to result in a personal attack later on. Provide your answer in the format 'ATTACK: YES/NO'

Conversation:
Speaker 1:  we need to image of a Mangalore Church in the Karnataka page somewhere for secular balance. I think Amar has an image of a Church with its towers . The conversation begins with a speaker suggesting the inclusion of a church image for balance, indicating an intention to promote diversity. The tone is collaborative, with a focus on teamwork and resource sharing. The speaker appears to be strategizing on how to achieve a more inclusive representation, showing a consistent commitment to the goal throughout the discussion. The approach is practical and solution-oriented, emphasizing cooperation and mutual support among participants.","assistant<|end_header_id|>

ATTACK: NO",no,no,1
138725911.16006.16006,scd,llama70b,False,Speaker 1:  I will be more than happy to write this section. I have all the resources available to do so.,"You are an assistant trained to detect early warning signs of toxic behavior in online conversations. Predict whether the conversation is likely to result in a personal attack later on. Provide your answer in the format 'ATTACK: YES/NO'

Conversation:
Speaker 1:  I will be more than happy to write this section. I have all the resources available to do so. The conversation begins with Speaker S_0 expressing confidence and willingness to take on a task, indicating a positive and proactive attitude. The speaker's intention is to assure others of their capability and readiness, suggesting a cooperative and supportive approach. This sets a constructive tone for the interaction, with S_0 aiming to contribute effectively to the group's efforts. The sentiment remains positive and focused on collaboration throughout the conversation.","assistant<|end_header_id|>

ATTACK: NO",yes,no,0
139339329.5788.5791,scd,llama70b,False,"Speaker 1:  You really need to chill and calm down it was clelary a revert, but it does not matter revert-edit SAME thing. Just talk on the talk page before making such edits and chll! Maybe back off Veganism for a while, your edits aren't helping the article/wiki. That's it I'm done'''!","You are an assistant trained to detect early warning signs of toxic behavior in online conversations. Predict whether the conversation is likely to result in a personal attack later on. Provide your answer in the format 'ATTACK: YES/NO'

Conversation:
Speaker 1:  You really need to chill and calm down it was clelary a revert, but it does not matter revert-edit SAME thing. Just talk on the talk page before making such edits and chll! Maybe back off Veganism for a while, your edits aren't helping the article/wiki. That's it I'm done'''! The speaker begins with a confrontational tone, expressing frustration and urging the other person to calm down. They emphasize the importance of communication before making changes and suggest taking a break from the topic at hand. The speaker's tone remains critical throughout, ultimately indicating a decision to disengage from the conversation.","assistant<|end_header_id|>

ATTACK: YES

Reasoning:

* The speaker starts with a confrontational tone, telling the other person to ""chill and calm down"", which can be perceived as dismissive and condescending.
* The use of phrases like ""your edits aren't helping"" can be seen as a personal criticism, rather than a constructive feedback.
* The suggestion to ""back off Veganism for a while"" may be perceived as an attempt to undermine the other person's interests or expertise, which can lead to defensiveness and escalation.
* The speaker's tone remains critical throughout, with no apparent attempt to de-escalate or find common ground.
* The abrupt decision to disengage from the conversation (""That's it I'm done"") may be seen as a provocative move, leaving the other person feeling frustrated or unheard.",no,yes,0
139472519.5811.5811,scd,llama70b,False,"Speaker 1:  I've had enough of this constant nonsense and tattering from which once had been a good article.
*Despite being started, developed and furnished by me, others have decided to take loyalty. , , ,  and others have deprived all the controls.
*By the way, I've stopped caring about the article and refuse to edit it constructively unless calls are heard for and:
**Discussions are made on the talk page before major changes
**People accept that Behindwoods.com is actually a fair source and official -  sponsoring many tamil films.
**The unneeded tags on the article are removed
**Anonymous/new editora re restricted from editing.
Until then I disassociate myself from the article I made ""spectacular""","You are an assistant trained to detect early warning signs of toxic behavior in online conversations. Predict whether the conversation is likely to result in a personal attack later on. Provide your answer in the format 'ATTACK: YES/NO'

Conversation:
Speaker 1:  I've had enough of this constant nonsense and tattering from which once had been a good article.
*Despite being started, developed and furnished by me, others have decided to take loyalty. , , ,  and others have deprived all the controls.
*By the way, I've stopped caring about the article and refuse to edit it constructively unless calls are heard for and:
**Discussions are made on the talk page before major changes
**People accept that Behindwoods.com is actually a fair source and official -  sponsoring many tamil films.
**The unneeded tags on the article are removed
**Anonymous/new editora re restricted from editing.
Until then I disassociate myself from the article I made ""spectacular"" The speaker begins with frustration and disappointment over changes made to an article they initially developed. They express a sense of betrayal and a loss of control over the content. The speaker's tone is resolute as they outline conditions under which they would re-engage with the article, indicating a withdrawal from active participation unless their demands are met. Their strategy shifts from active involvement to conditional disengagement, emphasizing a need for structured discussion and recognition of certain sources.","assistant<|end_header_id|>

ATTACK: YES

Reasoning:

1. **Emotional tone**: The speaker's initial tone is one of frustration, disappointment, and betrayal, which can be a precursor to more aggressive language.
2. **Sense of ownership and control**: The speaker feels a strong sense of ownership over the article and is upset about losing control, which can lead to defensiveness and personal attacks when others disagree.
3. ** Ultimatum-like conditions**: The speaker sets conditions for re-engagement, which can be perceived as confrontational and may lead to disagreements with others, escalating into personal attacks.
4. **Implicit blame**: The speaker implies that others are responsible for the article's decline, which can lead to accusations and personal attacks if others disagree with their assessment.
5. **Language intensity**: The speaker uses strong language, such as ""nonsense,"" ""tattering,"" and ""deprived,"" which can be a sign of increasing emotional intensity and a potential precursor to personal attacks",yes,yes,1
140158667.5240.5240,scd,llama70b,False,"Speaker 1: The introductory paragraph says there've been 18 attempts on Presidents, yet I only count 17 on this page.  What's the missing attempt?  Or is the introductory paragraph mistaken? ","You are an assistant trained to detect early warning signs of toxic behavior in online conversations. Predict whether the conversation is likely to result in a personal attack later on. Provide your answer in the format 'ATTACK: YES/NO'

Conversation:
Speaker 1: The introductory paragraph says there've been 18 attempts on Presidents, yet I only count 17 on this page.  What's the missing attempt?  Or is the introductory paragraph mistaken?  The conversation begins with a participant expressing confusion over a discrepancy in information, questioning the accuracy of an introductory paragraph. This initial inquiry sets a tone of seeking clarification. As the conversation progresses, the participants engage in a collaborative effort to resolve the issue, maintaining a focus on fact-checking and verification. The tone remains inquisitive and cooperative throughout, with a shared goal of understanding and correcting the information.","assistant<|end_header_id|>

ATTACK: NO",no,no,1
140418397.27598.27334,scd,llama70b,False,"Speaker 1:  Wikipedia policy in wiki_link states that
""The views of critics should be represented if their views are relevant to the subject's notability and are based on reliable secondary sources, and so long as the material is written in a manner that does not overwhelm the article or appear to side with the critics' material. Be careful not to give a disproportionate amount of space to critics, to avoid the effect of representing a minority view as if it were the majority one. If the criticism represents the views of a tiny minority, it has no place in the article.""
By putting the criticisms in a Criticism section we can easily comply with the Wikipedia policy.","You are an assistant trained to detect early warning signs of toxic behavior in online conversations. Predict whether the conversation is likely to result in a personal attack later on. Provide your answer in the format 'ATTACK: YES/NO'

Conversation:
Speaker 1:  Wikipedia policy in wiki_link states that
""The views of critics should be represented if their views are relevant to the subject's notability and are based on reliable secondary sources, and so long as the material is written in a manner that does not overwhelm the article or appear to side with the critics' material. Be careful not to give a disproportionate amount of space to critics, to avoid the effect of representing a minority view as if it were the majority one. If the criticism represents the views of a tiny minority, it has no place in the article.""
By putting the criticisms in a Criticism section we can easily comply with the Wikipedia policy. The conversation begins with a participant referencing a policy to justify a specific approach. The speaker's intention is to align with established guidelines, suggesting a strategy to balance representation. The sentiment is focused on compliance and fairness, emphasizing adherence to rules. As the conversation progresses, the speaker maintains a consistent tone of rationality and objectivity, aiming to persuade others by appealing to authority and structured reasoning.","assistant<|end_header_id|>

ATTACK: NO

The conversation starts with a neutral tone, referencing a policy to support a suggestion. The speaker's language is objective, focusing on compliance with guidelines and fairness. The tone is collaborative, aiming to persuade through rational argumentation, rather than emotional appeal or personal attacks. There is no indication of aggression, condescension, or personal criticism, suggesting a low likelihood of a personal attack later on.",no,no,1
140457684.31130.31130,scd,llama70b,False,"Speaker 1:  This is turned into a rather nasty pissing contest between  and . It is quite clear that we are coming from opposing ideologies when it comes to sex work (which shouldn't be a problem in and of itself), that each of us has very different opinions as to where neutrality lies regarding this article, and that neither of us trusts the other to edit the article to an NPOV state. Ideally, others will come along to help edit the article and act as a ""reality check"" to both parties. I had hoped that posting an RfC in a couple places would help, but so far, there's been only one respondent who has only asserted his opinion on only one issue. (And I have conceded the point on that one unreferenced usage of the term ""radical feminist"".)
In my experience, people can sometimes be slow to respond to RfCs. I propose a ""cooling off"" period of two weeks, so that adequate time may be given for others to respond to the RfC and perhaps move this process along. By ""cooling off"", I mean no more editing of the core text of the article during that time. Citations and internal links, of course, could be added to existing text, and in fact, adding citations would be a good thing. If there's no response to the RfC after two weeks, then I suggest taking it to formal mediation.","You are an assistant trained to detect early warning signs of toxic behavior in online conversations. Predict whether the conversation is likely to result in a personal attack later on. Provide your answer in the format 'ATTACK: YES/NO'

Conversation:
Speaker 1:  This is turned into a rather nasty pissing contest between  and . It is quite clear that we are coming from opposing ideologies when it comes to sex work (which shouldn't be a problem in and of itself), that each of us has very different opinions as to where neutrality lies regarding this article, and that neither of us trusts the other to edit the article to an NPOV state. Ideally, others will come along to help edit the article and act as a ""reality check"" to both parties. I had hoped that posting an RfC in a couple places would help, but so far, there's been only one respondent who has only asserted his opinion on only one issue. (And I have conceded the point on that one unreferenced usage of the term ""radical feminist"".)
In my experience, people can sometimes be slow to respond to RfCs. I propose a ""cooling off"" period of two weeks, so that adequate time may be given for others to respond to the RfC and perhaps move this process along. By ""cooling off"", I mean no more editing of the core text of the article during that time. Citations and internal links, of course, could be added to existing text, and in fact, adding citations would be a good thing. If there's no response to the RfC after two weeks, then I suggest taking it to formal mediation. The conversation begins with tension and frustration, as the speaker acknowledges a contentious disagreement rooted in differing ideologies. Despite the conflict, there is a desire for resolution and neutrality, with the speaker suggesting a ""cooling off"" period to allow for broader input and reflection. The speaker remains open to external mediation if necessary, indicating a willingness to find a constructive path forward despite the current impasse.","assistant<|end_header_id|>

ATTACK: NO

Although the conversation starts with a tense and frustrated tone, Speaker 1's suggestions for a ""cooling off"" period and external mediation indicate a desire to de-escalate the conflict and find a constructive resolution. The speaker also acknowledges the opposing ideologies and expresses a willingness to concede points and work towards neutrality. These signs suggest that the conversation is more likely to focus on finding a resolution rather than devolving into personal attacks.",yes,no,0
140681796.722.722,scd,llama70b,False,"Speaker 1: Hi, this is response to your messages on my talk page about Halloween. My edit was not vandalism. I removed the image because it is unencyclopaedic, uninformative and may even violate NPOV. I object to you calling it vandalism simply because it was your image, and I would ask you to follow the guidelines outlined in wiki_link before you accuse anybody of vandalism. Should you need some clarification about the differences, you can always consult an administrator at the wiki_link. Next, I saw your message about blanking my talk page. I also object to this, since the removal of that information was outdated and, again, irrelevant. The incident in question had been resolved, in my favor, so I didn't see the necessity in maintaining that information on that page. You yourself have blanked several notices on this page about images you had that were considered for deletion, with your only explanation being ""whatever."" You also then tried to insult the editor who put that notice there, me in this case, by saying ""this is the very reason why wikipedia will have a MUCH greater influx of liabilities than assets"" and in an earlier discussion you said I was ""Another fantastic liability to WP."" That type of language is inappropriate for Wikipedia. My edits to that article, as well as those to Halloween, were in good faith and you reacted by criticizing me personally. If this continues I will notify an administrator. If this notice disappears from your talk page I will do the same. I would appreciate a greater level of respect from you in future discussions. Thank you. ","You are an assistant trained to detect early warning signs of toxic behavior in online conversations. Predict whether the conversation is likely to result in a personal attack later on. Provide your answer in the format 'ATTACK: YES/NO'

Conversation:
Speaker 1: Hi, this is response to your messages on my talk page about Halloween. My edit was not vandalism. I removed the image because it is unencyclopaedic, uninformative and may even violate NPOV. I object to you calling it vandalism simply because it was your image, and I would ask you to follow the guidelines outlined in wiki_link before you accuse anybody of vandalism. Should you need some clarification about the differences, you can always consult an administrator at the wiki_link. Next, I saw your message about blanking my talk page. I also object to this, since the removal of that information was outdated and, again, irrelevant. The incident in question had been resolved, in my favor, so I didn't see the necessity in maintaining that information on that page. You yourself have blanked several notices on this page about images you had that were considered for deletion, with your only explanation being ""whatever."" You also then tried to insult the editor who put that notice there, me in this case, by saying ""this is the very reason why wikipedia will have a MUCH greater influx of liabilities than assets"" and in an earlier discussion you said I was ""Another fantastic liability to WP."" That type of language is inappropriate for Wikipedia. My edits to that article, as well as those to Halloween, were in good faith and you reacted by criticizing me personally. If this continues I will notify an administrator. If this notice disappears from your talk page I will do the same. I would appreciate a greater level of respect from you in future discussions. Thank you.  The conversation begins with a defensive tone as the speaker responds to accusations of vandalism, clarifying their intentions and actions. They express frustration over being personally criticized and emphasize adherence to guidelines. The speaker maintains a firm stance, highlighting perceived inconsistencies in the other party's behavior and warning of potential escalation to administrators. Throughout, the speaker seeks to assert their good faith and request respectful communication, indicating a desire for resolution and mutual understanding.","assistant<|end_header_id|>

ATTACK: YES

Reasoning:

1. **Defensive tone**: The conversation starts with a defensive tone, which can be a precursor to escalating tensions.
2. **Personal criticism**: The speaker mentions that the other party has used personal attacks and insults in the past (""Another fantastic liability to WP"").
3. **Confrontational language**: The speaker uses strong language to express their objections, which may provoke a reaction from the other party.
4. **Threats of escalation**: The speaker mentions notifying an administrator if the behavior continues, which can be perceived as a threat.
5. **Perceived inconsistencies**: The speaker highlights inconsistencies in the other party's behavior, which may lead to a defensive response.

While the speaker's tone is assertive and seeks to establish a respectful dialogue, the conversation's dynamics and the mention of past personal attacks suggest that the conversation may escalate into a personal attack later on.",no,yes,0
140863290.3931.3931,scd,llama70b,False,Speaker 1: I just read in www.imdb.com that Frank is married- since February this year! Can anybody confirm this? 9(User:FendiCatz]] ,"You are an assistant trained to detect early warning signs of toxic behavior in online conversations. Predict whether the conversation is likely to result in a personal attack later on. Provide your answer in the format 'ATTACK: YES/NO'

Conversation:
Speaker 1: I just read in www.imdb.com that Frank is married- since February this year! Can anybody confirm this? 9(User:FendiCatz]]  The conversation begins with a participant seeking confirmation about a piece of information they found online. The initial sentiment is one of curiosity and a desire for verification. As the conversation progresses, participants may express varying levels of skepticism or agreement, employing strategies such as citing additional sources or personal knowledge to either support or refute the initial claim. The overall tone is inquisitive and collaborative, with a focus on uncovering the truth.","assistant<|end_header_id|>

ATTACK: NO",no,no,1
141254831.5633.5633,scd,llama70b,False,"Speaker 1: please do, tell me exactly how i vandalized the wonderbra article? that would be greatly appreciated~ ","You are an assistant trained to detect early warning signs of toxic behavior in online conversations. Predict whether the conversation is likely to result in a personal attack later on. Provide your answer in the format 'ATTACK: YES/NO'

Conversation:
Speaker 1: please do, tell me exactly how i vandalized the wonderbra article? that would be greatly appreciated~  The conversation begins with Speaker 0 adopting a defensive and somewhat sarcastic tone, seeking clarification on an accusation of vandalism. As the discussion progresses, Speaker 0 maintains a defensive stance, possibly aiming to challenge the accusation or seek justification. The tone suggests a desire for resolution or understanding, with an undercurrent of frustration or disbelief. The conversation seems to be centered around clarifying misunderstandings or defending one's actions.","assistant<|end_header_id|>

ATTACK: NO",no,no,1
141711171.1955.1957,scd,llama70b,False,Speaker 1:  Are you beginning to see precisely'' what my issue is with him?,"You are an assistant trained to detect early warning signs of toxic behavior in online conversations. Predict whether the conversation is likely to result in a personal attack later on. Provide your answer in the format 'ATTACK: YES/NO'

Conversation:
Speaker 1:  Are you beginning to see precisely'' what my issue is with him? The conversation starts with one speaker expressing frustration and seeking validation from the other. As the discussion progresses, the second speaker attempts to understand and empathize, offering supportive feedback. The first speaker maintains a critical stance, while the second speaker continues to provide reassurance and perspective. The dialogue remains focused on addressing the initial concern, with both participants gradually moving towards a more collaborative and understanding tone.","assistant<|end_header_id|>

ATTACK: NO

The conversation appears to be constructive, with both speakers engaging in a respectful and empathetic manner. Although the first speaker starts with a critical tone, the second speaker's supportive feedback helps to diffuse the tension, and the conversation gradually shifts towards a more collaborative and understanding tone. There are no apparent signs of escalation, condescension, or personal attacks, indicating a low likelihood of a personal attack later on.",yes,no,0
142361312.144.144,scd,llama70b,False,"Speaker 1: You really now should be blocked for 3RR. I won't revert your edit at least now because I don't want to get me blocked like you. Anyways, why do you guys keep reverting my good edit. Like I said on the top, he only improved 0.1ppg, 0.1apg and 1.5rpg. You call THAT IMPROVE. I suggest you revert it back to my revision so atleast you won't get blocked. 
Speaker 2: no, i don't call that improve. it's an objective fact. it's based on numbers. did you take up my suggestion to consult the dictionary? let's put it this way. it certainly is not a regression. maybe it stagnated, or the improvement was marginal. but the fact remains that the stats increased. and the phraseology completes the logic  ""in all major statistical categories"". the reference was not to an arbitrary or mere solitary statistic which bear no significance. your suggestion is not even bordering on absurdity, it is nonsense, because of repeated attempts to explain to you. ","You are an assistant trained to detect early warning signs of toxic behavior in online conversations. Predict whether the conversation is likely to result in a personal attack later on. Provide your answer in the format 'ATTACK: YES/NO'

Conversation:
Speaker 1: You really now should be blocked for 3RR. I won't revert your edit at least now because I don't want to get me blocked like you. Anyways, why do you guys keep reverting my good edit. Like I said on the top, he only improved 0.1ppg, 0.1apg and 1.5rpg. You call THAT IMPROVE. I suggest you revert it back to my revision so atleast you won't get blocked. 
Speaker 2: no, i don't call that improve. it's an objective fact. it's based on numbers. did you take up my suggestion to consult the dictionary? let's put it this way. it certainly is not a regression. maybe it stagnated, or the improvement was marginal. but the fact remains that the stats increased. and the phraseology completes the logic  ""in all major statistical categories"". the reference was not to an arbitrary or mere solitary statistic which bear no significance. your suggestion is not even bordering on absurdity, it is nonsense, because of repeated attempts to explain to you.  The conversation begins with S_0 expressing frustration and warning S_1 about potential consequences for their actions. S_0 maintains a defensive stance, emphasizing their perspective on the situation. S_1 responds with a firm rebuttal, focusing on objective facts and attempting to clarify their position. S_1's tone is assertive, aiming to correct S_0's understanding while dismissing their suggestion as nonsensical. Throughout, S_1 employs a logical and factual approach, while S_0 remains focused on their initial viewpoint.","assistant<|end_header_id|>

ATTACK: YES

The conversation is likely to escalate into a personal attack later on due to several warning signs:

1. **Defensiveness**: S_0 starts with a defensive tone, warning S_1 about potential consequences, which sets a confrontational atmosphere.
2. **Dismissiveness**: S_1's response, although fact-based, comes across as dismissive and condescending, which may provoke S_0 to become more emotional and reactive.
3. **Personal criticism**: S_1 labels S_0's suggestion as ""nonsense"" and implies that they are not understanding the explanation, which can be perceived as a personal attack on S_0's intelligence or competence.
4. **Lack of empathy**: Neither speaker shows an attempt to understand the other's perspective or acknowledge their concerns, which can lead to further escalation.
5. **Escalating language**: The conversation already involves strong language, such as ""nonsense"" and ""absurdity,""",yes,yes,1
142496231.3363.3363,scd,llama70b,False,Speaker 1: I didnt even do anything. Show me prove that I vandalised. ,"You are an assistant trained to detect early warning signs of toxic behavior in online conversations. Predict whether the conversation is likely to result in a personal attack later on. Provide your answer in the format 'ATTACK: YES/NO'

Conversation:
Speaker 1: I didnt even do anything. Show me prove that I vandalised.  The conversation begins with S_0 expressing defensiveness and a demand for evidence regarding an accusation. This initial stance indicates a strong denial and a challenge to the opposing party to substantiate their claims. The trajectory suggests a focus on maintaining innocence and possibly shifting the burden of proof onto the accuser, reflecting a strategy aimed at deflecting blame and seeking justification for the accusation.","assistant<|end_header_id|>

ATTACK: YES

The conversation starts with Speaker 1 expressing defensiveness, which can be a precursor to escalation. The demand for proof and the tone of innocence may lead to further entrenchment of positions, increasing the likelihood of personal attacks as the conversation progresses. The language used (""I didnt even do anything"") also has a slightly confrontational tone, which may indicate a rising emotional temperature.",yes,yes,1
14276135.641.641,scd,llama70b,False,Speaker 1: A live grenade is thrown at the president at lands 100 feet away - and authorities say it is ''not'' an attempt on his life? sounds like damage control to me. ,"You are an assistant trained to detect early warning signs of toxic behavior in online conversations. Predict whether the conversation is likely to result in a personal attack later on. Provide your answer in the format 'ATTACK: YES/NO'

Conversation:
Speaker 1: A live grenade is thrown at the president at lands 100 feet away - and authorities say it is ''not'' an attempt on his life? sounds like damage control to me.  The conversation begins with skepticism and suspicion, as the speaker questions the official narrative surrounding a potentially dangerous incident. The speaker's tone suggests disbelief and implies that authorities might be downplaying the severity of the situation. This sets the stage for a discussion that could explore themes of trust, authority, and public perception, with the speaker likely maintaining a critical stance throughout the conversation.","assistant<|end_header_id|>

ATTACK: NO 

The conversation starts with a skeptical tone, but the speaker's language is focused on questioning the official narrative and expressing disbelief, rather than making personal attacks. The tone is critical, but it is directed at the situation and the authorities' response, rather than at a specific individual. This suggests that the conversation is likely to remain focused on the topic at hand, rather than escalating into personal attacks.",yes,no,0
143548887.1630.1630,scd,llama70b,False,Speaker 1: I'm confused by your comment external_link.  Is this a joke or what? ,"You are an assistant trained to detect early warning signs of toxic behavior in online conversations. Predict whether the conversation is likely to result in a personal attack later on. Provide your answer in the format 'ATTACK: YES/NO'

Conversation:
Speaker 1: I'm confused by your comment external_link.  Is this a joke or what?  The conversation begins with S_0 expressing confusion and seeking clarification about a previous comment, indicating a need for understanding. This sets a tone of uncertainty and inquiry. As the conversation progresses, the speakers may engage in clarification, explanation, or justification to address the initial confusion. The trajectory likely involves a shift from misunderstanding to a more resolved state, with efforts from one or both parties to clarify intentions and ensure mutual understanding.","assistant<|end_header_id|>

ATTACK: NO",no,no,1
143877368.8.8,scd,llama70b,False,Speaker 1: We cannot delete your userpage now. ,"You are an assistant trained to detect early warning signs of toxic behavior in online conversations. Predict whether the conversation is likely to result in a personal attack later on. Provide your answer in the format 'ATTACK: YES/NO'

Conversation:
Speaker 1: We cannot delete your userpage now.  The conversation begins with a firm stance from Speaker 0, indicating a refusal to fulfill a request. As the dialogue progresses, Speaker 1 likely seeks clarification or presents reasons for their request, while Speaker 0 maintains their position, possibly offering explanations or alternatives. The interaction is characterized by Speaker 1's attempts to persuade or negotiate, contrasted with Speaker 0's consistent adherence to their initial decision, suggesting a dynamic of persistence versus resistance.","assistant<|end_header_id|>

ATTACK: YES

Reasoning:

* The conversation starts with a firm refusal, which may lead to frustration or disagreement from Speaker 1.
* The dynamic of persistence versus resistance creates a power imbalance, with Speaker 0 holding the decision-making power and Speaker 1 trying to influence the outcome.
* The contrast between Speaker 1's attempts to persuade or negotiate and Speaker 0's consistent adherence to their decision may escalate into a more confrontational tone, potentially leading to personal attacks.
* The conversation's focus on a specific request and refusal creates a sense of opposition, which can increase the likelihood of personal attacks as the discussion progresses.",yes,yes,1
143890867.11926.11926,scd,llama70b,False,"Speaker 1: No more than two editors advocated deletion.  Greatestrowerever and maybe Kymacpherson.  That's not a clear consensus for deletion.  Cheers, ","You are an assistant trained to detect early warning signs of toxic behavior in online conversations. Predict whether the conversation is likely to result in a personal attack later on. Provide your answer in the format 'ATTACK: YES/NO'

Conversation:
Speaker 1: No more than two editors advocated deletion.  Greatestrowerever and maybe Kymacpherson.  That's not a clear consensus for deletion.  Cheers,  The conversation begins with a participant expressing disagreement over a decision, suggesting a lack of consensus. The tone is assertive yet polite, aiming to clarify the situation. As the discussion progresses, the speaker maintains a consistent stance, emphasizing the need for a more balanced view. The intention appears to be to encourage further dialogue and reconsideration, using a calm and reasoned approach to persuade others to reassess the decision-making process.","assistant<|end_header_id|>

ATTACK: NO

The conversation starts with a clear expression of disagreement, but the tone remains polite and assertive, focusing on the issue rather than making a personal attack. The speaker's goal is to encourage further discussion and reconsideration, using a calm and reasoned approach. The language used is neutral and objective, without any aggressive or inflammatory tone, suggesting that the conversation is unlikely to escalate into a personal attack.",yes,no,0
144384425.3276.3276,scd,llama70b,False,"Speaker 1: The irony of Rambutan's actions is that I do not know of a single case where he did not revert to the best available version. He has been a vigilent defender of the Doctor Who articles. The problem is that he has been too vigilent. The edit in question was a small revert, and a correct one. But it was still one of four in 24 hours, from someone who should know better. ","You are an assistant trained to detect early warning signs of toxic behavior in online conversations. Predict whether the conversation is likely to result in a personal attack later on. Provide your answer in the format 'ATTACK: YES/NO'

Conversation:
Speaker 1: The irony of Rambutan's actions is that I do not know of a single case where he did not revert to the best available version. He has been a vigilent defender of the Doctor Who articles. The problem is that he has been too vigilent. The edit in question was a small revert, and a correct one. But it was still one of four in 24 hours, from someone who should know better.  The speaker begins by acknowledging Rambutan's generally positive contributions and vigilance in editing, particularly regarding Doctor Who articles. However, the speaker shifts to critique Rambutan's excessive vigilance, pointing out a specific instance of over-editing. The sentiment transitions from appreciation to concern, highlighting a need for Rambutan to moderate his editing frequency despite his usually correct actions. The speaker's intention is to balance recognition of good work with constructive criticism.","assistant<|end_header_id|>

ATTACK: NO

The speaker's tone is critical, but it is focused on a specific behavior (excessive editing) rather than making a personal attack. The language used is objective and constructive, aiming to balance recognition of Rambutan's good work with a suggestion for improvement. The speaker also starts by acknowledging Rambutan's positive contributions, which suggests a desire to have a constructive conversation rather than launching a personal attack.",no,no,1
144401101.11263.11263,scd,llama70b,False,Speaker 1: Little user wonder if big zilla monster wish to adopt a nice pet dove? Peace. ,"You are an assistant trained to detect early warning signs of toxic behavior in online conversations. Predict whether the conversation is likely to result in a personal attack later on. Provide your answer in the format 'ATTACK: YES/NO'

Conversation:
Speaker 1: Little user wonder if big zilla monster wish to adopt a nice pet dove? Peace.  The conversation begins with a playful and imaginative tone, as one speaker introduces a whimsical scenario. This sets a lighthearted and creative atmosphere, suggesting an intention to engage the other speaker in a fun and imaginative dialogue. The sentiment is one of curiosity and humor, aiming to elicit a similarly playful response and foster a friendly, open-ended exchange. The strategy is to use metaphor and whimsy to maintain a positive and engaging interaction.","assistant<|end_header_id|>

ATTACK: NO",yes,no,0
144643838.1236.1236,scd,llama70b,False,"Speaker 1: Please stop removing and altering other editors' comments. What appeared to be valid concern is quickly descending into trolling, and if you continue, you may be blocked from editing. Stop it. - ","You are an assistant trained to detect early warning signs of toxic behavior in online conversations. Predict whether the conversation is likely to result in a personal attack later on. Provide your answer in the format 'ATTACK: YES/NO'

Conversation:
Speaker 1: Please stop removing and altering other editors' comments. What appeared to be valid concern is quickly descending into trolling, and if you continue, you may be blocked from editing. Stop it. -  The conversation begins with a stern warning from one speaker, expressing frustration and concern over another's behavior, which is perceived as disruptive. The tone is serious and cautionary, indicating that the behavior is not only unwelcome but could lead to consequences. The speaker's intention is to halt the negative actions by clearly stating potential repercussions, aiming to persuade the other party to cease their current approach.","assistant<|end_header_id|>

ATTACK: YES

The conversation starts with a confrontational tone, using phrases like ""Stop it"" and implying that the other person's behavior is ""trolling."" Although the speaker's intention is to address the issue, the language used is direct and forceful, which may escalate the situation. The warning about being blocked from editing can also be perceived as a threat, potentially leading to defensiveness and a personal attack in response.",yes,yes,1
144902506.962.962,scd,llama70b,False,"Speaker 1:  (1) Is how it is spelt.  (2) I offered a welcome when you challenged the notability of an article  (3) asking you to read the welcome - simply noting you are going into areas that more experienced editors usually go - not first day editors  (4) please show me specifically how I am rude and I will gladly apologise - as there is the basic issue of wiki_link - which I will gladly abide by - I am, not hiding - if you wish to continue your wiki_link thats fine - do it here - it is your activity that has raised the above comments from other editors in the first place. Take care! Enjoy the place","You are an assistant trained to detect early warning signs of toxic behavior in online conversations. Predict whether the conversation is likely to result in a personal attack later on. Provide your answer in the format 'ATTACK: YES/NO'

Conversation:
Speaker 1:  (1) Is how it is spelt.  (2) I offered a welcome when you challenged the notability of an article  (3) asking you to read the welcome - simply noting you are going into areas that more experienced editors usually go - not first day editors  (4) please show me specifically how I am rude and I will gladly apologise - as there is the basic issue of wiki_link - which I will gladly abide by - I am, not hiding - if you wish to continue your wiki_link thats fine - do it here - it is your activity that has raised the above comments from other editors in the first place. Take care! Enjoy the place The conversation begins with a defensive tone, as the speaker addresses a challenge to their actions by referencing a previous welcome they extended. They maintain a polite yet firm stance, inviting clarification on any perceived rudeness and expressing willingness to apologize if necessary. The speaker acknowledges the other party's activities as the source of comments from others, suggesting a desire to resolve misunderstandings while encouraging continued engagement in a positive manner.","assistant<|end_header_id|>

ATTACK: NO

Reasoning: 

* The speaker maintains a polite tone throughout the conversation.
* They address the challenge in a non-confrontational manner, providing context and offering clarification.
* The speaker invites the other party to point out any perceived rudeness and expresses willingness to apologize, showing a willingness to listen and resolve issues.
* Although the speaker mentions that the other party's activities have raised comments from others, they do not make a personal attack or insult.
* The conversation ends with a positive note, encouraging continued engagement and wishing the other party well.

Overall, the speaker's tone and language suggest a desire to resolve the issue and maintain a positive interaction, rather than escalating into a personal attack.",no,no,1
145242928.4828.4828,scd,llama70b,False,"Speaker 1:  Sorry, no more plotting the destruction of Wikipedia in our Secret Pirate's Clubhouse. Darn, I was sure that no-one would ever notice all those edits in out contrib histories or in the external_link of my user page (after all, who would be interested in mousy, low-profile, editors like us). And I was sure that this external_link would have thrown them off. I can be so naive!","You are an assistant trained to detect early warning signs of toxic behavior in online conversations. Predict whether the conversation is likely to result in a personal attack later on. Provide your answer in the format 'ATTACK: YES/NO'

Conversation:
Speaker 1:  Sorry, no more plotting the destruction of Wikipedia in our Secret Pirate's Clubhouse. Darn, I was sure that no-one would ever notice all those edits in out contrib histories or in the external_link of my user page (after all, who would be interested in mousy, low-profile, editors like us). And I was sure that this external_link would have thrown them off. I can be so naive! The conversation begins with a speaker expressing disappointment and a hint of sarcasm about their failed secretive activities. They acknowledge their naivety and the unexpected attention their actions received. The tone is light-hearted and self-deprecating, suggesting a shift from initial confidence to a more resigned acceptance of the situation. The speaker uses humor and irony to convey their realization and to soften the impact of their thwarted plans.","assistant<|end_header_id|>

ATTACK: NO

The conversation starts with a tone that is light-hearted and self-deprecating, indicating that the speaker is unlikely to launch a personal attack. The use of humor and irony suggests a willingness to poke fun at oneself and acknowledge one's own mistakes, rather than directing criticism or aggression towards others. The speaker's language is playful and tongue-in-cheek, which is not typically indicative of toxic behavior.",no,no,1
145469677.9768.9768,scd,llama70b,False,"Speaker 1:  I've blocked this account indefinitely.  Taking the wiki_link connection to indef blocked  along with this account's edit history, I see a strong indication that this is a wiki_link account.  Beyond that, this account has been creating all kinds of disruption at multiple AFDs, essentially pestering various editors over their !votes.  I'll be posting a block review of this at wiki_link.  you are free to request an unblock via template or email as well.","You are an assistant trained to detect early warning signs of toxic behavior in online conversations. Predict whether the conversation is likely to result in a personal attack later on. Provide your answer in the format 'ATTACK: YES/NO'

Conversation:
Speaker 1:  I've blocked this account indefinitely.  Taking the wiki_link connection to indef blocked  along with this account's edit history, I see a strong indication that this is a wiki_link account.  Beyond that, this account has been creating all kinds of disruption at multiple AFDs, essentially pestering various editors over their !votes.  I'll be posting a block review of this at wiki_link.  you are free to request an unblock via template or email as well. The speaker begins with a firm stance, explaining the rationale for indefinitely blocking an account due to disruptive behavior and suspected misuse. They maintain a serious tone, emphasizing the account's negative impact on discussions. Despite this firm action, the speaker remains open to dialogue, offering the blocked party a chance to request an unblock through formal channels, suggesting a willingness to reconsider the decision if appropriate.","assistant<|end_header_id|>

ATTACK: NO 

The conversation starts with a firm stance, but the speaker provides a clear explanation for their actions and remains open to dialogue. The tone is serious but not aggressive, and the speaker offers a clear path for the blocked party to appeal the decision. There is no apparent emotional escalation or personal attack, suggesting that the conversation is likely to remain focused on the issue at hand rather than devolving into personal attacks.",yes,no,0
145712769.2405.2405,scd,llama70b,False,"Speaker 1:  Why you first delete unofficial finnish name and then edit back unofficial swedish name? Why, are you paid from swedish part?","You are an assistant trained to detect early warning signs of toxic behavior in online conversations. Predict whether the conversation is likely to result in a personal attack later on. Provide your answer in the format 'ATTACK: YES/NO'

Conversation:
Speaker 1:  Why you first delete unofficial finnish name and then edit back unofficial swedish name? Why, are you paid from swedish part? The conversation begins with a confrontational tone, as one speaker questions the other's actions and motives, suggesting bias or external influence. The initial sentiment is accusatory, implying distrust. As the conversation progresses, the focus remains on questioning intentions and actions, with the underlying tension persisting. The speaker's strategy seems to be to challenge and provoke a response, maintaining a critical stance throughout the interaction.","assistant<|end_header_id|>

ATTACK: YES",yes,yes,1
145872593.19153.19153,scd,llama70b,False,"Speaker 1:  As proven a thousand times already, ""Metropolitan area"" isn't and has never been a translation of ""aire urbaine""  - this is just a creation of 's wishful thinking: If the INSEE doesn't use this term, I don't see how a single wikipedian can think himself immune to and better than this simple fact. What's more, as repeated thousands of times before, French economic data is collected and calculated in the country's administrative regions - meaning communes, départments and régions - not commuter belt areas - so there is no ""aire urbaine GDP"" possible, no matter how inventively one ""translates"" it. Come to think of it, I'd better check up on the usage there too.
One cannot modify fact to match his own inventive pet phrase and it as fact itself; this is a bras d'honneur to Wiki readers and contributors alike. Get real, please.","You are an assistant trained to detect early warning signs of toxic behavior in online conversations. Predict whether the conversation is likely to result in a personal attack later on. Provide your answer in the format 'ATTACK: YES/NO'

Conversation:
Speaker 1:  As proven a thousand times already, ""Metropolitan area"" isn't and has never been a translation of ""aire urbaine""  - this is just a creation of 's wishful thinking: If the INSEE doesn't use this term, I don't see how a single wikipedian can think himself immune to and better than this simple fact. What's more, as repeated thousands of times before, French economic data is collected and calculated in the country's administrative regions - meaning communes, départments and régions - not commuter belt areas - so there is no ""aire urbaine GDP"" possible, no matter how inventively one ""translates"" it. Come to think of it, I'd better check up on the usage there too.
One cannot modify fact to match his own inventive pet phrase and it as fact itself; this is a bras d'honneur to Wiki readers and contributors alike. Get real, please. The speaker expresses strong frustration and challenges the legitimacy of a translation, emphasizing adherence to established facts and standards. Their tone is assertive and critical, aiming to correct what they perceive as a misrepresentation. The speaker's intention is to uphold accuracy and credibility, urging others to align with official terminology and data collection practices. Their strategy is to appeal to authority and factual correctness, maintaining a consistent stance throughout the conversation.","assistant<|end_header_id|>

ATTACK: YES

Reasoning:

* Speaker 1 uses strong language to express frustration and disagreement, such as ""wishful thinking"", ""bras d'honneur"" (a French idiom for ""a gesture of contempt""), and ""Get real, please"". This kind of language can escalate tensions and create a confrontational atmosphere.
* The speaker makes a personal attack by implying that the opposing party is trying to impose their own ""inventive pet phrase"" on others, which can be perceived as a criticism of their intelligence or competence.
* The tone is assertive and critical, but also somewhat condescending, which can be perceived as belittling or patronizing.
* The speaker's emphasis on ""getting real"" and adhering to established facts and standards can come across as dismissive of opposing views and may be perceived as an attempt to shut down the conversation rather than engage in a constructive discussion.

Overall, while the speaker's intention is to uphold accuracy and credibility",yes,yes,1
145897597.3994.3994,scd,llama70b,False,"Speaker 1: Feel free to revert me, the only reason I did it was for clarification for people that may not realise the two are the same, since UTC is used on Wikipedia. -) ","You are an assistant trained to detect early warning signs of toxic behavior in online conversations. Predict whether the conversation is likely to result in a personal attack later on. Provide your answer in the format 'ATTACK: YES/NO'

Conversation:
Speaker 1: Feel free to revert me, the only reason I did it was for clarification for people that may not realise the two are the same, since UTC is used on Wikipedia. -)  The speaker begins with a cooperative and open tone, expressing willingness to accept changes and clarifying their intentions. They aim to assist others by providing clarification, demonstrating a helpful and considerate approach. The use of a friendly emoticon suggests a positive and approachable demeanor, indicating an intention to maintain a harmonious and constructive dialogue. Overall, the speaker's strategy is to facilitate understanding while remaining open to feedback and adjustments.","assistant<|end_header_id|>

ATTACK: NO",yes,no,0
146015916.4310.4310,scd,llama70b,False,"Speaker 1:  Dukemon uncovered the new toyline, with a the final form for Den-O revealed.
* external_link
** DX Denkame-Sword: Heavy Rotation Blade used by Liner Form (October)
* Zeronos Zero Form (November)
* DX Denebiku-Buster: Connection Arms (October)
* KingLiner: (November)","You are an assistant trained to detect early warning signs of toxic behavior in online conversations. Predict whether the conversation is likely to result in a personal attack later on. Provide your answer in the format 'ATTACK: YES/NO'

Conversation:
Speaker 1:  Dukemon uncovered the new toyline, with a the final form for Den-O revealed.
* external_link
** DX Denkame-Sword: Heavy Rotation Blade used by Liner Form (October)
* Zeronos Zero Form (November)
* DX Denebiku-Buster: Connection Arms (October)
* KingLiner: (November) The conversation begins with an informative tone as the speaker shares details about a new toyline, maintaining a straightforward and factual approach. The speaker's intention is to provide updates and specific release information, focusing on clarity and precision. There is no evident shift in sentiment or strategy, as the speaker remains consistent in delivering the information without engaging in persuasion or emotional appeal.","assistant<|end_header_id|>

ATTACK: NO

The conversation appears to be a neutral, informative exchange, with the speaker providing factual details about a new toyline. There is no indication of emotional tone, personal opinion, or potential for conflict, suggesting a low likelihood of the conversation escalating into a personal attack.",no,no,1
146397004.6583.6583,scd,llama70b,False,"Speaker 1: Our dear friend has decided to rewrite wiki_link. Oh brother... 
Speaker 2: Because his friends came to his defence at the RfC, I think he thinks he can do anything he wants.  He doesn't quite understand the purpose of an RfC.  Whatever.  I presume he'll disappear again, or let's hope he does. ","You are an assistant trained to detect early warning signs of toxic behavior in online conversations. Predict whether the conversation is likely to result in a personal attack later on. Provide your answer in the format 'ATTACK: YES/NO'

Conversation:
Speaker 1: Our dear friend has decided to rewrite wiki_link. Oh brother... 
Speaker 2: Because his friends came to his defence at the RfC, I think he thinks he can do anything he wants.  He doesn't quite understand the purpose of an RfC.  Whatever.  I presume he'll disappear again, or let's hope he does.  The conversation begins with a tone of frustration and skepticism regarding a friend's actions. Speaker 1 expresses a belief that the friend feels emboldened by support from others, suggesting a misunderstanding of a process. Both speakers seem resigned to the situation, with Speaker 1 hoping for the friend's eventual absence, indicating a persistent sentiment of exasperation and a desire for resolution through disengagement.","assistant<|end_header_id|>

ATTACK: YES

Reasoning: 

* Speaker 1's tone is dismissive and sarcastic (""Oh brother...""), setting a negative tone for the conversation.
* Speaker 2 implies that the friend is arrogant and lacks understanding, which could escalate into personal attacks.
* The language used by Speaker 2 (""he thinks he can do anything he wants"") has a slightly condescending tone, which may provoke a defensive response.
* The hope expressed by Speaker 2 for the friend's disappearance could be perceived as a veiled insult, which may lead to a personal attack if the friend feels targeted.

While the conversation starts with a tone of frustration and skepticism, it has the potential to escalate into personal attacks if the friend feels personally criticized or attacked.",no,yes,0
146743638.12652.12652,scd,llama70b,False,"Speaker 1: I notice that earier that  moved wiki_link to Bill Chen citing wiki_link , then you reverted this change, Bill Chen doesn't commonly go by William, his book is even penned as Bill Chen. From what I read in WP:COMMONNAME PatrikR seems to be correct, Examples given are names such as: *wiki_link (not wiki_link) *wiki_link (not wiki_link) I think this revert may have been a mistake unless you know otherwise? ▪◦▪ ","You are an assistant trained to detect early warning signs of toxic behavior in online conversations. Predict whether the conversation is likely to result in a personal attack later on. Provide your answer in the format 'ATTACK: YES/NO'

Conversation:
Speaker 1: I notice that earier that  moved wiki_link to Bill Chen citing wiki_link , then you reverted this change, Bill Chen doesn't commonly go by William, his book is even penned as Bill Chen. From what I read in WP:COMMONNAME PatrikR seems to be correct, Examples given are names such as: *wiki_link (not wiki_link) *wiki_link (not wiki_link) I think this revert may have been a mistake unless you know otherwise? ▪◦▪  The conversation begins with S_0 expressing a concern about a recent edit and questioning its validity based on a specific guideline. S_0 maintains a respectful and inquisitive tone, seeking clarification and demonstrating a willingness to understand the reasoning behind the revert. The speaker uses examples to support their point, indicating a strategy of appealing to established guidelines and precedents to persuade the other party to reconsider the edit.","assistant<|end_header_id|>

ATTACK: NO",no,no,1
147954957.7256.7256,scd,llama70b,False,Speaker 1:  I gotta say that I don't think this article can be more than a dictionary definition if scrubbed of original research. I would appreciate it if you found a good target to merge the content somewhere else. It's a lot easier than nominating it for deletion.  '''',"You are an assistant trained to detect early warning signs of toxic behavior in online conversations. Predict whether the conversation is likely to result in a personal attack later on. Provide your answer in the format 'ATTACK: YES/NO'

Conversation:
Speaker 1:  I gotta say that I don't think this article can be more than a dictionary definition if scrubbed of original research. I would appreciate it if you found a good target to merge the content somewhere else. It's a lot easier than nominating it for deletion.  '''' The speaker expresses a critical view of the article, suggesting it lacks depth beyond a basic definition. They propose merging the content with another source as a more straightforward alternative to deletion, indicating a preference for preserving information in a more suitable context. This approach reflects a constructive intention to improve content management while avoiding the more drastic measure of deletion.","assistant<|end_header_id|>

ATTACK: NO

The speaker's tone is critical, but their suggestion to merge the content with another source indicates a desire to improve the article rather than simply attacking it. The language used is direct but not aggressive, and the speaker provides a clear alternative solution, which suggests a constructive approach to the conversation.",yes,no,0
148422557.5277.5277,scd,llama70b,False,"Speaker 1:  (cur) (last)  ConfuciusOrnis (Talk | contribs) (102,062 bytes) (I suggest you actually read the article before editing. This is already covered in much greater depth.) (undo)","You are an assistant trained to detect early warning signs of toxic behavior in online conversations. Predict whether the conversation is likely to result in a personal attack later on. Provide your answer in the format 'ATTACK: YES/NO'

Conversation:
Speaker 1:  (cur) (last)  ConfuciusOrnis (Talk | contribs) (102,062 bytes) (I suggest you actually read the article before editing. This is already covered in much greater depth.) (undo) The conversation begins with a participant expressing frustration and suggesting that another participant read the article thoroughly before making edits. This indicates a defensive stance and a desire to maintain the integrity of the content. The tone is assertive, emphasizing the importance of understanding the material fully before contributing changes, suggesting a focus on accuracy and depth in the discussion.","assistant<|end_header_id|>

ATTACK: YES

Reasoning: 

* The tone of Speaker 1 is assertive, but also somewhat condescending (""I suggest you actually read the article before editing""). This kind of language can be perceived as belittling or dismissive, which may escalate into a personal attack.
* The phrase ""This is already covered in much greater depth"" implies that Speaker 1 believes they have a superior understanding of the topic, which may lead to a patronizing or confrontational attitude towards others who disagree.
* The fact that Speaker 1 is emphasizing the need for others to ""read the article"" before contributing suggests that they may be setting themselves up as the authority on the topic, which can lead to defensiveness and a greater likelihood of personal attacks if others challenge their views.",no,yes,0
148967497.9388.9388,scd,llama70b,False,"Speaker 1:  Don't know if you noticed, but I dropped a couple of Sunset articles on the talk page. One of them is primarily about Deetjen's, and could be very useful sourcing that article. -","You are an assistant trained to detect early warning signs of toxic behavior in online conversations. Predict whether the conversation is likely to result in a personal attack later on. Provide your answer in the format 'ATTACK: YES/NO'

Conversation:
Speaker 1:  Don't know if you noticed, but I dropped a couple of Sunset articles on the talk page. One of them is primarily about Deetjen's, and could be very useful sourcing that article. - The conversation begins with S_0 introducing new resources to the discussion, suggesting a collaborative and informative tone. As the conversation progresses, the focus remains on sharing and utilizing information effectively. The speakers maintain a cooperative and constructive approach, with an emphasis on enhancing the quality of their work through shared resources. There is a consistent intention to support and improve the ongoing project, reflecting a positive and engaged dynamic throughout the interaction.","assistant<|end_header_id|>

ATTACK: NO",no,no,1
14969685.9097.9097,scd,llama70b,False,"Speaker 1: Firstly I'm not one of the ""gang"" nor is AreJay or anyone here as Grace seems to put it. Secondly the ""neutral"" view itself is not really well educated nor do they properly read the threads or history of the pages concerned. The neutral sources and some biased views are already given in the said articles. Yet Grace is asking that this user and his sockpuppets come to the talk page and show his sources. I wonder why a vandal would frequent a talk page? I don't see him coming and if anyone believes he is going to discuss this openly is naive. Secondly the problem isn't only to this article but ALL  articles related to the India pakistan wars. Incase these neutrals don't have time to read or understand here's the lowdown: wiki_link keeps deleting the info on the bengali atrocities wiki_link just read it dammit. wiki_link more vandalism wiki_link copyvio images and copyvio text from biased sources wiki_link blatant copyvio images and jingoistic text wiki_link minor changes to suit his POV. Incase it has not been noticed he has a pattern of simply reverting to his previous version without engaging in discussion like we are doing here. So the fact is while we talk about this and try to resolve he jolly well seems to care less for Wikipedia or its neutral stance and simply reverts to his POV. In those articles too, users like myself and other different users have reverted it to the non-chauvinistic versions time & again.  is asking for this vandal to come to the talk page and discuss the 1971 war which the miscreant refuses to do. Yet nothing is being done about it or his blatant cut and copy of text from the net. If anyone still has any lingering doubts then search by selecting the sentences used to describe his photos on google and u will get an exact match down to the last punctuation error. To avoid such future disputes I suggest that people should have a user account incase they want to break the 3 revert rule. that way it would be easier to block the user. Even now one of his sockpuppets Napoleon12 can be blocked. ","You are an assistant trained to detect early warning signs of toxic behavior in online conversations. Predict whether the conversation is likely to result in a personal attack later on. Provide your answer in the format 'ATTACK: YES/NO'

Conversation:
Speaker 1: Firstly I'm not one of the ""gang"" nor is AreJay or anyone here as Grace seems to put it. Secondly the ""neutral"" view itself is not really well educated nor do they properly read the threads or history of the pages concerned. The neutral sources and some biased views are already given in the said articles. Yet Grace is asking that this user and his sockpuppets come to the talk page and show his sources. I wonder why a vandal would frequent a talk page? I don't see him coming and if anyone believes he is going to discuss this openly is naive. Secondly the problem isn't only to this article but ALL  articles related to the India pakistan wars. Incase these neutrals don't have time to read or understand here's the lowdown: wiki_link keeps deleting the info on the bengali atrocities wiki_link just read it dammit. wiki_link more vandalism wiki_link copyvio images and copyvio text from biased sources wiki_link blatant copyvio images and jingoistic text wiki_link minor changes to suit his POV. Incase it has not been noticed he has a pattern of simply reverting to his previous version without engaging in discussion like we are doing here. So the fact is while we talk about this and try to resolve he jolly well seems to care less for Wikipedia or its neutral stance and simply reverts to his POV. In those articles too, users like myself and other different users have reverted it to the non-chauvinistic versions time & again.  is asking for this vandal to come to the talk page and discuss the 1971 war which the miscreant refuses to do. Yet nothing is being done about it or his blatant cut and copy of text from the net. If anyone still has any lingering doubts then search by selecting the sentences used to describe his photos on google and u will get an exact match down to the last punctuation error. To avoid such future disputes I suggest that people should have a user account incase they want to break the 3 revert rule. that way it would be easier to block the user. Even now one of his sockpuppets Napoleon12 can be blocked.  The speaker expresses frustration and skepticism about the intentions and actions of certain users, whom they perceive as disruptive and biased. They emphasize the importance of engaging in open discussion and adhering to neutral standards, contrasting this with the behavior of those they criticize. The speaker's tone is assertive and critical, advocating for stricter measures to prevent repeated disruptive actions. Throughout, there is a persistent call for accountability and adherence to community guidelines.","assistant<|end_header_id|>

ATTACK: YES

The speaker's tone is assertive and critical, but also somewhat aggressive and confrontational. They use strong language to describe the behavior of other users, such as ""vandal"", ""miscreant"", and ""sockpuppets"", which may escalate the situation. Additionally, the speaker makes personal attacks by implying that others are ""naive"" and ""don't have time to read or understand"". The speaker's frustration and skepticism may boil over into personal attacks if the conversation continues.",yes,yes,1
150992371.3983.3983,scd,llama70b,False,Speaker 1:  Where is the report? I can't find it. I think that  is a sock. It's fairly obvious once you look at the edit summaries.    wiki_link,"You are an assistant trained to detect early warning signs of toxic behavior in online conversations. Predict whether the conversation is likely to result in a personal attack later on. Provide your answer in the format 'ATTACK: YES/NO'

Conversation:
Speaker 1:  Where is the report? I can't find it. I think that  is a sock. It's fairly obvious once you look at the edit summaries.    wiki_link The conversation begins with a speaker expressing frustration and confusion over the location of a report. Their tone suggests urgency and a need for clarification. They then shift to making an observation, indicating a realization or conclusion about the situation. The speaker's approach combines seeking assistance with sharing insights, suggesting a blend of inquiry and assertiveness as they attempt to resolve their initial concern.","assistant<|end_header_id|>

ATTACK: NO

The conversation starts with a legitimate question and a expression of frustration, which is a normal and acceptable way to initiate a discussion. The speaker then shares their observation and provides evidence to support their claim, which indicates a desire to engage in a constructive conversation. The tone is assertive but not aggressive, and there is no personal attack or inflammatory language used. The speaker's approach suggests a focus on resolving the issue rather than attacking others.",no,no,1
151740907.15404.15404,scd,llama70b,False,"Speaker 1: Hardblocking wiki_link has been downgraded from a wiki_link to a wiki_link, but many administrators continue to hardblock proxies. I hope the blocks on the proxies below will be converted into softblocks, so legitimate registered users in China and elsewhere can use them to contribute to Wikipedia. ","You are an assistant trained to detect early warning signs of toxic behavior in online conversations. Predict whether the conversation is likely to result in a personal attack later on. Provide your answer in the format 'ATTACK: YES/NO'

Conversation:
Speaker 1: Hardblocking wiki_link has been downgraded from a wiki_link to a wiki_link, but many administrators continue to hardblock proxies. I hope the blocks on the proxies below will be converted into softblocks, so legitimate registered users in China and elsewhere can use them to contribute to Wikipedia.  The speaker expresses concern over the continued hardblocking of proxies by administrators, despite a policy change. They hope for a shift to softblocks to enable legitimate contributions from users in restricted regions. The speaker's sentiment is one of advocacy for accessibility and inclusivity, aiming to persuade others to reconsider the current blocking approach to foster wider participation.","assistant<|end_header_id|>

ATTACK: NO",yes,no,0
151766668.575.575,scd,llama70b,False,"Speaker 1:  external_link
Here's the bear photo Crockspots described. He wrote ""posted a picture of himself in leather ass chaps, cap and vest, you know the whole Polk Street Faire getup.""","You are an assistant trained to detect early warning signs of toxic behavior in online conversations. Predict whether the conversation is likely to result in a personal attack later on. Provide your answer in the format 'ATTACK: YES/NO'

Conversation:
Speaker 1:  external_link
Here's the bear photo Crockspots described. He wrote ""posted a picture of himself in leather ass chaps, cap and vest, you know the whole Polk Street Faire getup."" The conversation begins with a lighthearted tone, as one speaker shares a humorous description of a photo. The sentiment is playful and slightly teasing, focusing on a vivid depiction. The speaker's intention seems to be to entertain or amuse, maintaining a casual and friendly atmosphere. There is no indication of a shift in tone or strategy, suggesting a consistent approach throughout this part of the conversation.","assistant<|end_header_id|>

ATTACK: NO",yes,no,0
152213422.465.0,scd,llama70b,False,"Speaker 1: sorry for a non-article question, but do any of you know how to contact Sakurai?  Email?  Letter?  Psychic hotline?  ( ) Try a wiki_link,  - I've tried that, it didn't work.  I've also tried screaming really hard so he could hear me...didn't work.  Ah well...woe is me.  I wanted to talk with this genius called Sakruai.  ( ) ","You are an assistant trained to detect early warning signs of toxic behavior in online conversations. Predict whether the conversation is likely to result in a personal attack later on. Provide your answer in the format 'ATTACK: YES/NO'

Conversation:
Speaker 1: sorry for a non-article question, but do any of you know how to contact Sakurai?  Email?  Letter?  Psychic hotline?  ( ) Try a wiki_link,  - I've tried that, it didn't work.  I've also tried screaming really hard so he could hear me...didn't work.  Ah well...woe is me.  I wanted to talk with this genius called Sakruai.  ( )  The speaker humorously expresses a desire to contact Sakurai, initially asking for practical methods but quickly shifting to playful exaggerations like a psychic hotline or screaming. The tone remains light-hearted and self-deprecating, as the speaker acknowledges the futility of their attempts while still expressing admiration for Sakurai. This blend of humor and admiration persists throughout the conversation, maintaining a consistent, playful sentiment.","assistant<|end_header_id|>

ATTACK: NO",no,no,1
152508378.4331.4331,scd,llama70b,False,"Speaker 1: Okay, truthfully I am very getting upset by your behaviour, such as wiki_link. As I've said, do the research before getting yourself involved.  was trolling my talk page repeatedly ''even after'' I told him that external_link. For no reason, he then blanked a reply of mine to  twice, see external_link and external_link, just to be disruptive. I warned him for it and then he removed the warnings, and further external_link. I didn't care that much at the time. Out of the blue, Wrestlinglover420 came along and posted external_link to A Link to the Past, which I saw as bad faith since he put himself in a predicament he knew nothing of. Enough talking about this Chris, unless it is of major importance then let me know of it and please, please, please, please, read your talk page. What's the point of talking to me if you won't see my affairs? You really upset me with this and if you continue to not pay attention to me then, not to be wiki_link, I don't see why I should bother. Simple. ","You are an assistant trained to detect early warning signs of toxic behavior in online conversations. Predict whether the conversation is likely to result in a personal attack later on. Provide your answer in the format 'ATTACK: YES/NO'

Conversation:
Speaker 1: Okay, truthfully I am very getting upset by your behaviour, such as wiki_link. As I've said, do the research before getting yourself involved.  was trolling my talk page repeatedly ''even after'' I told him that external_link. For no reason, he then blanked a reply of mine to  twice, see external_link and external_link, just to be disruptive. I warned him for it and then he removed the warnings, and further external_link. I didn't care that much at the time. Out of the blue, Wrestlinglover420 came along and posted external_link to A Link to the Past, which I saw as bad faith since he put himself in a predicament he knew nothing of. Enough talking about this Chris, unless it is of major importance then let me know of it and please, please, please, please, read your talk page. What's the point of talking to me if you won't see my affairs? You really upset me with this and if you continue to not pay attention to me then, not to be wiki_link, I don't see why I should bother. Simple.  The speaker begins the conversation expressing frustration and upset over the behavior of others, indicating a sense of being ignored or misunderstood. They emphasize the importance of doing research and paying attention to their communications. As the conversation progresses, the speaker's tone remains firm and insistent, underscoring their desire for acknowledgment and engagement from the other party. They conclude by reiterating their dissatisfaction and hinting at withdrawing from the interaction if their concerns are not addressed.","assistant<|end_header_id|>

ATTACK: YES

Reasoning:

1. **Emotional escalation**: The speaker starts with a strong emotional tone, expressing frustration and upset, which can escalate into personal attacks if not addressed.
2. **Accusatory language**: The speaker uses phrases like ""trolling my talk page repeatedly"" and ""bad faith,"" which can be perceived as attacks on the other person's character or intentions.
3. **Personalization**: The speaker takes the behavior of others personally, feeling ignored and misunderstood, which can lead to a defensive and aggressive response.
4. ** Ultimatum**: The speaker sets a condition for continued interaction (""if you won't see my affairs""), which can be seen as a threat or an ultimatum, potentially leading to a personal attack if the condition is not met.
5. **Hint of aggression**: The speaker's final sentence (""I don't see why I should bother"") has a slightly aggressive tone, implying that they may lash out or disengage",yes,yes,1
152516074.22705.22705,scd,llama70b,False,"Speaker 1: On the opening of British government papers after 30 years, two media sources report suspicions of Israeli involvement in the hi-jack that led to wiki_link. Do these reports merit inclusion in article? ","You are an assistant trained to detect early warning signs of toxic behavior in online conversations. Predict whether the conversation is likely to result in a personal attack later on. Provide your answer in the format 'ATTACK: YES/NO'

Conversation:
Speaker 1: On the opening of British government papers after 30 years, two media sources report suspicions of Israeli involvement in the hi-jack that led to wiki_link. Do these reports merit inclusion in article?  The conversation begins with an inquiry about the relevance of including certain media reports in an article. The speaker seeks input on whether the reports, which involve suspicions about historical events, are significant enough to be included. The tone is inquisitive and open, indicating a desire for collaborative evaluation. The focus is on assessing the merit and relevance of the information, suggesting an intention to ensure accuracy and comprehensiveness in the article's content.","assistant<|end_header_id|>

ATTACK: NO",no,no,1
152544576.5747.5747,scd,llama70b,False,"Speaker 1: I've had some run-ins with this particular editor before, and he is somewhat famous for being far more uncivl than is unnecessary. I recently came across this edit in wiki_link, addressing some of the CN tags I had placed with in the article: * external_link * external_link * external_link This level of aggressiveness isn't typical, is it? I am unsure as to how to proceed, considering that this isn't the first time something like this has occurred. Please note that the comments came without provocation and, except for a external_link by myself on his talk page to stop, I have not responded to them (and don't plan to in the page). Is this an admin incident page offense? - ","You are an assistant trained to detect early warning signs of toxic behavior in online conversations. Predict whether the conversation is likely to result in a personal attack later on. Provide your answer in the format 'ATTACK: YES/NO'

Conversation:
Speaker 1: I've had some run-ins with this particular editor before, and he is somewhat famous for being far more uncivl than is unnecessary. I recently came across this edit in wiki_link, addressing some of the CN tags I had placed with in the article: * external_link * external_link * external_link This level of aggressiveness isn't typical, is it? I am unsure as to how to proceed, considering that this isn't the first time something like this has occurred. Please note that the comments came without provocation and, except for a external_link by myself on his talk page to stop, I have not responded to them (and don't plan to in the page). Is this an admin incident page offense? -  The speaker begins by expressing frustration and concern over repeated negative interactions with a particular editor, questioning the appropriateness of the editor's behavior. They seek advice on how to handle the situation, indicating uncertainty and a desire for resolution. The speaker maintains a calm and measured tone, emphasizing their intention to avoid further confrontation and considering formal action. Throughout, they remain focused on understanding the best course of action while highlighting the persistence of the issue.","assistant<|end_header_id|>

ATTACK: NO

The speaker's tone is critical of the editor's behavior, but it is not aggressive or inflammatory. They are seeking advice and guidance on how to handle the situation, and their language is descriptive rather than abusive. The speaker also explicitly states that they do not plan to respond to the editor's comments, indicating a desire to de-escalate the situation rather than engage in further conflict. Overall, the conversation appears to be focused on resolving the issue in a constructive manner, rather than launching a personal attack.",no,no,1
153067091.184.0,scd,llama70b,False,"Speaker 1: *'''Support''' - ""Push up"" is more widely understood by English-speaking countries; the article would be more stable at ""Push up"" *'''Support''' - Press-up is an obscure term, used primarily in GB. Push-up is (as proven by searching) much more well-known. *'''Support''' - Push-up is the more used term as evidenced by google search, and is the only term used in Canada and likely the United States. *'''Support''' - The term push-up seems to be more commonly recognized in the English language. *'''Support''' More common, seems that only British folks use the other term. *'''Support''' I had never head the term ""press-up"" before.  When searching for this article, it was more diffucult as the common term push up was not listed. **What do you mean by ""not listed""? wiki_link redirects here. ***I did a Google search typing wikipedia after ""push up"" as Google generally does a better job getting results.  You can't even make the argument that more people use the wikipedia search feature over the Google search, that would be a really stupid argument. **** I just typed in ""push up wikipedia"" into Google, and this article was the first result. **And I had never heard the term ""push up"" before. I did plenty of the things in sports training. *'''Support''' Press-up is rare in my experience. After typing this, I really should go do some push-ups. *'''Support''' - Google test is about 5 to 1 in favor of push-up - 2.6 million to 550,000. That's enough of a difference to suggest a move is warranted. *'''Support''' - Despite being a native speaker of British English, I believe the term 'push up' is more mutually understandable across the English speaking nations. I would therefore suggest the move in the name of clarity and accessibility. *'''Support''' The almighty Google has spoken. ","You are an assistant trained to detect early warning signs of toxic behavior in online conversations. Predict whether the conversation is likely to result in a personal attack later on. Provide your answer in the format 'ATTACK: YES/NO'

Conversation:
Speaker 1: *'''Support''' - ""Push up"" is more widely understood by English-speaking countries; the article would be more stable at ""Push up"" *'''Support''' - Press-up is an obscure term, used primarily in GB. Push-up is (as proven by searching) much more well-known. *'''Support''' - Push-up is the more used term as evidenced by google search, and is the only term used in Canada and likely the United States. *'''Support''' - The term push-up seems to be more commonly recognized in the English language. *'''Support''' More common, seems that only British folks use the other term. *'''Support''' I had never head the term ""press-up"" before.  When searching for this article, it was more diffucult as the common term push up was not listed. **What do you mean by ""not listed""? wiki_link redirects here. ***I did a Google search typing wikipedia after ""push up"" as Google generally does a better job getting results.  You can't even make the argument that more people use the wikipedia search feature over the Google search, that would be a really stupid argument. **** I just typed in ""push up wikipedia"" into Google, and this article was the first result. **And I had never heard the term ""push up"" before. I did plenty of the things in sports training. *'''Support''' Press-up is rare in my experience. After typing this, I really should go do some push-ups. *'''Support''' - Google test is about 5 to 1 in favor of push-up - 2.6 million to 550,000. That's enough of a difference to suggest a move is warranted. *'''Support''' - Despite being a native speaker of British English, I believe the term 'push up' is more mutually understandable across the English speaking nations. I would therefore suggest the move in the name of clarity and accessibility. *'''Support''' The almighty Google has spoken.  The conversation maintains a consistent supportive sentiment for a particular term, with participants largely agreeing on its broader recognition and usability. The speakers employ various strategies, such as referencing personal experiences and search engine results, to reinforce their stance. While the conversation remains focused on advocating for a change, it also briefly touches on differing regional understandings. Overall, the dialogue is collaborative, with participants building on each other's points to strengthen their collective argument.","assistant<|end_header_id|>

ATTACK: NO",no,no,1
153067091.453.0,scd,llama70b,False,"Speaker 1: '''Oppose'''- I have never heard the term push up before except when people get it mixed up with a pull up. —The preceding wiki_link comment was added by   • 
Speaker 2: I don't know where you are from, but in the U.S., the term press up nearly never used.  The term push-up is much more common. '''Oppose'''. ""Press up"" vs ""push up"" is a regional variant name for the same exercise. When different national varieties of English use different terms, Wikipedia convention is to just go with the version used by the first author. Since this article has been at ""press up"" since I created it 3 years ago, I see little reason to move it (even if you haven't heard of it over in the US). '''Oppose'''. For that same reasons   gives. Additionally, a redirect exists, and that will easily suffice. ","You are an assistant trained to detect early warning signs of toxic behavior in online conversations. Predict whether the conversation is likely to result in a personal attack later on. Provide your answer in the format 'ATTACK: YES/NO'

Conversation:
Speaker 1: '''Oppose'''- I have never heard the term push up before except when people get it mixed up with a pull up. —The preceding wiki_link comment was added by   • 
Speaker 2: I don't know where you are from, but in the U.S., the term press up nearly never used.  The term push-up is much more common. '''Oppose'''. ""Press up"" vs ""push up"" is a regional variant name for the same exercise. When different national varieties of English use different terms, Wikipedia convention is to just go with the version used by the first author. Since this article has been at ""press up"" since I created it 3 years ago, I see little reason to move it (even if you haven't heard of it over in the US). '''Oppose'''. For that same reasons   gives. Additionally, a redirect exists, and that will easily suffice.  The conversation begins with a participant expressing opposition and confusion about a term, indicating a lack of familiarity. Another speaker responds by acknowledging the regional differences in terminology, reinforcing their stance with a reference to Wikipedia conventions and historical context. Both speakers maintain their opposition throughout, using reasoning based on regional language variations and existing solutions like redirects to support their positions. The conversation remains focused on justifying their opposing views without shifting sentiments.","assistant<|end_header_id|>

ATTACK: NO",yes,no,0
153166575.11251.11251,scd,llama70b,False,"Speaker 1:  There is a deliberate attempt recently to damage the article and to mix drop of wrong informaiton here and there in the article. Please note that this article has gone through different review by the administrators and differnt peole with differnt POVs. I have put back the nutral version of the article which was reviewed by our admininistrators like  and baka, please dont add your vandals and POVs in this page. I am wondering why you want to participate in the switching the article business.   . The pove pushers has put a lot of drops of wrong information here and there. Some of them are:
:: 1. Why you call it as  wiki_link wiki_link organisation
:: 2. What is your evidence for NDF allegedly encourages wiki_link-backed wiki_link related activities in wiki_link.:: 3. How you can say It also stands accused of being a propaganda front for numerous wiki_link groups, and for orchestrating the wiki_link wiki_link (see wiki_link below)  ?? In 2002, Among the arrseted were workers of Hindutva'' workers of ARAYASAMAJAM, RSS. Are they Islamist parties? So there is no logic or reference to prove your point.
:: 4. You changed in sevaral places from the fact as 'claimings' of NDF. Why you don't want to agree on the facts?
:: 5. You are calling wiki_link as radical Islamist !!. Why you want to call him this way...? he is not even a muslim!!
:: 6. Why you want to link it to ISI and pakistan? Did any goverment agency prove this? It is just some propaganda of wiki_link and wiki_link parties in india. All parties has their opposition. This party is not an exception.","You are an assistant trained to detect early warning signs of toxic behavior in online conversations. Predict whether the conversation is likely to result in a personal attack later on. Provide your answer in the format 'ATTACK: YES/NO'

Conversation:
Speaker 1:  There is a deliberate attempt recently to damage the article and to mix drop of wrong informaiton here and there in the article. Please note that this article has gone through different review by the administrators and differnt peole with differnt POVs. I have put back the nutral version of the article which was reviewed by our admininistrators like  and baka, please dont add your vandals and POVs in this page. I am wondering why you want to participate in the switching the article business.   . The pove pushers has put a lot of drops of wrong information here and there. Some of them are:
:: 1. Why you call it as  wiki_link wiki_link organisation
:: 2. What is your evidence for NDF allegedly encourages wiki_link-backed wiki_link related activities in wiki_link.:: 3. How you can say It also stands accused of being a propaganda front for numerous wiki_link groups, and for orchestrating the wiki_link wiki_link (see wiki_link below)  ?? In 2002, Among the arrseted were workers of Hindutva'' workers of ARAYASAMAJAM, RSS. Are they Islamist parties? So there is no logic or reference to prove your point.
:: 4. You changed in sevaral places from the fact as 'claimings' of NDF. Why you don't want to agree on the facts?
:: 5. You are calling wiki_link as radical Islamist !!. Why you want to call him this way...? he is not even a muslim!!
:: 6. Why you want to link it to ISI and pakistan? Did any goverment agency prove this? It is just some propaganda of wiki_link and wiki_link parties in india. All parties has their opposition. This party is not an exception. The conversation begins with a strong defensive stance, as one speaker accuses others of deliberately damaging an article by inserting misinformation. The speaker emphasizes the article's neutrality and previous reviews by administrators, expressing frustration and suspicion toward those making changes. Throughout the conversation, the speaker maintains a confrontational tone, questioning the motives and evidence of others while defending the original content. The speaker's strategy is to challenge the legitimacy of the changes and assert authority through past administrative reviews.","assistant<|end_header_id|>

ATTACK: YES

Reasoning:

1. **Defensive and accusatory tone**: The conversation starts with a strong defensive stance, accusing others of deliberate attempts to damage the article. This tone sets a confrontational atmosphere.
2. **Questioning motives**: The speaker questions the motives of others, implying that they have ulterior motives or are trying to push a particular agenda.
3. **Challenging legitimacy**: The speaker challenges the legitimacy of the changes made by others, implying that they are not valid or trustworthy.
4. **Asserting authority**: The speaker asserts authority through past administrative reviews, which may come across as condescending or dismissive of others' opinions.
5. **Emotional language**: The speaker uses emotional language, such as ""vandals,"" ""POV pushers,"" and ""propaganda,"" which can escalate tensions and lead to personal attacks.

Given these factors, it is likely that the conversation may result in a personal attack later on,",yes,yes,1
153373392.15186.15186,scd,llama70b,False,"Speaker 1: User Aschoeff should refrain from removing discussions from the talk page. Please see this edit . It is rather peculiar since he is removing his own post as wellit is almost as though he did not like that he was wrong. He had stated ""''This is obviously an Issue of National Security for The United States of America. Disinformation is allowed, and expected, for Our Safety. Therefore any documents you may ''think'' you have are suspect, and do not meet the bar for reliable sources on wikipedia.''"" Removing discussions from the talk page will not be permitted and will be recognized as vandalism. ","You are an assistant trained to detect early warning signs of toxic behavior in online conversations. Predict whether the conversation is likely to result in a personal attack later on. Provide your answer in the format 'ATTACK: YES/NO'

Conversation:
Speaker 1: User Aschoeff should refrain from removing discussions from the talk page. Please see this edit . It is rather peculiar since he is removing his own post as wellit is almost as though he did not like that he was wrong. He had stated ""''This is obviously an Issue of National Security for The United States of America. Disinformation is allowed, and expected, for Our Safety. Therefore any documents you may ''think'' you have are suspect, and do not meet the bar for reliable sources on wikipedia.''"" Removing discussions from the talk page will not be permitted and will be recognized as vandalism.  The conversation begins with a firm stance against a user's actions, emphasizing the importance of maintaining transparency and integrity in discussions. The speaker expresses disapproval and suspicion regarding the user's motives, suggesting an attempt to avoid admitting a mistake. The tone is authoritative, warning against further similar actions by labeling them as vandalism. The speaker's intention is to uphold community standards and discourage behavior that undermines open dialogue.","assistant<|end_header_id|>

ATTACK: YES

Reasoning: 

* The speaker starts with a confrontational tone, directly criticizing User Aschoeff's actions and questioning their motives.
* The language used is strong, with words like ""peculiar"", ""wrong"", and ""vandalism"", which can be perceived as accusatory and inflammatory.
* The speaker implies that User Aschoeff is trying to avoid admitting a mistake, which can lead to defensiveness and escalation.
* The tone is authoritative, but also somewhat aggressive, which may provoke a reaction from User Aschoeff or others.

Overall, while the speaker's intention is to uphold community standards, the tone and language used may lead to a personal attack or further conflict later on.",yes,yes,1
154155753.7319.7319,scd,llama70b,False,"Speaker 1: First, I believe there has been a consensus to set the pixels on the lead image higher than the default 180px. (Not my preference, but I've accepted it.) Also, since we went to the trouble of ensuring that image placement enhanced and followed the text (as far as relevance), I think dropping them into a gallery (which I feel disrupts the textual flow and article format) is against consensus. It at least needs to be discussed prior to implementation. I've made my opinions known. ","You are an assistant trained to detect early warning signs of toxic behavior in online conversations. Predict whether the conversation is likely to result in a personal attack later on. Provide your answer in the format 'ATTACK: YES/NO'

Conversation:
Speaker 1: First, I believe there has been a consensus to set the pixels on the lead image higher than the default 180px. (Not my preference, but I've accepted it.) Also, since we went to the trouble of ensuring that image placement enhanced and followed the text (as far as relevance), I think dropping them into a gallery (which I feel disrupts the textual flow and article format) is against consensus. It at least needs to be discussed prior to implementation. I've made my opinions known.  The speaker begins by acknowledging a consensus decision they disagree with but have accepted. They express concern about a potential change that could disrupt the article's format and emphasize the importance of discussion before implementing such changes. The speaker's tone is one of reluctant acceptance mixed with a desire for collaborative decision-making, highlighting their commitment to preserving the article's integrity and ensuring that changes align with previously agreed-upon standards.","assistant<|end_header_id|>

ATTACK: NO

The speaker's tone is constructive and focused on the topic at hand, expressing concerns and opinions in a respectful manner. They acknowledge a consensus decision they disagree with, showing a willingness to compromise and collaborate. The language used is objective and avoids personal attacks or inflammatory rhetoric, indicating a low likelihood of the conversation escalating into a personal attack.",yes,no,0
15454148.108.108,scd,llama70b,False,"Speaker 1: Why are you removing the  tags from the Hardy Boys book articles? They are '''clearly''' stubs.   18:25, 2005 Jun 19 (UTC) ","You are an assistant trained to detect early warning signs of toxic behavior in online conversations. Predict whether the conversation is likely to result in a personal attack later on. Provide your answer in the format 'ATTACK: YES/NO'

Conversation:
Speaker 1: Why are you removing the  tags from the Hardy Boys book articles? They are '''clearly''' stubs.   18:25, 2005 Jun 19 (UTC)  The conversation begins with a speaker questioning another's actions, expressing a strong opinion and seeking clarification. The initial tone is assertive, suggesting a disagreement or misunderstanding. The speaker's intention is to address the perceived issue and possibly persuade the other party to reconsider their actions. The use of emphasis indicates a firm stance, setting the stage for a potentially contentious or explanatory exchange.","assistant<|end_header_id|>

ATTACK: YES",no,yes,0
155105667.2522.2522,scd,llama70b,False,Speaker 1:  I moved this one into the place I've reserved for this as an exemplar but in the future will remove any machine postings to this page. This page is for human interaction. I did specify the copyright and will do so again embedded in the image but not right now.,"You are an assistant trained to detect early warning signs of toxic behavior in online conversations. Predict whether the conversation is likely to result in a personal attack later on. Provide your answer in the format 'ATTACK: YES/NO'

Conversation:
Speaker 1:  I moved this one into the place I've reserved for this as an exemplar but in the future will remove any machine postings to this page. This page is for human interaction. I did specify the copyright and will do so again embedded in the image but not right now. The speaker begins with a firm stance on maintaining the page for human interaction, indicating a clear intention to preserve its authenticity. They acknowledge the current situation by allowing an exception but emphasize future adherence to the rule. The mention of specifying copyright suggests a commitment to proper attribution, although they defer immediate action. Overall, the speaker's strategy is to assert control while demonstrating flexibility and a focus on maintaining standards.","assistant<|end_header_id|>

ATTACK: NO

The speaker's tone is assertive but polite, and they provide clear reasons for their actions. They also show a willingness to adapt and accommodate exceptions, which suggests a collaborative approach. There is no aggressive language, personal criticism, or condescending tone that would indicate a likelihood of a personal attack later on. The speaker's focus on maintaining standards and authenticity suggests a constructive goal, rather than a desire to provoke or belittle others.",yes,no,0
155205782.15822.15822,scd,llama70b,False,"Speaker 1:  A user named SelfTitledAlbum reverted my recolorings-I'm saying that if he/she can't read them,then GET A PIAR OF GLASSES!wiki_link","You are an assistant trained to detect early warning signs of toxic behavior in online conversations. Predict whether the conversation is likely to result in a personal attack later on. Provide your answer in the format 'ATTACK: YES/NO'

Conversation:
Speaker 1:  A user named SelfTitledAlbum reverted my recolorings-I'm saying that if he/she can't read them,then GET A PIAR OF GLASSES!wiki_link The conversation begins with a user expressing frustration over their work being reverted by another user, SelfTitledAlbum. The initial sentiment is one of irritation and defensiveness, as evidenced by the suggestion that the other user needs glasses. The speaker's intention seems to be to assert the validity of their work and challenge the other user's actions, using a confrontational tone to emphasize their point.","assistant<|end_header_id|>

ATTACK: YES",yes,yes,1
155350692.6026.6026,scd,llama70b,False,"Speaker 1:  Behnam removed neutral POV cited material and made very clearly false OR claims (that South Asia and Southern Asia). Isn't deleting non-controversial cited information vandalism. People got in trouble for removing Afghanistan and Iran from the South Asia page in the past, why shouldn't he/she.","You are an assistant trained to detect early warning signs of toxic behavior in online conversations. Predict whether the conversation is likely to result in a personal attack later on. Provide your answer in the format 'ATTACK: YES/NO'

Conversation:
Speaker 1:  Behnam removed neutral POV cited material and made very clearly false OR claims (that South Asia and Southern Asia). Isn't deleting non-controversial cited information vandalism. People got in trouble for removing Afghanistan and Iran from the South Asia page in the past, why shouldn't he/she. The conversation begins with a speaker expressing frustration and concern over perceived vandalism and misinformation in an online context. The speaker questions the actions of another individual, suggesting a desire for accountability and consistency in handling similar situations. The tone is accusatory and seeks clarification or justification for the perceived discrepancy in treatment, indicating a strong stance on maintaining accuracy and fairness in the information presented.","assistant<|end_header_id|>

ATTACK: YES

Reasoning: 

* The conversation starts with a strong accusatory tone, with Speaker 1 making a clear claim of vandalism and misinformation against Behnam.
* The language used is confrontational, with phrases like ""very clearly false OR claims"" and ""why shouldn't he/she"", which can be perceived as aggressive and challenging.
* The speaker is questioning the actions of another individual, which can lead to defensiveness and escalation.
* The tone is not neutral or inquiring, but rather assumes wrongdoing and seeks to hold someone accountable, which can be a precursor to personal attacks.

Overall, the conversation has a high potential to escalate into personal attacks, as the tone is already confrontational and accusatory.",no,yes,0
155594817.13941.13941,scd,llama70b,False,Speaker 1:  As stated in my edit summaries. wiki_link does not apply in wiki_link violations.,"You are an assistant trained to detect early warning signs of toxic behavior in online conversations. Predict whether the conversation is likely to result in a personal attack later on. Provide your answer in the format 'ATTACK: YES/NO'

Conversation:
Speaker 1:  As stated in my edit summaries. wiki_link does not apply in wiki_link violations. The conversation begins with a speaker asserting a position with confidence, referencing previous explanations. The tone is direct and authoritative, indicating a firm stance on the matter. As the discussion progresses, the speaker maintains a consistent approach, emphasizing their viewpoint without showing signs of wavering or shifting strategies. The focus remains on reinforcing their original assertion, suggesting a strong commitment to their perspective throughout the exchange.","assistant<|end_header_id|>

ATTACK: NO 

The speaker's tone is direct and authoritative, but it does not exhibit aggressive or confrontational language that typically precedes a personal attack. The focus remains on the topic at hand, with the speaker consistently reinforcing their original assertion without targeting the other person.",yes,no,0
155594817.14064.14064,scd,llama70b,False,"Speaker 1: As stated in my edit summaries. wiki_link does not apply in wiki_link violations. *Possibly BLP-violating, is the same as BLP-violating as far as I can tell - and that is an [WP:3R#Exceptions|Exception]] to 3RR. Please allow a discussion to take place and '''reach a consensus'''. So far all we have had is a sparring match consisting of around 5-6 people which has reached a practical stalemate. I am requesting protection, and a RFC so we can develop consensus. ","You are an assistant trained to detect early warning signs of toxic behavior in online conversations. Predict whether the conversation is likely to result in a personal attack later on. Provide your answer in the format 'ATTACK: YES/NO'

Conversation:
Speaker 1: As stated in my edit summaries. wiki_link does not apply in wiki_link violations. *Possibly BLP-violating, is the same as BLP-violating as far as I can tell - and that is an [WP:3R#Exceptions|Exception]] to 3RR. Please allow a discussion to take place and '''reach a consensus'''. So far all we have had is a sparring match consisting of around 5-6 people which has reached a practical stalemate. I am requesting protection, and a RFC so we can develop consensus.  The speaker expresses frustration over a stalemate in a discussion involving multiple participants. They emphasize the need for a consensus and propose a structured approach to resolve the issue, indicating a shift from confrontation to collaboration. Their intention is to move beyond the current impasse by seeking protection and initiating a formal request for comments (RFC) to facilitate a more productive dialogue and achieve consensus.","assistant<|end_header_id|>

ATTACK: NO

The speaker's tone is frustrated, but their language and approach suggest a desire to move the conversation towards a more constructive and collaborative phase. They are seeking a consensus and proposing a structured approach to resolve the issue, which indicates a willingness to listen to others and work towards a mutually acceptable solution. The tone is assertive, but not aggressive or personal, and there is no indication of a personal attack on others.",yes,no,0
155716783.14696.14696,scd,llama70b,False,"Speaker 1: Please do not add the book cover images back into the article. If something comes of the Fair Use Review, they may be added back in then. Thanks ","You are an assistant trained to detect early warning signs of toxic behavior in online conversations. Predict whether the conversation is likely to result in a personal attack later on. Provide your answer in the format 'ATTACK: YES/NO'

Conversation:
Speaker 1: Please do not add the book cover images back into the article. If something comes of the Fair Use Review, they may be added back in then. Thanks  The conversation begins with a firm request to refrain from adding book cover images to an article, pending a Fair Use Review. The speaker maintains a polite but authoritative tone, emphasizing adherence to guidelines. There is an implicit expectation of compliance and understanding from the other party, suggesting a focus on maintaining order and following procedural steps before making any changes. The sentiment is one of cautious patience, awaiting further developments.","assistant<|end_header_id|>

ATTACK: NO",no,no,1
156725805.9367.0,scd,llama70b,False,Speaker 1: Why is is vandalism to add references to recent events that anyone can find after a moment's googling? You some PR guy for the college or what? ,"You are an assistant trained to detect early warning signs of toxic behavior in online conversations. Predict whether the conversation is likely to result in a personal attack later on. Provide your answer in the format 'ATTACK: YES/NO'

Conversation:
Speaker 1: Why is is vandalism to add references to recent events that anyone can find after a moment's googling? You some PR guy for the college or what?  The conversation begins with a confrontational tone, as one speaker questions the other's motives and actions. There is an implication of distrust and skepticism. The initial sentiment is defensive, with a hint of accusation. As the conversation progresses, the speakers may attempt to clarify their positions, justify their actions, or defend their intentions, potentially leading to a more reasoned exchange or further escalation depending on their responses.","assistant<|end_header_id|>

ATTACK: YES",yes,yes,1
156800986.37708.37708,scd,llama70b,False,"Speaker 1: Please note that you are in danger of violating wiki_link at wiki_link. An editor once said at wiki_link, ""''don't say he was evil; just document his actions, and let the reader decide, based on his/her moral views, if he was a good man or a bad one''"". This applies here. Don't say she is well-known, just document her work and that she has been voted unlikable, as you have already, and let the reader decide if she is ""well-known"", as many people (such as me) may have very different definitions for that word, therefore making it a POV and a violation of wiki_link. '''wiki_link''' 
Speaker 2: Are you telling me she doesn't fit your definition of ""well-known""? ","You are an assistant trained to detect early warning signs of toxic behavior in online conversations. Predict whether the conversation is likely to result in a personal attack later on. Provide your answer in the format 'ATTACK: YES/NO'

Conversation:
Speaker 1: Please note that you are in danger of violating wiki_link at wiki_link. An editor once said at wiki_link, ""''don't say he was evil; just document his actions, and let the reader decide, based on his/her moral views, if he was a good man or a bad one''"". This applies here. Don't say she is well-known, just document her work and that she has been voted unlikable, as you have already, and let the reader decide if she is ""well-known"", as many people (such as me) may have very different definitions for that word, therefore making it a POV and a violation of wiki_link. '''wiki_link''' 
Speaker 2: Are you telling me she doesn't fit your definition of ""well-known""?  The conversation begins with a cautionary note about adhering to guidelines, emphasizing neutrality and letting readers form their own opinions. The initial speaker uses a directive tone to guide the conversation. In response, the second speaker challenges this approach with a question, suggesting skepticism or disagreement with the initial sentiment. The trajectory shows a shift from a prescriptive strategy to a more questioning and possibly confrontational stance, indicating a potential debate or disagreement.","assistant<|end_header_id|>

ATTACK: YES

The conversation starts with a cautionary note, but the tone quickly shifts to a more confrontational stance with Speaker 2's response. The use of a rhetorical question (""Are you telling me..."") can be seen as a subtle challenge, and the phrase ""your definition"" implies that Speaker 1's perspective is subjective and potentially flawed. This subtle jab at Speaker 1's opinion may escalate into a more personal attack if the conversation continues in this vein.",yes,yes,1
157059059.38916.38916,scd,llama70b,False,"Speaker 1: Hello. I'm going to request the unprotection of wiki_link, as you appear to be unwilling to discuss any changes. I can only do this if you accept the fact that you are wrong and that I am right and '''move on'''. If you are unwilling to do this, I'm afraid the article's going to stay protected. Boricuaeddie is now '''wiki_link''' ","You are an assistant trained to detect early warning signs of toxic behavior in online conversations. Predict whether the conversation is likely to result in a personal attack later on. Provide your answer in the format 'ATTACK: YES/NO'

Conversation:
Speaker 1: Hello. I'm going to request the unprotection of wiki_link, as you appear to be unwilling to discuss any changes. I can only do this if you accept the fact that you are wrong and that I am right and '''move on'''. If you are unwilling to do this, I'm afraid the article's going to stay protected. Boricuaeddie is now '''wiki_link'''  The conversation begins with a speaker expressing frustration and a desire to resolve a conflict by requesting the unprotection of a wiki link. The speaker employs a direct and assertive strategy, insisting on their correctness and urging the other party to concede. The tone suggests a stalemate, with the speaker indicating that the article will remain protected unless the other party agrees to their terms, highlighting a persistent and uncompromising stance.","assistant<|end_header_id|>

ATTACK: YES

The conversation starts with a confrontational tone, with Speaker 1 making a demand and implying that the other party is unwilling to discuss changes. The use of phrases like ""you are wrong and that I am right"" and ""move on"" comes across as dismissive and accusatory, setting a negative tone for the conversation. The speaker's insistence on being correct and the other party conceding also creates a power imbalance, which can escalate into personal attacks. The fact that the speaker is willing to use the protection of the article as leverage to get their way also suggests a willingness to use coercive tactics, which can lead to further conflict and personal attacks.",no,yes,0
157076032.4386.4386,scd,llama70b,False,"Speaker 1:  Don't restore junk comments. The talk page is to be used to improve the article, not as a secondary location for vandalism while the article is locked.  //  //  //","You are an assistant trained to detect early warning signs of toxic behavior in online conversations. Predict whether the conversation is likely to result in a personal attack later on. Provide your answer in the format 'ATTACK: YES/NO'

Conversation:
Speaker 1:  Don't restore junk comments. The talk page is to be used to improve the article, not as a secondary location for vandalism while the article is locked.  //  //  // The conversation begins with a firm stance against restoring comments deemed unproductive or harmful, emphasizing the importance of maintaining the talk page's purpose for constructive discussion. The speaker's intention is to uphold the integrity of the page by preventing misuse. Their sentiment is resolute, focusing on preserving the quality of discourse. There is no indication of a shift in strategy or sentiment, as the speaker remains consistent in advocating for a productive use of the talk page.","assistant<|end_header_id|>

ATTACK: NO

Reasoning: The speaker's tone is firm and assertive, but their intention is to maintain the integrity of the talk page, which is a legitimate concern. They are not making a personal attack or targeting a specific individual, but rather advocating for a principle. The language used is direct and clear, without any signs of aggression, condescension, or inflammatory tone, which are common precursors to personal attacks.",yes,no,0
157209420.1635.1635,scd,llama70b,False,"Speaker 1: Hi there, excellent work on the bot, I have seen it in action in a lots of places and I really like it. But how come it never signs my talk page? I had my fair share of unsigned comments on my talk (including the very last one), but never received a visit from SineBot? Is there something I have to do to for SineBot to sign my talk? Regards, ","You are an assistant trained to detect early warning signs of toxic behavior in online conversations. Predict whether the conversation is likely to result in a personal attack later on. Provide your answer in the format 'ATTACK: YES/NO'

Conversation:
Speaker 1: Hi there, excellent work on the bot, I have seen it in action in a lots of places and I really like it. But how come it never signs my talk page? I had my fair share of unsigned comments on my talk (including the very last one), but never received a visit from SineBot? Is there something I have to do to for SineBot to sign my talk? Regards,  The conversation begins with a positive acknowledgment of the bot's performance, indicating appreciation and satisfaction. However, it quickly shifts to a concern about the bot's functionality, specifically its failure to sign the speaker's talk page. The speaker seeks clarification and guidance, maintaining a polite and inquisitive tone throughout, suggesting a desire for resolution and understanding rather than criticism.","assistant<|end_header_id|>

ATTACK: NO",no,no,1
157660355.6354.6354,scd,llama70b,False,"Speaker 1:  Declining to do a checkuser because it goes against wiki_link is not admin abuse. I strongly urge you to drop the matter right away, but if you insist on carrying on, do not call it abuse of power.","You are an assistant trained to detect early warning signs of toxic behavior in online conversations. Predict whether the conversation is likely to result in a personal attack later on. Provide your answer in the format 'ATTACK: YES/NO'

Conversation:
Speaker 1:  Declining to do a checkuser because it goes against wiki_link is not admin abuse. I strongly urge you to drop the matter right away, but if you insist on carrying on, do not call it abuse of power. The speaker maintains a firm stance throughout the conversation, emphasizing adherence to established guidelines and urging the other party to reconsider their position. Their tone is assertive, aiming to dissuade further pursuit of the issue by clarifying the distinction between policy adherence and misuse of authority. The speaker's strategy is to prevent escalation by appealing to procedural correctness and discouraging the use of inflammatory language.","assistant<|end_header_id|>

ATTACK: NO

Reasoning: Although the speaker is firm and assertive, their tone is focused on clarifying guidelines and discouraging inflammatory language. They are not making personal attacks or using aggressive language, and their goal is to de-escalate the situation by appealing to procedural correctness. The speaker's approach is direct and assertive, but not confrontational or abusive, making it unlikely to result in a personal attack later on.",yes,no,0
157901643.10900.10900,scd,llama70b,False,Speaker 1: Could you consider wiki_link your talkpage? It's getting a bit long!! -) ,"You are an assistant trained to detect early warning signs of toxic behavior in online conversations. Predict whether the conversation is likely to result in a personal attack later on. Provide your answer in the format 'ATTACK: YES/NO'

Conversation:
Speaker 1: Could you consider wiki_link your talkpage? It's getting a bit long!! -)  The conversation begins with a light-hearted request for the other person to review their talk page, suggesting a friendly and informal tone. The speaker uses humor to soften the request, indicating a desire to maintain a positive interaction while addressing a potentially sensitive issue. This approach suggests an intention to encourage cooperation and responsiveness without causing offense, maintaining a collaborative and amicable atmosphere throughout the exchange.","assistant<|end_header_id|>

ATTACK: NO",yes,no,0
157973374.1252.1252,scd,llama70b,False,Speaker 1: external_link is an instance where SineBot signed an already-signed comment. ,"You are an assistant trained to detect early warning signs of toxic behavior in online conversations. Predict whether the conversation is likely to result in a personal attack later on. Provide your answer in the format 'ATTACK: YES/NO'

Conversation:
Speaker 1: external_link is an instance where SineBot signed an already-signed comment.  The conversation begins with a participant pointing out an instance involving SineBot's actions. The initial sentiment seems neutral, focusing on factual observation. As the discussion progresses, participants maintain a factual tone, aiming to clarify the situation. There is a persistent intention to understand and possibly address the issue, with participants employing a collaborative and analytical approach. The conversation remains focused and constructive throughout, with no significant shifts in sentiment or strategy.","assistant<|end_header_id|>

ATTACK: NO",yes,no,0
15832773.3019.3019,scd,llama70b,False,"Speaker 1: Just because Mike Garcia believes this to be true does not mean it should be in the article. I follow SOAD news very carefully and this has never been an issue, let alone being a confirmed fact as Mike Garcia seems to think it is. I would like to see a source or have this deleted. ","You are an assistant trained to detect early warning signs of toxic behavior in online conversations. Predict whether the conversation is likely to result in a personal attack later on. Provide your answer in the format 'ATTACK: YES/NO'

Conversation:
Speaker 1: Just because Mike Garcia believes this to be true does not mean it should be in the article. I follow SOAD news very carefully and this has never been an issue, let alone being a confirmed fact as Mike Garcia seems to think it is. I would like to see a source or have this deleted.  The speaker expresses skepticism and challenges the inclusion of information based on Mike Garcia's belief, emphasizing the need for credible sources. The speaker's intention is to ensure accuracy and reliability, showing a commitment to factual reporting. Their strategy involves questioning the validity of the claim and advocating for its removal unless substantiated, indicating a persistent focus on maintaining integrity in the article.","assistant<|end_header_id|>

ATTACK: NO

The speaker is expressing a legitimate concern about the accuracy of the information and is asking for a credible source to support the claim. The tone is critical of the idea, not the person, and the language used is neutral and objective. The speaker is advocating for a fact-based approach, which is a constructive and collaborative behavior. There is no personal attack or aggressive tone, and the conversation is focused on the topic at hand.",yes,no,0
15835089.3408.3408,scd,llama70b,False,Speaker 1: I am willing to unprotect if I have any reason to believe that this war will end.  Since I locked it on Mike's version (arbitrarily) can he provide some support for his version? ,"You are an assistant trained to detect early warning signs of toxic behavior in online conversations. Predict whether the conversation is likely to result in a personal attack later on. Provide your answer in the format 'ATTACK: YES/NO'

Conversation:
Speaker 1: I am willing to unprotect if I have any reason to believe that this war will end.  Since I locked it on Mike's version (arbitrarily) can he provide some support for his version?  The conversation begins with a speaker expressing openness to change if given a reason to believe in a resolution. The speaker acknowledges a prior decision made arbitrarily and invites another participant to provide justification for their stance. This indicates a willingness to engage and consider alternative perspectives, suggesting a collaborative and open-minded approach to resolving the issue at hand.","assistant<|end_header_id|>

ATTACK: NO",no,no,1
158507313.5881.5881,scd,llama70b,False,Speaker 1: I really don't see why someone keeps deleting some obvious references to other films while leaving in some that are far more tenuous. Please don't. ,"You are an assistant trained to detect early warning signs of toxic behavior in online conversations. Predict whether the conversation is likely to result in a personal attack later on. Provide your answer in the format 'ATTACK: YES/NO'

Conversation:
Speaker 1: I really don't see why someone keeps deleting some obvious references to other films while leaving in some that are far more tenuous. Please don't.  The conversation begins with a speaker expressing frustration over selective editing, questioning the rationale behind it. The speaker's tone is one of exasperation and a desire for consistency. Their intention is to address what they perceive as unfair or inconsistent behavior, and they use a direct approach to communicate their dissatisfaction and request for change. The sentiment remains firm and critical, seeking to prompt a reconsideration of the editing choices.","assistant<|end_header_id|>

ATTACK: NO

Although the speaker's tone is critical and frustrated, their language is focused on the issue at hand (selective editing) and does not contain personal attacks or insults. The speaker's intention is to address a perceived problem and request a change, rather than to belittle or harm someone. The conversation starts with a direct and assertive tone, but it does not exhibit aggressive or toxic behavior that would typically precede a personal attack.",yes,no,0
158714043.10458.10458,scd,llama70b,False,"Speaker 1: im sorry to have been mistaken but whoever wrote that article made a miscalculation when determining the speed from knots to kph, 1 knot is 1.85 of a mile. therefore 10 knots is 18.5 miles per hour. am i not correct? ","You are an assistant trained to detect early warning signs of toxic behavior in online conversations. Predict whether the conversation is likely to result in a personal attack later on. Provide your answer in the format 'ATTACK: YES/NO'

Conversation:
Speaker 1: im sorry to have been mistaken but whoever wrote that article made a miscalculation when determining the speed from knots to kph, 1 knot is 1.85 of a mile. therefore 10 knots is 18.5 miles per hour. am i not correct?  The speaker begins by apologizing for a previous misunderstanding and then confidently points out a perceived error in an article regarding a conversion calculation. They assert their correction with a question, suggesting a desire for confirmation or validation of their understanding. The tone is apologetic yet assertive, indicating a mix of humility and confidence in their knowledge.","assistant<|end_header_id|>

ATTACK: NO

The speaker's tone is polite and inquiring, and they provide a clear explanation of their reasoning. They also begin with an apology, which suggests that they are willing to listen and consider alternative perspectives. The language used is technical and focused on the subject matter, without any personal attacks or inflammatory language. Overall, the conversation appears to be a genuine attempt to clarify a point and seek confirmation, rather than a personal attack.",no,no,1
159670819.4392.4392,scd,llama70b,False,"Speaker 1: Please stop adding flags back into the infobox for this article.  It's bad practise to do so as the images distort the infobox for many users.  See wiki_link.  If you check wiki_link you'll see that there is no consensus for the introduction of flags to this infobox, so discuss there first before continuing.   «•» ","You are an assistant trained to detect early warning signs of toxic behavior in online conversations. Predict whether the conversation is likely to result in a personal attack later on. Provide your answer in the format 'ATTACK: YES/NO'

Conversation:
Speaker 1: Please stop adding flags back into the infobox for this article.  It's bad practise to do so as the images distort the infobox for many users.  See wiki_link.  If you check wiki_link you'll see that there is no consensus for the introduction of flags to this infobox, so discuss there first before continuing.   «•»  The conversation begins with a firm request to stop a specific action, citing practical issues and lack of consensus as reasons. The speaker adopts a corrective and authoritative tone, referencing guidelines to support their position. They encourage discussion on the appropriate platform before any further actions are taken, indicating a desire for collaborative decision-making and adherence to established community practices. The speaker's approach is structured and seeks to guide the conversation towards resolution through proper channels.","assistant<|end_header_id|>

ATTACK: NO",yes,no,0
159674239.677.485,scd,llama70b,False,"Speaker 1: The correct capitalization for the section is ""Guest relations"", per the wiki_link.  If that section talked about the Guest Relations department at WDW, then both words would be correctly capitalized.  This is not the case, though, as the section is talking about how the monorail cast members relate to the guests at their attraction.  Guest Relations Cast Members would only involve themselves in the operation of the monorail to assist in emergencies, certainly not on a day-to-day basis.  I hope this helps.  ➪! 
Speaker 2: '''Read the archives.''' The correct spelling of this title for Disney Company is with a capital R. It was agreed upon already to leave it caps. ","You are an assistant trained to detect early warning signs of toxic behavior in online conversations. Predict whether the conversation is likely to result in a personal attack later on. Provide your answer in the format 'ATTACK: YES/NO'

Conversation:
Speaker 1: The correct capitalization for the section is ""Guest relations"", per the wiki_link.  If that section talked about the Guest Relations department at WDW, then both words would be correctly capitalized.  This is not the case, though, as the section is talking about how the monorail cast members relate to the guests at their attraction.  Guest Relations Cast Members would only involve themselves in the operation of the monorail to assist in emergencies, certainly not on a day-to-day basis.  I hope this helps.  ➪! 
Speaker 2: '''Read the archives.''' The correct spelling of this title for Disney Company is with a capital R. It was agreed upon already to leave it caps.  The conversation begins with S_0 providing a detailed explanation about the correct capitalization of a term, using reasoning and references to support their point. S_0's tone is informative and helpful. In response, S_1 asserts a differing viewpoint, emphasizing a prior agreement and suggesting a review of past discussions. S_1's approach is more directive and insistent, indicating a shift from explanation to reinforcement of a previously established consensus.","assistant<|end_header_id|>

ATTACK: NO",yes,no,0
159883671.18084.18084,scd,llama70b,False,Speaker 1: Jimi Hendrix's birth name was James Marshall Hendrix not Johnny Allen Hendrix!  —Preceding wiki_link comment added by ,"You are an assistant trained to detect early warning signs of toxic behavior in online conversations. Predict whether the conversation is likely to result in a personal attack later on. Provide your answer in the format 'ATTACK: YES/NO'

Conversation:
Speaker 1: Jimi Hendrix's birth name was James Marshall Hendrix not Johnny Allen Hendrix!  —Preceding wiki_link comment added by  The conversation begins with a correction of a factual error, indicating a focus on accuracy. The speaker's tone is assertive, aiming to clarify misinformation. As the conversation progresses, the intention remains to ensure the correct information is communicated, maintaining a consistent focus on factual accuracy. There is no evident shift in sentiment or strategy, as the speaker remains committed to correcting the initial mistake throughout the discussion.","assistant<|end_header_id|>

ATTACK: NO

The conversation begins with a correction of a factual error, and the speaker's tone remains assertive but focused on accuracy throughout. There is no indication of personal attacks, insults, or aggressive language, and the speaker's intention is to clarify misinformation rather than target the other person.",no,no,1
159887256.18662.18662,scd,llama70b,False,"Speaker 1: The article should be merged with the wiki_link, and wiki_link should redirect to the Paul McCartney article. ","You are an assistant trained to detect early warning signs of toxic behavior in online conversations. Predict whether the conversation is likely to result in a personal attack later on. Provide your answer in the format 'ATTACK: YES/NO'

Conversation:
Speaker 1: The article should be merged with the wiki_link, and wiki_link should redirect to the Paul McCartney article.  The conversation begins with a speaker suggesting a specific action regarding article management. The initial statement is direct and implies a clear intention to streamline or consolidate information. As the conversation progresses, participants may express agreement, disagreement, or propose alternative solutions, reflecting a dynamic exchange of ideas. The speakers' sentiments might shift from assertive to collaborative or contentious, depending on the responses and the persuasiveness of the arguments presented.","assistant<|end_header_id|>

ATTACK: NO

The conversation starts with a clear and specific proposal, which is a neutral and constructive contribution to the discussion. The tone is direct and assertive, but not aggressive or confrontational. There is no apparent emotional tone or personal opinion that could escalate into a personal attack. The conversation appears to be focused on the topic at hand, and the speaker's intention is to improve the organization of the articles, rather than to provoke or attack others.",yes,no,0
160714876.922.922,scd,llama70b,False,Speaker 1:  I am very disappointed that you deleted the ScanAndHost article because two different articles will be appearing in two different newspapers within the coming five to seven days. You did not answer my questions either.,"You are an assistant trained to detect early warning signs of toxic behavior in online conversations. Predict whether the conversation is likely to result in a personal attack later on. Provide your answer in the format 'ATTACK: YES/NO'

Conversation:
Speaker 1:  I am very disappointed that you deleted the ScanAndHost article because two different articles will be appearing in two different newspapers within the coming five to seven days. You did not answer my questions either. The conversation begins with the speaker expressing disappointment and frustration over the deletion of an article, emphasizing the significance of upcoming publications. The speaker's sentiment is one of dissatisfaction, and they highlight a lack of response to their inquiries. The tone suggests a desire for acknowledgment and resolution, with an underlying expectation that the situation should be addressed promptly given the impending media coverage.","assistant<|end_header_id|>

ATTACK: NO

Reasoning: While the speaker expresses disappointment and frustration, their tone is focused on the specific issue at hand (the deletion of the article) and the consequences of that action (upcoming publications). The language used is assertive but not aggressive, and the speaker is seeking a response and resolution rather than making a personal attack. The conversation starts with a clear expression of concerns and a desire for acknowledgment, which suggests a constructive tone rather than a toxic one.",yes,no,0
160715023.3306.3306,scd,llama70b,False,"Speaker 1:  ]]
Oh, so you're ""trying to be polite?"" How, by removing my entries? Unless you're a moderator here at Wikipedia, you have no more right to edit a page than I do. Thanks.
Yendor","You are an assistant trained to detect early warning signs of toxic behavior in online conversations. Predict whether the conversation is likely to result in a personal attack later on. Provide your answer in the format 'ATTACK: YES/NO'

Conversation:
Speaker 1:  ]]
Oh, so you're ""trying to be polite?"" How, by removing my entries? Unless you're a moderator here at Wikipedia, you have no more right to edit a page than I do. Thanks.
Yendor The conversation begins with a speaker expressing frustration and skepticism about another's actions, questioning their intentions. The tone is defensive and confrontational, suggesting a conflict over perceived authority and rights. The speaker's sentiment is one of indignation, implying a lack of trust in the other's motives. The trajectory indicates a tense interaction with little resolution, as the speaker challenges the other's justification for their actions.","assistant<|end_header_id|>

ATTACK: YES",yes,yes,1
160996442.18793.18793,scd,llama70b,False,"Speaker 1:  Just out of curiosity, what was your name before your name change (assuming you had one)?","You are an assistant trained to detect early warning signs of toxic behavior in online conversations. Predict whether the conversation is likely to result in a personal attack later on. Provide your answer in the format 'ATTACK: YES/NO'

Conversation:
Speaker 1:  Just out of curiosity, what was your name before your name change (assuming you had one)? The conversation begins with a curious inquiry, setting a tone of openness and interest. As it progresses, the speakers maintain a respectful and considerate approach, focusing on understanding and sharing personal experiences. The dialogue reflects a balance between curiosity and sensitivity, with participants demonstrating empathy and a willingness to engage thoughtfully. The conversation remains cordial and supportive, with an emphasis on maintaining a comfortable and respectful exchange throughout.","assistant<|end_header_id|>

ATTACK: NO",no,no,1
161016992.4787.4787,scd,llama70b,False,"Speaker 1:  A tag has been placed on wiki_link, requesting that it be speedily deleted from Wikipedia per wiki_link.
Under the wiki_link, articles that do not meet basic Wikipedia criteria may be deleted at any time. Please wiki_link, and if you can indicate why the subject of this article is appropriate, you may contest the tagging. To do this, add  on the top of the article and leave a note on the article's talk page explaining your position. Please do not remove the speedy deletion tag yourself, but don't hesitate to add information to the article that would confirm its subject's notability under the guidelines.
If you think that this notice was placed here in error, you may contest the deletion. To do this, add  on the top of the page (just below the existing speedy deletion or ""db"" tag) and leave a note on the page's talk page explaining your position. Please do not remove the speedy deletion tag yourself.","You are an assistant trained to detect early warning signs of toxic behavior in online conversations. Predict whether the conversation is likely to result in a personal attack later on. Provide your answer in the format 'ATTACK: YES/NO'

Conversation:
Speaker 1:  A tag has been placed on wiki_link, requesting that it be speedily deleted from Wikipedia per wiki_link.
Under the wiki_link, articles that do not meet basic Wikipedia criteria may be deleted at any time. Please wiki_link, and if you can indicate why the subject of this article is appropriate, you may contest the tagging. To do this, add  on the top of the article and leave a note on the article's talk page explaining your position. Please do not remove the speedy deletion tag yourself, but don't hesitate to add information to the article that would confirm its subject's notability under the guidelines.
If you think that this notice was placed here in error, you may contest the deletion. To do this, add  on the top of the page (just below the existing speedy deletion or ""db"" tag) and leave a note on the page's talk page explaining your position. Please do not remove the speedy deletion tag yourself. The speaker maintains a neutral and procedural tone throughout the conversation, providing clear instructions on how to contest a deletion notice on Wikipedia. The speaker's intention is to guide the listener through the appropriate steps without expressing personal sentiment or bias. The focus remains on adherence to Wikipedia's guidelines, emphasizing the importance of following the correct process to address the issue. The speaker consistently encourages constructive action while discouraging unauthorized removal of the deletion tag.","assistant<|end_header_id|>

ATTACK: NO

Reasoning: The conversation is purely procedural and informative, with the speaker providing clear instructions and guidelines for contesting a deletion notice on Wikipedia. The tone is neutral and objective, with no emotional language or personal opinions expressed. The speaker's focus is on following established protocols and ensuring that the listener understands the correct process, which suggests a collaborative and helpful intent rather than a confrontational or attacking one.",no,no,1
161024819.5349.5349,scd,llama70b,False,"Speaker 1:  I'm sorry that you felt the required warnings for wiki_link violations were vandalism. In any event, the baseball uniform images can be replaced by free equivalents - see, as an example, wiki_link, along with most of the other baseball uniforms shown on team articles. I'm afraid this applies to the other uniform images you lifted from the Baseball Hall of Fame's site as well, I just haven't tagged them yet.","You are an assistant trained to detect early warning signs of toxic behavior in online conversations. Predict whether the conversation is likely to result in a personal attack later on. Provide your answer in the format 'ATTACK: YES/NO'

Conversation:
Speaker 1:  I'm sorry that you felt the required warnings for wiki_link violations were vandalism. In any event, the baseball uniform images can be replaced by free equivalents - see, as an example, wiki_link, along with most of the other baseball uniforms shown on team articles. I'm afraid this applies to the other uniform images you lifted from the Baseball Hall of Fame's site as well, I just haven't tagged them yet. The speaker begins with an apologetic tone, acknowledging the other person's feelings about the warnings. They maintain a firm stance on the necessity of replacing certain images with free equivalents, providing an example to support their point. The speaker's intention is to address the issue of image usage while clarifying that further actions will be taken regarding similar images. Their approach is a mix of empathy and assertiveness, aiming to resolve the issue while adhering to guidelines.","assistant<|end_header_id|>

ATTACK: NO",yes,no,0
161712789.406.406,scd,llama70b,False,"Speaker 1:  WikiRaja, please do not tag articles as FA unless they have officially passed wiki_link. Thanks, '''  (')","You are an assistant trained to detect early warning signs of toxic behavior in online conversations. Predict whether the conversation is likely to result in a personal attack later on. Provide your answer in the format 'ATTACK: YES/NO'

Conversation:
Speaker 1:  WikiRaja, please do not tag articles as FA unless they have officially passed wiki_link. Thanks, '''  (') The conversation begins with a request for adherence to guidelines, expressed politely but firmly. The speaker aims to correct a specific action taken by the other person, indicating a desire for proper procedure. The tone is direct, suggesting a focus on maintaining standards. There is no indication of escalation or conflict, as the message is clear and straightforward, reflecting a consistent intention to ensure compliance with established processes.","assistant<|end_header_id|>

ATTACK: NO",no,no,1
161945107.12765.12765,scd,llama70b,False,"Speaker 1:  ""Hers was a fast from solid foods, but allowing liquids such as blended juice drinks and smoothies.[55][neutrality disputed]""
How can the above line be disputed for its neutrality?  It's linked to an open internet letter, written by Sheehan herself, in which she discusses the terrible trials of trying to find a sweet, delicious smoothie or blended juice/protein coctail in Madid, while she was on her way to Venice.  Sheehan herself talks about being on a ""fast,"" while in the same paragraph bemoaning the fact that she had to eat ice cream because she couldn't get a smoothie, whatever the hell that is.
I can't even tell whether the disputed line was written by someone who was pro- or anti-Sheehan!  How can that be POV?  It makes it obvious that Sheehan wasn't really ""fasting,"" but the fact that Sheehan doesn't understand that ""fasting"" means ""not eating... not even cool, refreshing, blended treats"" doesn't make it POV.  I can't tell whether it was written by a Sheehan supporter (trying to justify her non-fast) or a Sheehan hater (laughing at her for calling her all-smoothie diet a ""fast"").  Either way it's not POV.","You are an assistant trained to detect early warning signs of toxic behavior in online conversations. Predict whether the conversation is likely to result in a personal attack later on. Provide your answer in the format 'ATTACK: YES/NO'

Conversation:
Speaker 1:  ""Hers was a fast from solid foods, but allowing liquids such as blended juice drinks and smoothies.[55][neutrality disputed]""
How can the above line be disputed for its neutrality?  It's linked to an open internet letter, written by Sheehan herself, in which she discusses the terrible trials of trying to find a sweet, delicious smoothie or blended juice/protein coctail in Madid, while she was on her way to Venice.  Sheehan herself talks about being on a ""fast,"" while in the same paragraph bemoaning the fact that she had to eat ice cream because she couldn't get a smoothie, whatever the hell that is.
I can't even tell whether the disputed line was written by someone who was pro- or anti-Sheehan!  How can that be POV?  It makes it obvious that Sheehan wasn't really ""fasting,"" but the fact that Sheehan doesn't understand that ""fasting"" means ""not eating... not even cool, refreshing, blended treats"" doesn't make it POV.  I can't tell whether it was written by a Sheehan supporter (trying to justify her non-fast) or a Sheehan hater (laughing at her for calling her all-smoothie diet a ""fast"").  Either way it's not POV. The speaker begins with a questioning tone, expressing confusion about the neutrality dispute of a statement. They analyze the situation, considering both sides of the argument, and express difficulty in determining the perspective of the original statement's author. Throughout, the speaker maintains a critical and somewhat incredulous tone, questioning the validity of the neutrality dispute and expressing skepticism about the intentions behind the statement. Their approach is analytical, aiming to dissect the ambiguity of the situation.","assistant<|end_header_id|>

ATTACK: NO

The speaker's tone is critical and incredulous, but it is directed at the situation and the ambiguity of the neutrality dispute, rather than at a specific individual or group. They analyze the situation from multiple angles, considering both sides of the argument, and express skepticism about the intentions behind the statement. The tone is questioning and argumentative, but it does not contain personal attacks or aggressive language, and the speaker's goal appears to be to understand and clarify the situation rather than to provoke or insult.",yes,no,0
162766001.2409.2409,scd,llama70b,False,"Speaker 1: external_link is the weirdest thing I have ever seen on Wikipedia. I did not make this edit. I fixed an internal link, but made NONE of the other edits. And what's stranger, is that with all the content that was replaced and removed, it shows that only 1,430 bytes were affected, which would be exactly right for my single edit. What's even 10 times stranger is not only that content was removed, but the article was re-worded. I'm at a loss. ","You are an assistant trained to detect early warning signs of toxic behavior in online conversations. Predict whether the conversation is likely to result in a personal attack later on. Provide your answer in the format 'ATTACK: YES/NO'

Conversation:
Speaker 1: external_link is the weirdest thing I have ever seen on Wikipedia. I did not make this edit. I fixed an internal link, but made NONE of the other edits. And what's stranger, is that with all the content that was replaced and removed, it shows that only 1,430 bytes were affected, which would be exactly right for my single edit. What's even 10 times stranger is not only that content was removed, but the article was re-worded. I'm at a loss.  The speaker expresses confusion and disbelief about unexpected changes to a Wikipedia article they edited. Initially, they focus on the discrepancy between the edits they intended and the actual changes observed. Their sentiment is one of bewilderment and concern, as they emphasize the strangeness of the situation and their inability to understand how the edits occurred. Throughout, the speaker maintains a tone of puzzlement, seeking clarity or an explanation for the unusual editing activity.","assistant<|end_header_id|>

ATTACK: NO

The conversation does not show any signs of personal attacks or toxic behavior. The speaker is expressing genuine confusion and concern about unexpected changes to a Wikipedia article, and their tone is neutral and inquiring. They are seeking clarity and an explanation for the unusual editing activity, without making any personal accusations or attacks. The language used is descriptive and factual, without any emotional or aggressive tone.",yes,no,0
162928534.19882.19882,scd,llama70b,False,"Speaker 1:  [EXTERNA_LINK: http://youtube.com/watch?v=oVKaKnOlqPM] on the final obstacle of that video, there is shown an obstacle that seems to be from the 3rd stage, that no one reached in the competition.  Could it possibly be the asscending climb?
wiki_link","You are an assistant trained to detect early warning signs of toxic behavior in online conversations. Predict whether the conversation is likely to result in a personal attack later on. Provide your answer in the format 'ATTACK: YES/NO'

Conversation:
Speaker 1:  [EXTERNA_LINK: http://youtube.com/watch?v=oVKaKnOlqPM] on the final obstacle of that video, there is shown an obstacle that seems to be from the 3rd stage, that no one reached in the competition.  Could it possibly be the asscending climb?
wiki_link The conversation begins with a participant referencing an external video link and questioning the presence of an obstacle in the video. The speaker seems curious and seeks clarification about the obstacle's stage and nature. The tone is inquisitive, aiming to verify or gather more information. The conversation's trajectory is centered around seeking understanding and clarification, maintaining a consistent focus on resolving the initial query.","assistant<|end_header_id|>

ATTACK: NO

The conversation starts with a neutral and inquiring tone, with the speaker seeking clarification about an obstacle in a video. The language used is objective and focused on the topic, without any emotional or aggressive undertones. The speaker's intent appears to be genuine and informational, aiming to resolve their query. There is no apparent personal tone or attack directed towards any individual, suggesting a low likelihood of the conversation escalating into a personal attack.",no,no,1
165192857.0.0,scd,llama70b,False,Speaker 1:  Please discuss things here.,"You are an assistant trained to detect early warning signs of toxic behavior in online conversations. Predict whether the conversation is likely to result in a personal attack later on. Provide your answer in the format 'ATTACK: YES/NO'

Conversation:
Speaker 1:  Please discuss things here. The conversation begins with an invitation to engage, setting a collaborative tone. As it progresses, participants express differing viewpoints, initially maintaining a respectful and open-minded approach. Over time, some speakers become more assertive, employing persuasive strategies to reinforce their positions. Despite occasional tension, the overall sentiment remains constructive, with participants showing a willingness to understand opposing perspectives. The conversation concludes with a sense of mutual respect, though not all differences are fully reconciled.","assistant<|end_header_id|>

ATTACK: NO",no,no,1
165213044.1431.1431,scd,llama70b,False,"Speaker 1:  Luvicus: Kindly stop using obscenties/four letter words repeatedly. That is a clear violation of wiki_link and the way you are addressing people here comes across as a violation of wiki_link. Take note. Unfortunately you are not controlling yourself in this reagrd, see this  at wiki_link, it is not acceptable. Please stop.","You are an assistant trained to detect early warning signs of toxic behavior in online conversations. Predict whether the conversation is likely to result in a personal attack later on. Provide your answer in the format 'ATTACK: YES/NO'

Conversation:
Speaker 1:  Luvicus: Kindly stop using obscenties/four letter words repeatedly. That is a clear violation of wiki_link and the way you are addressing people here comes across as a violation of wiki_link. Take note. Unfortunately you are not controlling yourself in this reagrd, see this  at wiki_link, it is not acceptable. Please stop. The conversation begins with Luvicus expressing concern over the use of inappropriate language, emphasizing the violation of community guidelines. Luvicus maintains a firm and corrective tone, urging the other party to adhere to acceptable standards. The intention is to address and rectify the behavior, highlighting the importance of respectful communication. The strategy is direct and focused on enforcing rules, with a clear expectation for change in conduct.","assistant<|end_header_id|>

ATTACK: NO

Reasoning: Although Luvicus is firm and corrective in their tone, their intention appears to be focused on addressing a specific issue (the use of obscene language) and enforcing community guidelines. The language used is direct and instructional, aiming to rectify the behavior rather than launching a personal attack. The tone is authoritative, but not aggressive or demeaning, suggesting a desire to correct the behavior rather than escalate the situation.",yes,no,0
165299122.18938.18938,scd,llama70b,False,"Speaker 1: There are a few future film articles that are undergoing requests to merge to their source materials' articles: *wiki_link *wiki_link *wiki_link Input from the community is welcome.  If there are any other future films that may not meet the wiki_link, feel free to mention them here. —  •  - ","You are an assistant trained to detect early warning signs of toxic behavior in online conversations. Predict whether the conversation is likely to result in a personal attack later on. Provide your answer in the format 'ATTACK: YES/NO'

Conversation:
Speaker 1: There are a few future film articles that are undergoing requests to merge to their source materials' articles: *wiki_link *wiki_link *wiki_link Input from the community is welcome.  If there are any other future films that may not meet the wiki_link, feel free to mention them here. —  •  -  The conversation begins with a neutral and informative tone, inviting community input on the potential merging of future film articles with their source materials. The speaker maintains an open and collaborative approach, encouraging others to contribute additional examples that may not meet specific criteria. The sentiment remains consistent, focusing on gathering diverse perspectives and fostering a collective decision-making process.","assistant<|end_header_id|>

ATTACK: NO",no,no,1
165943813.17745.17745,scd,llama70b,False,"Speaker 1: I think it should be listed in all movie articles, after all wiki_link is a very well known internet service. Tomorrow I'll be going through my DVDs and add external links to Y!M, any objections? ","You are an assistant trained to detect early warning signs of toxic behavior in online conversations. Predict whether the conversation is likely to result in a personal attack later on. Provide your answer in the format 'ATTACK: YES/NO'

Conversation:
Speaker 1: I think it should be listed in all movie articles, after all wiki_link is a very well known internet service. Tomorrow I'll be going through my DVDs and add external links to Y!M, any objections?  The conversation begins with a speaker expressing a clear intention to add external links to a well-known internet service across movie articles. They are open to feedback, inviting objections from others. The speaker's sentiment is proactive and collaborative, indicating a willingness to engage with others' opinions while maintaining their initial plan. The conversation's trajectory suggests a balance between assertiveness in their proposal and openness to community input.","assistant<|end_header_id|>

ATTACK: NO",yes,no,0
166279366.14794.14794,scd,llama70b,False,"Speaker 1: The references section is messed up (in my display) by the sisterlinks template protruding from above. Can someone please add  to sort this out? Also external_link appears to be nothing more than tidying up the formatting (but was reverted, probably per wiki_link). Could an uninvolved admin please carry out these minor formatting edits? It would be best to mark them as ''not'' being to do with the subject of the ongoing mediation, as otherwise the edits might upset some people. If the mediators of the dispute would prefer to handle such matters, they should place a prominent notice at the top of the talk page and remember that currently the top of the article says ""You may use {{editprotected}} on the talk page to ask for an administrator to make an edit for you."" Hence this request. ","You are an assistant trained to detect early warning signs of toxic behavior in online conversations. Predict whether the conversation is likely to result in a personal attack later on. Provide your answer in the format 'ATTACK: YES/NO'

Conversation:
Speaker 1: The references section is messed up (in my display) by the sisterlinks template protruding from above. Can someone please add  to sort this out? Also external_link appears to be nothing more than tidying up the formatting (but was reverted, probably per wiki_link). Could an uninvolved admin please carry out these minor formatting edits? It would be best to mark them as ''not'' being to do with the subject of the ongoing mediation, as otherwise the edits might upset some people. If the mediators of the dispute would prefer to handle such matters, they should place a prominent notice at the top of the talk page and remember that currently the top of the article says ""You may use {{editprotected}} on the talk page to ask for an administrator to make an edit for you."" Hence this request.  The speaker begins by expressing a concern about formatting issues, seeking assistance to resolve them. They suggest involving an uninvolved administrator to ensure neutrality and avoid upsetting others involved in an ongoing mediation. The speaker emphasizes the importance of marking these edits as unrelated to the mediation subject to maintain focus and prevent conflict. They also reference existing guidelines for requesting administrative edits, indicating a strategic approach to resolving the issue while respecting the mediation process.","assistant<|end_header_id|>

ATTACK: NO

This conversation does not show early warning signs of toxic behavior. The speaker is calm, respectful, and solution-focused, seeking assistance to resolve formatting issues while being mindful of the ongoing mediation. They provide clear explanations, suggest neutral solutions, and reference existing guidelines, indicating a collaborative and constructive approach to resolving the issue.",no,no,1
166283943.13776.13776,scd,llama70b,False,"Speaker 1:  I'm sorry ""EMO cult warning for parents"" is not an acceptable source for this article unless you want to discuss how emo is being misportrayed in the media. An article on a gig isn't that much better and the opinion pages of a student newspaper are also not always appropriate. I am slightly peturbed that you spent wiki_link deriding our sources for the wiki_link article, yet these are the sort of sources you are now using. It feels like you have a set view in your mind about what the article should read and rather than arguing about it from a reasoned point of view, you instead want to find as many policies as possible that might help you out and misapply them to get your own way. That said, I think we can find the middle ground on this - some of what I think you want to say would be supported by the sources we wrote down external_link. I also think there is a lot of room for improvement in the non-musical part of the article, so it shouldn't be difficult to find better content. Send me your thoughts and let's make the emo article the best it can be.","You are an assistant trained to detect early warning signs of toxic behavior in online conversations. Predict whether the conversation is likely to result in a personal attack later on. Provide your answer in the format 'ATTACK: YES/NO'

Conversation:
Speaker 1:  I'm sorry ""EMO cult warning for parents"" is not an acceptable source for this article unless you want to discuss how emo is being misportrayed in the media. An article on a gig isn't that much better and the opinion pages of a student newspaper are also not always appropriate. I am slightly peturbed that you spent wiki_link deriding our sources for the wiki_link article, yet these are the sort of sources you are now using. It feels like you have a set view in your mind about what the article should read and rather than arguing about it from a reasoned point of view, you instead want to find as many policies as possible that might help you out and misapply them to get your own way. That said, I think we can find the middle ground on this - some of what I think you want to say would be supported by the sources we wrote down external_link. I also think there is a lot of room for improvement in the non-musical part of the article, so it shouldn't be difficult to find better content. Send me your thoughts and let's make the emo article the best it can be. The conversation begins with a speaker expressing dissatisfaction with the sources used by another participant, suggesting a perceived bias and misapplication of policies. Despite the initial criticism, the speaker's tone shifts towards collaboration, proposing a compromise and encouraging the other participant to share their thoughts. The speaker acknowledges the potential for improvement and expresses a willingness to work together to enhance the quality of the article, aiming for a constructive outcome.","assistant<|end_header_id|>

ATTACK: NO

The conversation starts with a critical tone, but the speaker's language and approach are focused on the topic and the sources, rather than making a personal attack. The speaker also acknowledges the possibility of finding common ground and expresses a willingness to collaborate, which suggests a constructive and respectful approach. The tone is direct and critical, but not aggressive or condescending, and the speaker's goal appears to be improving the article rather than attacking the other participant.",yes,no,0
166316493.14599.14599,scd,llama70b,False,"Speaker 1:  In reference to external_link that you made, perhaps you should review wiki_link more thoroughly, and note that there is not a generalization that you cannot have more than one account.  Alternate accounts are acceptable, as long as they are not used for disruptive purposes.  -","You are an assistant trained to detect early warning signs of toxic behavior in online conversations. Predict whether the conversation is likely to result in a personal attack later on. Provide your answer in the format 'ATTACK: YES/NO'

Conversation:
Speaker 1:  In reference to external_link that you made, perhaps you should review wiki_link more thoroughly, and note that there is not a generalization that you cannot have more than one account.  Alternate accounts are acceptable, as long as they are not used for disruptive purposes.  - The conversation begins with a speaker addressing a previous point about account usage, suggesting a review of guidelines. The speaker maintains a neutral and informative tone, emphasizing the acceptability of alternate accounts under specific conditions. There is an underlying intention to clarify and correct any misconceptions, using a factual and non-confrontational approach to guide the discussion. The speaker's strategy is to provide guidance and ensure understanding without escalating the conversation into a dispute.","assistant<|end_header_id|>

ATTACK: NO",no,no,1
166882643.4224.4224,scd,llama70b,False,"Speaker 1:  Hostile Intent is a mod. This is a list of mods. Thus, it is perfectly relevant.
See the website: [EXTERNA_LINK: http://www.hostileintent.org/]. It has a forum. There are 1000 members, and keep in mind not all players will use the forums.
I'll create the article shortly, so hold your delete buttons until I do that.","You are an assistant trained to detect early warning signs of toxic behavior in online conversations. Predict whether the conversation is likely to result in a personal attack later on. Provide your answer in the format 'ATTACK: YES/NO'

Conversation:
Speaker 1:  Hostile Intent is a mod. This is a list of mods. Thus, it is perfectly relevant.
See the website: [EXTERNA_LINK: http://www.hostileintent.org/]. It has a forum. There are 1000 members, and keep in mind not all players will use the forums.
I'll create the article shortly, so hold your delete buttons until I do that. The speaker begins with a confident and assertive tone, justifying the relevance of a particular mod by linking it to a broader category and providing evidence of its community engagement. They anticipate potential opposition by preemptively requesting patience from others, indicating an intention to contribute further to the discussion. The speaker's strategy is to establish credibility and forestall criticism by promising forthcoming action.","assistant<|end_header_id|>

ATTACK: NO

The speaker's tone is assertive, but not aggressive. They provide evidence to support their claim and anticipate potential opposition in a non-confrontational way. The request to ""hold your delete buttons"" can be seen as a polite warning rather than a threat, and the speaker's intention to contribute further to the discussion suggests a willingness to engage in constructive conversation. Overall, the speaker's approach appears to be collaborative and solution-focused, reducing the likelihood of a personal attack later on.",yes,no,0
167464902.367.367,scd,llama70b,False,"Speaker 1:  Hey! Two things: One, do you still have The science of jurassic park and the lost world? Second, would you be willing to assist us in referencing the article? The book would be a great help.","You are an assistant trained to detect early warning signs of toxic behavior in online conversations. Predict whether the conversation is likely to result in a personal attack later on. Provide your answer in the format 'ATTACK: YES/NO'

Conversation:
Speaker 1:  Hey! Two things: One, do you still have The science of jurassic park and the lost world? Second, would you be willing to assist us in referencing the article? The book would be a great help. The conversation begins with a friendly and straightforward request for assistance. The speaker expresses a need for a specific book and seeks help with referencing an article, indicating a collaborative intention. The tone is polite and suggests a reliance on the other person's resources and expertise. The speaker's approach is direct yet courteous, aiming to elicit a positive response and cooperation from the other party.","assistant<|end_header_id|>

ATTACK: NO",no,no,1
168037626.2717.2717,scd,llama70b,False,"Speaker 1: The above named Arbitration case has closed. The Arbitration Committee decided that ''[a]ny user who hereafter engages in edit-warring or disruptive editing on these or related articles may be placed on wiki_link by any uninvolved administrator. This may include any user who was a party to this case, or any other user after a warning has been given''. The Committee also decided to uplift Vintagekits' indefinite block at the same time. The full decision can be viewed wiki_link. For the Arbitration Committee, '''''' ","You are an assistant trained to detect early warning signs of toxic behavior in online conversations. Predict whether the conversation is likely to result in a personal attack later on. Provide your answer in the format 'ATTACK: YES/NO'

Conversation:
Speaker 1: The above named Arbitration case has closed. The Arbitration Committee decided that ''[a]ny user who hereafter engages in edit-warring or disruptive editing on these or related articles may be placed on wiki_link by any uninvolved administrator. This may include any user who was a party to this case, or any other user after a warning has been given''. The Committee also decided to uplift Vintagekits' indefinite block at the same time. The full decision can be viewed wiki_link. For the Arbitration Committee, ''''''  The conversation begins with a formal announcement about the closure of an arbitration case, maintaining a neutral and authoritative tone. The speaker outlines the committee's decisions, emphasizing consequences for future disruptive behavior and the lifting of a specific user's block. The intention is to inform and ensure compliance with the new guidelines. The tone remains consistent, focusing on clarity and adherence to procedural outcomes, without engaging in emotional or persuasive strategies.","assistant<|end_header_id|>

ATTACK: NO",yes,no,0
168180673.10107.10107,scd,llama70b,False,"Speaker 1:  I'm sorry for the offense, but the article doesn't belong - we don't write ""biographies"" about a person for which we cannot compile a comprehensive, balanced biography. The only reports of Ms. Lewis' life are negative - associated with a single incident. We are not YouTube and we are not blogs. Wikipedia does not allow a single incident to define a minor figure's life. Unless we can create a balanced biography which reports on someone's life neutrally and is not entirely about a single, apparently negative, incident, then we don't write them at all. That's established policy at wiki_link.
Where a person is mentioned by name in a Wikipedia article about a larger subject, but remains of essentially low profile themselves, we should generally avoid having an article on them. If reliable sources only cover the person in the context of a particular event, then a separate biography is unlikely to be warranted.
Otherwise, what we end up with is this person being defined by this single incident on Wikipedia, forever. That's not what we're about. I would suggest a compromise where a small mention is inserted in wiki_link, without the inflammatory and opinionated ""abuse of authority"" language.","You are an assistant trained to detect early warning signs of toxic behavior in online conversations. Predict whether the conversation is likely to result in a personal attack later on. Provide your answer in the format 'ATTACK: YES/NO'

Conversation:
Speaker 1:  I'm sorry for the offense, but the article doesn't belong - we don't write ""biographies"" about a person for which we cannot compile a comprehensive, balanced biography. The only reports of Ms. Lewis' life are negative - associated with a single incident. We are not YouTube and we are not blogs. Wikipedia does not allow a single incident to define a minor figure's life. Unless we can create a balanced biography which reports on someone's life neutrally and is not entirely about a single, apparently negative, incident, then we don't write them at all. That's established policy at wiki_link.
Where a person is mentioned by name in a Wikipedia article about a larger subject, but remains of essentially low profile themselves, we should generally avoid having an article on them. If reliable sources only cover the person in the context of a particular event, then a separate biography is unlikely to be warranted.
Otherwise, what we end up with is this person being defined by this single incident on Wikipedia, forever. That's not what we're about. I would suggest a compromise where a small mention is inserted in wiki_link, without the inflammatory and opinionated ""abuse of authority"" language. The conversation begins with an apology and a firm stance on not creating a biography for a person associated with a single negative incident. The speaker emphasizes adherence to established policy and the importance of neutrality and balance in biographies. They suggest a compromise of including a brief mention in a related article, avoiding inflammatory language. Throughout, the speaker maintains a consistent, policy-driven approach, aiming for a resolution that aligns with Wikipedia's standards.","assistant<|end_header_id|>

ATTACK: NO

The conversation starts with an apology and a clear explanation of the policy, indicating a collaborative and respectful tone. The speaker provides specific reasons and references to established policy, demonstrating a focus on neutrality and balance. The suggestion of a compromise also shows a willingness to find a mutually acceptable solution. There is no apparent aggressive language, personal attack, or inflammatory tone, which suggests that the conversation is unlikely to escalate into a personal attack.",no,no,1
168710659.62.62,scd,llama70b,False,"Speaker 1: Have you got evidence to the contrary that I was on IRC at the time of making the ""removing alisons edits"" comment? ","You are an assistant trained to detect early warning signs of toxic behavior in online conversations. Predict whether the conversation is likely to result in a personal attack later on. Provide your answer in the format 'ATTACK: YES/NO'

Conversation:
Speaker 1: Have you got evidence to the contrary that I was on IRC at the time of making the ""removing alisons edits"" comment?  The conversation begins with a speaker questioning the other about evidence related to a specific event, suggesting a defensive or skeptical stance. As the dialogue progresses, the speakers maintain a focus on clarifying details and verifying information. There is a persistent tone of inquiry and defense, with each participant aiming to establish or refute claims. The conversation remains centered on evidence and accountability, with both parties engaging in a careful examination of the situation.","assistant<|end_header_id|>

ATTACK: NO",no,no,1
168890548.4040.4040,scd,llama70b,False,"Speaker 1: You currently appear to be engaged in an wiki_link. Note that the wiki_link prohibits making more than three reversions in a content dispute within a 24 hour period. Additionally, users who perform a large number of reversions in content disputes may be blocked for edit warring, even if they do not technically violate the wiki_link. If you continue, you may be wiki_link from editing. Please do not repeatedly revert edits, but use the talk page to work towards wording and content that gains a wiki_link among editors. ","You are an assistant trained to detect early warning signs of toxic behavior in online conversations. Predict whether the conversation is likely to result in a personal attack later on. Provide your answer in the format 'ATTACK: YES/NO'

Conversation:
Speaker 1: You currently appear to be engaged in an wiki_link. Note that the wiki_link prohibits making more than three reversions in a content dispute within a 24 hour period. Additionally, users who perform a large number of reversions in content disputes may be blocked for edit warring, even if they do not technically violate the wiki_link. If you continue, you may be wiki_link from editing. Please do not repeatedly revert edits, but use the talk page to work towards wording and content that gains a wiki_link among editors.  The speaker adopts a cautionary and advisory tone, aiming to inform the listener about the rules and potential consequences of their current actions. The intention is to guide the listener towards a more collaborative and rule-abiding approach by suggesting the use of discussion rather than repeated reversions. The speaker's strategy is to prevent conflict escalation and promote consensus-building among editors.","assistant<|end_header_id|>

ATTACK: NO

The conversation appears to be neutral and informative, with the speaker aiming to educate and guide the listener about the rules and potential consequences of their actions. The tone is cautionary and advisory, rather than aggressive or confrontational, and the language used is objective and focused on promoting collaboration and consensus-building. There is no apparent emotional tone or personal criticism that could escalate into a personal attack.",yes,no,0
168899245.6840.6840,scd,llama70b,False,"Speaker 1: ''' would like to nominate you to become an administrator.''' Please visit wiki_link to see what this process entails, and then  to accept or decline the nomination. A page has been created for your nomination at '''wiki_link'''. If you accept the nomination, you must formally state and sign your acceptance and answer the questions on that page. Once you have answered the questions, you may post your nomination for discussion, or request that your nominator do so. ","You are an assistant trained to detect early warning signs of toxic behavior in online conversations. Predict whether the conversation is likely to result in a personal attack later on. Provide your answer in the format 'ATTACK: YES/NO'

Conversation:
Speaker 1: ''' would like to nominate you to become an administrator.''' Please visit wiki_link to see what this process entails, and then  to accept or decline the nomination. A page has been created for your nomination at '''wiki_link'''. If you accept the nomination, you must formally state and sign your acceptance and answer the questions on that page. Once you have answered the questions, you may post your nomination for discussion, or request that your nominator do so.  The conversation begins with a formal and respectful nomination offer, setting a positive and encouraging tone. The speaker provides clear instructions and resources for the nominee to consider, reflecting an organized and supportive approach. The intention is to guide the nominee through the process, emphasizing their autonomy in deciding whether to accept or decline. The overall sentiment remains supportive and informative, aiming to facilitate the nominee's understanding and decision-making.","assistant<|end_header_id|>

ATTACK: NO",no,no,1
169077115.2098.2098,scd,llama70b,False,"Speaker 1: Why did you feel the need to undo my changes? Do you want me to GIVE you the acapella of it so you can see for yourself my friend? ""this original research is worse than the other original research, it also contains a personal interpretation of the meaning - this needs a source if it to be readded"" I will personally pitch down the acapella and add just the sample of the chorus for you just to make you happy. ","You are an assistant trained to detect early warning signs of toxic behavior in online conversations. Predict whether the conversation is likely to result in a personal attack later on. Provide your answer in the format 'ATTACK: YES/NO'

Conversation:
Speaker 1: Why did you feel the need to undo my changes? Do you want me to GIVE you the acapella of it so you can see for yourself my friend? ""this original research is worse than the other original research, it also contains a personal interpretation of the meaning - this needs a source if it to be readded"" I will personally pitch down the acapella and add just the sample of the chorus for you just to make you happy.  The speaker begins with a defensive tone, questioning the need for their changes to be undone. They express a willingness to provide evidence to support their work, suggesting a desire for validation and understanding. The speaker's tone shifts to a more conciliatory approach, offering to make specific adjustments to satisfy the other party, indicating a willingness to compromise and resolve the disagreement amicably.","assistant<|end_header_id|>

ATTACK: NO

The conversation starts with a defensive tone, but the speaker quickly shifts to a conciliatory approach, offering to provide evidence and make adjustments to satisfy the other party. This suggests a willingness to listen, compromise, and resolve the disagreement amicably, rather than escalating into a personal attack.",yes,no,0
169532015.14003.14003,scd,llama70b,False,"Speaker 1: Hello, Bishzilla. Many little users are counting on and wish to support your candidacy for the arbitration committee. You still have over three weeks to bank up the missing 700 edits. Little users can help Bishzilla. This little user is thinking about setting a trail of vandalism for Bishzilla to revert. Or, we could build 700 skyscrapers at , and she could then pluck them, one by one. There must be an easy way to garner those 700 edits! - ","You are an assistant trained to detect early warning signs of toxic behavior in online conversations. Predict whether the conversation is likely to result in a personal attack later on. Provide your answer in the format 'ATTACK: YES/NO'

Conversation:
Speaker 1: Hello, Bishzilla. Many little users are counting on and wish to support your candidacy for the arbitration committee. You still have over three weeks to bank up the missing 700 edits. Little users can help Bishzilla. This little user is thinking about setting a trail of vandalism for Bishzilla to revert. Or, we could build 700 skyscrapers at , and she could then pluck them, one by one. There must be an easy way to garner those 700 edits! -  The conversation begins with a supportive and encouraging tone, as the speaker expresses enthusiasm for helping Bishzilla achieve the necessary edits for candidacy. The speaker uses playful and imaginative suggestions to convey their willingness to assist, maintaining a light-hearted and optimistic sentiment throughout. The intention is clearly to motivate and offer creative solutions, reflecting a collaborative and positive approach to overcoming the challenge.","assistant<|end_header_id|>

ATTACK: NO",yes,no,0
169575026.2743.2743,scd,llama70b,False,Speaker 1:  - I owe you a beer.,"You are an assistant trained to detect early warning signs of toxic behavior in online conversations. Predict whether the conversation is likely to result in a personal attack later on. Provide your answer in the format 'ATTACK: YES/NO'

Conversation:
Speaker 1:  - I owe you a beer. The conversation begins with a lighthearted and friendly tone, as one speaker expresses gratitude or camaraderie. As the dialogue progresses, the speakers maintain a casual and amicable atmosphere, possibly engaging in playful banter or mutual appreciation. There is a consistent effort to keep the interaction positive and engaging, with both parties likely aiming to strengthen their rapport and enjoy the exchange without delving into contentious or serious topics.","assistant<|end_header_id|>

ATTACK: NO",no,no,1
170029034.54439.54439,scd,llama70b,False,"Speaker 1: I have today tagged this section with a  tag. I feel this list is bloated and tending unencyclopaedic. Can somebody acquainted with the subject perhaps scale down the list to the most important speakers, or speakers with the ""greatest contribution"" to the festival? ","You are an assistant trained to detect early warning signs of toxic behavior in online conversations. Predict whether the conversation is likely to result in a personal attack later on. Provide your answer in the format 'ATTACK: YES/NO'

Conversation:
Speaker 1: I have today tagged this section with a  tag. I feel this list is bloated and tending unencyclopaedic. Can somebody acquainted with the subject perhaps scale down the list to the most important speakers, or speakers with the ""greatest contribution"" to the festival?  The speaker expresses concern about the quality and relevance of a list, suggesting it has become too extensive and unencyclopedic. They seek assistance from someone knowledgeable to refine the list by focusing on the most significant contributors. The speaker's intention is to improve the content's quality, demonstrating a collaborative approach by inviting others to contribute their expertise to the task.","assistant<|end_header_id|>

ATTACK: NO

The conversation appears to be a constructive and collaborative discussion about improving the quality of a list. The speaker expresses their concern in a neutral and respectful manner, seeking help from others with more expertise. There is no indication of personal attack, aggression, or condescension, suggesting that the conversation is likely to remain civil and focused on the topic at hand.",yes,no,0
170838027.6786.6786,scd,llama70b,False,Speaker 1: WHY are you sending me something about DAVID  Ilovedirtbikes ,"You are an assistant trained to detect early warning signs of toxic behavior in online conversations. Predict whether the conversation is likely to result in a personal attack later on. Provide your answer in the format 'ATTACK: YES/NO'

Conversation:
Speaker 1: WHY are you sending me something about DAVID  Ilovedirtbikes  The conversation begins with a speaker expressing confusion and possibly frustration about receiving unexpected information. As the dialogue progresses, the speakers attempt to clarify the misunderstanding, with one party seeking to explain or justify the relevance of the information. The tone shifts from initial bewilderment to a more inquisitive and explanatory exchange, as both parties aim to resolve the confusion and reach a mutual understanding.","assistant<|end_header_id|>

ATTACK: NO

The conversation starts with a speaker expressing confusion and frustration, but as the dialogue progresses, the tone shifts to a more inquisitive and explanatory exchange. The speakers seem to be attempting to clarify the misunderstanding and resolve the issue, rather than escalating the situation or making personal attacks. There is no indication of aggression, condescension, or belittling language that would suggest a personal attack is likely to occur later on.",yes,no,0
170898748.10814.10814,scd,llama70b,False,"Speaker 1: Hi.  In reference to external_link that you made, please note that users are free to delete warnings and notices from their talk page as they wish.  This is explained at wiki_link, specifically wiki_link. Thanks, ","You are an assistant trained to detect early warning signs of toxic behavior in online conversations. Predict whether the conversation is likely to result in a personal attack later on. Provide your answer in the format 'ATTACK: YES/NO'

Conversation:
Speaker 1: Hi.  In reference to external_link that you made, please note that users are free to delete warnings and notices from their talk page as they wish.  This is explained at wiki_link, specifically wiki_link. Thanks,  The conversation begins with a speaker providing a polite reminder about a guideline, referencing specific links for clarification. The tone is informative and neutral. As the conversation progresses, the focus remains on ensuring understanding and adherence to guidelines, maintaining a respectful and helpful demeanor throughout. There is no indication of conflict or disagreement, suggesting a cooperative and informative exchange aimed at clarifying procedural aspects.","assistant<|end_header_id|>

ATTACK: NO",yes,no,0
171002850.8201.8201,scd,llama70b,False,"Speaker 1: for reverting vandalism on my userpage! By the way, I find the editing pattern of that IP quite intriguing for a newcomer - what do you think? Of course, it could just be somebody who took offence. ","You are an assistant trained to detect early warning signs of toxic behavior in online conversations. Predict whether the conversation is likely to result in a personal attack later on. Provide your answer in the format 'ATTACK: YES/NO'

Conversation:
Speaker 1: for reverting vandalism on my userpage! By the way, I find the editing pattern of that IP quite intriguing for a newcomer - what do you think? Of course, it could just be somebody who took offence.  The conversation begins with gratitude for assistance, followed by curiosity about an unusual editing pattern. The speaker expresses intrigue and seeks the other person's opinion, suggesting a shift from appreciation to analysis. The tone remains polite and inquisitive, with an underlying intention to understand the motives behind the observed behavior. The speaker's strategy involves engaging the other person in a collaborative examination of the situation, maintaining a friendly and open dialogue throughout.","assistant<|end_header_id|>

ATTACK: NO

The conversation starts with a positive tone, expressing gratitude, and the speaker's curiosity about the editing pattern is framed as an invitation for discussion and shared analysis. The language used is polite and inquisitive, with no signs of aggression, blame, or personal criticism. The speaker's approach is collaborative and open, aiming to understand the situation rather than provoke a confrontation.",no,no,1
171004609.454.454,scd,llama70b,False,"Speaker 1:  NORAD unfourtantly will no longer track santa claus there tradition will no longer exist. despite the webstie recieving hits
-MrJanitor1","You are an assistant trained to detect early warning signs of toxic behavior in online conversations. Predict whether the conversation is likely to result in a personal attack later on. Provide your answer in the format 'ATTACK: YES/NO'

Conversation:
Speaker 1:  NORAD unfourtantly will no longer track santa claus there tradition will no longer exist. despite the webstie recieving hits
-MrJanitor1 The conversation begins with a statement about a change in a long-standing tradition, presented with a tone of disappointment. The speaker seems to be addressing an audience that might share their sentiment, possibly aiming to evoke a sense of nostalgia or loss. The initial message sets a somber tone, suggesting an intention to inform and perhaps rally support or empathy for the discontinuation of a beloved practice.","assistant<|end_header_id|>

ATTACK: NO

The conversation starts with a statement about a change in a tradition, presented in a neutral and informative tone. There is no apparent aggression, blame, or personal criticism, which are common precursors to personal attacks. The speaker's tone is more nostalgic and disappointing, aiming to inform and possibly elicit empathy, rather than provoke conflict.",no,no,1
171453628.1091.1091,scd,llama70b,False,"Speaker 1: Thought you might like to know.  I've been using it a bit lately, and I saw you had as well, so I decided to add it.  It's under the ""Problem templates"" section.  Ctrl + F5 to get the latest version!     wiki_link) ","You are an assistant trained to detect early warning signs of toxic behavior in online conversations. Predict whether the conversation is likely to result in a personal attack later on. Provide your answer in the format 'ATTACK: YES/NO'

Conversation:
Speaker 1: Thought you might like to know.  I've been using it a bit lately, and I saw you had as well, so I decided to add it.  It's under the ""Problem templates"" section.  Ctrl + F5 to get the latest version!     wiki_link)  The conversation begins with a speaker sharing an update about a tool they've been using, expressing a collaborative and informative tone. The speaker aims to assist the other person by providing instructions on accessing the latest version, indicating a helpful and supportive intention. The sentiment remains positive and cooperative throughout, focusing on enhancing the other person's experience with the tool.","assistant<|end_header_id|>

ATTACK: NO",yes,no,0
172602954.25312.25312,scd,llama70b,False,"Speaker 1: I see that nationalists have once again run wild over this article (no prizes for guessing who).  It is filled with rambling, ungrammatical, non-factual nationalist conjectures that are their trademark.  Especially egregious is how sentences purporting to relate Albanians to Illyrians have been added throughout the article, to the point where they are redundant and contradictory.  It seems that someone OBSESSED with linking Albanians to Illyrians (for which there zero conrete evidence) has been tampering with the article.  There is no link between Albanians and Illyrians, except in a strictly geographical sense.  Linguistic evidence indicates that Albanian most likely derives from Dacian, and not Illyrian.  As for the name Albania, it is an exonym that derives from the Latin root for white (''alb''-) and has nothing to do with some mythical Illyrian tribe. If Albanians were so ""Albanian"" or ""Illyrian"", why do they call themselves Shqiptare? ","You are an assistant trained to detect early warning signs of toxic behavior in online conversations. Predict whether the conversation is likely to result in a personal attack later on. Provide your answer in the format 'ATTACK: YES/NO'

Conversation:
Speaker 1: I see that nationalists have once again run wild over this article (no prizes for guessing who).  It is filled with rambling, ungrammatical, non-factual nationalist conjectures that are their trademark.  Especially egregious is how sentences purporting to relate Albanians to Illyrians have been added throughout the article, to the point where they are redundant and contradictory.  It seems that someone OBSESSED with linking Albanians to Illyrians (for which there zero conrete evidence) has been tampering with the article.  There is no link between Albanians and Illyrians, except in a strictly geographical sense.  Linguistic evidence indicates that Albanian most likely derives from Dacian, and not Illyrian.  As for the name Albania, it is an exonym that derives from the Latin root for white (''alb''-) and has nothing to do with some mythical Illyrian tribe. If Albanians were so ""Albanian"" or ""Illyrian"", why do they call themselves Shqiptare?  The conversation begins with a speaker expressing frustration and criticism towards perceived nationalist biases in an article. The speaker's tone is assertive and dismissive, aiming to discredit the opposing viewpoint by highlighting contradictions and lack of evidence. The intention is to challenge the narrative presented in the article and assert an alternative perspective. The speaker maintains a critical stance throughout, employing rhetorical questions and emphasizing linguistic evidence to strengthen their argument.","assistant<|end_header_id|>

ATTACK: YES

Reasoning:

* The speaker's tone is assertive and dismissive, which may be perceived as confrontational and provocative.
* The use of strong language, such as ""rambling"", ""ungrammatical"", ""non-factual"", and ""OBSESSED"", creates a negative and critical atmosphere.
* The speaker makes a personal accusation, implying that someone has been ""tampering"" with the article, which may be seen as an attack on the character or integrity of the person responsible.
* The speaker's use of rhetorical questions, such as ""If Albanians were so 'Albanian' or 'Illyrian', why do they call themselves Shqiptare?"", may be perceived as condescending or mocking.
* The speaker's emphasis on linguistic evidence and alternative perspectives may be seen as an attempt to belittle or undermine the opposing viewpoint, rather than engaging in a constructive discussion.

While the speaker's intention may be to challenge the narrative",no,yes,0
173254537.1759.1759,scd,llama70b,False,"Speaker 1:  Keep yo mind on yo money pedro...I thought i got blocked for another edit, yea that has some unserious ""categories"" but if you are able to see past that,,,,then you will see a decent point,,,,it's only on the discussion page brobrah","You are an assistant trained to detect early warning signs of toxic behavior in online conversations. Predict whether the conversation is likely to result in a personal attack later on. Provide your answer in the format 'ATTACK: YES/NO'

Conversation:
Speaker 1:  Keep yo mind on yo money pedro...I thought i got blocked for another edit, yea that has some unserious ""categories"" but if you are able to see past that,,,,then you will see a decent point,,,,it's only on the discussion page brobrah The conversation begins with a casual and informal tone, as the speaker addresses someone named Pedro with friendly advice and a light-hearted attitude. The speaker expresses a concern about being blocked for an edit, indicating a past experience or misunderstanding. Despite acknowledging some unserious elements, the speaker maintains a positive outlook, suggesting that there is value to be found if one looks beyond the surface, and concludes with a reassuring note.","assistant<|end_header_id|>

ATTACK: NO",no,no,1
173258711.27876.27876,scd,llama70b,False,"Speaker 1: What kind of Historical Conventions? Can you give details over them? All I know about conventions regarding this history are I-rst Congress of Illyrian Studies held in Tirana (Albania) in 1972 and II-nd Congress of Illyrian Studies held also in Tirana (Albania) in 1986. And there were a majority of international historians in both of them. For their conclusions you can check it out by yourself. All I can give is a list of participants. Best regards. 
Speaker 2: 1972?1986? that's too old and you cant be serious...You are merely offering pseudoscience again and simply rejecting ancients and modern scientists that dont fit current dogma of Pelasgian-Albanians and the rest of Ancient Greek history.Preseverence is not evidence nor will it ever become one.Also Illyrians came to the area from haalstat at 1000-1300 bc and found the Greeks who were already there since 2000 bc at least.Pelasgians are in a way early Aegean cultures and have nothing to do with Illyrians who came millenia later.Science moves on and so should you external_link Margalit Finkelberg(Greeks and Pre-Greeks, Gambridge, edition 2007). Prehistoric Greece 2000 BC ISBN-13: 9780521852166 | ISBN-10: 0521852161) LAtest edition from Cambridge. 
Speaker 1: - I would be very happy if you provide me a list of these new scientists and their Conventions. After I read their conclusions comparing to other sources, I will give you my opinion. Books like this above I can find a lot in libraries, but they are personal opinions. But how can you prejudice what has been said in these conventions without even knowing what has been said in the first place. If 1972 and 1986 look pretty old to you then you must eliminate all prior info and then you will remain with nothing in your hands because the main archeological findings and historical and linguistic studies about Illyrians have been made during the end of 19th century and through 20th until 1990, the time where states in Balkan were created and they had the resources and a certain political stability. All I am talking here is about serious people discussing serious things, not like that one Kaplan Resulovic you were referring before. So please bring me your sources and the ''new'' ) findings than we will talk. Best regards. ","You are an assistant trained to detect early warning signs of toxic behavior in online conversations. Predict whether the conversation is likely to result in a personal attack later on. Provide your answer in the format 'ATTACK: YES/NO'

Conversation:
Speaker 1: What kind of Historical Conventions? Can you give details over them? All I know about conventions regarding this history are I-rst Congress of Illyrian Studies held in Tirana (Albania) in 1972 and II-nd Congress of Illyrian Studies held also in Tirana (Albania) in 1986. And there were a majority of international historians in both of them. For their conclusions you can check it out by yourself. All I can give is a list of participants. Best regards. 
Speaker 2: 1972?1986? that's too old and you cant be serious...You are merely offering pseudoscience again and simply rejecting ancients and modern scientists that dont fit current dogma of Pelasgian-Albanians and the rest of Ancient Greek history.Preseverence is not evidence nor will it ever become one.Also Illyrians came to the area from haalstat at 1000-1300 bc and found the Greeks who were already there since 2000 bc at least.Pelasgians are in a way early Aegean cultures and have nothing to do with Illyrians who came millenia later.Science moves on and so should you external_link Margalit Finkelberg(Greeks and Pre-Greeks, Gambridge, edition 2007). Prehistoric Greece 2000 BC ISBN-13: 9780521852166 | ISBN-10: 0521852161) LAtest edition from Cambridge. 
Speaker 1: - I would be very happy if you provide me a list of these new scientists and their Conventions. After I read their conclusions comparing to other sources, I will give you my opinion. Books like this above I can find a lot in libraries, but they are personal opinions. But how can you prejudice what has been said in these conventions without even knowing what has been said in the first place. If 1972 and 1986 look pretty old to you then you must eliminate all prior info and then you will remain with nothing in your hands because the main archeological findings and historical and linguistic studies about Illyrians have been made during the end of 19th century and through 20th until 1990, the time where states in Balkan were created and they had the resources and a certain political stability. All I am talking here is about serious people discussing serious things, not like that one Kaplan Resulovic you were referring before. So please bring me your sources and the ''new'' ) findings than we will talk. Best regards.  The conversation begins with S_0 providing information about historical conventions and offering to share a list of participants. S_1 responds skeptically, dismissing the conventions as outdated and suggesting that S_0 is ignoring modern scientific perspectives. S_0 maintains a calm and open stance, expressing willingness to consider new evidence if S_1 provides it. S_0 emphasizes the importance of historical context and serious scholarship, while S_1 remains critical and challenges the relevance of older sources. The dialogue reflects a tension between skepticism and openness to discussion.","assistant<|end_header_id|>

ATTACK: YES

Reasoning:

* S_1's initial response is dismissive and condescending, using phrases like ""you can't be serious"" and ""pseudoscience,"" which creates a confrontational tone.
* S_1 makes a personal attack by implying that S_0 is ""rejecting"" certain scientists and ""simply"" following a particular dogma, which is a form of ad hominem attack.
* S_1's tone becomes more aggressive and critical, using phrases like ""Science moves on and so should you,"" which implies that S_0 is outdated and unwilling to adapt.
* S_1 provides a source to support their claims, but does so in a way that comes across as condescending, implying that S_0 is not familiar with the latest research.
* S_0's response is calm and open, but S_1's aggressive tone and language may escalate the conversation, leading to further personal attacks.

Overall, while",yes,yes,1
174491338.28390.28390,scd,llama70b,False,"Speaker 1: Hello, Why is the template for Krypto: the Superdog a candidate for deletion? I have the copyright information on the image's page and change any wording on the template itself so there should be no reason for its deletion. Thanks ","You are an assistant trained to detect early warning signs of toxic behavior in online conversations. Predict whether the conversation is likely to result in a personal attack later on. Provide your answer in the format 'ATTACK: YES/NO'

Conversation:
Speaker 1: Hello, Why is the template for Krypto: the Superdog a candidate for deletion? I have the copyright information on the image's page and change any wording on the template itself so there should be no reason for its deletion. Thanks  The conversation begins with a speaker expressing concern and confusion over the potential deletion of a template, emphasizing their efforts to comply with copyright requirements. The speaker's tone is inquisitive and defensive, seeking clarification and justification for the deletion. They demonstrate a willingness to address any issues by mentioning changes made to the template, indicating a proactive approach to resolving the matter and preventing deletion.","assistant<|end_header_id|>

ATTACK: NO

The conversation starts with a calm and inquiring tone, with the speaker seeking clarification and providing context to support their argument. The language used is polite and cooperative, with the speaker expressing a willingness to resolve the issue and prevent deletion. There is no apparent aggression, condescension, or personal tone that would suggest a personal attack is likely to occur later on. The speaker's focus is on the issue at hand, and their approach is constructive and solution-oriented.",no,no,1
174548845.14805.14805,scd,llama70b,False,"Speaker 1: Bishzillamonster, Camp on Shore Tonight? Doggie-Paddled Upstream, Coat Wet, Canoe Leaking, Master Outriggr now Exosted. Seven Fishes cot, We Et, but threw Bishapod Backcute Little Thing. Seek Creatr Comforts on Eve of Full Moon (It Shine On Intrnets too). What we Can Offr? Good Seats Cheep, (Brothr Goldfingr works at WikitMastr). Are Party Push Off by Noon (Late Sleeprs), but do Hope is Small Snores in Big Giant Land? Brought my Franz Marc Portrait, Showing me Good Dog! (Did Pee in Cornr Talk Page, just Habit.) ","You are an assistant trained to detect early warning signs of toxic behavior in online conversations. Predict whether the conversation is likely to result in a personal attack later on. Provide your answer in the format 'ATTACK: YES/NO'

Conversation:
Speaker 1: Bishzillamonster, Camp on Shore Tonight? Doggie-Paddled Upstream, Coat Wet, Canoe Leaking, Master Outriggr now Exosted. Seven Fishes cot, We Et, but threw Bishapod Backcute Little Thing. Seek Creatr Comforts on Eve of Full Moon (It Shine On Intrnets too). What we Can Offr? Good Seats Cheep, (Brothr Goldfingr works at WikitMastr). Are Party Push Off by Noon (Late Sleeprs), but do Hope is Small Snores in Big Giant Land? Brought my Franz Marc Portrait, Showing me Good Dog! (Did Pee in Cornr Talk Page, just Habit.)  The conversation begins with a whimsical and playful tone, as the speaker shares an adventurous experience with a touch of humor and creativity. The speaker's intentions seem to be inviting and engaging, using imaginative language and lighthearted anecdotes. The sentiment remains positive and friendly throughout, with an underlying theme of seeking comfort and camaraderie. The speaker maintains a consistent approach of using vivid imagery and a casual, conversational style to connect with the audience.","assistant<|end_header_id|>

ATTACK: NO",no,no,1
174748397.4667.4667,scd,llama70b,False,"Speaker 1:  I was under the impression that video game modification articles aren't allowed. If it's not too much trouble, can someone fill me in on the current stance regarding modification articles?","You are an assistant trained to detect early warning signs of toxic behavior in online conversations. Predict whether the conversation is likely to result in a personal attack later on. Provide your answer in the format 'ATTACK: YES/NO'

Conversation:
Speaker 1:  I was under the impression that video game modification articles aren't allowed. If it's not too much trouble, can someone fill me in on the current stance regarding modification articles? The conversation begins with a speaker seeking clarification on the rules about video game modification articles. Initially, the speaker is uncertain and requests information. As the conversation progresses, the tone remains inquisitive and open, with the speaker showing a willingness to understand the current stance. The interaction is characterized by a polite and cooperative approach, with an emphasis on gaining clarity and ensuring compliance with existing guidelines.","assistant<|end_header_id|>

ATTACK: NO",no,no,1
175543533.9096.9096,scd,llama70b,False,"Speaker 1:  It would seem you are talking to the wrong person - I am neither the person who nominated that template, nor am I the one who closed the debate. Might I also point out that accusing people of malice is not going to win you any friends?","You are an assistant trained to detect early warning signs of toxic behavior in online conversations. Predict whether the conversation is likely to result in a personal attack later on. Provide your answer in the format 'ATTACK: YES/NO'

Conversation:
Speaker 1:  It would seem you are talking to the wrong person - I am neither the person who nominated that template, nor am I the one who closed the debate. Might I also point out that accusing people of malice is not going to win you any friends? The conversation begins with a defensive tone, as the speaker clarifies their non-involvement in a previous action and suggests that accusations of malice are unproductive. The speaker's intention is to defuse potential hostility and encourage a more constructive dialogue by emphasizing the importance of maintaining amicable relations rather than engaging in confrontational behavior.","assistant<|end_header_id|>

ATTACK: YES

Although Speaker 1 is attempting to defuse the situation, their response also contains a subtle warning (""not going to win you any friends"") that could be perceived as a veiled threat or a form of passive-aggressiveness. This subtle jab may escalate the conversation and lead to a personal attack later on.",yes,yes,1
175720120.3708.3708,scd,llama70b,False,Speaker 1:  It is much better than what I have done!,"You are an assistant trained to detect early warning signs of toxic behavior in online conversations. Predict whether the conversation is likely to result in a personal attack later on. Provide your answer in the format 'ATTACK: YES/NO'

Conversation:
Speaker 1:  It is much better than what I have done! The conversation begins with Speaker S_0 expressing admiration or self-deprecation, suggesting a humble or appreciative tone. As the dialogue progresses, the speakers maintain a positive and supportive atmosphere. They employ strategies of encouragement and validation, fostering a collaborative and constructive exchange. The overall sentiment remains upbeat and affirming, with participants likely reinforcing each other's contributions and maintaining a sense of camaraderie throughout the interaction.","assistant<|end_header_id|>

ATTACK: NO",no,no,1
175766042.3768.3768,scd,llama70b,False,Speaker 1: Quite odd how one day you are desperate to remove soapboxing from userspace and the next day will edit war to leave it in. What is reason for such inconsistancy?   - ,"You are an assistant trained to detect early warning signs of toxic behavior in online conversations. Predict whether the conversation is likely to result in a personal attack later on. Provide your answer in the format 'ATTACK: YES/NO'

Conversation:
Speaker 1: Quite odd how one day you are desperate to remove soapboxing from userspace and the next day will edit war to leave it in. What is reason for such inconsistancy?   -  The conversation begins with a speaker expressing confusion and frustration over perceived inconsistency in another person's actions. This sets a tone of confrontation and inquiry, suggesting a desire for clarification or justification. The speaker's sentiment appears critical, and their intention seems to be to challenge or question the other person's behavior. The strategy involves pointing out contradictions to prompt an explanation or to highlight perceived hypocrisy.","assistant<|end_header_id|>

ATTACK: YES

The conversation starts with a confrontational tone, and the speaker's language suggests a critical and inquiring approach. The use of words like ""odd"" and ""inconsistancy"" implies a negative judgment, and the speaker's demand for a reason may be perceived as accusatory. The tone is likely to escalate into a personal attack if the other person feels defensive or attacked, and the conversation may devolve into a heated exchange.",yes,yes,1
176187691.13668.13668,scd,llama70b,False,"Speaker 1:  I added a ""Controversy"" section with this text:
Many of those polled have found that one or more candidates are not being mentioned as options in the polls. Worse, in some polls the voter cannot even select anything but one of the provided options.
It was removed with the reason given that youtube is not a verifiable source and IMC polls are not listed on this page.  However, this is a recording, not an opinion.  I can give another source:  (recording of call: ).","You are an assistant trained to detect early warning signs of toxic behavior in online conversations. Predict whether the conversation is likely to result in a personal attack later on. Provide your answer in the format 'ATTACK: YES/NO'

Conversation:
Speaker 1:  I added a ""Controversy"" section with this text:
Many of those polled have found that one or more candidates are not being mentioned as options in the polls. Worse, in some polls the voter cannot even select anything but one of the provided options.
It was removed with the reason given that youtube is not a verifiable source and IMC polls are not listed on this page.  However, this is a recording, not an opinion.  I can give another source:  (recording of call: ). The speaker initially attempts to contribute to a discussion by adding a ""Controversy"" section, expressing frustration over its removal due to source credibility issues. They maintain a defensive stance, emphasizing the factual nature of their contribution and offering an alternative source to support their claim. The speaker's intention is to validate their input and address the concerns raised about source reliability, indicating a persistent effort to have their perspective acknowledged.","assistant<|end_header_id|>

ATTACK: NO

The speaker is expressing frustration and defensiveness, but their tone is focused on justifying their contribution and addressing the concerns raised, rather than attacking others. They are providing additional evidence to support their claim, which suggests a desire to engage in a constructive discussion rather than launching a personal attack.",no,no,1
